[build-sticker-candidates] chapter=01 title=Nace el Ciclón target=10
[build-sticker-candidates] chapter=01 pass=1 sticker=SL-01-012 step=search processed=1 downloaded=0
[build-sticker-candidates] chapter=01 pass=1 sticker=SL-01-012 step=execute
[build-sticker-candidates] chapter=01 pass=1 sticker=SL-01-012 step=evaluate
[build-sticker-candidates] chapter=01 pass=1 sticker=SL-01-012 step=preflight
[build-sticker-candidates] chapter=01 pass=1 sticker=SL-01-012 step=download
[build-sticker-candidates] chapter=01 pass=1 sticker=SL-01-012 step=crop
[build-sticker-candidates] chapter=01 pass=1 sticker=SL-01-012 done chapter_downloaded=0 batch=0
[build-sticker-candidates] chapter=01 pass=1 sticker=SL-01-007 step=search processed=2 downloaded=0
[build-sticker-candidates] chapter=01 pass=1 sticker=SL-01-007 step=execute
[build-sticker-candidates] chapter=01 pass=1 sticker=SL-01-007 step=evaluate
[build-sticker-candidates] chapter=01 pass=1 sticker=SL-01-007 step=preflight
[build-sticker-candidates] chapter=01 pass=1 sticker=SL-01-007 step=download
[build-sticker-candidates] chapter=01 pass=1 sticker=SL-01-007 step=crop
[build-sticker-candidates] chapter=01 pass=1 sticker=SL-01-007 done chapter_downloaded=0 batch=0
[build-sticker-candidates] chapter=01 pass=1 sticker=SL-01-008 step=search processed=3 downloaded=0
[build-sticker-candidates] chapter=01 pass=1 sticker=SL-01-008 step=execute
[build-sticker-candidates] chapter=01 pass=1 sticker=SL-01-008 step=evaluate
[build-sticker-candidates] chapter=01 pass=1 sticker=SL-01-008 step=preflight
[build-sticker-candidates] chapter=01 pass=1 sticker=SL-01-008 step=download
[build-sticker-candidates] chapter=01 pass=1 sticker=SL-01-008 step=crop
[build-sticker-candidates] chapter=01 pass=1 sticker=SL-01-008 done chapter_downloaded=0 batch=0
[build-sticker-candidates] chapter=01 pass=1 sticker=SL-01-002 step=search processed=4 downloaded=0
[build-sticker-candidates] chapter=01 pass=1 sticker=SL-01-002 step=execute
[build-sticker-candidates] chapter=01 pass=1 sticker=SL-01-002 step=evaluate
[build-sticker-candidates] chapter=01 pass=1 sticker=SL-01-002 step=preflight
[build-sticker-candidates] chapter=01 pass=1 sticker=SL-01-002 step=download
[build-sticker-candidates] chapter=01 pass=1 sticker=SL-01-002 step=crop
[build-sticker-candidates] chapter=01 pass=1 sticker=SL-01-002 done chapter_downloaded=0 batch=0
[build-sticker-candidates] chapter=01 pass=1 sticker=SL-01-005 step=search processed=5 downloaded=0
[build-sticker-candidates] chapter=01 pass=1 sticker=SL-01-005 step=execute
[build-sticker-candidates] chapter=01 pass=1 sticker=SL-01-005 step=evaluate
[build-sticker-candidates] chapter=01 pass=1 sticker=SL-01-005 step=preflight
[build-sticker-candidates] chapter=01 pass=1 sticker=SL-01-005 step=download
[build-sticker-candidates] chapter=01 pass=1 sticker=SL-01-005 step=crop
[build-sticker-candidates] chapter=01 pass=1 sticker=SL-01-005 done chapter_downloaded=0 batch=0
[build-sticker-candidates] chapter=01 pass=1 sticker=SL-01-028 step=search processed=6 downloaded=0
[build-sticker-candidates] chapter=01 pass=1 sticker=SL-01-028 step=execute
[build-sticker-candidates] chapter=01 pass=1 sticker=SL-01-028 step=evaluate
[build-sticker-candidates] chapter=01 pass=1 sticker=SL-01-028 step=preflight
[build-sticker-candidates] chapter=01 pass=1 sticker=SL-01-028 step=download
[build-sticker-candidates] chapter=01 pass=1 sticker=SL-01-028 step=crop
[build-sticker-candidates] chapter=01 pass=1 sticker=SL-01-028 done chapter_downloaded=0 batch=0
[build-sticker-candidates] chapter=01 pass=1 sticker=SL-01-010 step=search processed=7 downloaded=0
[build-sticker-candidates] chapter=01 pass=1 sticker=SL-01-010 step=execute
[build-sticker-candidates] chapter=01 pass=1 sticker=SL-01-010 step=evaluate
[build-sticker-candidates] chapter=01 pass=1 sticker=SL-01-010 step=preflight
[build-sticker-candidates] chapter=01 pass=1 sticker=SL-01-010 step=download
[build-sticker-candidates] chapter=01 pass=1 sticker=SL-01-010 step=crop
[build-sticker-candidates] chapter=01 pass=1 sticker=SL-01-010 done chapter_downloaded=0 batch=0
[build-sticker-candidates] chapter=01 pass=1 sticker=SL-01-011 step=search processed=8 downloaded=0
[build-sticker-candidates] chapter=01 pass=1 sticker=SL-01-011 step=execute
[build-sticker-candidates] chapter=01 pass=1 sticker=SL-01-011 step=evaluate
[build-sticker-candidates] chapter=01 pass=1 sticker=SL-01-011 step=preflight
[build-sticker-candidates] chapter=01 pass=1 sticker=SL-01-011 step=download
[build-sticker-candidates] chapter=01 pass=1 sticker=SL-01-011 step=crop
[build-sticker-candidates] chapter=01 pass=1 sticker=SL-01-011 done chapter_downloaded=0 batch=0
[build-sticker-candidates] chapter=01 pass=1 sticker=SL-01-017 step=search processed=9 downloaded=0
[build-sticker-candidates] chapter=01 pass=1 sticker=SL-01-017 step=execute
[build-sticker-candidates] chapter=01 pass=1 sticker=SL-01-017 step=evaluate
[build-sticker-candidates] chapter=01 pass=1 sticker=SL-01-017 step=preflight
[build-sticker-candidates] chapter=01 pass=1 sticker=SL-01-017 step=download
[build-sticker-candidates] chapter=01 pass=1 sticker=SL-01-017 step=crop
[build-sticker-candidates] chapter=01 pass=1 sticker=SL-01-017 done chapter_downloaded=0 batch=0
[build-sticker-candidates] chapter=01 pass=1 sticker=SL-01-018 step=search processed=10 downloaded=0
[build-sticker-candidates] chapter=01 pass=1 sticker=SL-01-018 step=execute
[build-sticker-candidates] chapter=01 pass=1 sticker=SL-01-018 step=evaluate
[build-sticker-candidates] chapter=01 pass=1 sticker=SL-01-018 step=preflight
[build-sticker-candidates] chapter=01 pass=1 sticker=SL-01-018 step=download
[build-sticker-candidates] chapter=01 pass=1 sticker=SL-01-018 step=crop
[build-sticker-candidates] chapter=01 pass=1 sticker=SL-01-018 done chapter_downloaded=0 batch=0
[build-sticker-candidates] chapter=01 pass=2 sticker=SL-01-004 step=search processed=11 downloaded=0
[build-sticker-candidates] chapter=01 pass=2 sticker=SL-01-004 step=execute
[build-sticker-candidates] chapter=01 pass=2 sticker=SL-01-004 step=evaluate
[build-sticker-candidates] chapter=01 pass=2 sticker=SL-01-004 step=preflight
[build-sticker-candidates] chapter=01 pass=2 sticker=SL-01-004 step=download
[build-sticker-candidates] chapter=01 pass=2 sticker=SL-01-004 step=crop
[build-sticker-candidates] chapter=01 pass=2 sticker=SL-01-004 done chapter_downloaded=0 batch=0
[build-sticker-candidates] chapter=01 pass=2 sticker=SL-01-015 step=search processed=12 downloaded=0
[build-sticker-candidates] chapter=01 pass=2 sticker=SL-01-015 step=execute
[build-sticker-candidates] chapter=01 pass=2 sticker=SL-01-015 step=evaluate
[build-sticker-candidates] chapter=01 pass=2 sticker=SL-01-015 step=preflight
[build-sticker-candidates] chapter=01 pass=2 sticker=SL-01-015 step=download
[build-sticker-candidates] chapter=01 pass=2 sticker=SL-01-015 step=crop
[build-sticker-candidates] chapter=01 pass=2 sticker=SL-01-015 done chapter_downloaded=0 batch=0
[build-sticker-candidates] chapter=01 pass=2 sticker=SL-01-029 step=search processed=13 downloaded=0
[build-sticker-candidates] chapter=01 pass=2 sticker=SL-01-029 step=execute
[build-sticker-candidates] chapter=01 pass=2 sticker=SL-01-029 step=evaluate
[build-sticker-candidates] chapter=01 pass=2 sticker=SL-01-029 step=preflight
[build-sticker-candidates] chapter=01 pass=2 sticker=SL-01-029 step=download
[build-sticker-candidates] chapter=01 pass=2 sticker=SL-01-029 step=crop
[build-sticker-candidates] chapter=01 pass=2 sticker=SL-01-029 done chapter_downloaded=0 batch=0
[build-sticker-candidates] chapter=01 pass=2 sticker=SL-01-022 step=search processed=14 downloaded=0
[build-sticker-candidates] chapter=01 pass=2 sticker=SL-01-022 step=execute
[build-sticker-candidates] chapter=01 pass=2 sticker=SL-01-022 step=evaluate
[build-sticker-candidates] chapter=01 pass=2 sticker=SL-01-022 step=preflight
[build-sticker-candidates] chapter=01 pass=2 sticker=SL-01-022 step=download
[build-sticker-candidates] chapter=01 pass=2 sticker=SL-01-022 step=crop
[build-sticker-candidates] chapter=01 pass=2 sticker=SL-01-022 done chapter_downloaded=0 batch=0
[build-sticker-candidates] chapter=01 pass=2 sticker=SL-01-023 step=search processed=15 downloaded=0
[build-sticker-candidates] chapter=01 pass=2 sticker=SL-01-023 step=execute
[build-sticker-candidates] chapter=01 pass=2 sticker=SL-01-023 step=evaluate
[build-sticker-candidates] chapter=01 pass=2 sticker=SL-01-023 step=preflight
[build-sticker-candidates] chapter=01 pass=2 sticker=SL-01-023 step=download
[build-sticker-candidates] chapter=01 pass=2 sticker=SL-01-023 step=crop
[build-sticker-candidates] chapter=01 pass=2 sticker=SL-01-023 done chapter_downloaded=0 batch=0
[build-sticker-candidates] chapter=01 pass=2 sticker=SL-01-024 step=search processed=16 downloaded=0
[build-sticker-candidates] chapter=01 pass=2 sticker=SL-01-024 step=execute
[build-sticker-candidates] chapter=01 pass=2 sticker=SL-01-024 step=evaluate
[build-sticker-candidates] chapter=01 pass=2 sticker=SL-01-024 step=preflight
[build-sticker-candidates] chapter=01 pass=2 sticker=SL-01-024 step=download
[build-sticker-candidates] chapter=01 pass=2 sticker=SL-01-024 step=crop
[build-sticker-candidates] chapter=01 pass=2 sticker=SL-01-024 done chapter_downloaded=0 batch=0
[build-sticker-candidates] chapter=01 pass=2 sticker=SL-01-025 step=search processed=17 downloaded=0
[build-sticker-candidates] chapter=01 pass=2 sticker=SL-01-025 step=execute
[build-sticker-candidates] chapter=01 pass=2 sticker=SL-01-025 step=evaluate
[build-sticker-candidates] chapter=01 pass=2 sticker=SL-01-025 step=preflight
[build-sticker-candidates] chapter=01 pass=2 sticker=SL-01-025 step=download
[build-sticker-candidates] chapter=01 pass=2 sticker=SL-01-025 step=crop
[build-sticker-candidates] chapter=01 pass=2 sticker=SL-01-025 done chapter_downloaded=0 batch=0
[build-sticker-candidates] chapter=01 pass=2 sticker=SL-01-026 step=search processed=18 downloaded=0
[build-sticker-candidates] chapter=01 pass=2 sticker=SL-01-026 step=execute
[build-sticker-candidates] chapter=01 pass=2 sticker=SL-01-026 step=evaluate
[build-sticker-candidates] chapter=01 pass=2 sticker=SL-01-026 step=preflight
[build-sticker-candidates] chapter=01 pass=2 sticker=SL-01-026 step=download
[build-sticker-candidates] chapter=01 pass=2 sticker=SL-01-026 step=crop
[build-sticker-candidates] chapter=01 pass=2 sticker=SL-01-026 done chapter_downloaded=0 batch=0
[build-sticker-candidates] chapter=01 pass=2 sticker=SL-01-027 step=search processed=19 downloaded=0
[build-sticker-candidates] chapter=01 pass=2 sticker=SL-01-027 step=execute
[build-sticker-candidates] chapter=01 pass=2 sticker=SL-01-027 step=evaluate
[build-sticker-candidates] chapter=01 pass=2 sticker=SL-01-027 step=preflight
[build-sticker-candidates] chapter=01 pass=2 sticker=SL-01-027 step=download
[build-sticker-candidates] chapter=01 pass=2 sticker=SL-01-027 step=crop
[build-sticker-candidates] chapter=01 pass=2 sticker=SL-01-027 done chapter_downloaded=0 batch=0
[build-sticker-candidates] chapter=01 pass=2 sticker=SL-01-030 step=search processed=20 downloaded=0
[build-sticker-candidates] chapter=01 pass=2 sticker=SL-01-030 step=execute
[build-sticker-candidates] chapter=01 pass=2 sticker=SL-01-030 step=evaluate
[build-sticker-candidates] chapter=01 pass=2 sticker=SL-01-030 step=preflight
[build-sticker-candidates] chapter=01 pass=2 sticker=SL-01-030 step=download
[build-sticker-candidates] chapter=01 pass=2 sticker=SL-01-030 step=crop
[build-sticker-candidates] chapter=01 pass=2 sticker=SL-01-030 done chapter_downloaded=0 batch=0
[build-sticker-candidates] warning=no_download_progress_after_full_passes chapter=01 title=Nace el Ciclón passes_completed=2 downloaded_total=0
[build-sticker-candidates] chapter=02 title=El Viejo Gasómetro target=10
[build-sticker-candidates] chapter=02 pass=1 sticker=SL-02-010 step=search processed=21 downloaded=0
[build-sticker-candidates] chapter=02 pass=1 sticker=SL-02-010 step=execute
[build-sticker-candidates] chapter=02 pass=1 sticker=SL-02-010 step=evaluate
[build-sticker-candidates] chapter=02 pass=1 sticker=SL-02-010 step=preflight
[build-sticker-candidates] chapter=02 pass=1 sticker=SL-02-010 step=download
[build-sticker-candidates] chapter=02 pass=1 sticker=SL-02-010 step=crop
[build-sticker-candidates] chapter=02 pass=1 sticker=SL-02-010 done chapter_downloaded=0 batch=0
[build-sticker-candidates] chapter=02 pass=1 sticker=SL-02-022 step=search processed=22 downloaded=0
[build-sticker-candidates] chapter=02 pass=1 sticker=SL-02-022 step=execute
[build-sticker-candidates] chapter=02 pass=1 sticker=SL-02-022 step=evaluate
[build-sticker-candidates] chapter=02 pass=1 sticker=SL-02-022 step=preflight
[build-sticker-candidates] chapter=02 pass=1 sticker=SL-02-022 step=download
[build-sticker-candidates] chapter=02 pass=1 sticker=SL-02-022 step=crop
[build-sticker-candidates] chapter=02 pass=1 sticker=SL-02-022 done chapter_downloaded=0 batch=0
[build-sticker-candidates] chapter=02 pass=1 sticker=SL-02-019 step=search processed=23 downloaded=0
[build-sticker-candidates] chapter=02 pass=1 sticker=SL-02-019 step=execute
[build-sticker-candidates] chapter=02 pass=1 sticker=SL-02-019 step=evaluate
[build-sticker-candidates] chapter=02 pass=1 sticker=SL-02-019 step=preflight
[build-sticker-candidates] chapter=02 pass=1 sticker=SL-02-019 step=download
[build-sticker-candidates] chapter=02 pass=1 sticker=SL-02-019 step=crop
[build-sticker-candidates] chapter=02 pass=1 sticker=SL-02-019 done chapter_downloaded=0 batch=0
[build-sticker-candidates] chapter=02 pass=1 sticker=SL-02-004 step=search processed=24 downloaded=0
[build-sticker-candidates] chapter=02 pass=1 sticker=SL-02-004 step=execute
[build-sticker-candidates] chapter=02 pass=1 sticker=SL-02-004 step=evaluate
[build-sticker-candidates] chapter=02 pass=1 sticker=SL-02-004 step=preflight
[build-sticker-candidates] chapter=02 pass=1 sticker=SL-02-004 step=download
[build-sticker-candidates] chapter=02 pass=1 sticker=SL-02-004 step=crop
[build-sticker-candidates] chapter=02 pass=1 sticker=SL-02-004 done chapter_downloaded=0 batch=0
[build-sticker-candidates] chapter=02 pass=1 sticker=SL-02-011 step=search processed=25 downloaded=0
[build-sticker-candidates] chapter=02 pass=1 sticker=SL-02-011 step=execute
[build-sticker-candidates] chapter=02 pass=1 sticker=SL-02-011 step=evaluate
[build-sticker-candidates] chapter=02 pass=1 sticker=SL-02-011 step=preflight
[build-sticker-candidates] chapter=02 pass=1 sticker=SL-02-011 step=download
[build-sticker-candidates] chapter=02 pass=1 sticker=SL-02-011 step=crop
[build-sticker-candidates] chapter=02 pass=1 sticker=SL-02-011 done chapter_downloaded=0 batch=0
[build-sticker-candidates] chapter=02 pass=1 sticker=SL-02-007 step=search processed=26 downloaded=0
[build-sticker-candidates] chapter=02 pass=1 sticker=SL-02-007 step=execute
[build-sticker-candidates] chapter=02 pass=1 sticker=SL-02-007 step=evaluate
[build-sticker-candidates] chapter=02 pass=1 sticker=SL-02-007 step=preflight
[build-sticker-candidates] chapter=02 pass=1 sticker=SL-02-007 step=download
[build-sticker-candidates] chapter=02 pass=1 sticker=SL-02-007 step=crop
[build-sticker-candidates] chapter=02 pass=1 sticker=SL-02-007 done chapter_downloaded=0 batch=0
[build-sticker-candidates] chapter=02 pass=1 sticker=SL-02-012 step=search processed=27 downloaded=0
[build-sticker-candidates] chapter=02 pass=1 sticker=SL-02-012 step=execute
[build-sticker-candidates] chapter=02 pass=1 sticker=SL-02-012 step=evaluate
[build-sticker-candidates] chapter=02 pass=1 sticker=SL-02-012 step=preflight
[build-sticker-candidates] chapter=02 pass=1 sticker=SL-02-012 step=download
[build-sticker-candidates] chapter=02 pass=1 sticker=SL-02-012 step=crop
[build-sticker-candidates] chapter=02 pass=1 sticker=SL-02-012 done chapter_downloaded=0 batch=0
[build-sticker-candidates] chapter=02 pass=1 sticker=SL-02-028 step=search processed=28 downloaded=0
[build-sticker-candidates] chapter=02 pass=1 sticker=SL-02-028 step=execute
[build-sticker-candidates] chapter=02 pass=1 sticker=SL-02-028 step=evaluate
[build-sticker-candidates] chapter=02 pass=1 sticker=SL-02-028 step=preflight
[build-sticker-candidates] chapter=02 pass=1 sticker=SL-02-028 step=download
[build-sticker-candidates] chapter=02 pass=1 sticker=SL-02-028 step=crop
[build-sticker-candidates] chapter=02 pass=1 sticker=SL-02-028 done chapter_downloaded=0 batch=0
[build-sticker-candidates] chapter=02 pass=1 sticker=SL-02-001 step=search processed=29 downloaded=0
[build-sticker-candidates] chapter=02 pass=1 sticker=SL-02-001 step=execute
[build-sticker-candidates] chapter=02 pass=1 sticker=SL-02-001 step=evaluate
[build-sticker-candidates] chapter=02 pass=1 sticker=SL-02-001 step=preflight
[build-sticker-candidates] chapter=02 pass=1 sticker=SL-02-001 step=download
[build-sticker-candidates] chapter=02 pass=1 sticker=SL-02-001 step=crop
[build-sticker-candidates] chapter=02 pass=1 sticker=SL-02-001 done chapter_downloaded=0 batch=0
[build-sticker-candidates] chapter=02 pass=1 sticker=SL-02-003 step=search processed=30 downloaded=0
[build-sticker-candidates] chapter=02 pass=1 sticker=SL-02-003 step=execute
[build-sticker-candidates] chapter=02 pass=1 sticker=SL-02-003 step=evaluate
[build-sticker-candidates] chapter=02 pass=1 sticker=SL-02-003 step=preflight
[build-sticker-candidates] chapter=02 pass=1 sticker=SL-02-003 step=download
[build-sticker-candidates] chapter=02 pass=1 sticker=SL-02-003 step=crop
[build-sticker-candidates] chapter=02 pass=1 sticker=SL-02-003 done chapter_downloaded=0 batch=0
[build-sticker-candidates] chapter=02 pass=2 sticker=SL-02-010 step=search processed=31 downloaded=0
[build-sticker-candidates] chapter=02 pass=2 sticker=SL-02-010 step=execute
[build-sticker-candidates] chapter=02 pass=2 sticker=SL-02-010 step=evaluate
[build-sticker-candidates] chapter=02 pass=2 sticker=SL-02-010 step=preflight
[build-sticker-candidates] chapter=02 pass=2 sticker=SL-02-010 step=download
[build-sticker-candidates] chapter=02 pass=2 sticker=SL-02-010 step=crop
[build-sticker-candidates] chapter=02 pass=2 sticker=SL-02-010 done chapter_downloaded=0 batch=0
[build-sticker-candidates] chapter=02 pass=2 sticker=SL-02-021 step=search processed=32 downloaded=0
[build-sticker-candidates] chapter=02 pass=2 sticker=SL-02-021 step=execute
[build-sticker-candidates] chapter=02 pass=2 sticker=SL-02-021 step=evaluate
[build-sticker-candidates] chapter=02 pass=2 sticker=SL-02-021 step=preflight
[build-sticker-candidates] chapter=02 pass=2 sticker=SL-02-021 step=download
[build-sticker-candidates] chapter=02 pass=2 sticker=SL-02-021 step=crop
[build-sticker-candidates] chapter=02 pass=2 sticker=SL-02-021 done chapter_downloaded=0 batch=0
[build-sticker-candidates] chapter=02 pass=2 sticker=SL-02-023 step=search processed=33 downloaded=0
[build-sticker-candidates] chapter=02 pass=2 sticker=SL-02-023 step=execute
[build-sticker-candidates] chapter=02 pass=2 sticker=SL-02-023 step=evaluate
[build-sticker-candidates] chapter=02 pass=2 sticker=SL-02-023 step=preflight
[build-sticker-candidates] chapter=02 pass=2 sticker=SL-02-023 step=download
[build-sticker-candidates] chapter=02 pass=2 sticker=SL-02-023 step=crop
[build-sticker-candidates] chapter=02 pass=2 sticker=SL-02-023 done chapter_downloaded=0 batch=0
[build-sticker-candidates] chapter=02 pass=2 sticker=SL-02-024 step=search processed=34 downloaded=0
[build-sticker-candidates] chapter=02 pass=2 sticker=SL-02-024 step=execute
[build-sticker-candidates] chapter=02 pass=2 sticker=SL-02-024 step=evaluate
[build-sticker-candidates] chapter=02 pass=2 sticker=SL-02-024 step=preflight
[build-sticker-candidates] chapter=02 pass=2 sticker=SL-02-024 step=download
[build-sticker-candidates] chapter=02 pass=2 sticker=SL-02-024 step=crop
[build-sticker-candidates] chapter=02 pass=2 sticker=SL-02-024 done chapter_downloaded=0 batch=0
[build-sticker-candidates] chapter=02 pass=2 sticker=SL-02-025 step=search processed=35 downloaded=0
[build-sticker-candidates] chapter=02 pass=2 sticker=SL-02-025 step=execute
[build-sticker-candidates] chapter=02 pass=2 sticker=SL-02-025 step=evaluate
[build-sticker-candidates] chapter=02 pass=2 sticker=SL-02-025 step=preflight
[build-sticker-candidates] chapter=02 pass=2 sticker=SL-02-025 step=download
[build-sticker-candidates] chapter=02 pass=2 sticker=SL-02-025 step=crop
[build-sticker-candidates] chapter=02 pass=2 sticker=SL-02-025 done chapter_downloaded=0 batch=0
[build-sticker-candidates] chapter=02 pass=2 sticker=SL-02-026 step=search processed=36 downloaded=0
[build-sticker-candidates] chapter=02 pass=2 sticker=SL-02-026 step=execute
[build-sticker-candidates] chapter=02 pass=2 sticker=SL-02-026 step=evaluate
[build-sticker-candidates] chapter=02 pass=2 sticker=SL-02-026 step=preflight
[build-sticker-candidates] chapter=02 pass=2 sticker=SL-02-026 step=download
[build-sticker-candidates] chapter=02 pass=2 sticker=SL-02-026 step=crop
[build-sticker-candidates] chapter=02 pass=2 sticker=SL-02-026 done chapter_downloaded=0 batch=0
[build-sticker-candidates] chapter=02 pass=2 sticker=SL-02-027 step=search processed=37 downloaded=0
[build-sticker-candidates] chapter=02 pass=2 sticker=SL-02-027 step=execute
[build-sticker-candidates] chapter=02 pass=2 sticker=SL-02-027 step=evaluate
[build-sticker-candidates] chapter=02 pass=2 sticker=SL-02-027 step=preflight
[build-sticker-candidates] chapter=02 pass=2 sticker=SL-02-027 step=download
[build-sticker-candidates] chapter=02 pass=2 sticker=SL-02-027 step=crop
[build-sticker-candidates] chapter=02 pass=2 sticker=SL-02-027 done chapter_downloaded=0 batch=0
[build-sticker-candidates] chapter=02 pass=2 sticker=SL-02-029 step=search processed=38 downloaded=0
[build-sticker-candidates] chapter=02 pass=2 sticker=SL-02-029 step=execute
[build-sticker-candidates] chapter=02 pass=2 sticker=SL-02-029 step=evaluate
[build-sticker-candidates] chapter=02 pass=2 sticker=SL-02-029 step=preflight
[build-sticker-candidates] chapter=02 pass=2 sticker=SL-02-029 step=download
[build-sticker-candidates] chapter=02 pass=2 sticker=SL-02-029 step=crop
[build-sticker-candidates] chapter=02 pass=2 sticker=SL-02-029 done chapter_downloaded=0 batch=0
[build-sticker-candidates] chapter=02 pass=2 sticker=SL-02-030 step=search processed=39 downloaded=0
[build-sticker-candidates] chapter=02 pass=2 sticker=SL-02-030 step=execute
[build-sticker-candidates] chapter=02 pass=2 sticker=SL-02-030 step=evaluate
[build-sticker-candidates] chapter=02 pass=2 sticker=SL-02-030 step=preflight
[build-sticker-candidates] chapter=02 pass=2 sticker=SL-02-030 step=download
[build-sticker-candidates] chapter=02 pass=2 sticker=SL-02-030 step=crop
[build-sticker-candidates] chapter=02 pass=2 sticker=SL-02-030 done chapter_downloaded=0 batch=0
[build-sticker-candidates] chapter=02 pass=2 sticker=SL-02-031 step=search processed=40 downloaded=0
[build-sticker-candidates] chapter=02 pass=2 sticker=SL-02-031 step=execute
[build-sticker-candidates] chapter=02 pass=2 sticker=SL-02-031 step=evaluate
[build-sticker-candidates] chapter=02 pass=2 sticker=SL-02-031 step=preflight
[build-sticker-candidates] chapter=02 pass=2 sticker=SL-02-031 step=download
[build-sticker-candidates] chapter=02 pass=2 sticker=SL-02-031 step=crop
[build-sticker-candidates] chapter=02 pass=2 sticker=SL-02-031 done chapter_downloaded=0 batch=0
[build-sticker-candidates] warning=no_download_progress_after_full_passes chapter=02 title=El Viejo Gasómetro passes_completed=2 downloaded_total=0
[build-sticker-candidates] chapter=03 title=Primeras glorias target=10
[build-sticker-candidates] chapter=03 pass=1 sticker=SL-03-007 step=search processed=41 downloaded=0
[build-sticker-candidates] chapter=03 pass=1 sticker=SL-03-007 step=execute
[build-sticker-candidates] chapter=03 pass=1 sticker=SL-03-007 step=evaluate
[build-sticker-candidates] chapter=03 pass=1 sticker=SL-03-007 step=preflight
[build-sticker-candidates] chapter=03 pass=1 sticker=SL-03-007 step=download
[build-sticker-candidates] chapter=03 pass=1 sticker=SL-03-007 step=crop
[build-sticker-candidates] chapter=03 pass=1 sticker=SL-03-007 done chapter_downloaded=0 batch=0
[build-sticker-candidates] chapter=03 pass=1 sticker=SL-03-001 step=search processed=42 downloaded=0
[build-sticker-candidates] chapter=03 pass=1 sticker=SL-03-001 step=execute
[build-sticker-candidates] chapter=03 pass=1 sticker=SL-03-001 step=evaluate
[build-sticker-candidates] chapter=03 pass=1 sticker=SL-03-001 step=preflight
[build-sticker-candidates] chapter=03 pass=1 sticker=SL-03-001 step=download
[build-sticker-candidates] chapter=03 pass=1 sticker=SL-03-001 step=crop
[build-sticker-candidates] chapter=03 pass=1 sticker=SL-03-001 done chapter_downloaded=0 batch=0
[build-sticker-candidates] chapter=03 pass=1 sticker=SL-03-015 step=search processed=43 downloaded=0
[build-sticker-candidates] chapter=03 pass=1 sticker=SL-03-015 step=execute
[build-sticker-candidates] chapter=03 pass=1 sticker=SL-03-015 step=evaluate
[build-sticker-candidates] chapter=03 pass=1 sticker=SL-03-015 step=preflight
[build-sticker-candidates] chapter=03 pass=1 sticker=SL-03-015 step=download
[build-sticker-candidates] chapter=03 pass=1 sticker=SL-03-015 step=crop
[build-sticker-candidates] chapter=03 pass=1 sticker=SL-03-015 done chapter_downloaded=0 batch=0
[build-sticker-candidates] chapter=03 pass=1 sticker=SL-03-033 step=search processed=44 downloaded=0
[build-sticker-candidates] chapter=03 pass=1 sticker=SL-03-033 step=execute
[build-sticker-candidates] chapter=03 pass=1 sticker=SL-03-033 step=evaluate
[build-sticker-candidates] chapter=03 pass=1 sticker=SL-03-033 step=preflight
[build-sticker-candidates] chapter=03 pass=1 sticker=SL-03-033 step=download
[build-sticker-candidates] chapter=03 pass=1 sticker=SL-03-033 step=crop
[build-sticker-candidates] chapter=03 pass=1 sticker=SL-03-033 done chapter_downloaded=0 batch=0
[build-sticker-candidates] chapter=03 pass=1 sticker=SL-03-005 step=search processed=45 downloaded=0
[build-sticker-candidates] chapter=03 pass=1 sticker=SL-03-005 step=execute
[build-sticker-candidates] chapter=03 pass=1 sticker=SL-03-005 step=evaluate
[build-sticker-candidates] chapter=03 pass=1 sticker=SL-03-005 step=preflight
[build-sticker-candidates] chapter=03 pass=1 sticker=SL-03-005 step=download
[build-sticker-candidates] chapter=03 pass=1 sticker=SL-03-005 step=crop
[build-sticker-candidates] chapter=03 pass=1 sticker=SL-03-005 done chapter_downloaded=0 batch=0
[build-sticker-candidates] chapter=03 pass=1 sticker=SL-03-035 step=search processed=46 downloaded=0
[build-sticker-candidates] chapter=03 pass=1 sticker=SL-03-035 step=execute
[build-sticker-candidates] chapter=03 pass=1 sticker=SL-03-035 step=evaluate
[build-sticker-candidates] chapter=03 pass=1 sticker=SL-03-035 step=preflight
[build-sticker-candidates] chapter=03 pass=1 sticker=SL-03-035 step=download
[build-sticker-candidates] chapter=03 pass=1 sticker=SL-03-035 step=crop
[build-sticker-candidates] chapter=03 pass=1 sticker=SL-03-035 done chapter_downloaded=0 batch=0
[build-sticker-candidates] chapter=03 pass=1 sticker=SL-03-008 step=search processed=47 downloaded=0
[build-sticker-candidates] chapter=03 pass=1 sticker=SL-03-008 step=execute
[build-sticker-candidates] chapter=03 pass=1 sticker=SL-03-008 step=evaluate
[build-sticker-candidates] chapter=03 pass=1 sticker=SL-03-008 step=preflight
[build-sticker-candidates] chapter=03 pass=1 sticker=SL-03-008 step=download
[build-sticker-candidates] chapter=03 pass=1 sticker=SL-03-008 step=crop
[build-sticker-candidates] chapter=03 pass=1 sticker=SL-03-008 done chapter_downloaded=0 batch=0
[build-sticker-candidates] chapter=03 pass=1 sticker=SL-03-011 step=search processed=48 downloaded=0
[build-sticker-candidates] chapter=03 pass=1 sticker=SL-03-011 step=execute
[build-sticker-candidates] chapter=03 pass=1 sticker=SL-03-011 step=evaluate
[build-sticker-candidates] chapter=03 pass=1 sticker=SL-03-011 step=preflight
[build-sticker-candidates] chapter=03 pass=1 sticker=SL-03-011 step=download
[build-sticker-candidates] chapter=03 pass=1 sticker=SL-03-011 step=crop
[build-sticker-candidates] chapter=03 pass=1 sticker=SL-03-011 done chapter_downloaded=0 batch=0
[build-sticker-candidates] chapter=03 pass=1 sticker=SL-03-022 step=search processed=49 downloaded=0
[build-sticker-candidates] chapter=03 pass=1 sticker=SL-03-022 step=execute
[build-sticker-candidates] chapter=03 pass=1 sticker=SL-03-022 step=evaluate
[build-sticker-candidates] chapter=03 pass=1 sticker=SL-03-022 step=preflight
[build-sticker-candidates] chapter=03 pass=1 sticker=SL-03-022 step=download
[build-sticker-candidates] chapter=03 pass=1 sticker=SL-03-022 step=crop
[build-sticker-candidates] chapter=03 pass=1 sticker=SL-03-022 done chapter_downloaded=0 batch=0
[build-sticker-candidates] chapter=03 pass=1 sticker=SL-03-023 step=search processed=50 downloaded=0
[build-sticker-candidates] chapter=03 pass=1 sticker=SL-03-023 step=execute
[build-sticker-candidates] chapter=03 pass=1 sticker=SL-03-023 step=evaluate
[build-sticker-candidates] chapter=03 pass=1 sticker=SL-03-023 step=preflight
[build-sticker-candidates] chapter=03 pass=1 sticker=SL-03-023 step=download
[build-sticker-candidates] chapter=03 pass=1 sticker=SL-03-023 step=crop
[build-sticker-candidates] chapter=03 pass=1 sticker=SL-03-023 done chapter_downloaded=0 batch=0
[build-sticker-candidates] chapter=03 pass=2 sticker=SL-03-013 step=search processed=51 downloaded=0
[build-sticker-candidates] chapter=03 pass=2 sticker=SL-03-013 step=execute
[build-sticker-candidates] chapter=03 pass=2 sticker=SL-03-013 step=evaluate
[build-sticker-candidates] chapter=03 pass=2 sticker=SL-03-013 step=preflight
[build-sticker-candidates] chapter=03 pass=2 sticker=SL-03-013 step=download
[build-sticker-candidates] chapter=03 pass=2 sticker=SL-03-013 step=crop
[build-sticker-candidates] chapter=03 pass=2 sticker=SL-03-013 done chapter_downloaded=0 batch=0
[build-sticker-candidates] chapter=03 pass=2 sticker=SL-03-018 step=search processed=52 downloaded=0
[build-sticker-candidates] chapter=03 pass=2 sticker=SL-03-018 step=execute
[build-sticker-candidates] chapter=03 pass=2 sticker=SL-03-018 step=evaluate
[build-sticker-candidates] chapter=03 pass=2 sticker=SL-03-018 step=preflight
[build-sticker-candidates] chapter=03 pass=2 sticker=SL-03-018 step=download
[build-sticker-candidates] chapter=03 pass=2 sticker=SL-03-018 step=crop
[build-sticker-candidates] chapter=03 pass=2 sticker=SL-03-018 done chapter_downloaded=0 batch=0
[build-sticker-candidates] chapter=03 pass=2 sticker=SL-03-016 step=search processed=53 downloaded=0
[build-sticker-candidates] chapter=03 pass=2 sticker=SL-03-016 step=execute
[build-sticker-candidates] chapter=03 pass=2 sticker=SL-03-016 step=evaluate
[build-sticker-candidates] chapter=03 pass=2 sticker=SL-03-016 step=preflight
[build-sticker-candidates] chapter=03 pass=2 sticker=SL-03-016 step=download
[build-sticker-candidates] chapter=03 pass=2 sticker=SL-03-016 step=crop
[build-sticker-candidates] chapter=03 pass=2 sticker=SL-03-016 done chapter_downloaded=0 batch=0
[build-sticker-candidates] chapter=03 pass=2 sticker=SL-03-017 step=search processed=54 downloaded=0
[build-sticker-candidates] chapter=03 pass=2 sticker=SL-03-017 step=execute
[build-sticker-candidates] chapter=03 pass=2 sticker=SL-03-017 step=evaluate
[build-sticker-candidates] chapter=03 pass=2 sticker=SL-03-017 step=preflight
[build-sticker-candidates] chapter=03 pass=2 sticker=SL-03-017 step=download
[build-sticker-candidates] chapter=03 pass=2 sticker=SL-03-017 step=crop
[build-sticker-candidates] chapter=03 pass=2 sticker=SL-03-017 done chapter_downloaded=0 batch=0
[build-sticker-candidates] chapter=03 pass=2 sticker=SL-03-019 step=search processed=55 downloaded=0
[build-sticker-candidates] chapter=03 pass=2 sticker=SL-03-019 step=execute
[build-sticker-candidates] chapter=03 pass=2 sticker=SL-03-019 step=evaluate
[build-sticker-candidates] chapter=03 pass=2 sticker=SL-03-019 step=preflight
[build-sticker-candidates] chapter=03 pass=2 sticker=SL-03-019 step=download
[build-sticker-candidates] chapter=03 pass=2 sticker=SL-03-019 step=crop
[build-sticker-candidates] chapter=03 pass=2 sticker=SL-03-019 done chapter_downloaded=0 batch=0
[build-sticker-candidates] chapter=03 pass=2 sticker=SL-03-020 step=search processed=56 downloaded=0
[build-sticker-candidates] chapter=03 pass=2 sticker=SL-03-020 step=execute
[build-sticker-candidates] chapter=03 pass=2 sticker=SL-03-020 step=evaluate
[build-sticker-candidates] chapter=03 pass=2 sticker=SL-03-020 step=preflight
[build-sticker-candidates] chapter=03 pass=2 sticker=SL-03-020 step=download
[build-sticker-candidates] chapter=03 pass=2 sticker=SL-03-020 step=crop
[build-sticker-candidates] chapter=03 pass=2 sticker=SL-03-020 done chapter_downloaded=0 batch=0
[build-sticker-candidates] chapter=03 pass=2 sticker=SL-03-021 step=search processed=57 downloaded=0
[build-sticker-candidates] chapter=03 pass=2 sticker=SL-03-021 step=execute
[build-sticker-candidates] chapter=03 pass=2 sticker=SL-03-021 step=evaluate
[build-sticker-candidates] chapter=03 pass=2 sticker=SL-03-021 step=preflight
[build-sticker-candidates] chapter=03 pass=2 sticker=SL-03-021 step=download
[build-sticker-candidates] chapter=03 pass=2 sticker=SL-03-021 step=crop
[build-sticker-candidates] chapter=03 pass=2 sticker=SL-03-021 done chapter_downloaded=0 batch=0
[build-sticker-candidates] chapter=03 pass=2 sticker=SL-03-024 step=search processed=58 downloaded=0
[build-sticker-candidates] chapter=03 pass=2 sticker=SL-03-024 step=execute
[build-sticker-candidates] chapter=03 pass=2 sticker=SL-03-024 step=evaluate
[build-sticker-candidates] chapter=03 pass=2 sticker=SL-03-024 step=preflight
[build-sticker-candidates] chapter=03 pass=2 sticker=SL-03-024 step=download
[build-sticker-candidates] chapter=03 pass=2 sticker=SL-03-024 step=crop
[build-sticker-candidates] chapter=03 pass=2 sticker=SL-03-024 done chapter_downloaded=0 batch=0
[build-sticker-candidates] chapter=03 pass=2 sticker=SL-03-025 step=search processed=59 downloaded=0
[build-sticker-candidates] chapter=03 pass=2 sticker=SL-03-025 step=execute
[build-sticker-candidates] chapter=03 pass=2 sticker=SL-03-025 step=evaluate
[build-sticker-candidates] chapter=03 pass=2 sticker=SL-03-025 step=preflight
[build-sticker-candidates] chapter=03 pass=2 sticker=SL-03-025 step=download
[build-sticker-candidates] chapter=03 pass=2 sticker=SL-03-025 step=crop
[build-sticker-candidates] chapter=03 pass=2 sticker=SL-03-025 done chapter_downloaded=0 batch=0
[build-sticker-candidates] chapter=03 pass=2 sticker=SL-03-026 step=search processed=60 downloaded=0
[build-sticker-candidates] chapter=03 pass=2 sticker=SL-03-026 step=execute
[build-sticker-candidates] chapter=03 pass=2 sticker=SL-03-026 step=evaluate
[build-sticker-candidates] chapter=03 pass=2 sticker=SL-03-026 step=preflight
[build-sticker-candidates] chapter=03 pass=2 sticker=SL-03-026 step=download
[build-sticker-candidates] chapter=03 pass=2 sticker=SL-03-026 step=crop
[build-sticker-candidates] chapter=03 pass=2 sticker=SL-03-026 done chapter_downloaded=0 batch=0
[build-sticker-candidates] warning=no_download_progress_after_full_passes chapter=03 title=Primeras glorias passes_completed=2 downloaded_total=0
[build-sticker-candidates] chapter=04 title=La Santísima Trinidad target=10
[build-sticker-candidates] chapter=04 pass=1 sticker=SL-04-001 step=search processed=61 downloaded=0
[build-sticker-candidates] chapter=04 pass=1 sticker=SL-04-001 step=execute
[build-sticker-candidates] chapter=04 pass=1 sticker=SL-04-001 step=evaluate
[build-sticker-candidates] chapter=04 pass=1 sticker=SL-04-001 step=preflight
[build-sticker-candidates] chapter=04 pass=1 sticker=SL-04-001 step=download
[build-sticker-candidates] chapter=04 pass=1 sticker=SL-04-001 step=crop
[build-sticker-candidates] chapter=04 pass=1 sticker=SL-04-001 done chapter_downloaded=1 batch=1
[build-sticker-candidates] chapter=04 pass=1 sticker=SL-04-017 step=search processed=62 downloaded=1
[build-sticker-candidates] chapter=04 pass=1 sticker=SL-04-017 step=execute
[build-sticker-candidates] chapter=04 pass=1 sticker=SL-04-017 step=evaluate
[build-sticker-candidates] chapter=04 pass=1 sticker=SL-04-017 step=preflight
[build-sticker-candidates] chapter=04 pass=1 sticker=SL-04-017 step=download
[build-sticker-candidates] chapter=04 pass=1 sticker=SL-04-017 step=crop
[build-sticker-candidates] chapter=04 pass=1 sticker=SL-04-017 done chapter_downloaded=1 batch=0
[build-sticker-candidates] chapter=04 pass=1 sticker=SL-04-020 step=search processed=63 downloaded=1
[build-sticker-candidates] chapter=04 pass=1 sticker=SL-04-020 step=execute
[build-sticker-candidates] chapter=04 pass=1 sticker=SL-04-020 step=evaluate
[build-sticker-candidates] chapter=04 pass=1 sticker=SL-04-020 step=preflight
[build-sticker-candidates] chapter=04 pass=1 sticker=SL-04-020 step=download
[build-sticker-candidates] chapter=04 pass=1 sticker=SL-04-020 step=crop
[build-sticker-candidates] chapter=04 pass=1 sticker=SL-04-020 done chapter_downloaded=1 batch=0
[build-sticker-candidates] chapter=04 pass=1 sticker=SL-04-016 step=search processed=64 downloaded=1
[build-sticker-candidates] chapter=04 pass=1 sticker=SL-04-016 step=execute
[build-sticker-candidates] chapter=04 pass=1 sticker=SL-04-016 step=evaluate
[build-sticker-candidates] chapter=04 pass=1 sticker=SL-04-016 step=preflight
[build-sticker-candidates] chapter=04 pass=1 sticker=SL-04-016 step=download
[build-sticker-candidates] chapter=04 pass=1 sticker=SL-04-016 step=crop
[build-sticker-candidates] chapter=04 pass=1 sticker=SL-04-016 done chapter_downloaded=1 batch=0
[build-sticker-candidates] chapter=04 pass=1 sticker=SL-04-002 step=search processed=65 downloaded=1
[build-sticker-candidates] chapter=04 pass=1 sticker=SL-04-002 step=execute
[build-sticker-candidates] chapter=04 pass=1 sticker=SL-04-002 step=evaluate
[build-sticker-candidates] chapter=04 pass=1 sticker=SL-04-002 step=preflight
[build-sticker-candidates] chapter=04 pass=1 sticker=SL-04-002 step=download
[build-sticker-candidates] chapter=04 pass=1 sticker=SL-04-002 step=crop
[build-sticker-candidates] chapter=04 pass=1 sticker=SL-04-002 done chapter_downloaded=1 batch=0
[build-sticker-candidates] chapter=04 pass=1 sticker=SL-04-003 step=search processed=66 downloaded=1
[build-sticker-candidates] chapter=04 pass=1 sticker=SL-04-003 step=execute
[build-sticker-candidates] chapter=04 pass=1 sticker=SL-04-003 step=evaluate
[build-sticker-candidates] chapter=04 pass=1 sticker=SL-04-003 step=preflight
[build-sticker-candidates] chapter=04 pass=1 sticker=SL-04-003 step=download
[build-sticker-candidates] chapter=04 pass=1 sticker=SL-04-003 step=crop
[build-sticker-candidates] chapter=04 pass=1 sticker=SL-04-003 done chapter_downloaded=1 batch=0
[build-sticker-candidates] chapter=04 pass=1 sticker=SL-04-004 step=search processed=67 downloaded=1
[build-sticker-candidates] chapter=04 pass=1 sticker=SL-04-004 step=execute
[build-sticker-candidates] chapter=04 pass=1 sticker=SL-04-004 step=evaluate
[build-sticker-candidates] chapter=04 pass=1 sticker=SL-04-004 step=preflight
[build-sticker-candidates] chapter=04 pass=1 sticker=SL-04-004 step=download
[build-sticker-candidates] chapter=04 pass=1 sticker=SL-04-004 step=crop
[build-sticker-candidates] chapter=04 pass=1 sticker=SL-04-004 done chapter_downloaded=1 batch=0
[build-sticker-candidates] chapter=04 pass=1 sticker=SL-04-008 step=search processed=68 downloaded=1
[build-sticker-candidates] chapter=04 pass=1 sticker=SL-04-008 step=execute
[build-sticker-candidates] chapter=04 pass=1 sticker=SL-04-008 step=evaluate
[build-sticker-candidates] chapter=04 pass=1 sticker=SL-04-008 step=preflight
[build-sticker-candidates] chapter=04 pass=1 sticker=SL-04-008 step=download
[build-sticker-candidates] chapter=04 pass=1 sticker=SL-04-008 step=crop
[build-sticker-candidates] chapter=04 pass=1 sticker=SL-04-008 done chapter_downloaded=1 batch=0
[build-sticker-candidates] chapter=04 pass=1 sticker=SL-04-011 step=search processed=69 downloaded=1
[build-sticker-candidates] chapter=04 pass=1 sticker=SL-04-011 step=execute
[build-sticker-candidates] chapter=04 pass=1 sticker=SL-04-011 step=evaluate
[build-sticker-candidates] chapter=04 pass=1 sticker=SL-04-011 step=preflight
[build-sticker-candidates] chapter=04 pass=1 sticker=SL-04-011 step=download
[build-sticker-candidates] chapter=04 pass=1 sticker=SL-04-011 step=crop
[build-sticker-candidates] chapter=04 pass=1 sticker=SL-04-011 done chapter_downloaded=1 batch=0
[build-sticker-candidates] chapter=04 pass=1 sticker=SL-04-012 step=search processed=70 downloaded=1
[build-sticker-candidates] chapter=04 pass=1 sticker=SL-04-012 step=execute
[build-sticker-candidates] chapter=04 pass=1 sticker=SL-04-012 step=evaluate
[build-sticker-candidates] chapter=04 pass=1 sticker=SL-04-012 step=preflight
[build-sticker-candidates] chapter=04 pass=1 sticker=SL-04-012 step=download
[build-sticker-candidates] chapter=04 pass=1 sticker=SL-04-012 step=crop
[build-sticker-candidates] chapter=04 pass=1 sticker=SL-04-012 done chapter_downloaded=1 batch=0
[build-sticker-candidates] chapter=04 pass=2 sticker=SL-04-001 step=search processed=71 downloaded=1
[build-sticker-candidates] chapter=04 pass=2 sticker=SL-04-001 step=execute
[build-sticker-candidates] chapter=04 pass=2 sticker=SL-04-001 step=evaluate
[build-sticker-candidates] chapter=04 pass=2 sticker=SL-04-001 step=preflight
[build-sticker-candidates] chapter=04 pass=2 sticker=SL-04-001 step=download
[build-sticker-candidates] chapter=04 pass=2 sticker=SL-04-001 step=crop
[build-sticker-candidates] chapter=04 pass=2 sticker=SL-04-001 done chapter_downloaded=1 batch=0
[build-sticker-candidates] chapter=04 pass=2 sticker=SL-04-008 step=search processed=72 downloaded=1
[build-sticker-candidates] chapter=04 pass=2 sticker=SL-04-008 step=execute
[build-sticker-candidates] chapter=04 pass=2 sticker=SL-04-008 step=evaluate
[build-sticker-candidates] chapter=04 pass=2 sticker=SL-04-008 step=preflight
[build-sticker-candidates] chapter=04 pass=2 sticker=SL-04-008 step=download
[build-sticker-candidates] chapter=04 pass=2 sticker=SL-04-008 step=crop
[build-sticker-candidates] chapter=04 pass=2 sticker=SL-04-008 done chapter_downloaded=1 batch=0
[build-sticker-candidates] chapter=04 pass=2 sticker=SL-04-021 step=search processed=73 downloaded=1
[build-sticker-candidates] chapter=04 pass=2 sticker=SL-04-021 step=execute
[build-sticker-candidates] chapter=04 pass=2 sticker=SL-04-021 step=evaluate
[build-sticker-candidates] chapter=04 pass=2 sticker=SL-04-021 step=preflight
[build-sticker-candidates] chapter=04 pass=2 sticker=SL-04-021 step=download
[build-sticker-candidates] chapter=04 pass=2 sticker=SL-04-021 step=crop
[build-sticker-candidates] chapter=04 pass=2 sticker=SL-04-021 done chapter_downloaded=1 batch=0
[build-sticker-candidates] chapter=04 pass=2 sticker=SL-04-022 step=search processed=74 downloaded=1
[build-sticker-candidates] chapter=04 pass=2 sticker=SL-04-022 step=execute
[build-sticker-candidates] chapter=04 pass=2 sticker=SL-04-022 step=evaluate
[build-sticker-candidates] chapter=04 pass=2 sticker=SL-04-022 step=preflight
[build-sticker-candidates] chapter=04 pass=2 sticker=SL-04-022 step=download
[build-sticker-candidates] chapter=04 pass=2 sticker=SL-04-022 step=crop
[build-sticker-candidates] chapter=04 pass=2 sticker=SL-04-022 done chapter_downloaded=1 batch=0
[build-sticker-candidates] chapter=04 pass=2 sticker=SL-04-023 step=search processed=75 downloaded=1
[build-sticker-candidates] chapter=04 pass=2 sticker=SL-04-023 step=execute
[build-sticker-candidates] chapter=04 pass=2 sticker=SL-04-023 step=evaluate
[build-sticker-candidates] chapter=04 pass=2 sticker=SL-04-023 step=preflight
[build-sticker-candidates] chapter=04 pass=2 sticker=SL-04-023 step=download
[build-sticker-candidates] chapter=04 pass=2 sticker=SL-04-023 step=crop
[build-sticker-candidates] chapter=04 pass=2 sticker=SL-04-023 done chapter_downloaded=1 batch=0
[build-sticker-candidates] chapter=04 pass=2 sticker=SL-04-024 step=search processed=76 downloaded=1
[build-sticker-candidates] chapter=04 pass=2 sticker=SL-04-024 step=execute
[build-sticker-candidates] chapter=04 pass=2 sticker=SL-04-024 step=evaluate
[build-sticker-candidates] chapter=04 pass=2 sticker=SL-04-024 step=preflight
[build-sticker-candidates] chapter=04 pass=2 sticker=SL-04-024 step=download
[build-sticker-candidates] chapter=04 pass=2 sticker=SL-04-024 step=crop
[build-sticker-candidates] chapter=04 pass=2 sticker=SL-04-024 done chapter_downloaded=1 batch=0
[build-sticker-candidates] chapter=04 pass=2 sticker=SL-04-025 step=search processed=77 downloaded=1
[build-sticker-candidates] chapter=04 pass=2 sticker=SL-04-025 step=execute
[build-sticker-candidates] chapter=04 pass=2 sticker=SL-04-025 step=evaluate
[build-sticker-candidates] chapter=04 pass=2 sticker=SL-04-025 step=preflight
[build-sticker-candidates] chapter=04 pass=2 sticker=SL-04-025 step=download
[build-sticker-candidates] chapter=04 pass=2 sticker=SL-04-025 step=crop
[build-sticker-candidates] chapter=04 pass=2 sticker=SL-04-025 done chapter_downloaded=1 batch=0
[build-sticker-candidates] chapter=04 pass=2 sticker=SL-04-014 step=search processed=78 downloaded=1
[build-sticker-candidates] chapter=04 pass=2 sticker=SL-04-014 step=execute
[build-sticker-candidates] chapter=04 pass=2 sticker=SL-04-014 step=evaluate
[build-sticker-candidates] chapter=04 pass=2 sticker=SL-04-014 step=preflight
[build-sticker-candidates] chapter=04 pass=2 sticker=SL-04-014 step=download
[build-sticker-candidates] chapter=04 pass=2 sticker=SL-04-014 step=crop
[build-sticker-candidates] chapter=04 pass=2 sticker=SL-04-014 done chapter_downloaded=1 batch=0
[build-sticker-candidates] chapter=04 pass=2 sticker=SL-04-015 step=search processed=79 downloaded=1
[build-sticker-candidates] chapter=04 pass=2 sticker=SL-04-015 step=execute
[build-sticker-candidates] chapter=04 pass=2 sticker=SL-04-015 step=evaluate
[build-sticker-candidates] chapter=04 pass=2 sticker=SL-04-015 step=preflight
[build-sticker-candidates] chapter=04 pass=2 sticker=SL-04-015 step=download
[build-sticker-candidates] chapter=04 pass=2 sticker=SL-04-015 step=crop
[build-sticker-candidates] chapter=04 pass=2 sticker=SL-04-015 done chapter_downloaded=1 batch=0
[build-sticker-candidates] chapter=04 pass=2 sticker=SL-04-018 step=search processed=80 downloaded=1
[build-sticker-candidates] chapter=04 pass=2 sticker=SL-04-018 step=execute
[build-sticker-candidates] chapter=04 pass=2 sticker=SL-04-018 step=evaluate
[build-sticker-candidates] chapter=04 pass=2 sticker=SL-04-018 step=preflight
[build-sticker-candidates] chapter=04 pass=2 sticker=SL-04-018 step=download
[build-sticker-candidates] chapter=04 pass=2 sticker=SL-04-018 step=crop
[build-sticker-candidates] chapter=04 pass=2 sticker=SL-04-018 done chapter_downloaded=1 batch=0
[build-sticker-candidates] chapter=04 pass=3 sticker=SL-04-024 step=search processed=81 downloaded=1
[build-sticker-candidates] chapter=04 pass=3 sticker=SL-04-024 step=execute
[build-sticker-candidates] chapter=04 pass=3 sticker=SL-04-024 step=evaluate
[build-sticker-candidates] chapter=04 pass=3 sticker=SL-04-024 step=preflight
[build-sticker-candidates] chapter=04 pass=3 sticker=SL-04-024 step=download
[build-sticker-candidates] chapter=04 pass=3 sticker=SL-04-024 step=crop
[build-sticker-candidates] chapter=04 pass=3 sticker=SL-04-024 done chapter_downloaded=1 batch=0
[build-sticker-candidates] chapter=04 pass=3 sticker=SL-04-017 step=search processed=82 downloaded=1
[build-sticker-candidates] chapter=04 pass=3 sticker=SL-04-017 step=execute
[build-sticker-candidates] chapter=04 pass=3 sticker=SL-04-017 step=evaluate
[build-sticker-candidates] chapter=04 pass=3 sticker=SL-04-017 step=preflight
[build-sticker-candidates] chapter=04 pass=3 sticker=SL-04-017 step=download
[build-sticker-candidates] chapter=04 pass=3 sticker=SL-04-017 step=crop
[build-sticker-candidates] chapter=04 pass=3 sticker=SL-04-017 done chapter_downloaded=1 batch=0
[build-sticker-candidates] chapter=04 pass=3 sticker=SL-04-020 step=search processed=83 downloaded=1
[build-sticker-candidates] chapter=04 pass=3 sticker=SL-04-020 step=execute
[build-sticker-candidates] chapter=04 pass=3 sticker=SL-04-020 step=evaluate
[build-sticker-candidates] chapter=04 pass=3 sticker=SL-04-020 step=preflight
[build-sticker-candidates] chapter=04 pass=3 sticker=SL-04-020 step=download
[build-sticker-candidates] chapter=04 pass=3 sticker=SL-04-020 step=crop
[build-sticker-candidates] chapter=04 pass=3 sticker=SL-04-020 done chapter_downloaded=2 batch=1
[build-sticker-candidates] chapter=04 pass=3 sticker=SL-04-016 step=search processed=84 downloaded=2
[build-sticker-candidates] chapter=04 pass=3 sticker=SL-04-016 step=execute
[build-sticker-candidates] chapter=04 pass=3 sticker=SL-04-016 step=evaluate
[build-sticker-candidates] chapter=04 pass=3 sticker=SL-04-016 step=preflight
[build-sticker-candidates] chapter=04 pass=3 sticker=SL-04-016 step=download
[build-sticker-candidates] chapter=04 pass=3 sticker=SL-04-016 step=crop
[build-sticker-candidates] chapter=04 pass=3 sticker=SL-04-016 done chapter_downloaded=2 batch=0
[build-sticker-candidates] chapter=04 pass=3 sticker=SL-04-004 step=search processed=85 downloaded=2
[build-sticker-candidates] chapter=04 pass=3 sticker=SL-04-004 step=execute
[build-sticker-candidates] chapter=04 pass=3 sticker=SL-04-004 step=evaluate
[build-sticker-candidates] chapter=04 pass=3 sticker=SL-04-004 step=preflight
[build-sticker-candidates] chapter=04 pass=3 sticker=SL-04-004 step=download
[build-sticker-candidates] chapter=04 pass=3 sticker=SL-04-004 step=crop
[build-sticker-candidates] chapter=04 pass=3 sticker=SL-04-004 done chapter_downloaded=2 batch=0
[build-sticker-candidates] chapter=04 pass=3 sticker=SL-04-011 step=search processed=86 downloaded=2
[build-sticker-candidates] chapter=04 pass=3 sticker=SL-04-011 step=execute
[build-sticker-candidates] chapter=04 pass=3 sticker=SL-04-011 step=evaluate
[build-sticker-candidates] chapter=04 pass=3 sticker=SL-04-011 step=preflight
[build-sticker-candidates] chapter=04 pass=3 sticker=SL-04-011 step=download
[build-sticker-candidates] chapter=04 pass=3 sticker=SL-04-011 step=crop
[build-sticker-candidates] chapter=04 pass=3 sticker=SL-04-011 done chapter_downloaded=2 batch=0
[build-sticker-candidates] chapter=04 pass=3 sticker=SL-04-012 step=search processed=87 downloaded=2
[build-sticker-candidates] chapter=04 pass=3 sticker=SL-04-012 step=execute
[build-sticker-candidates] chapter=04 pass=3 sticker=SL-04-012 step=evaluate
[build-sticker-candidates] chapter=04 pass=3 sticker=SL-04-012 step=preflight
[build-sticker-candidates] chapter=04 pass=3 sticker=SL-04-012 step=download
[build-sticker-candidates] chapter=04 pass=3 sticker=SL-04-012 step=crop
[build-sticker-candidates] chapter=04 pass=3 sticker=SL-04-012 done chapter_downloaded=2 batch=0
[build-sticker-candidates] chapter=04 pass=3 sticker=SL-04-007 step=search processed=88 downloaded=2
[build-sticker-candidates] chapter=04 pass=3 sticker=SL-04-007 step=execute
[build-sticker-candidates] chapter=04 pass=3 sticker=SL-04-007 step=evaluate
[build-sticker-candidates] chapter=04 pass=3 sticker=SL-04-007 step=preflight
[build-sticker-candidates] chapter=04 pass=3 sticker=SL-04-007 step=download
[build-sticker-candidates] chapter=04 pass=3 sticker=SL-04-007 step=crop
[build-sticker-candidates] chapter=04 pass=3 sticker=SL-04-007 done chapter_downloaded=2 batch=0
[build-sticker-candidates] chapter=04 pass=3 sticker=SL-04-009 step=search processed=89 downloaded=2
[build-sticker-candidates] chapter=04 pass=3 sticker=SL-04-009 step=execute
[build-sticker-candidates] chapter=04 pass=3 sticker=SL-04-009 step=evaluate
[build-sticker-candidates] chapter=04 pass=3 sticker=SL-04-009 step=preflight
[build-sticker-candidates] chapter=04 pass=3 sticker=SL-04-009 step=download
[build-sticker-candidates] chapter=04 pass=3 sticker=SL-04-009 step=crop
[build-sticker-candidates] chapter=04 pass=3 sticker=SL-04-009 done chapter_downloaded=2 batch=0
[build-sticker-candidates] chapter=04 pass=3 sticker=SL-04-010 step=search processed=90 downloaded=2
[build-sticker-candidates] chapter=04 pass=3 sticker=SL-04-010 step=execute
[build-sticker-candidates] chapter=04 pass=3 sticker=SL-04-010 step=evaluate
[build-sticker-candidates] chapter=04 pass=3 sticker=SL-04-010 step=preflight
[build-sticker-candidates] chapter=04 pass=3 sticker=SL-04-010 step=download
[build-sticker-candidates] chapter=04 pass=3 sticker=SL-04-010 step=crop
[build-sticker-candidates] chapter=04 pass=3 sticker=SL-04-010 done chapter_downloaded=2 batch=0
[build-sticker-candidates] chapter=04 pass=4 sticker=SL-04-001 step=search processed=91 downloaded=2
[build-sticker-candidates] chapter=04 pass=4 sticker=SL-04-001 step=execute
[build-sticker-candidates] chapter=04 pass=4 sticker=SL-04-001 step=evaluate
[build-sticker-candidates] chapter=04 pass=4 sticker=SL-04-001 step=preflight
[build-sticker-candidates] chapter=04 pass=4 sticker=SL-04-001 step=download
[build-sticker-candidates] chapter=04 pass=4 sticker=SL-04-001 step=crop
[build-sticker-candidates] chapter=04 pass=4 sticker=SL-04-001 done chapter_downloaded=2 batch=0
[build-sticker-candidates] chapter=04 pass=4 sticker=SL-04-020 step=search processed=92 downloaded=2
[build-sticker-candidates] chapter=04 pass=4 sticker=SL-04-020 step=execute
[build-sticker-candidates] chapter=04 pass=4 sticker=SL-04-020 step=evaluate
[build-sticker-candidates] chapter=04 pass=4 sticker=SL-04-020 step=preflight
[build-sticker-candidates] chapter=04 pass=4 sticker=SL-04-020 step=download
[build-sticker-candidates] chapter=04 pass=4 sticker=SL-04-020 step=crop
[build-sticker-candidates] chapter=04 pass=4 sticker=SL-04-020 done chapter_downloaded=2 batch=0
[build-sticker-candidates] chapter=04 pass=4 sticker=SL-04-008 step=search processed=93 downloaded=2
[build-sticker-candidates] chapter=04 pass=4 sticker=SL-04-008 step=execute
[build-sticker-candidates] chapter=04 pass=4 sticker=SL-04-008 step=evaluate
[build-sticker-candidates] chapter=04 pass=4 sticker=SL-04-008 step=preflight
[build-sticker-candidates] chapter=04 pass=4 sticker=SL-04-008 step=download
[build-sticker-candidates] chapter=04 pass=4 sticker=SL-04-008 step=crop
[build-sticker-candidates] chapter=04 pass=4 sticker=SL-04-008 done chapter_downloaded=2 batch=0
[build-sticker-candidates] chapter=04 pass=4 sticker=SL-04-025 step=search processed=94 downloaded=2
[build-sticker-candidates] chapter=04 pass=4 sticker=SL-04-025 step=execute
[build-sticker-candidates] chapter=04 pass=4 sticker=SL-04-025 step=evaluate
[build-sticker-candidates] chapter=04 pass=4 sticker=SL-04-025 step=preflight
[build-sticker-candidates] chapter=04 pass=4 sticker=SL-04-025 step=download
[build-sticker-candidates] chapter=04 pass=4 sticker=SL-04-025 step=crop
[build-sticker-candidates] chapter=04 pass=4 sticker=SL-04-025 done chapter_downloaded=2 batch=0
[build-sticker-candidates] chapter=04 pass=4 sticker=SL-04-002 step=search processed=95 downloaded=2
[build-sticker-candidates] chapter=04 pass=4 sticker=SL-04-002 step=execute
[build-sticker-candidates] chapter=04 pass=4 sticker=SL-04-002 step=evaluate
[build-sticker-candidates] chapter=04 pass=4 sticker=SL-04-002 step=preflight
[build-sticker-candidates] chapter=04 pass=4 sticker=SL-04-002 step=download
[build-sticker-candidates] chapter=04 pass=4 sticker=SL-04-002 step=crop
[build-sticker-candidates] chapter=04 pass=4 sticker=SL-04-002 done chapter_downloaded=2 batch=0
[build-sticker-candidates] chapter=04 pass=4 sticker=SL-04-003 step=search processed=96 downloaded=2
[build-sticker-candidates] chapter=04 pass=4 sticker=SL-04-003 step=execute
[build-sticker-candidates] chapter=04 pass=4 sticker=SL-04-003 step=evaluate
[build-sticker-candidates] chapter=04 pass=4 sticker=SL-04-003 step=preflight
[build-sticker-candidates] chapter=04 pass=4 sticker=SL-04-003 step=download
[build-sticker-candidates] chapter=04 pass=4 sticker=SL-04-003 step=crop
[build-sticker-candidates] chapter=04 pass=4 sticker=SL-04-003 done chapter_downloaded=2 batch=0
[build-sticker-candidates] chapter=04 pass=4 sticker=SL-04-014 step=search processed=97 downloaded=2
[build-sticker-candidates] chapter=04 pass=4 sticker=SL-04-014 step=execute
[build-sticker-candidates] chapter=04 pass=4 sticker=SL-04-014 step=evaluate
[build-sticker-candidates] chapter=04 pass=4 sticker=SL-04-014 step=preflight
[build-sticker-candidates] chapter=04 pass=4 sticker=SL-04-014 step=download
[build-sticker-candidates] chapter=04 pass=4 sticker=SL-04-014 step=crop
[build-sticker-candidates] chapter=04 pass=4 sticker=SL-04-014 done chapter_downloaded=2 batch=0
[build-sticker-candidates] chapter=04 pass=4 sticker=SL-04-015 step=search processed=98 downloaded=2
[build-sticker-candidates] chapter=04 pass=4 sticker=SL-04-015 step=execute
[build-sticker-candidates] chapter=04 pass=4 sticker=SL-04-015 step=evaluate
[build-sticker-candidates] chapter=04 pass=4 sticker=SL-04-015 step=preflight
[build-sticker-candidates] chapter=04 pass=4 sticker=SL-04-015 step=download
[build-sticker-candidates] chapter=04 pass=4 sticker=SL-04-015 step=crop
[build-sticker-candidates] chapter=04 pass=4 sticker=SL-04-015 done chapter_downloaded=2 batch=0
[build-sticker-candidates] chapter=04 pass=4 sticker=SL-04-018 step=search processed=99 downloaded=2
[build-sticker-candidates] chapter=04 pass=4 sticker=SL-04-018 step=execute
[build-sticker-candidates] chapter=04 pass=4 sticker=SL-04-018 step=evaluate
[build-sticker-candidates] chapter=04 pass=4 sticker=SL-04-018 step=preflight
[build-sticker-candidates] chapter=04 pass=4 sticker=SL-04-018 step=download
[build-sticker-candidates] chapter=04 pass=4 sticker=SL-04-018 step=crop
[build-sticker-candidates] chapter=04 pass=4 sticker=SL-04-018 done chapter_downloaded=2 batch=0
[build-sticker-candidates] chapter=04 pass=4 sticker=SL-04-013 step=search processed=100 downloaded=2
[build-sticker-candidates] chapter=04 pass=4 sticker=SL-04-013 step=execute
[build-sticker-candidates] chapter=04 pass=4 sticker=SL-04-013 step=evaluate
[build-sticker-candidates] chapter=04 pass=4 sticker=SL-04-013 step=preflight
[build-sticker-candidates] chapter=04 pass=4 sticker=SL-04-013 step=download
[build-sticker-candidates] chapter=04 pass=4 sticker=SL-04-013 step=crop
[build-sticker-candidates] chapter=04 pass=4 sticker=SL-04-013 done chapter_downloaded=2 batch=0
[build-sticker-candidates] chapter=04 pass=5 sticker=SL-04-024 step=search processed=101 downloaded=2
[build-sticker-candidates] chapter=04 pass=5 sticker=SL-04-024 step=execute
[build-sticker-candidates] chapter=04 pass=5 sticker=SL-04-024 step=evaluate
[build-sticker-candidates] chapter=04 pass=5 sticker=SL-04-024 step=preflight
[build-sticker-candidates] chapter=04 pass=5 sticker=SL-04-024 step=download
[build-sticker-candidates] chapter=04 pass=5 sticker=SL-04-024 step=crop
[build-sticker-candidates] chapter=04 pass=5 sticker=SL-04-024 done chapter_downloaded=2 batch=0
[build-sticker-candidates] chapter=04 pass=5 sticker=SL-04-007 step=search processed=102 downloaded=2
[build-sticker-candidates] chapter=04 pass=5 sticker=SL-04-007 step=execute
[build-sticker-candidates] chapter=04 pass=5 sticker=SL-04-007 step=evaluate
[build-sticker-candidates] chapter=04 pass=5 sticker=SL-04-007 step=preflight
[build-sticker-candidates] chapter=04 pass=5 sticker=SL-04-007 step=download
[build-sticker-candidates] chapter=04 pass=5 sticker=SL-04-007 step=crop
[build-sticker-candidates] chapter=04 pass=5 sticker=SL-04-007 done chapter_downloaded=2 batch=0
[build-sticker-candidates] chapter=04 pass=5 sticker=SL-04-009 step=search processed=103 downloaded=2
[build-sticker-candidates] chapter=04 pass=5 sticker=SL-04-009 step=execute
[build-sticker-candidates] chapter=04 pass=5 sticker=SL-04-009 step=evaluate
[build-sticker-candidates] chapter=04 pass=5 sticker=SL-04-009 step=preflight
[build-sticker-candidates] chapter=04 pass=5 sticker=SL-04-009 step=download
[build-sticker-candidates] chapter=04 pass=5 sticker=SL-04-009 step=crop
[build-sticker-candidates] chapter=04 pass=5 sticker=SL-04-009 done chapter_downloaded=2 batch=0
[build-sticker-candidates] chapter=04 pass=5 sticker=SL-04-010 step=search processed=104 downloaded=2
[build-sticker-candidates] chapter=04 pass=5 sticker=SL-04-010 step=execute
[build-sticker-candidates] chapter=04 pass=5 sticker=SL-04-010 step=evaluate
[build-sticker-candidates] chapter=04 pass=5 sticker=SL-04-010 step=preflight
[build-sticker-candidates] chapter=04 pass=5 sticker=SL-04-010 step=download
[build-sticker-candidates] chapter=04 pass=5 sticker=SL-04-010 step=crop
[build-sticker-candidates] chapter=04 pass=5 sticker=SL-04-010 done chapter_downloaded=2 batch=0
[build-sticker-candidates] chapter=04 pass=5 sticker=SL-04-021 step=search processed=105 downloaded=2
[build-sticker-candidates] chapter=04 pass=5 sticker=SL-04-021 step=execute
[build-sticker-candidates] chapter=04 pass=5 sticker=SL-04-021 step=evaluate
[build-sticker-candidates] chapter=04 pass=5 sticker=SL-04-021 step=preflight
[build-sticker-candidates] chapter=04 pass=5 sticker=SL-04-021 step=download
[build-sticker-candidates] chapter=04 pass=5 sticker=SL-04-021 step=crop
[build-sticker-candidates] chapter=04 pass=5 sticker=SL-04-021 done chapter_downloaded=2 batch=0
[build-sticker-candidates] chapter=04 pass=5 sticker=SL-04-022 step=search processed=106 downloaded=2
[build-sticker-candidates] chapter=04 pass=5 sticker=SL-04-022 step=execute
[build-sticker-candidates] chapter=04 pass=5 sticker=SL-04-022 step=evaluate
[build-sticker-candidates] chapter=04 pass=5 sticker=SL-04-022 step=preflight
[build-sticker-candidates] chapter=04 pass=5 sticker=SL-04-022 step=download
[build-sticker-candidates] chapter=04 pass=5 sticker=SL-04-022 step=crop
[build-sticker-candidates] chapter=04 pass=5 sticker=SL-04-022 done chapter_downloaded=2 batch=0
[build-sticker-candidates] chapter=04 pass=5 sticker=SL-04-023 step=search processed=107 downloaded=2
[build-sticker-candidates] chapter=04 pass=5 sticker=SL-04-023 step=execute
[build-sticker-candidates] chapter=04 pass=5 sticker=SL-04-023 step=evaluate
[build-sticker-candidates] chapter=04 pass=5 sticker=SL-04-023 step=preflight
[build-sticker-candidates] chapter=04 pass=5 sticker=SL-04-023 step=download
[build-sticker-candidates] chapter=04 pass=5 sticker=SL-04-023 step=crop
[build-sticker-candidates] chapter=04 pass=5 sticker=SL-04-023 done chapter_downloaded=2 batch=0
[build-sticker-candidates] chapter=04 pass=5 sticker=SL-04-019 step=search processed=108 downloaded=2
[build-sticker-candidates] chapter=04 pass=5 sticker=SL-04-019 step=execute
[build-sticker-candidates] chapter=04 pass=5 sticker=SL-04-019 step=evaluate
[build-sticker-candidates] chapter=04 pass=5 sticker=SL-04-019 step=preflight
[build-sticker-candidates] chapter=04 pass=5 sticker=SL-04-019 step=download
[build-sticker-candidates] chapter=04 pass=5 sticker=SL-04-019 step=crop
[build-sticker-candidates] chapter=04 pass=5 sticker=SL-04-019 done chapter_downloaded=2 batch=0
[build-sticker-candidates] chapter=04 pass=5 sticker=SL-04-007 step=search processed=109 downloaded=2
[build-sticker-candidates] chapter=04 pass=5 sticker=SL-04-007 step=execute
[build-sticker-candidates] chapter=04 pass=5 sticker=SL-04-007 step=evaluate
[build-sticker-candidates] chapter=04 pass=5 sticker=SL-04-007 step=preflight
[build-sticker-candidates] chapter=04 pass=5 sticker=SL-04-007 step=download
[build-sticker-candidates] chapter=04 pass=5 sticker=SL-04-007 step=crop
[build-sticker-candidates] chapter=04 pass=5 sticker=SL-04-007 done chapter_downloaded=2 batch=0
[build-sticker-candidates] chapter=04 pass=5 sticker=SL-04-009 step=search processed=110 downloaded=2
[build-sticker-candidates] chapter=04 pass=5 sticker=SL-04-009 step=execute
[build-sticker-candidates] chapter=04 pass=5 sticker=SL-04-009 step=evaluate
[build-sticker-candidates] chapter=04 pass=5 sticker=SL-04-009 step=preflight
[build-sticker-candidates] chapter=04 pass=5 sticker=SL-04-009 step=download
[build-sticker-candidates] chapter=04 pass=5 sticker=SL-04-009 step=crop
[build-sticker-candidates] chapter=04 pass=5 sticker=SL-04-009 done chapter_downloaded=2 batch=0
[build-sticker-candidates] warning=no_download_progress_after_full_passes chapter=04 title=La Santísima Trinidad passes_completed=5 downloaded_total=2
[build-sticker-candidates] chapter=05 title=Los Carasucias target=10
[build-sticker-candidates] chapter=05 pass=1 sticker=SL-05-019 step=search processed=111 downloaded=2
[build-sticker-candidates] chapter=05 pass=1 sticker=SL-05-019 step=execute
[build-sticker-candidates] chapter=05 pass=1 sticker=SL-05-019 step=evaluate
[build-sticker-candidates] chapter=05 pass=1 sticker=SL-05-019 step=preflight
[build-sticker-candidates] chapter=05 pass=1 sticker=SL-05-019 step=download
[build-sticker-candidates] chapter=05 pass=1 sticker=SL-05-019 step=crop
[build-sticker-candidates] chapter=05 pass=1 sticker=SL-05-019 done chapter_downloaded=0 batch=0
[build-sticker-candidates] chapter=05 pass=1 sticker=SL-05-002 step=search processed=112 downloaded=2
[build-sticker-candidates] chapter=05 pass=1 sticker=SL-05-002 step=execute
[build-sticker-candidates] chapter=05 pass=1 sticker=SL-05-002 step=evaluate
[build-sticker-candidates] chapter=05 pass=1 sticker=SL-05-002 step=preflight
[build-sticker-candidates] chapter=05 pass=1 sticker=SL-05-002 step=download
[build-sticker-candidates] chapter=05 pass=1 sticker=SL-05-002 step=crop
[build-sticker-candidates] chapter=05 pass=1 sticker=SL-05-002 done chapter_downloaded=0 batch=0
[build-sticker-candidates] chapter=05 pass=1 sticker=SL-05-011 step=search processed=113 downloaded=2
[build-sticker-candidates] chapter=05 pass=1 sticker=SL-05-011 step=execute
[build-sticker-candidates] chapter=05 pass=1 sticker=SL-05-011 step=evaluate
[build-sticker-candidates] chapter=05 pass=1 sticker=SL-05-011 step=preflight
[build-sticker-candidates] chapter=05 pass=1 sticker=SL-05-011 step=download
[build-sticker-candidates] chapter=05 pass=1 sticker=SL-05-011 step=crop
[build-sticker-candidates] chapter=05 pass=1 sticker=SL-05-011 done chapter_downloaded=0 batch=0
[build-sticker-candidates] chapter=05 pass=1 sticker=SL-05-016 step=search processed=114 downloaded=2
[build-sticker-candidates] chapter=05 pass=1 sticker=SL-05-016 step=execute
[build-sticker-candidates] chapter=05 pass=1 sticker=SL-05-016 step=evaluate
[build-sticker-candidates] chapter=05 pass=1 sticker=SL-05-016 step=preflight
[build-sticker-candidates] chapter=05 pass=1 sticker=SL-05-016 step=download
[build-sticker-candidates] chapter=05 pass=1 sticker=SL-05-016 step=crop
[build-sticker-candidates] chapter=05 pass=1 sticker=SL-05-016 done chapter_downloaded=0 batch=0
[build-sticker-candidates] chapter=05 pass=1 sticker=SL-05-022 step=search processed=115 downloaded=2
[build-sticker-candidates] chapter=05 pass=1 sticker=SL-05-022 step=execute
[build-sticker-candidates] chapter=05 pass=1 sticker=SL-05-022 step=evaluate
[build-sticker-candidates] chapter=05 pass=1 sticker=SL-05-022 step=preflight
[build-sticker-candidates] chapter=05 pass=1 sticker=SL-05-022 step=download
[build-sticker-candidates] chapter=05 pass=1 sticker=SL-05-022 step=crop
[build-sticker-candidates] chapter=05 pass=1 sticker=SL-05-022 done chapter_downloaded=0 batch=0
[build-sticker-candidates] chapter=05 pass=1 sticker=SL-05-001 step=search processed=116 downloaded=2
[build-sticker-candidates] chapter=05 pass=1 sticker=SL-05-001 step=execute
[build-sticker-candidates] chapter=05 pass=1 sticker=SL-05-001 step=evaluate
[build-sticker-candidates] chapter=05 pass=1 sticker=SL-05-001 step=preflight
[build-sticker-candidates] chapter=05 pass=1 sticker=SL-05-001 step=download
[build-sticker-candidates] chapter=05 pass=1 sticker=SL-05-001 step=crop
[build-sticker-candidates] chapter=05 pass=1 sticker=SL-05-001 done chapter_downloaded=0 batch=0
[build-sticker-candidates] chapter=05 pass=1 sticker=SL-05-004 step=search processed=117 downloaded=2
[build-sticker-candidates] chapter=05 pass=1 sticker=SL-05-004 step=execute
[build-sticker-candidates] chapter=05 pass=1 sticker=SL-05-004 step=evaluate
[build-sticker-candidates] chapter=05 pass=1 sticker=SL-05-004 step=preflight
[build-sticker-candidates] chapter=05 pass=1 sticker=SL-05-004 step=download
[build-sticker-candidates] chapter=05 pass=1 sticker=SL-05-004 step=crop
[build-sticker-candidates] chapter=05 pass=1 sticker=SL-05-004 done chapter_downloaded=0 batch=0
[build-sticker-candidates] chapter=05 pass=1 sticker=SL-05-005 step=search processed=118 downloaded=2
[build-sticker-candidates] chapter=05 pass=1 sticker=SL-05-005 step=execute
[build-sticker-candidates] chapter=05 pass=1 sticker=SL-05-005 step=evaluate
[build-sticker-candidates] chapter=05 pass=1 sticker=SL-05-005 step=preflight
[build-sticker-candidates] chapter=05 pass=1 sticker=SL-05-005 step=download
[build-sticker-candidates] chapter=05 pass=1 sticker=SL-05-005 step=crop
[build-sticker-candidates] chapter=05 pass=1 sticker=SL-05-005 done chapter_downloaded=0 batch=0
[build-sticker-candidates] chapter=05 pass=1 sticker=SL-05-012 step=search processed=119 downloaded=2
[build-sticker-candidates] chapter=05 pass=1 sticker=SL-05-012 step=execute
[build-sticker-candidates] chapter=05 pass=1 sticker=SL-05-012 step=evaluate
[build-sticker-candidates] chapter=05 pass=1 sticker=SL-05-012 step=preflight
[build-sticker-candidates] chapter=05 pass=1 sticker=SL-05-012 step=download
[build-sticker-candidates] chapter=05 pass=1 sticker=SL-05-012 step=crop
[build-sticker-candidates] chapter=05 pass=1 sticker=SL-05-012 done chapter_downloaded=0 batch=0
[build-sticker-candidates] chapter=05 pass=1 sticker=SL-05-014 step=search processed=120 downloaded=2
[build-sticker-candidates] chapter=05 pass=1 sticker=SL-05-014 step=execute
[build-sticker-candidates] chapter=05 pass=1 sticker=SL-05-014 step=evaluate
[build-sticker-candidates] chapter=05 pass=1 sticker=SL-05-014 step=preflight
[build-sticker-candidates] chapter=05 pass=1 sticker=SL-05-014 step=download
[build-sticker-candidates] chapter=05 pass=1 sticker=SL-05-014 step=crop
[build-sticker-candidates] chapter=05 pass=1 sticker=SL-05-014 done chapter_downloaded=0 batch=0
[build-sticker-candidates] chapter=05 pass=2 sticker=SL-05-014 step=search processed=121 downloaded=2
[build-sticker-candidates] chapter=05 pass=2 sticker=SL-05-014 step=execute
[build-sticker-candidates] chapter=05 pass=2 sticker=SL-05-014 step=evaluate
[build-sticker-candidates] chapter=05 pass=2 sticker=SL-05-014 step=preflight
[build-sticker-candidates] chapter=05 pass=2 sticker=SL-05-014 step=download
[build-sticker-candidates] chapter=05 pass=2 sticker=SL-05-014 step=crop
[build-sticker-candidates] chapter=05 pass=2 sticker=SL-05-014 done chapter_downloaded=0 batch=0
[build-sticker-candidates] chapter=05 pass=2 sticker=SL-05-023 step=search processed=122 downloaded=2
[build-sticker-candidates] chapter=05 pass=2 sticker=SL-05-023 step=execute
[build-sticker-candidates] chapter=05 pass=2 sticker=SL-05-023 step=evaluate
[build-sticker-candidates] chapter=05 pass=2 sticker=SL-05-023 step=preflight
[build-sticker-candidates] chapter=05 pass=2 sticker=SL-05-023 step=download
[build-sticker-candidates] chapter=05 pass=2 sticker=SL-05-023 step=crop
[build-sticker-candidates] chapter=05 pass=2 sticker=SL-05-023 done chapter_downloaded=0 batch=0
[build-sticker-candidates] chapter=05 pass=2 sticker=SL-05-024 step=search processed=123 downloaded=2
[build-sticker-candidates] chapter=05 pass=2 sticker=SL-05-024 step=execute
[build-sticker-candidates] chapter=05 pass=2 sticker=SL-05-024 step=evaluate
[build-sticker-candidates] chapter=05 pass=2 sticker=SL-05-024 step=preflight
[build-sticker-candidates] chapter=05 pass=2 sticker=SL-05-024 step=download
[build-sticker-candidates] chapter=05 pass=2 sticker=SL-05-024 step=crop
[build-sticker-candidates] chapter=05 pass=2 sticker=SL-05-024 done chapter_downloaded=0 batch=0
[build-sticker-candidates] chapter=05 pass=2 sticker=SL-05-025 step=search processed=124 downloaded=2
[build-sticker-candidates] chapter=05 pass=2 sticker=SL-05-025 step=execute
[build-sticker-candidates] chapter=05 pass=2 sticker=SL-05-025 step=evaluate
[build-sticker-candidates] chapter=05 pass=2 sticker=SL-05-025 step=preflight
[build-sticker-candidates] chapter=05 pass=2 sticker=SL-05-025 step=download
[build-sticker-candidates] chapter=05 pass=2 sticker=SL-05-025 step=crop
[build-sticker-candidates] chapter=05 pass=2 sticker=SL-05-025 done chapter_downloaded=0 batch=0
[build-sticker-candidates] chapter=05 pass=2 sticker=SL-05-015 step=search processed=125 downloaded=2
[build-sticker-candidates] chapter=05 pass=2 sticker=SL-05-015 step=execute
[build-sticker-candidates] chapter=05 pass=2 sticker=SL-05-015 step=evaluate
[build-sticker-candidates] chapter=05 pass=2 sticker=SL-05-015 step=preflight
[build-sticker-candidates] chapter=05 pass=2 sticker=SL-05-015 step=download
[build-sticker-candidates] chapter=05 pass=2 sticker=SL-05-015 step=crop
[build-sticker-candidates] chapter=05 pass=2 sticker=SL-05-015 done chapter_downloaded=0 batch=0
[build-sticker-candidates] chapter=05 pass=2 sticker=SL-05-017 step=search processed=126 downloaded=2
[build-sticker-candidates] chapter=05 pass=2 sticker=SL-05-017 step=execute
[build-sticker-candidates] chapter=05 pass=2 sticker=SL-05-017 step=evaluate
[build-sticker-candidates] chapter=05 pass=2 sticker=SL-05-017 step=preflight
[build-sticker-candidates] chapter=05 pass=2 sticker=SL-05-017 step=download
[build-sticker-candidates] chapter=05 pass=2 sticker=SL-05-017 step=crop
[build-sticker-candidates] chapter=05 pass=2 sticker=SL-05-017 done chapter_downloaded=0 batch=0
[build-sticker-candidates] chapter=05 pass=2 sticker=SL-05-018 step=search processed=127 downloaded=2
[build-sticker-candidates] chapter=05 pass=2 sticker=SL-05-018 step=execute
[build-sticker-candidates] chapter=05 pass=2 sticker=SL-05-018 step=evaluate
[build-sticker-candidates] chapter=05 pass=2 sticker=SL-05-018 step=preflight
[build-sticker-candidates] chapter=05 pass=2 sticker=SL-05-018 step=download
[build-sticker-candidates] chapter=05 pass=2 sticker=SL-05-018 step=crop
[build-sticker-candidates] chapter=05 pass=2 sticker=SL-05-018 done chapter_downloaded=0 batch=0
[build-sticker-candidates] chapter=05 pass=2 sticker=SL-05-007 step=search processed=128 downloaded=2
[build-sticker-candidates] chapter=05 pass=2 sticker=SL-05-007 step=execute
[build-sticker-candidates] chapter=05 pass=2 sticker=SL-05-007 step=evaluate
[build-sticker-candidates] chapter=05 pass=2 sticker=SL-05-007 step=preflight
[build-sticker-candidates] chapter=05 pass=2 sticker=SL-05-007 step=download
[build-sticker-candidates] chapter=05 pass=2 sticker=SL-05-007 step=crop
[build-sticker-candidates] chapter=05 pass=2 sticker=SL-05-007 done chapter_downloaded=0 batch=0
[build-sticker-candidates] chapter=05 pass=2 sticker=SL-05-008 step=search processed=129 downloaded=2
[build-sticker-candidates] chapter=05 pass=2 sticker=SL-05-008 step=execute
[build-sticker-candidates] chapter=05 pass=2 sticker=SL-05-008 step=evaluate
[build-sticker-candidates] chapter=05 pass=2 sticker=SL-05-008 step=preflight
[build-sticker-candidates] chapter=05 pass=2 sticker=SL-05-008 step=download
[build-sticker-candidates] chapter=05 pass=2 sticker=SL-05-008 step=crop
[build-sticker-candidates] chapter=05 pass=2 sticker=SL-05-008 done chapter_downloaded=0 batch=0
[build-sticker-candidates] chapter=05 pass=2 sticker=SL-05-009 step=search processed=130 downloaded=2
[build-sticker-candidates] chapter=05 pass=2 sticker=SL-05-009 step=execute
[build-sticker-candidates] chapter=05 pass=2 sticker=SL-05-009 step=evaluate
[build-sticker-candidates] chapter=05 pass=2 sticker=SL-05-009 step=preflight
[build-sticker-candidates] chapter=05 pass=2 sticker=SL-05-009 step=download
[build-sticker-candidates] chapter=05 pass=2 sticker=SL-05-009 step=crop
[build-sticker-candidates] chapter=05 pass=2 sticker=SL-05-009 done chapter_downloaded=0 batch=0
[build-sticker-candidates] warning=no_download_progress_after_full_passes chapter=05 title=Los Carasucias passes_completed=2 downloaded_total=0
[build-sticker-candidates] chapter=06 title=Los Matadores target=10
[build-sticker-candidates] chapter=06 pass=1 sticker=SL-06-025 step=search processed=131 downloaded=2
[build-sticker-candidates] chapter=06 pass=1 sticker=SL-06-025 step=execute
[build-sticker-candidates] chapter=06 pass=1 sticker=SL-06-025 step=evaluate
[build-sticker-candidates] chapter=06 pass=1 sticker=SL-06-025 step=preflight
[build-sticker-candidates] chapter=06 pass=1 sticker=SL-06-025 step=download
[build-sticker-candidates] chapter=06 pass=1 sticker=SL-06-025 step=crop
[build-sticker-candidates] chapter=06 pass=1 sticker=SL-06-025 done chapter_downloaded=0 batch=0
[build-sticker-candidates] chapter=06 pass=1 sticker=SL-06-009 step=search processed=132 downloaded=2
[build-sticker-candidates] chapter=06 pass=1 sticker=SL-06-009 step=execute
[build-sticker-candidates] chapter=06 pass=1 sticker=SL-06-009 step=evaluate
[build-sticker-candidates] chapter=06 pass=1 sticker=SL-06-009 step=preflight
[build-sticker-candidates] chapter=06 pass=1 sticker=SL-06-009 step=download
[build-sticker-candidates] chapter=06 pass=1 sticker=SL-06-009 step=crop
[build-sticker-candidates] chapter=06 pass=1 sticker=SL-06-009 done chapter_downloaded=0 batch=0
[build-sticker-candidates] chapter=06 pass=1 sticker=SL-06-001 step=search processed=133 downloaded=2
[build-sticker-candidates] chapter=06 pass=1 sticker=SL-06-001 step=execute
[build-sticker-candidates] chapter=06 pass=1 sticker=SL-06-001 step=evaluate
[build-sticker-candidates] chapter=06 pass=1 sticker=SL-06-001 step=preflight
[build-sticker-candidates] chapter=06 pass=1 sticker=SL-06-001 step=download
[build-sticker-candidates] chapter=06 pass=1 sticker=SL-06-001 step=crop
[build-sticker-candidates] chapter=06 pass=1 sticker=SL-06-001 done chapter_downloaded=0 batch=0
[build-sticker-candidates] chapter=06 pass=1 sticker=SL-06-027 step=search processed=134 downloaded=2
[build-sticker-candidates] chapter=06 pass=1 sticker=SL-06-027 step=execute
[build-sticker-candidates] chapter=06 pass=1 sticker=SL-06-027 step=evaluate
[build-sticker-candidates] chapter=06 pass=1 sticker=SL-06-027 step=preflight
[build-sticker-candidates] chapter=06 pass=1 sticker=SL-06-027 step=download
[build-sticker-candidates] chapter=06 pass=1 sticker=SL-06-027 step=crop
[build-sticker-candidates] chapter=06 pass=1 sticker=SL-06-027 done chapter_downloaded=0 batch=0
[build-sticker-candidates] chapter=06 pass=1 sticker=SL-06-030 step=search processed=135 downloaded=2
[build-sticker-candidates] chapter=06 pass=1 sticker=SL-06-030 step=execute
[build-sticker-candidates] chapter=06 pass=1 sticker=SL-06-030 step=evaluate
[build-sticker-candidates] chapter=06 pass=1 sticker=SL-06-030 step=preflight
[build-sticker-candidates] chapter=06 pass=1 sticker=SL-06-030 step=download
[build-sticker-candidates] chapter=06 pass=1 sticker=SL-06-030 step=crop
[build-sticker-candidates] chapter=06 pass=1 sticker=SL-06-030 done chapter_downloaded=0 batch=0
[build-sticker-candidates] chapter=06 pass=1 sticker=SL-06-019 step=search processed=136 downloaded=2
[build-sticker-candidates] chapter=06 pass=1 sticker=SL-06-019 step=execute
[build-sticker-candidates] chapter=06 pass=1 sticker=SL-06-019 step=evaluate
[build-sticker-candidates] chapter=06 pass=1 sticker=SL-06-019 step=preflight
[build-sticker-candidates] chapter=06 pass=1 sticker=SL-06-019 step=download
[build-sticker-candidates] chapter=06 pass=1 sticker=SL-06-019 step=crop
[build-sticker-candidates] chapter=06 pass=1 sticker=SL-06-019 done chapter_downloaded=0 batch=0
[build-sticker-candidates] chapter=06 pass=1 sticker=SL-06-023 step=search processed=137 downloaded=2
[build-sticker-candidates] chapter=06 pass=1 sticker=SL-06-023 step=execute
[build-sticker-candidates] chapter=06 pass=1 sticker=SL-06-023 step=evaluate
[build-sticker-candidates] chapter=06 pass=1 sticker=SL-06-023 step=preflight
[build-sticker-candidates] chapter=06 pass=1 sticker=SL-06-023 step=download
[build-sticker-candidates] chapter=06 pass=1 sticker=SL-06-023 step=crop
[build-sticker-candidates] chapter=06 pass=1 sticker=SL-06-023 done chapter_downloaded=0 batch=0
[build-sticker-candidates] chapter=06 pass=1 sticker=SL-06-002 step=search processed=138 downloaded=2
[build-sticker-candidates] chapter=06 pass=1 sticker=SL-06-002 step=execute
[build-sticker-candidates] chapter=06 pass=1 sticker=SL-06-002 step=evaluate
[build-sticker-candidates] chapter=06 pass=1 sticker=SL-06-002 step=preflight
[build-sticker-candidates] chapter=06 pass=1 sticker=SL-06-002 step=download
[build-sticker-candidates] chapter=06 pass=1 sticker=SL-06-002 step=crop
[build-sticker-candidates] chapter=06 pass=1 sticker=SL-06-002 done chapter_downloaded=0 batch=0
[build-sticker-candidates] chapter=06 pass=1 sticker=SL-06-006 step=search processed=139 downloaded=2
[build-sticker-candidates] chapter=06 pass=1 sticker=SL-06-006 step=execute
[build-sticker-candidates] chapter=06 pass=1 sticker=SL-06-006 step=evaluate
[build-sticker-candidates] chapter=06 pass=1 sticker=SL-06-006 step=preflight
[build-sticker-candidates] chapter=06 pass=1 sticker=SL-06-006 step=download
[build-sticker-candidates] chapter=06 pass=1 sticker=SL-06-006 step=crop
[build-sticker-candidates] chapter=06 pass=1 sticker=SL-06-006 done chapter_downloaded=0 batch=0
[build-sticker-candidates] chapter=06 pass=1 sticker=SL-06-028 step=search processed=140 downloaded=2
[build-sticker-candidates] chapter=06 pass=1 sticker=SL-06-028 step=execute
[build-sticker-candidates] chapter=06 pass=1 sticker=SL-06-028 step=evaluate
[build-sticker-candidates] chapter=06 pass=1 sticker=SL-06-028 step=preflight
[build-sticker-candidates] chapter=06 pass=1 sticker=SL-06-028 step=download
[build-sticker-candidates] chapter=06 pass=1 sticker=SL-06-028 step=crop
[build-sticker-candidates] chapter=06 pass=1 sticker=SL-06-028 done chapter_downloaded=0 batch=0
[build-sticker-candidates] chapter=06 pass=2 sticker=SL-06-025 step=search processed=141 downloaded=2
[build-sticker-candidates] chapter=06 pass=2 sticker=SL-06-025 step=execute
[build-sticker-candidates] chapter=06 pass=2 sticker=SL-06-025 step=evaluate
[build-sticker-candidates] chapter=06 pass=2 sticker=SL-06-025 step=preflight
[build-sticker-candidates] chapter=06 pass=2 sticker=SL-06-025 step=download
[build-sticker-candidates] chapter=06 pass=2 sticker=SL-06-025 step=crop
[build-sticker-candidates] chapter=06 pass=2 sticker=SL-06-025 done chapter_downloaded=0 batch=0
[build-sticker-candidates] chapter=06 pass=2 sticker=SL-06-009 step=search processed=142 downloaded=2
[build-sticker-candidates] chapter=06 pass=2 sticker=SL-06-009 step=execute
[build-sticker-candidates] chapter=06 pass=2 sticker=SL-06-009 step=evaluate
[build-sticker-candidates] chapter=06 pass=2 sticker=SL-06-009 step=preflight
[build-sticker-candidates] chapter=06 pass=2 sticker=SL-06-009 step=download
[build-sticker-candidates] chapter=06 pass=2 sticker=SL-06-009 step=crop
[build-sticker-candidates] chapter=06 pass=2 sticker=SL-06-009 done chapter_downloaded=0 batch=0
[build-sticker-candidates] chapter=06 pass=2 sticker=SL-06-011 step=search processed=143 downloaded=2
[build-sticker-candidates] chapter=06 pass=2 sticker=SL-06-011 step=execute
[build-sticker-candidates] chapter=06 pass=2 sticker=SL-06-011 step=evaluate
[build-sticker-candidates] chapter=06 pass=2 sticker=SL-06-011 step=preflight
[build-sticker-candidates] chapter=06 pass=2 sticker=SL-06-011 step=download
[build-sticker-candidates] chapter=06 pass=2 sticker=SL-06-011 step=crop
[build-sticker-candidates] chapter=06 pass=2 sticker=SL-06-011 done chapter_downloaded=0 batch=0
[build-sticker-candidates] chapter=06 pass=2 sticker=SL-06-020 step=search processed=144 downloaded=2
[build-sticker-candidates] chapter=06 pass=2 sticker=SL-06-020 step=execute
[build-sticker-candidates] chapter=06 pass=2 sticker=SL-06-020 step=evaluate
[build-sticker-candidates] chapter=06 pass=2 sticker=SL-06-020 step=preflight
[build-sticker-candidates] chapter=06 pass=2 sticker=SL-06-020 step=download
[build-sticker-candidates] chapter=06 pass=2 sticker=SL-06-020 step=crop
[build-sticker-candidates] chapter=06 pass=2 sticker=SL-06-020 done chapter_downloaded=0 batch=0
[build-sticker-candidates] chapter=06 pass=2 sticker=SL-06-022 step=search processed=145 downloaded=2
[build-sticker-candidates] chapter=06 pass=2 sticker=SL-06-022 step=execute
[build-sticker-candidates] chapter=06 pass=2 sticker=SL-06-022 step=evaluate
[build-sticker-candidates] chapter=06 pass=2 sticker=SL-06-022 step=preflight
[build-sticker-candidates] chapter=06 pass=2 sticker=SL-06-022 step=download
[build-sticker-candidates] chapter=06 pass=2 sticker=SL-06-022 step=crop
[build-sticker-candidates] chapter=06 pass=2 sticker=SL-06-022 done chapter_downloaded=0 batch=0
[build-sticker-candidates] chapter=06 pass=2 sticker=SL-06-029 step=search processed=146 downloaded=2
[build-sticker-candidates] chapter=06 pass=2 sticker=SL-06-029 step=execute
[build-sticker-candidates] chapter=06 pass=2 sticker=SL-06-029 step=evaluate
[build-sticker-candidates] chapter=06 pass=2 sticker=SL-06-029 step=preflight
[build-sticker-candidates] chapter=06 pass=2 sticker=SL-06-029 step=download
[build-sticker-candidates] chapter=06 pass=2 sticker=SL-06-029 step=crop
[build-sticker-candidates] chapter=06 pass=2 sticker=SL-06-029 done chapter_downloaded=0 batch=0
[build-sticker-candidates] chapter=06 pass=2 sticker=SL-06-010 step=search processed=147 downloaded=2
[build-sticker-candidates] chapter=06 pass=2 sticker=SL-06-010 step=execute
[build-sticker-candidates] chapter=06 pass=2 sticker=SL-06-010 step=evaluate
[build-sticker-candidates] chapter=06 pass=2 sticker=SL-06-010 step=preflight
[build-sticker-candidates] chapter=06 pass=2 sticker=SL-06-010 step=download
[build-sticker-candidates] chapter=06 pass=2 sticker=SL-06-010 step=crop
[build-sticker-candidates] chapter=06 pass=2 sticker=SL-06-010 done chapter_downloaded=0 batch=0
[build-sticker-candidates] chapter=06 pass=2 sticker=SL-06-012 step=search processed=148 downloaded=2
[build-sticker-candidates] chapter=06 pass=2 sticker=SL-06-012 step=execute
[build-sticker-candidates] chapter=06 pass=2 sticker=SL-06-012 step=evaluate
[build-sticker-candidates] chapter=06 pass=2 sticker=SL-06-012 step=preflight
[build-sticker-candidates] chapter=06 pass=2 sticker=SL-06-012 step=download
[build-sticker-candidates] chapter=06 pass=2 sticker=SL-06-012 step=crop
[build-sticker-candidates] chapter=06 pass=2 sticker=SL-06-012 done chapter_downloaded=0 batch=0
[build-sticker-candidates] chapter=06 pass=2 sticker=SL-06-015 step=search processed=149 downloaded=2
[build-sticker-candidates] chapter=06 pass=2 sticker=SL-06-015 step=execute
[build-sticker-candidates] chapter=06 pass=2 sticker=SL-06-015 step=evaluate
[build-sticker-candidates] chapter=06 pass=2 sticker=SL-06-015 step=preflight
[build-sticker-candidates] chapter=06 pass=2 sticker=SL-06-015 step=download
[build-sticker-candidates] chapter=06 pass=2 sticker=SL-06-015 step=crop
[build-sticker-candidates] chapter=06 pass=2 sticker=SL-06-015 done chapter_downloaded=0 batch=0
[build-sticker-candidates] chapter=06 pass=2 sticker=SL-06-018 step=search processed=150 downloaded=2
[build-sticker-candidates] chapter=06 pass=2 sticker=SL-06-018 step=execute
[build-sticker-candidates] chapter=06 pass=2 sticker=SL-06-018 step=evaluate
[build-sticker-candidates] chapter=06 pass=2 sticker=SL-06-018 step=preflight
[build-sticker-candidates] chapter=06 pass=2 sticker=SL-06-018 step=download
[build-sticker-candidates] chapter=06 pass=2 sticker=SL-06-018 step=crop
[build-sticker-candidates] chapter=06 pass=2 sticker=SL-06-018 done chapter_downloaded=0 batch=0
[build-sticker-candidates] warning=no_download_progress_after_full_passes chapter=06 title=Los Matadores passes_completed=2 downloaded_total=0
[build-sticker-candidates] chapter=07 title=El regreso y Los Camboyanos target=10
[build-sticker-candidates] chapter=07 pass=1 sticker=SL-07-031 step=search processed=151 downloaded=2
[build-sticker-candidates] chapter=07 pass=1 sticker=SL-07-031 step=execute
[build-sticker-candidates] chapter=07 pass=1 sticker=SL-07-031 step=evaluate
[build-sticker-candidates] chapter=07 pass=1 sticker=SL-07-031 step=preflight
[build-sticker-candidates] chapter=07 pass=1 sticker=SL-07-031 step=download
[build-sticker-candidates] chapter=07 pass=1 sticker=SL-07-031 step=crop
[build-sticker-candidates] chapter=07 pass=1 sticker=SL-07-031 done chapter_downloaded=0 batch=0
[build-sticker-candidates] chapter=07 pass=1 sticker=SL-07-029 step=search processed=152 downloaded=2
[build-sticker-candidates] chapter=07 pass=1 sticker=SL-07-029 step=execute
[build-sticker-candidates] chapter=07 pass=1 sticker=SL-07-029 step=evaluate
[build-sticker-candidates] chapter=07 pass=1 sticker=SL-07-029 step=preflight
[build-sticker-candidates] chapter=07 pass=1 sticker=SL-07-029 step=download
[build-sticker-candidates] chapter=07 pass=1 sticker=SL-07-029 step=crop
[build-sticker-candidates] chapter=07 pass=1 sticker=SL-07-029 done chapter_downloaded=0 batch=0
[build-sticker-candidates] chapter=07 pass=1 sticker=SL-07-004 step=search processed=153 downloaded=2
[build-sticker-candidates] chapter=07 pass=1 sticker=SL-07-004 step=execute
[build-sticker-candidates] chapter=07 pass=1 sticker=SL-07-004 step=evaluate
[build-sticker-candidates] chapter=07 pass=1 sticker=SL-07-004 step=preflight
[build-sticker-candidates] chapter=07 pass=1 sticker=SL-07-004 step=download
[build-sticker-candidates] chapter=07 pass=1 sticker=SL-07-004 step=crop
[build-sticker-candidates] chapter=07 pass=1 sticker=SL-07-004 done chapter_downloaded=0 batch=0
[build-sticker-candidates] chapter=07 pass=1 sticker=SL-07-010 step=search processed=154 downloaded=2
[build-sticker-candidates] chapter=07 pass=1 sticker=SL-07-010 step=execute
[build-sticker-candidates] chapter=07 pass=1 sticker=SL-07-010 step=evaluate
[build-sticker-candidates] chapter=07 pass=1 sticker=SL-07-010 step=preflight
[build-sticker-candidates] chapter=07 pass=1 sticker=SL-07-010 step=download
[build-sticker-candidates] chapter=07 pass=1 sticker=SL-07-010 step=crop
[build-sticker-candidates] chapter=07 pass=1 sticker=SL-07-010 done chapter_downloaded=0 batch=0
[build-sticker-candidates] chapter=07 pass=1 sticker=SL-07-001 step=search processed=155 downloaded=2
[build-sticker-candidates] chapter=07 pass=1 sticker=SL-07-001 step=execute
[build-sticker-candidates] chapter=07 pass=1 sticker=SL-07-001 step=evaluate
[build-sticker-candidates] chapter=07 pass=1 sticker=SL-07-001 step=preflight
[build-sticker-candidates] chapter=07 pass=1 sticker=SL-07-001 step=download
[build-sticker-candidates] chapter=07 pass=1 sticker=SL-07-001 step=crop
[build-sticker-candidates] chapter=07 pass=1 sticker=SL-07-001 done chapter_downloaded=0 batch=0
[build-sticker-candidates] chapter=07 pass=1 sticker=SL-07-002 step=search processed=156 downloaded=2
[build-sticker-candidates] chapter=07 pass=1 sticker=SL-07-002 step=execute
[build-sticker-candidates] chapter=07 pass=1 sticker=SL-07-002 step=evaluate
[build-sticker-candidates] chapter=07 pass=1 sticker=SL-07-002 step=preflight
[build-sticker-candidates] chapter=07 pass=1 sticker=SL-07-002 step=download
[build-sticker-candidates] chapter=07 pass=1 sticker=SL-07-002 step=crop
[build-sticker-candidates] chapter=07 pass=1 sticker=SL-07-002 done chapter_downloaded=0 batch=0
[build-sticker-candidates] chapter=07 pass=1 sticker=SL-07-003 step=search processed=157 downloaded=2
[build-sticker-candidates] chapter=07 pass=1 sticker=SL-07-003 step=execute
[build-sticker-candidates] chapter=07 pass=1 sticker=SL-07-003 step=evaluate
[build-sticker-candidates] chapter=07 pass=1 sticker=SL-07-003 step=preflight
[build-sticker-candidates] chapter=07 pass=1 sticker=SL-07-003 step=download
[build-sticker-candidates] chapter=07 pass=1 sticker=SL-07-003 step=crop
[build-sticker-candidates] chapter=07 pass=1 sticker=SL-07-003 done chapter_downloaded=0 batch=0
[build-sticker-candidates] chapter=07 pass=1 sticker=SL-07-005 step=search processed=158 downloaded=2
[build-sticker-candidates] chapter=07 pass=1 sticker=SL-07-005 step=execute
[build-sticker-candidates] chapter=07 pass=1 sticker=SL-07-005 step=evaluate
[build-sticker-candidates] chapter=07 pass=1 sticker=SL-07-005 step=preflight
[build-sticker-candidates] chapter=07 pass=1 sticker=SL-07-005 step=download
[build-sticker-candidates] chapter=07 pass=1 sticker=SL-07-005 step=crop
[build-sticker-candidates] chapter=07 pass=1 sticker=SL-07-005 done chapter_downloaded=0 batch=0
[build-sticker-candidates] chapter=07 pass=1 sticker=SL-07-014 step=search processed=159 downloaded=2
[build-sticker-candidates] chapter=07 pass=1 sticker=SL-07-014 step=execute
[build-sticker-candidates] chapter=07 pass=1 sticker=SL-07-014 step=evaluate
[build-sticker-candidates] chapter=07 pass=1 sticker=SL-07-014 step=preflight
[build-sticker-candidates] chapter=07 pass=1 sticker=SL-07-014 step=download
[build-sticker-candidates] chapter=07 pass=1 sticker=SL-07-014 step=crop
[build-sticker-candidates] chapter=07 pass=1 sticker=SL-07-014 done chapter_downloaded=0 batch=0
[build-sticker-candidates] chapter=07 pass=1 sticker=SL-07-015 step=search processed=160 downloaded=2
[build-sticker-candidates] chapter=07 pass=1 sticker=SL-07-015 step=execute
[build-sticker-candidates] chapter=07 pass=1 sticker=SL-07-015 step=evaluate
[build-sticker-candidates] chapter=07 pass=1 sticker=SL-07-015 step=preflight
[build-sticker-candidates] chapter=07 pass=1 sticker=SL-07-015 step=download
[build-sticker-candidates] chapter=07 pass=1 sticker=SL-07-015 step=crop
[build-sticker-candidates] chapter=07 pass=1 sticker=SL-07-015 done chapter_downloaded=0 batch=0
[build-sticker-candidates] chapter=07 pass=2 sticker=SL-07-017 step=search processed=161 downloaded=2
[build-sticker-candidates] chapter=07 pass=2 sticker=SL-07-017 step=execute
[build-sticker-candidates] chapter=07 pass=2 sticker=SL-07-017 step=evaluate
[build-sticker-candidates] chapter=07 pass=2 sticker=SL-07-017 step=preflight
[build-sticker-candidates] chapter=07 pass=2 sticker=SL-07-017 step=download
[build-sticker-candidates] chapter=07 pass=2 sticker=SL-07-017 step=crop
[build-sticker-candidates] chapter=07 pass=2 sticker=SL-07-017 done chapter_downloaded=0 batch=0
[build-sticker-candidates] chapter=07 pass=2 sticker=SL-07-018 step=search processed=162 downloaded=2
[build-sticker-candidates] chapter=07 pass=2 sticker=SL-07-018 step=execute
[build-sticker-candidates] chapter=07 pass=2 sticker=SL-07-018 step=evaluate
[build-sticker-candidates] chapter=07 pass=2 sticker=SL-07-018 step=preflight
[build-sticker-candidates] chapter=07 pass=2 sticker=SL-07-018 step=download
[build-sticker-candidates] chapter=07 pass=2 sticker=SL-07-018 step=crop
[build-sticker-candidates] chapter=07 pass=2 sticker=SL-07-018 done chapter_downloaded=0 batch=0
[build-sticker-candidates] chapter=07 pass=2 sticker=SL-07-019 step=search processed=163 downloaded=2
[build-sticker-candidates] chapter=07 pass=2 sticker=SL-07-019 step=execute
[build-sticker-candidates] chapter=07 pass=2 sticker=SL-07-019 step=evaluate
[build-sticker-candidates] chapter=07 pass=2 sticker=SL-07-019 step=preflight
[build-sticker-candidates] chapter=07 pass=2 sticker=SL-07-019 step=download
[build-sticker-candidates] chapter=07 pass=2 sticker=SL-07-019 step=crop
[build-sticker-candidates] chapter=07 pass=2 sticker=SL-07-019 done chapter_downloaded=0 batch=0
[build-sticker-candidates] chapter=07 pass=2 sticker=SL-07-020 step=search processed=164 downloaded=2
[build-sticker-candidates] chapter=07 pass=2 sticker=SL-07-020 step=execute
[build-sticker-candidates] chapter=07 pass=2 sticker=SL-07-020 step=evaluate
[build-sticker-candidates] chapter=07 pass=2 sticker=SL-07-020 step=preflight
[build-sticker-candidates] chapter=07 pass=2 sticker=SL-07-020 step=download
[build-sticker-candidates] chapter=07 pass=2 sticker=SL-07-020 step=crop
[build-sticker-candidates] chapter=07 pass=2 sticker=SL-07-020 done chapter_downloaded=0 batch=0
[build-sticker-candidates] chapter=07 pass=2 sticker=SL-07-021 step=search processed=165 downloaded=2
[build-sticker-candidates] chapter=07 pass=2 sticker=SL-07-021 step=execute
[build-sticker-candidates] chapter=07 pass=2 sticker=SL-07-021 step=evaluate
[build-sticker-candidates] chapter=07 pass=2 sticker=SL-07-021 step=preflight
[build-sticker-candidates] chapter=07 pass=2 sticker=SL-07-021 step=download
[build-sticker-candidates] chapter=07 pass=2 sticker=SL-07-021 step=crop
[build-sticker-candidates] chapter=07 pass=2 sticker=SL-07-021 done chapter_downloaded=0 batch=0
[build-sticker-candidates] chapter=07 pass=2 sticker=SL-07-022 step=search processed=166 downloaded=2
[build-sticker-candidates] chapter=07 pass=2 sticker=SL-07-022 step=execute
[build-sticker-candidates] chapter=07 pass=2 sticker=SL-07-022 step=evaluate
[build-sticker-candidates] chapter=07 pass=2 sticker=SL-07-022 step=preflight
[build-sticker-candidates] chapter=07 pass=2 sticker=SL-07-022 step=download
[build-sticker-candidates] chapter=07 pass=2 sticker=SL-07-022 step=crop
[build-sticker-candidates] chapter=07 pass=2 sticker=SL-07-022 done chapter_downloaded=0 batch=0
[build-sticker-candidates] chapter=07 pass=2 sticker=SL-07-025 step=search processed=167 downloaded=2
[build-sticker-candidates] chapter=07 pass=2 sticker=SL-07-025 step=execute
[build-sticker-candidates] chapter=07 pass=2 sticker=SL-07-025 step=evaluate
[build-sticker-candidates] chapter=07 pass=2 sticker=SL-07-025 step=preflight
[build-sticker-candidates] chapter=07 pass=2 sticker=SL-07-025 step=download
[build-sticker-candidates] chapter=07 pass=2 sticker=SL-07-025 step=crop
[build-sticker-candidates] chapter=07 pass=2 sticker=SL-07-025 done chapter_downloaded=0 batch=0
[build-sticker-candidates] chapter=07 pass=2 sticker=SL-07-027 step=search processed=168 downloaded=2
[build-sticker-candidates] chapter=07 pass=2 sticker=SL-07-027 step=execute
[build-sticker-candidates] chapter=07 pass=2 sticker=SL-07-027 step=evaluate
[build-sticker-candidates] chapter=07 pass=2 sticker=SL-07-027 step=preflight
[build-sticker-candidates] chapter=07 pass=2 sticker=SL-07-027 step=download
[build-sticker-candidates] chapter=07 pass=2 sticker=SL-07-027 step=crop
[build-sticker-candidates] chapter=07 pass=2 sticker=SL-07-027 done chapter_downloaded=0 batch=0
[build-sticker-candidates] chapter=07 pass=2 sticker=SL-07-028 step=search processed=169 downloaded=2
[build-sticker-candidates] chapter=07 pass=2 sticker=SL-07-028 step=execute
[build-sticker-candidates] chapter=07 pass=2 sticker=SL-07-028 step=evaluate
[build-sticker-candidates] chapter=07 pass=2 sticker=SL-07-028 step=preflight
[build-sticker-candidates] chapter=07 pass=2 sticker=SL-07-028 step=download
[build-sticker-candidates] chapter=07 pass=2 sticker=SL-07-028 step=crop
[build-sticker-candidates] chapter=07 pass=2 sticker=SL-07-028 done chapter_downloaded=0 batch=0
[build-sticker-candidates] chapter=07 pass=2 sticker=SL-07-030 step=search processed=170 downloaded=2
[build-sticker-candidates] chapter=07 pass=2 sticker=SL-07-030 step=execute
[build-sticker-candidates] chapter=07 pass=2 sticker=SL-07-030 step=evaluate
[build-sticker-candidates] chapter=07 pass=2 sticker=SL-07-030 step=preflight
[build-sticker-candidates] chapter=07 pass=2 sticker=SL-07-030 step=download
[build-sticker-candidates] chapter=07 pass=2 sticker=SL-07-030 step=crop
[build-sticker-candidates] chapter=07 pass=2 sticker=SL-07-030 done chapter_downloaded=0 batch=0
[build-sticker-candidates] warning=no_download_progress_after_full_passes chapter=07 title=El regreso y Los Camboyanos passes_completed=2 downloaded_total=0
[build-sticker-candidates] chapter=08 title=El campeón del 95 target=10
[build-sticker-candidates] chapter=08 pass=1 sticker=SL-08-005 step=search processed=171 downloaded=2
[build-sticker-candidates] chapter=08 pass=1 sticker=SL-08-005 step=execute
[build-sticker-candidates] chapter=08 pass=1 sticker=SL-08-005 step=evaluate
[build-sticker-candidates] chapter=08 pass=1 sticker=SL-08-005 step=preflight
[build-sticker-candidates] chapter=08 pass=1 sticker=SL-08-005 step=download
[build-sticker-candidates] chapter=08 pass=1 sticker=SL-08-005 step=crop
[build-sticker-candidates] chapter=08 pass=1 sticker=SL-08-005 done chapter_downloaded=0 batch=0
[build-sticker-candidates] chapter=08 pass=1 sticker=SL-08-007 step=search processed=172 downloaded=2
[build-sticker-candidates] chapter=08 pass=1 sticker=SL-08-007 step=execute
[build-sticker-candidates] chapter=08 pass=1 sticker=SL-08-007 step=evaluate
[build-sticker-candidates] chapter=08 pass=1 sticker=SL-08-007 step=preflight
[build-sticker-candidates] chapter=08 pass=1 sticker=SL-08-007 step=download
[build-sticker-candidates] chapter=08 pass=1 sticker=SL-08-007 step=crop
[build-sticker-candidates] chapter=08 pass=1 sticker=SL-08-007 done chapter_downloaded=0 batch=0
[build-sticker-candidates] chapter=08 pass=1 sticker=SL-08-002 step=search processed=173 downloaded=2
[build-sticker-candidates] chapter=08 pass=1 sticker=SL-08-002 step=execute
[build-sticker-candidates] chapter=08 pass=1 sticker=SL-08-002 step=evaluate
[build-sticker-candidates] chapter=08 pass=1 sticker=SL-08-002 step=preflight
[build-sticker-candidates] chapter=08 pass=1 sticker=SL-08-002 step=download
[build-sticker-candidates] chapter=08 pass=1 sticker=SL-08-002 step=crop
[build-sticker-candidates] chapter=08 pass=1 sticker=SL-08-002 done chapter_downloaded=0 batch=0
[build-sticker-candidates] chapter=08 pass=1 sticker=SL-08-008 step=search processed=174 downloaded=2
[build-sticker-candidates] chapter=08 pass=1 sticker=SL-08-008 step=execute
[build-sticker-candidates] chapter=08 pass=1 sticker=SL-08-008 step=evaluate
[build-sticker-candidates] chapter=08 pass=1 sticker=SL-08-008 step=preflight
[build-sticker-candidates] chapter=08 pass=1 sticker=SL-08-008 step=download
[build-sticker-candidates] chapter=08 pass=1 sticker=SL-08-008 step=crop
[build-sticker-candidates] chapter=08 pass=1 sticker=SL-08-008 done chapter_downloaded=0 batch=0
[build-sticker-candidates] chapter=08 pass=1 sticker=SL-08-014 step=search processed=175 downloaded=2
[build-sticker-candidates] chapter=08 pass=1 sticker=SL-08-014 step=execute
[build-sticker-candidates] chapter=08 pass=1 sticker=SL-08-014 step=evaluate
[build-sticker-candidates] chapter=08 pass=1 sticker=SL-08-014 step=preflight
[build-sticker-candidates] chapter=08 pass=1 sticker=SL-08-014 step=download
[build-sticker-candidates] chapter=08 pass=1 sticker=SL-08-014 step=crop
[build-sticker-candidates] chapter=08 pass=1 sticker=SL-08-014 done chapter_downloaded=0 batch=0
[build-sticker-candidates] chapter=08 pass=1 sticker=SL-08-010 step=search processed=176 downloaded=2
[build-sticker-candidates] chapter=08 pass=1 sticker=SL-08-010 step=execute
[build-sticker-candidates] chapter=08 pass=1 sticker=SL-08-010 step=evaluate
[build-sticker-candidates] chapter=08 pass=1 sticker=SL-08-010 step=preflight
[build-sticker-candidates] chapter=08 pass=1 sticker=SL-08-010 step=download
[build-sticker-candidates] chapter=08 pass=1 sticker=SL-08-010 step=crop
[build-sticker-candidates] chapter=08 pass=1 sticker=SL-08-010 done chapter_downloaded=0 batch=0
[build-sticker-candidates] chapter=08 pass=1 sticker=SL-08-030 step=search processed=177 downloaded=2
[build-sticker-candidates] chapter=08 pass=1 sticker=SL-08-030 step=execute
[build-sticker-candidates] chapter=08 pass=1 sticker=SL-08-030 step=evaluate
[build-sticker-candidates] chapter=08 pass=1 sticker=SL-08-030 step=preflight
[build-sticker-candidates] chapter=08 pass=1 sticker=SL-08-030 step=download
[build-sticker-candidates] chapter=08 pass=1 sticker=SL-08-030 step=crop
[build-sticker-candidates] chapter=08 pass=1 sticker=SL-08-030 done chapter_downloaded=0 batch=0
[build-sticker-candidates] chapter=08 pass=1 sticker=SL-08-017 step=search processed=178 downloaded=2
[build-sticker-candidates] chapter=08 pass=1 sticker=SL-08-017 step=execute
[build-sticker-candidates] chapter=08 pass=1 sticker=SL-08-017 step=evaluate
[build-sticker-candidates] chapter=08 pass=1 sticker=SL-08-017 step=preflight
[build-sticker-candidates] chapter=08 pass=1 sticker=SL-08-017 step=download
[build-sticker-candidates] chapter=08 pass=1 sticker=SL-08-017 step=crop
[build-sticker-candidates] chapter=08 pass=1 sticker=SL-08-017 done chapter_downloaded=0 batch=0
[build-sticker-candidates] chapter=08 pass=1 sticker=SL-08-025 step=search processed=179 downloaded=2
[build-sticker-candidates] chapter=08 pass=1 sticker=SL-08-025 step=execute
[build-sticker-candidates] chapter=08 pass=1 sticker=SL-08-025 step=evaluate
[build-sticker-candidates] chapter=08 pass=1 sticker=SL-08-025 step=preflight
[build-sticker-candidates] chapter=08 pass=1 sticker=SL-08-025 step=download
[build-sticker-candidates] chapter=08 pass=1 sticker=SL-08-025 step=crop
[build-sticker-candidates] chapter=08 pass=1 sticker=SL-08-025 done chapter_downloaded=0 batch=0
[build-sticker-candidates] chapter=08 pass=1 sticker=SL-08-028 step=search processed=180 downloaded=2
[build-sticker-candidates] chapter=08 pass=1 sticker=SL-08-028 step=execute
[build-sticker-candidates] chapter=08 pass=1 sticker=SL-08-028 step=evaluate
[build-sticker-candidates] chapter=08 pass=1 sticker=SL-08-028 step=preflight
[build-sticker-candidates] chapter=08 pass=1 sticker=SL-08-028 step=download
[build-sticker-candidates] chapter=08 pass=1 sticker=SL-08-028 step=crop
[build-sticker-candidates] chapter=08 pass=1 sticker=SL-08-028 done chapter_downloaded=0 batch=0
[build-sticker-candidates] chapter=08 pass=2 sticker=SL-08-002 step=search processed=181 downloaded=2
[build-sticker-candidates] chapter=08 pass=2 sticker=SL-08-002 step=execute
[build-sticker-candidates] chapter=08 pass=2 sticker=SL-08-002 step=evaluate
[build-sticker-candidates] chapter=08 pass=2 sticker=SL-08-002 step=preflight
[build-sticker-candidates] chapter=08 pass=2 sticker=SL-08-002 step=download
[build-sticker-candidates] chapter=08 pass=2 sticker=SL-08-002 step=crop
[build-sticker-candidates] chapter=08 pass=2 sticker=SL-08-002 done chapter_downloaded=0 batch=0
[build-sticker-candidates] chapter=08 pass=2 sticker=SL-08-019 step=search processed=182 downloaded=2
[build-sticker-candidates] chapter=08 pass=2 sticker=SL-08-019 step=execute
[build-sticker-candidates] chapter=08 pass=2 sticker=SL-08-019 step=evaluate
[build-sticker-candidates] chapter=08 pass=2 sticker=SL-08-019 step=preflight
[build-sticker-candidates] chapter=08 pass=2 sticker=SL-08-019 step=download
[build-sticker-candidates] chapter=08 pass=2 sticker=SL-08-019 step=crop
[build-sticker-candidates] chapter=08 pass=2 sticker=SL-08-019 done chapter_downloaded=0 batch=0
[build-sticker-candidates] chapter=08 pass=2 sticker=SL-08-020 step=search processed=183 downloaded=2
[build-sticker-candidates] chapter=08 pass=2 sticker=SL-08-020 step=execute
[build-sticker-candidates] chapter=08 pass=2 sticker=SL-08-020 step=evaluate
[build-sticker-candidates] chapter=08 pass=2 sticker=SL-08-020 step=preflight
[build-sticker-candidates] chapter=08 pass=2 sticker=SL-08-020 step=download
[build-sticker-candidates] chapter=08 pass=2 sticker=SL-08-020 step=crop
[build-sticker-candidates] chapter=08 pass=2 sticker=SL-08-020 done chapter_downloaded=0 batch=0
[build-sticker-candidates] chapter=08 pass=2 sticker=SL-08-021 step=search processed=184 downloaded=2
[build-sticker-candidates] chapter=08 pass=2 sticker=SL-08-021 step=execute
[build-sticker-candidates] chapter=08 pass=2 sticker=SL-08-021 step=evaluate
[build-sticker-candidates] chapter=08 pass=2 sticker=SL-08-021 step=preflight
[build-sticker-candidates] chapter=08 pass=2 sticker=SL-08-021 step=download
[build-sticker-candidates] chapter=08 pass=2 sticker=SL-08-021 step=crop
[build-sticker-candidates] chapter=08 pass=2 sticker=SL-08-021 done chapter_downloaded=0 batch=0
[build-sticker-candidates] chapter=08 pass=2 sticker=SL-08-022 step=search processed=185 downloaded=2
[build-sticker-candidates] chapter=08 pass=2 sticker=SL-08-022 step=execute
[build-sticker-candidates] chapter=08 pass=2 sticker=SL-08-022 step=evaluate
[build-sticker-candidates] chapter=08 pass=2 sticker=SL-08-022 step=preflight
[build-sticker-candidates] chapter=08 pass=2 sticker=SL-08-022 step=download
[build-sticker-candidates] chapter=08 pass=2 sticker=SL-08-022 step=crop
[build-sticker-candidates] chapter=08 pass=2 sticker=SL-08-022 done chapter_downloaded=0 batch=0
[build-sticker-candidates] chapter=08 pass=2 sticker=SL-08-023 step=search processed=186 downloaded=2
[build-sticker-candidates] chapter=08 pass=2 sticker=SL-08-023 step=execute
[build-sticker-candidates] chapter=08 pass=2 sticker=SL-08-023 step=evaluate
[build-sticker-candidates] chapter=08 pass=2 sticker=SL-08-023 step=preflight
[build-sticker-candidates] chapter=08 pass=2 sticker=SL-08-023 step=download
[build-sticker-candidates] chapter=08 pass=2 sticker=SL-08-023 step=crop
[build-sticker-candidates] chapter=08 pass=2 sticker=SL-08-023 done chapter_downloaded=0 batch=0
[build-sticker-candidates] chapter=08 pass=2 sticker=SL-08-024 step=search processed=187 downloaded=2
[build-sticker-candidates] chapter=08 pass=2 sticker=SL-08-024 step=execute
[build-sticker-candidates] chapter=08 pass=2 sticker=SL-08-024 step=evaluate
[build-sticker-candidates] chapter=08 pass=2 sticker=SL-08-024 step=preflight
[build-sticker-candidates] chapter=08 pass=2 sticker=SL-08-024 step=download
[build-sticker-candidates] chapter=08 pass=2 sticker=SL-08-024 step=crop
[build-sticker-candidates] chapter=08 pass=2 sticker=SL-08-024 done chapter_downloaded=0 batch=0
[build-sticker-candidates] chapter=08 pass=2 sticker=SL-08-027 step=search processed=188 downloaded=2
[build-sticker-candidates] chapter=08 pass=2 sticker=SL-08-027 step=execute
[build-sticker-candidates] chapter=08 pass=2 sticker=SL-08-027 step=evaluate
[build-sticker-candidates] chapter=08 pass=2 sticker=SL-08-027 step=preflight
[build-sticker-candidates] chapter=08 pass=2 sticker=SL-08-027 step=download
[build-sticker-candidates] chapter=08 pass=2 sticker=SL-08-027 step=crop
[build-sticker-candidates] chapter=08 pass=2 sticker=SL-08-027 done chapter_downloaded=0 batch=0
[build-sticker-candidates] chapter=08 pass=2 sticker=SL-08-029 step=search processed=189 downloaded=2
[build-sticker-candidates] chapter=08 pass=2 sticker=SL-08-029 step=execute
[build-sticker-candidates] chapter=08 pass=2 sticker=SL-08-029 step=evaluate
[build-sticker-candidates] chapter=08 pass=2 sticker=SL-08-029 step=preflight
[build-sticker-candidates] chapter=08 pass=2 sticker=SL-08-029 step=download
[build-sticker-candidates] chapter=08 pass=2 sticker=SL-08-029 step=crop
[build-sticker-candidates] chapter=08 pass=2 sticker=SL-08-029 done chapter_downloaded=0 batch=0
[build-sticker-candidates] chapter=08 pass=2 sticker=SL-08-003 step=search processed=190 downloaded=2
[build-sticker-candidates] chapter=08 pass=2 sticker=SL-08-003 step=execute
[build-sticker-candidates] chapter=08 pass=2 sticker=SL-08-003 step=evaluate
[build-sticker-candidates] chapter=08 pass=2 sticker=SL-08-003 step=preflight
[build-sticker-candidates] chapter=08 pass=2 sticker=SL-08-003 step=download
[build-sticker-candidates] chapter=08 pass=2 sticker=SL-08-003 step=crop
[build-sticker-candidates] chapter=08 pass=2 sticker=SL-08-003 done chapter_downloaded=0 batch=0
[build-sticker-candidates] warning=no_download_progress_after_full_passes chapter=08 title=El campeón del 95 passes_completed=2 downloaded_total=0
[build-sticker-candidates] chapter=09 title=El equipo récord 2001 target=10
[build-sticker-candidates] chapter=09 pass=1 sticker=SL-09-017 step=search processed=191 downloaded=2
[build-sticker-candidates] chapter=09 pass=1 sticker=SL-09-017 step=execute
[build-sticker-candidates] chapter=09 pass=1 sticker=SL-09-017 step=evaluate
[build-sticker-candidates] chapter=09 pass=1 sticker=SL-09-017 step=preflight
[build-sticker-candidates] chapter=09 pass=1 sticker=SL-09-017 step=download
[build-sticker-candidates] chapter=09 pass=1 sticker=SL-09-017 step=crop
[build-sticker-candidates] chapter=09 pass=1 sticker=SL-09-017 done chapter_downloaded=1 batch=1
[build-sticker-candidates] chapter=09 pass=1 sticker=SL-09-016 step=search processed=192 downloaded=3
[build-sticker-candidates] chapter=09 pass=1 sticker=SL-09-016 step=execute
[build-sticker-candidates] chapter=09 pass=1 sticker=SL-09-016 step=evaluate
[build-sticker-candidates] chapter=09 pass=1 sticker=SL-09-016 step=preflight
[build-sticker-candidates] chapter=09 pass=1 sticker=SL-09-016 step=download
[build-sticker-candidates] chapter=09 pass=1 sticker=SL-09-016 step=crop
[build-sticker-candidates] chapter=09 pass=1 sticker=SL-09-016 done chapter_downloaded=1 batch=0
[build-sticker-candidates] chapter=09 pass=1 sticker=SL-09-002 step=search processed=193 downloaded=3
[build-sticker-candidates] chapter=09 pass=1 sticker=SL-09-002 step=execute
[build-sticker-candidates] chapter=09 pass=1 sticker=SL-09-002 step=evaluate
[build-sticker-candidates] chapter=09 pass=1 sticker=SL-09-002 step=preflight
[build-sticker-candidates] chapter=09 pass=1 sticker=SL-09-002 step=download
[build-sticker-candidates] chapter=09 pass=1 sticker=SL-09-002 step=crop
[build-sticker-candidates] chapter=09 pass=1 sticker=SL-09-002 done chapter_downloaded=1 batch=0
[build-sticker-candidates] chapter=09 pass=1 sticker=SL-09-030 step=search processed=194 downloaded=3
[build-sticker-candidates] chapter=09 pass=1 sticker=SL-09-030 step=execute
[build-sticker-candidates] chapter=09 pass=1 sticker=SL-09-030 step=evaluate
[build-sticker-candidates] chapter=09 pass=1 sticker=SL-09-030 step=preflight
[build-sticker-candidates] chapter=09 pass=1 sticker=SL-09-030 step=download
[build-sticker-candidates] chapter=09 pass=1 sticker=SL-09-030 step=crop
[build-sticker-candidates] chapter=09 pass=1 sticker=SL-09-030 done chapter_downloaded=1 batch=0
[build-sticker-candidates] chapter=09 pass=1 sticker=SL-09-008 step=search processed=195 downloaded=3
[build-sticker-candidates] chapter=09 pass=1 sticker=SL-09-008 step=execute
[build-sticker-candidates] chapter=09 pass=1 sticker=SL-09-008 step=evaluate
[build-sticker-candidates] chapter=09 pass=1 sticker=SL-09-008 step=preflight
[build-sticker-candidates] chapter=09 pass=1 sticker=SL-09-008 step=download
[build-sticker-candidates] chapter=09 pass=1 sticker=SL-09-008 step=crop
[build-sticker-candidates] chapter=09 pass=1 sticker=SL-09-008 done chapter_downloaded=1 batch=0
[build-sticker-candidates] chapter=09 pass=1 sticker=SL-09-007 step=search processed=196 downloaded=3
[build-sticker-candidates] chapter=09 pass=1 sticker=SL-09-007 step=execute
[build-sticker-candidates] chapter=09 pass=1 sticker=SL-09-007 step=evaluate
[build-sticker-candidates] chapter=09 pass=1 sticker=SL-09-007 step=preflight
[build-sticker-candidates] chapter=09 pass=1 sticker=SL-09-007 step=download
[build-sticker-candidates] chapter=09 pass=1 sticker=SL-09-007 step=crop
[build-sticker-candidates] chapter=09 pass=1 sticker=SL-09-007 done chapter_downloaded=1 batch=0
[build-sticker-candidates] chapter=09 pass=1 sticker=SL-09-028 step=search processed=197 downloaded=3
[build-sticker-candidates] chapter=09 pass=1 sticker=SL-09-028 step=execute
[build-sticker-candidates] chapter=09 pass=1 sticker=SL-09-028 step=evaluate
[build-sticker-candidates] chapter=09 pass=1 sticker=SL-09-028 step=preflight
[build-sticker-candidates] chapter=09 pass=1 sticker=SL-09-028 step=download
[build-sticker-candidates] chapter=09 pass=1 sticker=SL-09-028 step=crop
[build-sticker-candidates] chapter=09 pass=1 sticker=SL-09-028 done chapter_downloaded=1 batch=0
[build-sticker-candidates] chapter=09 pass=1 sticker=SL-09-003 step=search processed=198 downloaded=3
[build-sticker-candidates] chapter=09 pass=1 sticker=SL-09-003 step=execute
[build-sticker-candidates] chapter=09 pass=1 sticker=SL-09-003 step=evaluate
[build-sticker-candidates] chapter=09 pass=1 sticker=SL-09-003 step=preflight
[build-sticker-candidates] chapter=09 pass=1 sticker=SL-09-003 step=download
[build-sticker-candidates] chapter=09 pass=1 sticker=SL-09-003 step=crop
[build-sticker-candidates] chapter=09 pass=1 sticker=SL-09-003 done chapter_downloaded=1 batch=0
[build-sticker-candidates] chapter=09 pass=1 sticker=SL-09-020 step=search processed=199 downloaded=3
[build-sticker-candidates] chapter=09 pass=1 sticker=SL-09-020 step=execute
[build-sticker-candidates] chapter=09 pass=1 sticker=SL-09-020 step=evaluate
[build-sticker-candidates] chapter=09 pass=1 sticker=SL-09-020 step=preflight
[build-sticker-candidates] chapter=09 pass=1 sticker=SL-09-020 step=download
[build-sticker-candidates] chapter=09 pass=1 sticker=SL-09-020 step=crop
[build-sticker-candidates] chapter=09 pass=1 sticker=SL-09-020 done chapter_downloaded=1 batch=0
[build-sticker-candidates] chapter=09 pass=1 sticker=SL-09-022 step=search processed=200 downloaded=3
[build-sticker-candidates] chapter=09 pass=1 sticker=SL-09-022 step=execute
[build-sticker-candidates] chapter=09 pass=1 sticker=SL-09-022 step=evaluate
[build-sticker-candidates] chapter=09 pass=1 sticker=SL-09-022 step=preflight
[build-sticker-candidates] chapter=09 pass=1 sticker=SL-09-022 step=download
[build-sticker-candidates] chapter=09 pass=1 sticker=SL-09-022 step=crop
[build-sticker-candidates] chapter=09 pass=1 sticker=SL-09-022 done chapter_downloaded=1 batch=0
[build-sticker-candidates] chapter=09 pass=2 sticker=SL-09-017 step=search processed=201 downloaded=3
[build-sticker-candidates] chapter=09 pass=2 sticker=SL-09-017 step=execute
[build-sticker-candidates] chapter=09 pass=2 sticker=SL-09-017 step=evaluate
[build-sticker-candidates] chapter=09 pass=2 sticker=SL-09-017 step=preflight
[build-sticker-candidates] chapter=09 pass=2 sticker=SL-09-017 step=download
[build-sticker-candidates] chapter=09 pass=2 sticker=SL-09-017 step=crop
[build-sticker-candidates] chapter=09 pass=2 sticker=SL-09-017 done chapter_downloaded=1 batch=0
[build-sticker-candidates] chapter=09 pass=2 sticker=SL-09-023 step=search processed=202 downloaded=3
[build-sticker-candidates] chapter=09 pass=2 sticker=SL-09-023 step=execute
[build-sticker-candidates] chapter=09 pass=2 sticker=SL-09-023 step=evaluate
[build-sticker-candidates] chapter=09 pass=2 sticker=SL-09-023 step=preflight
[build-sticker-candidates] chapter=09 pass=2 sticker=SL-09-023 step=download
[build-sticker-candidates] chapter=09 pass=2 sticker=SL-09-023 step=crop
[build-sticker-candidates] chapter=09 pass=2 sticker=SL-09-023 done chapter_downloaded=1 batch=0
[build-sticker-candidates] chapter=09 pass=2 sticker=SL-09-010 step=search processed=203 downloaded=3
[build-sticker-candidates] chapter=09 pass=2 sticker=SL-09-010 step=execute
[build-sticker-candidates] chapter=09 pass=2 sticker=SL-09-010 step=evaluate
[build-sticker-candidates] chapter=09 pass=2 sticker=SL-09-010 step=preflight
[build-sticker-candidates] chapter=09 pass=2 sticker=SL-09-010 step=download
[build-sticker-candidates] chapter=09 pass=2 sticker=SL-09-010 step=crop
[build-sticker-candidates] chapter=09 pass=2 sticker=SL-09-010 done chapter_downloaded=1 batch=0
[build-sticker-candidates] chapter=09 pass=2 sticker=SL-09-013 step=search processed=204 downloaded=3
[build-sticker-candidates] chapter=09 pass=2 sticker=SL-09-013 step=execute
[build-sticker-candidates] chapter=09 pass=2 sticker=SL-09-013 step=evaluate
[build-sticker-candidates] chapter=09 pass=2 sticker=SL-09-013 step=preflight
[build-sticker-candidates] chapter=09 pass=2 sticker=SL-09-013 step=download
[build-sticker-candidates] chapter=09 pass=2 sticker=SL-09-013 step=crop
[build-sticker-candidates] chapter=09 pass=2 sticker=SL-09-013 done chapter_downloaded=1 batch=0
[build-sticker-candidates] chapter=09 pass=2 sticker=SL-09-019 step=search processed=205 downloaded=3
[build-sticker-candidates] chapter=09 pass=2 sticker=SL-09-019 step=execute
[build-sticker-candidates] chapter=09 pass=2 sticker=SL-09-019 step=evaluate
[build-sticker-candidates] chapter=09 pass=2 sticker=SL-09-019 step=preflight
[build-sticker-candidates] chapter=09 pass=2 sticker=SL-09-019 step=download
[build-sticker-candidates] chapter=09 pass=2 sticker=SL-09-019 step=crop
[build-sticker-candidates] chapter=09 pass=2 sticker=SL-09-019 done chapter_downloaded=1 batch=0
[build-sticker-candidates] chapter=09 pass=2 sticker=SL-09-021 step=search processed=206 downloaded=3
[build-sticker-candidates] chapter=09 pass=2 sticker=SL-09-021 step=execute
[build-sticker-candidates] chapter=09 pass=2 sticker=SL-09-021 step=evaluate
[build-sticker-candidates] chapter=09 pass=2 sticker=SL-09-021 step=preflight
[build-sticker-candidates] chapter=09 pass=2 sticker=SL-09-021 step=download
[build-sticker-candidates] chapter=09 pass=2 sticker=SL-09-021 step=crop
[build-sticker-candidates] chapter=09 pass=2 sticker=SL-09-021 done chapter_downloaded=1 batch=0
[build-sticker-candidates] chapter=09 pass=2 sticker=SL-09-025 step=search processed=207 downloaded=3
[build-sticker-candidates] chapter=09 pass=2 sticker=SL-09-025 step=execute
[build-sticker-candidates] chapter=09 pass=2 sticker=SL-09-025 step=evaluate
[build-sticker-candidates] chapter=09 pass=2 sticker=SL-09-025 step=preflight
[build-sticker-candidates] chapter=09 pass=2 sticker=SL-09-025 step=download
[build-sticker-candidates] chapter=09 pass=2 sticker=SL-09-025 step=crop
[build-sticker-candidates] chapter=09 pass=2 sticker=SL-09-025 done chapter_downloaded=1 batch=0
[build-sticker-candidates] chapter=09 pass=2 sticker=SL-09-026 step=search processed=208 downloaded=3
[build-sticker-candidates] chapter=09 pass=2 sticker=SL-09-026 step=execute
[build-sticker-candidates] chapter=09 pass=2 sticker=SL-09-026 step=evaluate
[build-sticker-candidates] chapter=09 pass=2 sticker=SL-09-026 step=preflight
[build-sticker-candidates] chapter=09 pass=2 sticker=SL-09-026 step=download
[build-sticker-candidates] chapter=09 pass=2 sticker=SL-09-026 step=crop
[build-sticker-candidates] chapter=09 pass=2 sticker=SL-09-026 done chapter_downloaded=1 batch=0
[build-sticker-candidates] chapter=09 pass=2 sticker=SL-09-027 step=search processed=209 downloaded=3
[build-sticker-candidates] chapter=09 pass=2 sticker=SL-09-027 step=execute
[build-sticker-candidates] chapter=09 pass=2 sticker=SL-09-027 step=evaluate
[build-sticker-candidates] chapter=09 pass=2 sticker=SL-09-027 step=preflight
[build-sticker-candidates] chapter=09 pass=2 sticker=SL-09-027 step=download
[build-sticker-candidates] chapter=09 pass=2 sticker=SL-09-027 step=crop
[build-sticker-candidates] chapter=09 pass=2 sticker=SL-09-027 done chapter_downloaded=1 batch=0
[build-sticker-candidates] chapter=09 pass=2 sticker=SL-09-029 step=search processed=210 downloaded=3
[build-sticker-candidates] chapter=09 pass=2 sticker=SL-09-029 step=execute
[build-sticker-candidates] chapter=09 pass=2 sticker=SL-09-029 step=evaluate
[build-sticker-candidates] chapter=09 pass=2 sticker=SL-09-029 step=preflight
[build-sticker-candidates] chapter=09 pass=2 sticker=SL-09-029 step=download
[build-sticker-candidates] chapter=09 pass=2 sticker=SL-09-029 step=crop
[build-sticker-candidates] chapter=09 pass=2 sticker=SL-09-029 done chapter_downloaded=1 batch=0
[build-sticker-candidates] chapter=09 pass=3 sticker=SL-09-016 step=search processed=211 downloaded=3
[build-sticker-candidates] chapter=09 pass=3 sticker=SL-09-016 step=execute
[build-sticker-candidates] chapter=09 pass=3 sticker=SL-09-016 step=evaluate
[build-sticker-candidates] chapter=09 pass=3 sticker=SL-09-016 step=preflight
[build-sticker-candidates] chapter=09 pass=3 sticker=SL-09-016 step=download
[build-sticker-candidates] chapter=09 pass=3 sticker=SL-09-016 step=crop
[build-sticker-candidates] chapter=09 pass=3 sticker=SL-09-016 done chapter_downloaded=1 batch=0
[build-sticker-candidates] chapter=09 pass=3 sticker=SL-09-002 step=search processed=212 downloaded=3
[build-sticker-candidates] chapter=09 pass=3 sticker=SL-09-002 step=execute
[build-sticker-candidates] chapter=09 pass=3 sticker=SL-09-002 step=evaluate
[build-sticker-candidates] chapter=09 pass=3 sticker=SL-09-002 step=preflight
[build-sticker-candidates] chapter=09 pass=3 sticker=SL-09-002 step=download
[build-sticker-candidates] chapter=09 pass=3 sticker=SL-09-002 step=crop
[build-sticker-candidates] chapter=09 pass=3 sticker=SL-09-002 done chapter_downloaded=1 batch=0
[build-sticker-candidates] chapter=09 pass=3 sticker=SL-09-030 step=search processed=213 downloaded=3
[build-sticker-candidates] chapter=09 pass=3 sticker=SL-09-030 step=execute
[build-sticker-candidates] chapter=09 pass=3 sticker=SL-09-030 step=evaluate
[build-sticker-candidates] chapter=09 pass=3 sticker=SL-09-030 step=preflight
[build-sticker-candidates] chapter=09 pass=3 sticker=SL-09-030 step=download
[build-sticker-candidates] chapter=09 pass=3 sticker=SL-09-030 step=crop
[build-sticker-candidates] chapter=09 pass=3 sticker=SL-09-030 done chapter_downloaded=1 batch=0
[build-sticker-candidates] chapter=09 pass=3 sticker=SL-09-008 step=search processed=214 downloaded=3
[build-sticker-candidates] chapter=09 pass=3 sticker=SL-09-008 step=execute
[build-sticker-candidates] chapter=09 pass=3 sticker=SL-09-008 step=evaluate
[build-sticker-candidates] chapter=09 pass=3 sticker=SL-09-008 step=preflight
[build-sticker-candidates] chapter=09 pass=3 sticker=SL-09-008 step=download
[build-sticker-candidates] chapter=09 pass=3 sticker=SL-09-008 step=crop
[build-sticker-candidates] chapter=09 pass=3 sticker=SL-09-008 done chapter_downloaded=1 batch=0
[build-sticker-candidates] chapter=09 pass=3 sticker=SL-09-007 step=search processed=215 downloaded=3
[build-sticker-candidates] chapter=09 pass=3 sticker=SL-09-007 step=execute
[build-sticker-candidates] chapter=09 pass=3 sticker=SL-09-007 step=evaluate
[build-sticker-candidates] chapter=09 pass=3 sticker=SL-09-007 step=preflight
[build-sticker-candidates] chapter=09 pass=3 sticker=SL-09-007 step=download
[build-sticker-candidates] chapter=09 pass=3 sticker=SL-09-007 step=crop
[build-sticker-candidates] chapter=09 pass=3 sticker=SL-09-007 done chapter_downloaded=1 batch=0
[build-sticker-candidates] chapter=09 pass=3 sticker=SL-09-028 step=search processed=216 downloaded=3
[build-sticker-candidates] chapter=09 pass=3 sticker=SL-09-028 step=execute
[build-sticker-candidates] chapter=09 pass=3 sticker=SL-09-028 step=evaluate
[build-sticker-candidates] chapter=09 pass=3 sticker=SL-09-028 step=preflight
[build-sticker-candidates] chapter=09 pass=3 sticker=SL-09-028 step=download
[build-sticker-candidates] chapter=09 pass=3 sticker=SL-09-028 step=crop
[build-sticker-candidates] chapter=09 pass=3 sticker=SL-09-028 done chapter_downloaded=1 batch=0
[build-sticker-candidates] chapter=09 pass=3 sticker=SL-09-003 step=search processed=217 downloaded=3
[build-sticker-candidates] chapter=09 pass=3 sticker=SL-09-003 step=execute
[build-sticker-candidates] chapter=09 pass=3 sticker=SL-09-003 step=evaluate
[build-sticker-candidates] chapter=09 pass=3 sticker=SL-09-003 step=preflight
[build-sticker-candidates] chapter=09 pass=3 sticker=SL-09-003 step=download
[build-sticker-candidates] chapter=09 pass=3 sticker=SL-09-003 step=crop
[build-sticker-candidates] chapter=09 pass=3 sticker=SL-09-003 done chapter_downloaded=1 batch=0
[build-sticker-candidates] chapter=09 pass=3 sticker=SL-09-020 step=search processed=218 downloaded=3
[build-sticker-candidates] chapter=09 pass=3 sticker=SL-09-020 step=execute
[build-sticker-candidates] chapter=09 pass=3 sticker=SL-09-020 step=evaluate
[build-sticker-candidates] chapter=09 pass=3 sticker=SL-09-020 step=preflight
[build-sticker-candidates] chapter=09 pass=3 sticker=SL-09-020 step=download
[build-sticker-candidates] chapter=09 pass=3 sticker=SL-09-020 step=crop
[build-sticker-candidates] chapter=09 pass=3 sticker=SL-09-020 done chapter_downloaded=1 batch=0
[build-sticker-candidates] chapter=09 pass=3 sticker=SL-09-022 step=search processed=219 downloaded=3
[build-sticker-candidates] chapter=09 pass=3 sticker=SL-09-022 step=execute
[build-sticker-candidates] chapter=09 pass=3 sticker=SL-09-022 step=evaluate
[build-sticker-candidates] chapter=09 pass=3 sticker=SL-09-022 step=preflight
[build-sticker-candidates] chapter=09 pass=3 sticker=SL-09-022 step=download
[build-sticker-candidates] chapter=09 pass=3 sticker=SL-09-022 step=crop
[build-sticker-candidates] chapter=09 pass=3 sticker=SL-09-022 done chapter_downloaded=1 batch=0
[build-sticker-candidates] chapter=09 pass=3 sticker=SL-09-026 step=search processed=220 downloaded=3
[build-sticker-candidates] chapter=09 pass=3 sticker=SL-09-026 step=execute
[build-sticker-candidates] chapter=09 pass=3 sticker=SL-09-026 step=evaluate
[build-sticker-candidates] chapter=09 pass=3 sticker=SL-09-026 step=preflight
[build-sticker-candidates] chapter=09 pass=3 sticker=SL-09-026 step=download
[build-sticker-candidates] chapter=09 pass=3 sticker=SL-09-026 step=crop
[build-sticker-candidates] chapter=09 pass=3 sticker=SL-09-026 done chapter_downloaded=1 batch=0
[build-sticker-candidates] warning=no_download_progress_after_full_passes chapter=09 title=El equipo récord 2001 passes_completed=3 downloaded_total=1
[build-sticker-candidates] chapter=10 title=Las primeras copas internacionales target=10
[build-sticker-candidates] chapter=10 pass=1 sticker=SL-10-014 step=search processed=221 downloaded=3
[build-sticker-candidates] chapter=10 pass=1 sticker=SL-10-014 step=execute
[build-sticker-candidates] chapter=10 pass=1 sticker=SL-10-014 step=evaluate
[build-sticker-candidates] chapter=10 pass=1 sticker=SL-10-014 step=preflight
[build-sticker-candidates] chapter=10 pass=1 sticker=SL-10-014 step=download
[build-sticker-candidates] chapter=10 pass=1 sticker=SL-10-014 step=crop
[build-sticker-candidates] chapter=10 pass=1 sticker=SL-10-014 done chapter_downloaded=0 batch=0
[build-sticker-candidates] chapter=10 pass=1 sticker=SL-10-001 step=search processed=222 downloaded=3
[build-sticker-candidates] chapter=10 pass=1 sticker=SL-10-001 step=execute
[build-sticker-candidates] chapter=10 pass=1 sticker=SL-10-001 step=evaluate
[build-sticker-candidates] chapter=10 pass=1 sticker=SL-10-001 step=preflight
[build-sticker-candidates] chapter=10 pass=1 sticker=SL-10-001 step=download
[build-sticker-candidates] chapter=10 pass=1 sticker=SL-10-001 step=crop
[build-sticker-candidates] chapter=10 pass=1 sticker=SL-10-001 done chapter_downloaded=0 batch=0
[build-sticker-candidates] chapter=10 pass=1 sticker=SL-10-022 step=search processed=223 downloaded=3
[build-sticker-candidates] chapter=10 pass=1 sticker=SL-10-022 step=execute
[build-sticker-candidates] chapter=10 pass=1 sticker=SL-10-022 step=evaluate
[build-sticker-candidates] chapter=10 pass=1 sticker=SL-10-022 step=preflight
[build-sticker-candidates] chapter=10 pass=1 sticker=SL-10-022 step=download
[build-sticker-candidates] chapter=10 pass=1 sticker=SL-10-022 step=crop
[build-sticker-candidates] chapter=10 pass=1 sticker=SL-10-022 done chapter_downloaded=0 batch=0
[build-sticker-candidates] chapter=10 pass=1 sticker=SL-10-011 step=search processed=224 downloaded=3
[build-sticker-candidates] chapter=10 pass=1 sticker=SL-10-011 step=execute
[build-sticker-candidates] chapter=10 pass=1 sticker=SL-10-011 step=evaluate
[build-sticker-candidates] chapter=10 pass=1 sticker=SL-10-011 step=preflight
[build-sticker-candidates] chapter=10 pass=1 sticker=SL-10-011 step=download
[build-sticker-candidates] chapter=10 pass=1 sticker=SL-10-011 step=crop
[build-sticker-candidates] chapter=10 pass=1 sticker=SL-10-011 done chapter_downloaded=0 batch=0
[build-sticker-candidates] chapter=10 pass=1 sticker=SL-10-005 step=search processed=225 downloaded=3
[build-sticker-candidates] chapter=10 pass=1 sticker=SL-10-005 step=execute
[build-sticker-candidates] chapter=10 pass=1 sticker=SL-10-005 step=evaluate
[build-sticker-candidates] chapter=10 pass=1 sticker=SL-10-005 step=preflight
[build-sticker-candidates] chapter=10 pass=1 sticker=SL-10-005 step=download
[build-sticker-candidates] chapter=10 pass=1 sticker=SL-10-005 step=crop
[build-sticker-candidates] chapter=10 pass=1 sticker=SL-10-005 done chapter_downloaded=0 batch=0
[build-sticker-candidates] chapter=10 pass=1 sticker=SL-10-026 step=search processed=226 downloaded=3
[build-sticker-candidates] chapter=10 pass=1 sticker=SL-10-026 step=execute
[build-sticker-candidates] chapter=10 pass=1 sticker=SL-10-026 step=evaluate
[build-sticker-candidates] chapter=10 pass=1 sticker=SL-10-026 step=preflight
[build-sticker-candidates] chapter=10 pass=1 sticker=SL-10-026 step=download
[build-sticker-candidates] chapter=10 pass=1 sticker=SL-10-026 step=crop
[build-sticker-candidates] chapter=10 pass=1 sticker=SL-10-026 done chapter_downloaded=0 batch=0
[build-sticker-candidates] chapter=10 pass=1 sticker=SL-10-009 step=search processed=227 downloaded=3
[build-sticker-candidates] chapter=10 pass=1 sticker=SL-10-009 step=execute
[build-sticker-candidates] chapter=10 pass=1 sticker=SL-10-009 step=evaluate
[build-sticker-candidates] chapter=10 pass=1 sticker=SL-10-009 step=preflight
[build-sticker-candidates] chapter=10 pass=1 sticker=SL-10-009 step=download
[build-sticker-candidates] chapter=10 pass=1 sticker=SL-10-009 step=crop
[build-sticker-candidates] chapter=10 pass=1 sticker=SL-10-009 done chapter_downloaded=0 batch=0
[build-sticker-candidates] chapter=10 pass=1 sticker=SL-10-010 step=search processed=228 downloaded=3
[build-sticker-candidates] chapter=10 pass=1 sticker=SL-10-010 step=execute
[build-sticker-candidates] chapter=10 pass=1 sticker=SL-10-010 step=evaluate
[build-sticker-candidates] chapter=10 pass=1 sticker=SL-10-010 step=preflight
[build-sticker-candidates] chapter=10 pass=1 sticker=SL-10-010 step=download
[build-sticker-candidates] chapter=10 pass=1 sticker=SL-10-010 step=crop
[build-sticker-candidates] chapter=10 pass=1 sticker=SL-10-010 done chapter_downloaded=0 batch=0
[build-sticker-candidates] chapter=10 pass=1 sticker=SL-10-019 step=search processed=229 downloaded=3
[build-sticker-candidates] chapter=10 pass=1 sticker=SL-10-019 step=execute
[build-sticker-candidates] chapter=10 pass=1 sticker=SL-10-019 step=evaluate
[build-sticker-candidates] chapter=10 pass=1 sticker=SL-10-019 step=preflight
[build-sticker-candidates] chapter=10 pass=1 sticker=SL-10-019 step=download
[build-sticker-candidates] chapter=10 pass=1 sticker=SL-10-019 step=crop
[build-sticker-candidates] chapter=10 pass=1 sticker=SL-10-019 done chapter_downloaded=0 batch=0
[build-sticker-candidates] chapter=10 pass=1 sticker=SL-10-023 step=search processed=230 downloaded=3
[build-sticker-candidates] chapter=10 pass=1 sticker=SL-10-023 step=execute
[build-sticker-candidates] chapter=10 pass=1 sticker=SL-10-023 step=evaluate
[build-sticker-candidates] chapter=10 pass=1 sticker=SL-10-023 step=preflight
[build-sticker-candidates] chapter=10 pass=1 sticker=SL-10-023 step=download
[build-sticker-candidates] chapter=10 pass=1 sticker=SL-10-023 step=crop
[build-sticker-candidates] chapter=10 pass=1 sticker=SL-10-023 done chapter_downloaded=0 batch=0
[build-sticker-candidates] chapter=10 pass=2 sticker=SL-10-001 step=search processed=231 downloaded=3
[build-sticker-candidates] chapter=10 pass=2 sticker=SL-10-001 step=execute
[build-sticker-candidates] chapter=10 pass=2 sticker=SL-10-001 step=evaluate
[build-sticker-candidates] chapter=10 pass=2 sticker=SL-10-001 step=preflight
[build-sticker-candidates] chapter=10 pass=2 sticker=SL-10-001 step=download
[build-sticker-candidates] chapter=10 pass=2 sticker=SL-10-001 step=crop
[build-sticker-candidates] chapter=10 pass=2 sticker=SL-10-001 done chapter_downloaded=0 batch=0
[build-sticker-candidates] chapter=10 pass=2 sticker=SL-10-010 step=search processed=232 downloaded=3
[build-sticker-candidates] chapter=10 pass=2 sticker=SL-10-010 step=execute
[build-sticker-candidates] chapter=10 pass=2 sticker=SL-10-010 step=evaluate
[build-sticker-candidates] chapter=10 pass=2 sticker=SL-10-010 step=preflight
[build-sticker-candidates] chapter=10 pass=2 sticker=SL-10-010 step=download
[build-sticker-candidates] chapter=10 pass=2 sticker=SL-10-010 step=crop
[build-sticker-candidates] chapter=10 pass=2 sticker=SL-10-010 done chapter_downloaded=0 batch=0
[build-sticker-candidates] chapter=10 pass=2 sticker=SL-10-027 step=search processed=233 downloaded=3
[build-sticker-candidates] chapter=10 pass=2 sticker=SL-10-027 step=execute
[build-sticker-candidates] chapter=10 pass=2 sticker=SL-10-027 step=evaluate
[build-sticker-candidates] chapter=10 pass=2 sticker=SL-10-027 step=preflight
[build-sticker-candidates] chapter=10 pass=2 sticker=SL-10-027 step=download
[build-sticker-candidates] chapter=10 pass=2 sticker=SL-10-027 step=crop
[build-sticker-candidates] chapter=10 pass=2 sticker=SL-10-027 done chapter_downloaded=1 batch=1
[build-sticker-candidates] chapter=10 pass=2 sticker=SL-10-028 step=search processed=234 downloaded=4
[build-sticker-candidates] chapter=10 pass=2 sticker=SL-10-028 step=execute
[build-sticker-candidates] chapter=10 pass=2 sticker=SL-10-028 step=evaluate
[build-sticker-candidates] chapter=10 pass=2 sticker=SL-10-028 step=preflight
[build-sticker-candidates] chapter=10 pass=2 sticker=SL-10-028 step=download
[build-sticker-candidates] chapter=10 pass=2 sticker=SL-10-028 step=crop
[build-sticker-candidates] chapter=10 pass=2 sticker=SL-10-028 done chapter_downloaded=1 batch=0
[build-sticker-candidates] chapter=10 pass=2 sticker=SL-10-020 step=search processed=235 downloaded=4
[build-sticker-candidates] chapter=10 pass=2 sticker=SL-10-020 step=execute
[build-sticker-candidates] chapter=10 pass=2 sticker=SL-10-020 step=evaluate
[build-sticker-candidates] chapter=10 pass=2 sticker=SL-10-020 step=preflight
[build-sticker-candidates] chapter=10 pass=2 sticker=SL-10-020 step=download
[build-sticker-candidates] chapter=10 pass=2 sticker=SL-10-020 step=crop
[build-sticker-candidates] chapter=10 pass=2 sticker=SL-10-020 done chapter_downloaded=1 batch=0
[build-sticker-candidates] chapter=10 pass=2 sticker=SL-10-021 step=search processed=236 downloaded=4
[build-sticker-candidates] chapter=10 pass=2 sticker=SL-10-021 step=execute
[build-sticker-candidates] chapter=10 pass=2 sticker=SL-10-021 step=evaluate
[build-sticker-candidates] chapter=10 pass=2 sticker=SL-10-021 step=preflight
[build-sticker-candidates] chapter=10 pass=2 sticker=SL-10-021 step=download
[build-sticker-candidates] chapter=10 pass=2 sticker=SL-10-021 step=crop
[build-sticker-candidates] chapter=10 pass=2 sticker=SL-10-021 done chapter_downloaded=1 batch=0
[build-sticker-candidates] chapter=10 pass=2 sticker=SL-10-013 step=search processed=237 downloaded=4
[build-sticker-candidates] chapter=10 pass=2 sticker=SL-10-013 step=execute
[build-sticker-candidates] chapter=10 pass=2 sticker=SL-10-013 step=evaluate
[build-sticker-candidates] chapter=10 pass=2 sticker=SL-10-013 step=preflight
[build-sticker-candidates] chapter=10 pass=2 sticker=SL-10-013 step=download
[build-sticker-candidates] chapter=10 pass=2 sticker=SL-10-013 step=crop
[build-sticker-candidates] chapter=10 pass=2 sticker=SL-10-013 done chapter_downloaded=1 batch=0
[build-sticker-candidates] chapter=10 pass=2 sticker=SL-10-016 step=search processed=238 downloaded=4
[build-sticker-candidates] chapter=10 pass=2 sticker=SL-10-016 step=execute
[build-sticker-candidates] chapter=10 pass=2 sticker=SL-10-016 step=evaluate
[build-sticker-candidates] chapter=10 pass=2 sticker=SL-10-016 step=preflight
[build-sticker-candidates] chapter=10 pass=2 sticker=SL-10-016 step=download
[build-sticker-candidates] chapter=10 pass=2 sticker=SL-10-016 step=crop
[build-sticker-candidates] chapter=10 pass=2 sticker=SL-10-016 done chapter_downloaded=1 batch=0
[build-sticker-candidates] chapter=10 pass=2 sticker=SL-10-017 step=search processed=239 downloaded=4
[build-sticker-candidates] chapter=10 pass=2 sticker=SL-10-017 step=execute
[build-sticker-candidates] chapter=10 pass=2 sticker=SL-10-017 step=evaluate
[build-sticker-candidates] chapter=10 pass=2 sticker=SL-10-017 step=preflight
[build-sticker-candidates] chapter=10 pass=2 sticker=SL-10-017 step=download
[build-sticker-candidates] chapter=10 pass=2 sticker=SL-10-017 step=crop
[build-sticker-candidates] chapter=10 pass=2 sticker=SL-10-017 done chapter_downloaded=1 batch=0
[build-sticker-candidates] chapter=10 pass=2 sticker=SL-10-018 step=search processed=240 downloaded=4
[build-sticker-candidates] chapter=10 pass=2 sticker=SL-10-018 step=execute
[build-sticker-candidates] chapter=10 pass=2 sticker=SL-10-018 step=evaluate
[build-sticker-candidates] chapter=10 pass=2 sticker=SL-10-018 step=preflight
[build-sticker-candidates] chapter=10 pass=2 sticker=SL-10-018 step=download
[build-sticker-candidates] chapter=10 pass=2 sticker=SL-10-018 step=crop
[build-sticker-candidates] chapter=10 pass=2 sticker=SL-10-018 done chapter_downloaded=1 batch=0
[build-sticker-candidates] chapter=10 pass=3 sticker=SL-10-027 step=search processed=241 downloaded=4
[build-sticker-candidates] chapter=10 pass=3 sticker=SL-10-027 step=execute
[build-sticker-candidates] chapter=10 pass=3 sticker=SL-10-027 step=evaluate
[build-sticker-candidates] chapter=10 pass=3 sticker=SL-10-027 step=preflight
[build-sticker-candidates] chapter=10 pass=3 sticker=SL-10-027 step=download
[build-sticker-candidates] chapter=10 pass=3 sticker=SL-10-027 step=crop
[build-sticker-candidates] chapter=10 pass=3 sticker=SL-10-027 done chapter_downloaded=2 batch=1
[build-sticker-candidates] chapter=10 pass=3 sticker=SL-10-014 step=search processed=242 downloaded=5
[build-sticker-candidates] chapter=10 pass=3 sticker=SL-10-014 step=execute
[build-sticker-candidates] chapter=10 pass=3 sticker=SL-10-014 step=evaluate
[build-sticker-candidates] chapter=10 pass=3 sticker=SL-10-014 step=preflight
[build-sticker-candidates] chapter=10 pass=3 sticker=SL-10-014 step=download
[build-sticker-candidates] chapter=10 pass=3 sticker=SL-10-014 step=crop
[build-sticker-candidates] chapter=10 pass=3 sticker=SL-10-014 done chapter_downloaded=2 batch=0
[build-sticker-candidates] chapter=10 pass=3 sticker=SL-10-022 step=search processed=243 downloaded=5
[build-sticker-candidates] chapter=10 pass=3 sticker=SL-10-022 step=execute
[build-sticker-candidates] chapter=10 pass=3 sticker=SL-10-022 step=evaluate
[build-sticker-candidates] chapter=10 pass=3 sticker=SL-10-022 step=preflight
[build-sticker-candidates] chapter=10 pass=3 sticker=SL-10-022 step=download
[build-sticker-candidates] chapter=10 pass=3 sticker=SL-10-022 step=crop
[build-sticker-candidates] chapter=10 pass=3 sticker=SL-10-022 done chapter_downloaded=2 batch=0
[build-sticker-candidates] chapter=10 pass=3 sticker=SL-10-011 step=search processed=244 downloaded=5
[build-sticker-candidates] chapter=10 pass=3 sticker=SL-10-011 step=execute
[build-sticker-candidates] chapter=10 pass=3 sticker=SL-10-011 step=evaluate
[build-sticker-candidates] chapter=10 pass=3 sticker=SL-10-011 step=preflight
[build-sticker-candidates] chapter=10 pass=3 sticker=SL-10-011 step=download
[build-sticker-candidates] chapter=10 pass=3 sticker=SL-10-011 step=crop
[build-sticker-candidates] chapter=10 pass=3 sticker=SL-10-011 done chapter_downloaded=2 batch=0
[build-sticker-candidates] chapter=10 pass=3 sticker=SL-10-005 step=search processed=245 downloaded=5
[build-sticker-candidates] chapter=10 pass=3 sticker=SL-10-005 step=execute
[build-sticker-candidates] chapter=10 pass=3 sticker=SL-10-005 step=evaluate
[build-sticker-candidates] chapter=10 pass=3 sticker=SL-10-005 step=preflight
[build-sticker-candidates] chapter=10 pass=3 sticker=SL-10-005 step=download
[build-sticker-candidates] chapter=10 pass=3 sticker=SL-10-005 step=crop
[build-sticker-candidates] chapter=10 pass=3 sticker=SL-10-005 done chapter_downloaded=2 batch=0
[build-sticker-candidates] chapter=10 pass=3 sticker=SL-10-026 step=search processed=246 downloaded=5
[build-sticker-candidates] chapter=10 pass=3 sticker=SL-10-026 step=execute
[build-sticker-candidates] chapter=10 pass=3 sticker=SL-10-026 step=evaluate
[build-sticker-candidates] chapter=10 pass=3 sticker=SL-10-026 step=preflight
[build-sticker-candidates] chapter=10 pass=3 sticker=SL-10-026 step=download
[build-sticker-candidates] chapter=10 pass=3 sticker=SL-10-026 step=crop
[build-sticker-candidates] chapter=10 pass=3 sticker=SL-10-026 done chapter_downloaded=2 batch=0
[build-sticker-candidates] chapter=10 pass=3 sticker=SL-10-009 step=search processed=247 downloaded=5
[build-sticker-candidates] chapter=10 pass=3 sticker=SL-10-009 step=execute
[build-sticker-candidates] chapter=10 pass=3 sticker=SL-10-009 step=evaluate
[build-sticker-candidates] chapter=10 pass=3 sticker=SL-10-009 step=preflight
[build-sticker-candidates] chapter=10 pass=3 sticker=SL-10-009 step=download
[build-sticker-candidates] chapter=10 pass=3 sticker=SL-10-009 step=crop
[build-sticker-candidates] chapter=10 pass=3 sticker=SL-10-009 done chapter_downloaded=2 batch=0
[build-sticker-candidates] chapter=10 pass=3 sticker=SL-10-019 step=search processed=248 downloaded=5
[build-sticker-candidates] chapter=10 pass=3 sticker=SL-10-019 step=execute
[build-sticker-candidates] chapter=10 pass=3 sticker=SL-10-019 step=evaluate
[build-sticker-candidates] chapter=10 pass=3 sticker=SL-10-019 step=preflight
[build-sticker-candidates] chapter=10 pass=3 sticker=SL-10-019 step=download
[build-sticker-candidates] chapter=10 pass=3 sticker=SL-10-019 step=crop
[build-sticker-candidates] chapter=10 pass=3 sticker=SL-10-019 done chapter_downloaded=2 batch=0
[build-sticker-candidates] chapter=10 pass=3 sticker=SL-10-023 step=search processed=249 downloaded=5
[build-sticker-candidates] chapter=10 pass=3 sticker=SL-10-023 step=execute
[build-sticker-candidates] chapter=10 pass=3 sticker=SL-10-023 step=evaluate
[build-sticker-candidates] chapter=10 pass=3 sticker=SL-10-023 step=preflight
[build-sticker-candidates] chapter=10 pass=3 sticker=SL-10-023 step=download
[build-sticker-candidates] chapter=10 pass=3 sticker=SL-10-023 step=crop
[build-sticker-candidates] chapter=10 pass=3 sticker=SL-10-023 done chapter_downloaded=2 batch=0
[build-sticker-candidates] chapter=10 pass=3 sticker=SL-10-007 step=search processed=250 downloaded=5
[build-sticker-candidates] chapter=10 pass=3 sticker=SL-10-007 step=execute
[build-sticker-candidates] chapter=10 pass=3 sticker=SL-10-007 step=evaluate
[build-sticker-candidates] chapter=10 pass=3 sticker=SL-10-007 step=preflight
[build-sticker-candidates] chapter=10 pass=3 sticker=SL-10-007 step=download
[build-sticker-candidates] chapter=10 pass=3 sticker=SL-10-007 step=crop
[build-sticker-candidates] chapter=10 pass=3 sticker=SL-10-007 done chapter_downloaded=2 batch=0
[build-sticker-candidates] chapter=10 pass=4 sticker=SL-10-027 step=search processed=251 downloaded=5
[build-sticker-candidates] chapter=10 pass=4 sticker=SL-10-027 step=execute
[build-sticker-candidates] chapter=10 pass=4 sticker=SL-10-027 step=evaluate
[build-sticker-candidates] chapter=10 pass=4 sticker=SL-10-027 step=preflight
[build-sticker-candidates] chapter=10 pass=4 sticker=SL-10-027 step=download
[build-sticker-candidates] chapter=10 pass=4 sticker=SL-10-027 step=crop
[build-sticker-candidates] chapter=10 pass=4 sticker=SL-10-027 done chapter_downloaded=2 batch=0
[build-sticker-candidates] chapter=10 pass=4 sticker=SL-10-001 step=search processed=252 downloaded=5
[build-sticker-candidates] chapter=10 pass=4 sticker=SL-10-001 step=execute
[build-sticker-candidates] chapter=10 pass=4 sticker=SL-10-001 step=evaluate
[build-sticker-candidates] chapter=10 pass=4 sticker=SL-10-001 step=preflight
[build-sticker-candidates] chapter=10 pass=4 sticker=SL-10-001 step=download
[build-sticker-candidates] chapter=10 pass=4 sticker=SL-10-001 step=crop
[build-sticker-candidates] chapter=10 pass=4 sticker=SL-10-001 done chapter_downloaded=2 batch=0
[build-sticker-candidates] chapter=10 pass=4 sticker=SL-10-010 step=search processed=253 downloaded=5
[build-sticker-candidates] chapter=10 pass=4 sticker=SL-10-010 step=execute
[build-sticker-candidates] chapter=10 pass=4 sticker=SL-10-010 step=evaluate
[build-sticker-candidates] chapter=10 pass=4 sticker=SL-10-010 step=preflight
[build-sticker-candidates] chapter=10 pass=4 sticker=SL-10-010 step=download
[build-sticker-candidates] chapter=10 pass=4 sticker=SL-10-010 step=crop
[build-sticker-candidates] chapter=10 pass=4 sticker=SL-10-010 done chapter_downloaded=3 batch=1
[build-sticker-candidates] chapter=10 pass=4 sticker=SL-10-028 step=search processed=254 downloaded=6
[build-sticker-candidates] chapter=10 pass=4 sticker=SL-10-028 step=execute
[build-sticker-candidates] chapter=10 pass=4 sticker=SL-10-028 step=evaluate
[build-sticker-candidates] chapter=10 pass=4 sticker=SL-10-028 step=preflight
[build-sticker-candidates] chapter=10 pass=4 sticker=SL-10-028 step=download
[build-sticker-candidates] chapter=10 pass=4 sticker=SL-10-028 step=crop
[build-sticker-candidates] chapter=10 pass=4 sticker=SL-10-028 done chapter_downloaded=3 batch=0
[build-sticker-candidates] chapter=10 pass=4 sticker=SL-10-012 step=search processed=255 downloaded=6
[build-sticker-candidates] chapter=10 pass=4 sticker=SL-10-012 step=execute
[build-sticker-candidates] chapter=10 pass=4 sticker=SL-10-012 step=evaluate
[build-sticker-candidates] chapter=10 pass=4 sticker=SL-10-012 step=preflight
[build-sticker-candidates] chapter=10 pass=4 sticker=SL-10-012 step=download
[build-sticker-candidates] chapter=10 pass=4 sticker=SL-10-012 step=crop
[build-sticker-candidates] chapter=10 pass=4 sticker=SL-10-012 done chapter_downloaded=3 batch=0
[build-sticker-candidates] chapter=10 pass=4 sticker=SL-10-015 step=search processed=256 downloaded=6
[build-sticker-candidates] chapter=10 pass=4 sticker=SL-10-015 step=execute
[build-sticker-candidates] chapter=10 pass=4 sticker=SL-10-015 step=evaluate
[build-sticker-candidates] chapter=10 pass=4 sticker=SL-10-015 step=preflight
[build-sticker-candidates] chapter=10 pass=4 sticker=SL-10-015 step=download
[build-sticker-candidates] chapter=10 pass=4 sticker=SL-10-015 step=crop
[build-sticker-candidates] chapter=10 pass=4 sticker=SL-10-015 done chapter_downloaded=3 batch=0
[build-sticker-candidates] chapter=10 pass=4 sticker=SL-10-020 step=search processed=257 downloaded=6
[build-sticker-candidates] chapter=10 pass=4 sticker=SL-10-020 step=execute
[build-sticker-candidates] chapter=10 pass=4 sticker=SL-10-020 step=evaluate
[build-sticker-candidates] chapter=10 pass=4 sticker=SL-10-020 step=preflight
[build-sticker-candidates] chapter=10 pass=4 sticker=SL-10-020 step=download
[build-sticker-candidates] chapter=10 pass=4 sticker=SL-10-020 step=crop
[build-sticker-candidates] chapter=10 pass=4 sticker=SL-10-020 done chapter_downloaded=3 batch=0
[build-sticker-candidates] chapter=10 pass=4 sticker=SL-10-021 step=search processed=258 downloaded=6
[build-sticker-candidates] chapter=10 pass=4 sticker=SL-10-021 step=execute
[build-sticker-candidates] chapter=10 pass=4 sticker=SL-10-021 step=evaluate
[build-sticker-candidates] chapter=10 pass=4 sticker=SL-10-021 step=preflight
[build-sticker-candidates] chapter=10 pass=4 sticker=SL-10-021 step=download
[build-sticker-candidates] chapter=10 pass=4 sticker=SL-10-021 step=crop
[build-sticker-candidates] chapter=10 pass=4 sticker=SL-10-021 done chapter_downloaded=3 batch=0
[build-sticker-candidates] chapter=10 pass=4 sticker=SL-10-024 step=search processed=259 downloaded=6
[build-sticker-candidates] chapter=10 pass=4 sticker=SL-10-024 step=execute
[build-sticker-candidates] chapter=10 pass=4 sticker=SL-10-024 step=evaluate
[build-sticker-candidates] chapter=10 pass=4 sticker=SL-10-024 step=preflight
[build-sticker-candidates] chapter=10 pass=4 sticker=SL-10-024 step=download
[build-sticker-candidates] chapter=10 pass=4 sticker=SL-10-024 step=crop
[build-sticker-candidates] chapter=10 pass=4 sticker=SL-10-024 done chapter_downloaded=3 batch=0
[build-sticker-candidates] chapter=10 pass=4 sticker=SL-10-025 step=search processed=260 downloaded=6
[build-sticker-candidates] chapter=10 pass=4 sticker=SL-10-025 step=execute
[build-sticker-candidates] chapter=10 pass=4 sticker=SL-10-025 step=evaluate
[build-sticker-candidates] chapter=10 pass=4 sticker=SL-10-025 step=preflight
[build-sticker-candidates] chapter=10 pass=4 sticker=SL-10-025 step=download
[build-sticker-candidates] chapter=10 pass=4 sticker=SL-10-025 step=crop
[build-sticker-candidates] chapter=10 pass=4 sticker=SL-10-025 done chapter_downloaded=3 batch=0
[build-sticker-candidates] chapter=10 pass=5 sticker=SL-10-010 step=search processed=261 downloaded=6
[build-sticker-candidates] chapter=10 pass=5 sticker=SL-10-010 step=execute
[build-sticker-candidates] chapter=10 pass=5 sticker=SL-10-010 step=evaluate
[build-sticker-candidates] chapter=10 pass=5 sticker=SL-10-010 step=preflight
[build-sticker-candidates] chapter=10 pass=5 sticker=SL-10-010 step=download
[build-sticker-candidates] chapter=10 pass=5 sticker=SL-10-010 step=crop
[build-sticker-candidates] chapter=10 pass=5 sticker=SL-10-010 done chapter_downloaded=4 batch=1
[build-sticker-candidates] chapter=10 pass=5 sticker=SL-10-001 step=search processed=262 downloaded=7
[build-sticker-candidates] chapter=10 pass=5 sticker=SL-10-001 step=execute
[build-sticker-candidates] chapter=10 pass=5 sticker=SL-10-001 step=evaluate
[build-sticker-candidates] chapter=10 pass=5 sticker=SL-10-001 step=preflight
[build-sticker-candidates] chapter=10 pass=5 sticker=SL-10-001 step=download
[build-sticker-candidates] chapter=10 pass=5 sticker=SL-10-001 step=crop
[build-sticker-candidates] chapter=10 pass=5 sticker=SL-10-001 done chapter_downloaded=4 batch=0
[build-sticker-candidates] chapter=10 pass=5 sticker=SL-10-008 step=search processed=263 downloaded=7
[build-sticker-candidates] chapter=10 pass=5 sticker=SL-10-008 step=execute
[build-sticker-candidates] chapter=10 pass=5 sticker=SL-10-008 step=evaluate
[build-sticker-candidates] chapter=10 pass=5 sticker=SL-10-008 step=preflight
[build-sticker-candidates] chapter=10 pass=5 sticker=SL-10-008 step=download
[build-sticker-candidates] chapter=10 pass=5 sticker=SL-10-008 step=crop
[build-sticker-candidates] chapter=10 pass=5 sticker=SL-10-008 done chapter_downloaded=4 batch=0
[build-sticker-candidates] chapter=10 pass=5 sticker=SL-10-007 step=search processed=264 downloaded=7
[build-sticker-candidates] chapter=10 pass=5 sticker=SL-10-007 step=execute
[build-sticker-candidates] chapter=10 pass=5 sticker=SL-10-007 step=evaluate
[build-sticker-candidates] chapter=10 pass=5 sticker=SL-10-007 step=preflight
[build-sticker-candidates] chapter=10 pass=5 sticker=SL-10-007 step=download
[build-sticker-candidates] chapter=10 pass=5 sticker=SL-10-007 step=crop
[build-sticker-candidates] chapter=10 pass=5 sticker=SL-10-007 done chapter_downloaded=4 batch=0
[build-sticker-candidates] chapter=10 pass=5 sticker=SL-10-029 step=search processed=265 downloaded=7
[build-sticker-candidates] chapter=10 pass=5 sticker=SL-10-029 step=execute
[build-sticker-candidates] chapter=10 pass=5 sticker=SL-10-029 step=evaluate
[build-sticker-candidates] chapter=10 pass=5 sticker=SL-10-029 step=preflight
[build-sticker-candidates] chapter=10 pass=5 sticker=SL-10-029 step=download
[build-sticker-candidates] chapter=10 pass=5 sticker=SL-10-029 step=crop
[build-sticker-candidates] chapter=10 pass=5 sticker=SL-10-029 done chapter_downloaded=4 batch=0
[build-sticker-candidates] chapter=10 pass=5 sticker=SL-10-030 step=search processed=266 downloaded=7
[build-sticker-candidates] chapter=10 pass=5 sticker=SL-10-030 step=execute
[build-sticker-candidates] chapter=10 pass=5 sticker=SL-10-030 step=evaluate
[build-sticker-candidates] chapter=10 pass=5 sticker=SL-10-030 step=preflight
[build-sticker-candidates] chapter=10 pass=5 sticker=SL-10-030 step=download
[build-sticker-candidates] chapter=10 pass=5 sticker=SL-10-030 step=crop
[build-sticker-candidates] chapter=10 pass=5 sticker=SL-10-030 done chapter_downloaded=4 batch=0
[build-sticker-candidates] chapter=10 pass=5 sticker=SL-10-013 step=search processed=267 downloaded=7
[build-sticker-candidates] chapter=10 pass=5 sticker=SL-10-013 step=execute
[build-sticker-candidates] chapter=10 pass=5 sticker=SL-10-013 step=evaluate
[build-sticker-candidates] chapter=10 pass=5 sticker=SL-10-013 step=preflight
[build-sticker-candidates] chapter=10 pass=5 sticker=SL-10-013 step=download
[build-sticker-candidates] chapter=10 pass=5 sticker=SL-10-013 step=crop
[build-sticker-candidates] chapter=10 pass=5 sticker=SL-10-013 done chapter_downloaded=4 batch=0
[build-sticker-candidates] chapter=10 pass=5 sticker=SL-10-016 step=search processed=268 downloaded=7
[build-sticker-candidates] chapter=10 pass=5 sticker=SL-10-016 step=execute
[build-sticker-candidates] chapter=10 pass=5 sticker=SL-10-016 step=evaluate
[build-sticker-candidates] chapter=10 pass=5 sticker=SL-10-016 step=preflight
[build-sticker-candidates] chapter=10 pass=5 sticker=SL-10-016 step=download
[build-sticker-candidates] chapter=10 pass=5 sticker=SL-10-016 step=crop
[build-sticker-candidates] chapter=10 pass=5 sticker=SL-10-016 done chapter_downloaded=4 batch=0
[build-sticker-candidates] chapter=10 pass=5 sticker=SL-10-017 step=search processed=269 downloaded=7
[build-sticker-candidates] chapter=10 pass=5 sticker=SL-10-017 step=execute
[build-sticker-candidates] chapter=10 pass=5 sticker=SL-10-017 step=evaluate
[build-sticker-candidates] chapter=10 pass=5 sticker=SL-10-017 step=preflight
[build-sticker-candidates] chapter=10 pass=5 sticker=SL-10-017 step=download
[build-sticker-candidates] chapter=10 pass=5 sticker=SL-10-017 step=crop
[build-sticker-candidates] chapter=10 pass=5 sticker=SL-10-017 done chapter_downloaded=4 batch=0
[build-sticker-candidates] chapter=10 pass=5 sticker=SL-10-018 step=search processed=270 downloaded=7
[build-sticker-candidates] chapter=10 pass=5 sticker=SL-10-018 step=execute
[build-sticker-candidates] chapter=10 pass=5 sticker=SL-10-018 step=evaluate
[build-sticker-candidates] chapter=10 pass=5 sticker=SL-10-018 step=preflight
[build-sticker-candidates] chapter=10 pass=5 sticker=SL-10-018 step=download
[build-sticker-candidates] chapter=10 pass=5 sticker=SL-10-018 step=crop
[build-sticker-candidates] chapter=10 pass=5 sticker=SL-10-018 done chapter_downloaded=4 batch=0
[build-sticker-candidates] chapter=10 pass=6 sticker=SL-10-010 step=search processed=271 downloaded=7
[build-sticker-candidates] chapter=10 pass=6 sticker=SL-10-010 step=execute
[build-sticker-candidates] chapter=10 pass=6 sticker=SL-10-010 step=evaluate
[build-sticker-candidates] chapter=10 pass=6 sticker=SL-10-010 step=preflight
[build-sticker-candidates] chapter=10 pass=6 sticker=SL-10-010 step=download
[build-sticker-candidates] chapter=10 pass=6 sticker=SL-10-010 step=crop
[build-sticker-candidates] chapter=10 pass=6 sticker=SL-10-010 done chapter_downloaded=4 batch=0
[build-sticker-candidates] chapter=10 pass=6 sticker=SL-10-027 step=search processed=272 downloaded=7
[build-sticker-candidates] chapter=10 pass=6 sticker=SL-10-027 step=execute
[build-sticker-candidates] chapter=10 pass=6 sticker=SL-10-027 step=evaluate
[build-sticker-candidates] chapter=10 pass=6 sticker=SL-10-027 step=preflight
[build-sticker-candidates] chapter=10 pass=6 sticker=SL-10-027 step=download
[build-sticker-candidates] chapter=10 pass=6 sticker=SL-10-027 step=crop
[build-sticker-candidates] chapter=10 pass=6 sticker=SL-10-027 done chapter_downloaded=4 batch=0
[build-sticker-candidates] chapter=10 pass=6 sticker=SL-10-024 step=search processed=273 downloaded=7
[build-sticker-candidates] chapter=10 pass=6 sticker=SL-10-024 step=execute
[build-sticker-candidates] chapter=10 pass=6 sticker=SL-10-024 step=evaluate
[build-sticker-candidates] chapter=10 pass=6 sticker=SL-10-024 step=preflight
[build-sticker-candidates] chapter=10 pass=6 sticker=SL-10-024 step=download
[build-sticker-candidates] chapter=10 pass=6 sticker=SL-10-024 step=crop
[build-sticker-candidates] chapter=10 pass=6 sticker=SL-10-024 done chapter_downloaded=4 batch=0
[build-sticker-candidates] chapter=10 pass=6 sticker=SL-10-025 step=search processed=274 downloaded=7
[build-sticker-candidates] chapter=10 pass=6 sticker=SL-10-025 step=execute
[build-sticker-candidates] chapter=10 pass=6 sticker=SL-10-025 step=evaluate
[build-sticker-candidates] chapter=10 pass=6 sticker=SL-10-025 step=preflight
[build-sticker-candidates] chapter=10 pass=6 sticker=SL-10-025 step=download
[build-sticker-candidates] chapter=10 pass=6 sticker=SL-10-025 step=crop
[build-sticker-candidates] chapter=10 pass=6 sticker=SL-10-025 done chapter_downloaded=4 batch=0
[build-sticker-candidates] chapter=10 pass=6 sticker=SL-10-003 step=search processed=275 downloaded=7
[build-sticker-candidates] chapter=10 pass=6 sticker=SL-10-003 step=execute
[build-sticker-candidates] chapter=10 pass=6 sticker=SL-10-003 step=evaluate
[build-sticker-candidates] chapter=10 pass=6 sticker=SL-10-003 step=preflight
[build-sticker-candidates] chapter=10 pass=6 sticker=SL-10-003 step=download
[build-sticker-candidates] chapter=10 pass=6 sticker=SL-10-003 step=crop
[build-sticker-candidates] chapter=10 pass=6 sticker=SL-10-003 done chapter_downloaded=4 batch=0
[build-sticker-candidates] chapter=10 pass=6 sticker=SL-10-004 step=search processed=276 downloaded=7
[build-sticker-candidates] chapter=10 pass=6 sticker=SL-10-004 step=execute
[build-sticker-candidates] chapter=10 pass=6 sticker=SL-10-004 step=evaluate
[build-sticker-candidates] chapter=10 pass=6 sticker=SL-10-004 step=preflight
[build-sticker-candidates] chapter=10 pass=6 sticker=SL-10-004 step=download
[build-sticker-candidates] chapter=10 pass=6 sticker=SL-10-004 step=crop
[build-sticker-candidates] chapter=10 pass=6 sticker=SL-10-004 done chapter_downloaded=4 batch=0
[build-sticker-candidates] chapter=10 pass=6 sticker=SL-10-012 step=search processed=277 downloaded=7
[build-sticker-candidates] chapter=10 pass=6 sticker=SL-10-012 step=execute
[build-sticker-candidates] chapter=10 pass=6 sticker=SL-10-012 step=evaluate
[build-sticker-candidates] chapter=10 pass=6 sticker=SL-10-012 step=preflight
[build-sticker-candidates] chapter=10 pass=6 sticker=SL-10-012 step=download
[build-sticker-candidates] chapter=10 pass=6 sticker=SL-10-012 step=crop
[build-sticker-candidates] chapter=10 pass=6 sticker=SL-10-012 done chapter_downloaded=4 batch=0
[build-sticker-candidates] chapter=10 pass=6 sticker=SL-10-015 step=search processed=278 downloaded=7
[build-sticker-candidates] chapter=10 pass=6 sticker=SL-10-015 step=execute
[build-sticker-candidates] chapter=10 pass=6 sticker=SL-10-015 step=evaluate
[build-sticker-candidates] chapter=10 pass=6 sticker=SL-10-015 step=preflight
[build-sticker-candidates] chapter=10 pass=6 sticker=SL-10-015 step=download
[build-sticker-candidates] chapter=10 pass=6 sticker=SL-10-015 step=crop
[build-sticker-candidates] chapter=10 pass=6 sticker=SL-10-015 done chapter_downloaded=4 batch=0
[build-sticker-candidates] chapter=10 pass=6 sticker=SL-10-024 step=search processed=279 downloaded=7
[build-sticker-candidates] chapter=10 pass=6 sticker=SL-10-024 step=execute
[build-sticker-candidates] chapter=10 pass=6 sticker=SL-10-024 step=evaluate
[build-sticker-candidates] chapter=10 pass=6 sticker=SL-10-024 step=preflight
[build-sticker-candidates] chapter=10 pass=6 sticker=SL-10-024 step=download
[build-sticker-candidates] chapter=10 pass=6 sticker=SL-10-024 step=crop
[build-sticker-candidates] chapter=10 pass=6 sticker=SL-10-024 done chapter_downloaded=4 batch=0
[build-sticker-candidates] chapter=10 pass=6 sticker=SL-10-025 step=search processed=280 downloaded=7
[build-sticker-candidates] chapter=10 pass=6 sticker=SL-10-025 step=execute
[build-sticker-candidates] chapter=10 pass=6 sticker=SL-10-025 step=evaluate
[build-sticker-candidates] chapter=10 pass=6 sticker=SL-10-025 step=preflight
[build-sticker-candidates] chapter=10 pass=6 sticker=SL-10-025 step=download
[build-sticker-candidates] chapter=10 pass=6 sticker=SL-10-025 step=crop
[build-sticker-candidates] chapter=10 pass=6 sticker=SL-10-025 done chapter_downloaded=4 batch=0
[build-sticker-candidates] chapter=10 pass=7 sticker=SL-10-001 step=search processed=281 downloaded=7
[build-sticker-candidates] chapter=10 pass=7 sticker=SL-10-001 step=execute
[build-sticker-candidates] chapter=10 pass=7 sticker=SL-10-001 step=evaluate
[build-sticker-candidates] chapter=10 pass=7 sticker=SL-10-001 step=preflight
[build-sticker-candidates] chapter=10 pass=7 sticker=SL-10-001 step=download
[build-sticker-candidates] chapter=10 pass=7 sticker=SL-10-001 step=crop
[build-sticker-candidates] chapter=10 pass=7 sticker=SL-10-001 done chapter_downloaded=4 batch=0
[build-sticker-candidates] chapter=10 pass=7 sticker=SL-10-014 step=search processed=282 downloaded=7
[build-sticker-candidates] chapter=10 pass=7 sticker=SL-10-014 step=execute
[build-sticker-candidates] chapter=10 pass=7 sticker=SL-10-014 step=evaluate
[build-sticker-candidates] chapter=10 pass=7 sticker=SL-10-014 step=preflight
[build-sticker-candidates] chapter=10 pass=7 sticker=SL-10-014 step=download
[build-sticker-candidates] chapter=10 pass=7 sticker=SL-10-014 step=crop
[build-sticker-candidates] chapter=10 pass=7 sticker=SL-10-014 done chapter_downloaded=4 batch=0
[build-sticker-candidates] chapter=10 pass=7 sticker=SL-10-022 step=search processed=283 downloaded=7
[build-sticker-candidates] chapter=10 pass=7 sticker=SL-10-022 step=execute
[build-sticker-candidates] chapter=10 pass=7 sticker=SL-10-022 step=evaluate
[build-sticker-candidates] chapter=10 pass=7 sticker=SL-10-022 step=preflight
[build-sticker-candidates] chapter=10 pass=7 sticker=SL-10-022 step=download
[build-sticker-candidates] chapter=10 pass=7 sticker=SL-10-022 step=crop
[build-sticker-candidates] chapter=10 pass=7 sticker=SL-10-022 done chapter_downloaded=4 batch=0
[build-sticker-candidates] chapter=10 pass=7 sticker=SL-10-011 step=search processed=284 downloaded=7
[build-sticker-candidates] chapter=10 pass=7 sticker=SL-10-011 step=execute
[build-sticker-candidates] chapter=10 pass=7 sticker=SL-10-011 step=evaluate
[build-sticker-candidates] chapter=10 pass=7 sticker=SL-10-011 step=preflight
[build-sticker-candidates] chapter=10 pass=7 sticker=SL-10-011 step=download
[build-sticker-candidates] chapter=10 pass=7 sticker=SL-10-011 step=crop
[build-sticker-candidates] chapter=10 pass=7 sticker=SL-10-011 done chapter_downloaded=4 batch=0
[build-sticker-candidates] chapter=10 pass=7 sticker=SL-10-005 step=search processed=285 downloaded=7
[build-sticker-candidates] chapter=10 pass=7 sticker=SL-10-005 step=execute
[build-sticker-candidates] chapter=10 pass=7 sticker=SL-10-005 step=evaluate
[build-sticker-candidates] chapter=10 pass=7 sticker=SL-10-005 step=preflight
[build-sticker-candidates] chapter=10 pass=7 sticker=SL-10-005 step=download
[build-sticker-candidates] chapter=10 pass=7 sticker=SL-10-005 step=crop
[build-sticker-candidates] chapter=10 pass=7 sticker=SL-10-005 done chapter_downloaded=4 batch=0
[build-sticker-candidates] chapter=10 pass=7 sticker=SL-10-026 step=search processed=286 downloaded=7
[build-sticker-candidates] chapter=10 pass=7 sticker=SL-10-026 step=execute
[build-sticker-candidates] chapter=10 pass=7 sticker=SL-10-026 step=evaluate
[build-sticker-candidates] chapter=10 pass=7 sticker=SL-10-026 step=preflight
[build-sticker-candidates] chapter=10 pass=7 sticker=SL-10-026 step=download
[build-sticker-candidates] chapter=10 pass=7 sticker=SL-10-026 step=crop
[build-sticker-candidates] chapter=10 pass=7 sticker=SL-10-026 done chapter_downloaded=4 batch=0
[build-sticker-candidates] chapter=10 pass=7 sticker=SL-10-009 step=search processed=287 downloaded=7
[build-sticker-candidates] chapter=10 pass=7 sticker=SL-10-009 step=execute
[build-sticker-candidates] chapter=10 pass=7 sticker=SL-10-009 step=evaluate
[build-sticker-candidates] chapter=10 pass=7 sticker=SL-10-009 step=preflight
[build-sticker-candidates] chapter=10 pass=7 sticker=SL-10-009 step=download
[build-sticker-candidates] chapter=10 pass=7 sticker=SL-10-009 step=crop
[build-sticker-candidates] chapter=10 pass=7 sticker=SL-10-009 done chapter_downloaded=4 batch=0
[build-sticker-candidates] chapter=10 pass=7 sticker=SL-10-019 step=search processed=288 downloaded=7
[build-sticker-candidates] chapter=10 pass=7 sticker=SL-10-019 step=execute
[build-sticker-candidates] chapter=10 pass=7 sticker=SL-10-019 step=evaluate
[build-sticker-candidates] chapter=10 pass=7 sticker=SL-10-019 step=preflight
[build-sticker-candidates] chapter=10 pass=7 sticker=SL-10-019 step=download
[build-sticker-candidates] chapter=10 pass=7 sticker=SL-10-019 step=crop
[build-sticker-candidates] chapter=10 pass=7 sticker=SL-10-019 done chapter_downloaded=4 batch=0
[build-sticker-candidates] chapter=10 pass=7 sticker=SL-10-023 step=search processed=289 downloaded=7
[build-sticker-candidates] chapter=10 pass=7 sticker=SL-10-023 step=execute
[build-sticker-candidates] chapter=10 pass=7 sticker=SL-10-023 step=evaluate
[build-sticker-candidates] chapter=10 pass=7 sticker=SL-10-023 step=preflight
[build-sticker-candidates] chapter=10 pass=7 sticker=SL-10-023 step=download
[build-sticker-candidates] chapter=10 pass=7 sticker=SL-10-023 step=crop
[build-sticker-candidates] chapter=10 pass=7 sticker=SL-10-023 done chapter_downloaded=4 batch=0
[build-sticker-candidates] chapter=10 pass=7 sticker=SL-10-008 step=search processed=290 downloaded=7
[build-sticker-candidates] chapter=10 pass=7 sticker=SL-10-008 step=execute
[build-sticker-candidates] chapter=10 pass=7 sticker=SL-10-008 step=evaluate
[build-sticker-candidates] chapter=10 pass=7 sticker=SL-10-008 step=preflight
[build-sticker-candidates] chapter=10 pass=7 sticker=SL-10-008 step=download
[build-sticker-candidates] chapter=10 pass=7 sticker=SL-10-008 step=crop
[build-sticker-candidates] chapter=10 pass=7 sticker=SL-10-008 done chapter_downloaded=4 batch=0
[build-sticker-candidates] warning=no_download_progress_after_full_passes chapter=10 title=Las primeras copas internacionales passes_completed=7 downloaded_total=4
[build-sticker-candidates] chapter=11 title=Ramón 2007 target=10
[build-sticker-candidates] chapter=11 pass=1 sticker=SL-11-003 step=search processed=291 downloaded=7
[build-sticker-candidates] chapter=11 pass=1 sticker=SL-11-003 step=execute
[build-sticker-candidates] chapter=11 pass=1 sticker=SL-11-003 step=evaluate
[build-sticker-candidates] chapter=11 pass=1 sticker=SL-11-003 step=preflight
[build-sticker-candidates] chapter=11 pass=1 sticker=SL-11-003 step=download
[build-sticker-candidates] chapter=11 pass=1 sticker=SL-11-003 step=crop
[build-sticker-candidates] chapter=11 pass=1 sticker=SL-11-003 done chapter_downloaded=0 batch=0
[build-sticker-candidates] chapter=11 pass=1 sticker=SL-11-007 step=search processed=292 downloaded=7
[build-sticker-candidates] chapter=11 pass=1 sticker=SL-11-007 step=execute
[build-sticker-candidates] chapter=11 pass=1 sticker=SL-11-007 step=evaluate
[build-sticker-candidates] chapter=11 pass=1 sticker=SL-11-007 step=preflight
[build-sticker-candidates] chapter=11 pass=1 sticker=SL-11-007 step=download
[build-sticker-candidates] chapter=11 pass=1 sticker=SL-11-007 step=crop
[build-sticker-candidates] chapter=11 pass=1 sticker=SL-11-007 done chapter_downloaded=0 batch=0
[build-sticker-candidates] chapter=11 pass=1 sticker=SL-11-020 step=search processed=293 downloaded=7
[build-sticker-candidates] chapter=11 pass=1 sticker=SL-11-020 step=execute
[build-sticker-candidates] chapter=11 pass=1 sticker=SL-11-020 step=evaluate
[build-sticker-candidates] chapter=11 pass=1 sticker=SL-11-020 step=preflight
[build-sticker-candidates] chapter=11 pass=1 sticker=SL-11-020 step=download
[build-sticker-candidates] chapter=11 pass=1 sticker=SL-11-020 step=crop
[build-sticker-candidates] chapter=11 pass=1 sticker=SL-11-020 done chapter_downloaded=0 batch=0
[build-sticker-candidates] chapter=11 pass=1 sticker=SL-11-010 step=search processed=294 downloaded=7
[build-sticker-candidates] chapter=11 pass=1 sticker=SL-11-010 step=execute
[build-sticker-candidates] chapter=11 pass=1 sticker=SL-11-010 step=evaluate
[build-sticker-candidates] chapter=11 pass=1 sticker=SL-11-010 step=preflight
[build-sticker-candidates] chapter=11 pass=1 sticker=SL-11-010 step=download
[build-sticker-candidates] chapter=11 pass=1 sticker=SL-11-010 step=crop
[build-sticker-candidates] chapter=11 pass=1 sticker=SL-11-010 done chapter_downloaded=0 batch=0
[build-sticker-candidates] chapter=11 pass=1 sticker=SL-11-004 step=search processed=295 downloaded=7
[build-sticker-candidates] chapter=11 pass=1 sticker=SL-11-004 step=execute
[build-sticker-candidates] chapter=11 pass=1 sticker=SL-11-004 step=evaluate
[build-sticker-candidates] chapter=11 pass=1 sticker=SL-11-004 step=preflight
[build-sticker-candidates] chapter=11 pass=1 sticker=SL-11-004 step=download
[build-sticker-candidates] chapter=11 pass=1 sticker=SL-11-004 step=crop
[build-sticker-candidates] chapter=11 pass=1 sticker=SL-11-004 done chapter_downloaded=1 batch=1
[build-sticker-candidates] chapter=11 pass=1 sticker=SL-11-005 step=search processed=296 downloaded=8
[build-sticker-candidates] chapter=11 pass=1 sticker=SL-11-005 step=execute
[build-sticker-candidates] chapter=11 pass=1 sticker=SL-11-005 step=evaluate
[build-sticker-candidates] chapter=11 pass=1 sticker=SL-11-005 step=preflight
[build-sticker-candidates] chapter=11 pass=1 sticker=SL-11-005 step=download
[build-sticker-candidates] chapter=11 pass=1 sticker=SL-11-005 step=crop
[build-sticker-candidates] chapter=11 pass=1 sticker=SL-11-005 done chapter_downloaded=1 batch=0
[build-sticker-candidates] chapter=11 pass=1 sticker=SL-11-011 step=search processed=297 downloaded=8
[build-sticker-candidates] chapter=11 pass=1 sticker=SL-11-011 step=execute
[build-sticker-candidates] chapter=11 pass=1 sticker=SL-11-011 step=evaluate
[build-sticker-candidates] chapter=11 pass=1 sticker=SL-11-011 step=preflight
[build-sticker-candidates] chapter=11 pass=1 sticker=SL-11-011 step=download
[build-sticker-candidates] chapter=11 pass=1 sticker=SL-11-011 step=crop
[build-sticker-candidates] chapter=11 pass=1 sticker=SL-11-011 done chapter_downloaded=1 batch=0
[build-sticker-candidates] chapter=11 pass=1 sticker=SL-11-012 step=search processed=298 downloaded=8
[build-sticker-candidates] chapter=11 pass=1 sticker=SL-11-012 step=execute
[build-sticker-candidates] chapter=11 pass=1 sticker=SL-11-012 step=evaluate
[build-sticker-candidates] chapter=11 pass=1 sticker=SL-11-012 step=preflight
[build-sticker-candidates] chapter=11 pass=1 sticker=SL-11-012 step=download
[build-sticker-candidates] chapter=11 pass=1 sticker=SL-11-012 step=crop
[build-sticker-candidates] chapter=11 pass=1 sticker=SL-11-012 done chapter_downloaded=1 batch=0
[build-sticker-candidates] chapter=11 pass=1 sticker=SL-11-014 step=search processed=299 downloaded=8
[build-sticker-candidates] chapter=11 pass=1 sticker=SL-11-014 step=execute
[build-sticker-candidates] chapter=11 pass=1 sticker=SL-11-014 step=evaluate
[build-sticker-candidates] chapter=11 pass=1 sticker=SL-11-014 step=preflight
[build-sticker-candidates] chapter=11 pass=1 sticker=SL-11-014 step=download
[build-sticker-candidates] chapter=11 pass=1 sticker=SL-11-014 step=crop
[build-sticker-candidates] chapter=11 pass=1 sticker=SL-11-014 done chapter_downloaded=1 batch=0
[build-sticker-candidates] chapter=11 pass=1 sticker=SL-11-015 step=search processed=300 downloaded=8
[build-sticker-candidates] chapter=11 pass=1 sticker=SL-11-015 step=execute
[build-sticker-candidates] chapter=11 pass=1 sticker=SL-11-015 step=evaluate
[build-sticker-candidates] chapter=11 pass=1 sticker=SL-11-015 step=preflight
[build-sticker-candidates] chapter=11 pass=1 sticker=SL-11-015 step=download
[build-sticker-candidates] chapter=11 pass=1 sticker=SL-11-015 step=crop
[build-sticker-candidates] chapter=11 pass=1 sticker=SL-11-015 done chapter_downloaded=1 batch=0
[build-sticker-candidates] chapter=11 pass=2 sticker=SL-11-004 step=search processed=301 downloaded=8
[build-sticker-candidates] chapter=11 pass=2 sticker=SL-11-004 step=execute
[build-sticker-candidates] chapter=11 pass=2 sticker=SL-11-004 step=evaluate
[build-sticker-candidates] chapter=11 pass=2 sticker=SL-11-004 step=preflight
[build-sticker-candidates] chapter=11 pass=2 sticker=SL-11-004 step=download
[build-sticker-candidates] chapter=11 pass=2 sticker=SL-11-004 step=crop
[build-sticker-candidates] chapter=11 pass=2 sticker=SL-11-004 done chapter_downloaded=1 batch=0
[build-sticker-candidates] chapter=11 pass=2 sticker=SL-11-024 step=search processed=302 downloaded=8
[build-sticker-candidates] chapter=11 pass=2 sticker=SL-11-024 step=execute
[build-sticker-candidates] chapter=11 pass=2 sticker=SL-11-024 step=evaluate
[build-sticker-candidates] chapter=11 pass=2 sticker=SL-11-024 step=preflight
[build-sticker-candidates] chapter=11 pass=2 sticker=SL-11-024 step=download
[build-sticker-candidates] chapter=11 pass=2 sticker=SL-11-024 step=crop
[build-sticker-candidates] chapter=11 pass=2 sticker=SL-11-024 done chapter_downloaded=1 batch=0
[build-sticker-candidates] chapter=11 pass=2 sticker=SL-11-025 step=search processed=303 downloaded=8
[build-sticker-candidates] chapter=11 pass=2 sticker=SL-11-025 step=execute
[build-sticker-candidates] chapter=11 pass=2 sticker=SL-11-025 step=evaluate
[build-sticker-candidates] chapter=11 pass=2 sticker=SL-11-025 step=preflight
[build-sticker-candidates] chapter=11 pass=2 sticker=SL-11-025 step=download
[build-sticker-candidates] chapter=11 pass=2 sticker=SL-11-025 step=crop
[build-sticker-candidates] chapter=11 pass=2 sticker=SL-11-025 done chapter_downloaded=1 batch=0
[build-sticker-candidates] chapter=11 pass=2 sticker=SL-11-017 step=search processed=304 downloaded=8
[build-sticker-candidates] chapter=11 pass=2 sticker=SL-11-017 step=execute
[build-sticker-candidates] chapter=11 pass=2 sticker=SL-11-017 step=evaluate
[build-sticker-candidates] chapter=11 pass=2 sticker=SL-11-017 step=preflight
[build-sticker-candidates] chapter=11 pass=2 sticker=SL-11-017 step=download
[build-sticker-candidates] chapter=11 pass=2 sticker=SL-11-017 step=crop
[build-sticker-candidates] chapter=11 pass=2 sticker=SL-11-017 done chapter_downloaded=1 batch=0
[build-sticker-candidates] chapter=11 pass=2 sticker=SL-11-018 step=search processed=305 downloaded=8
[build-sticker-candidates] chapter=11 pass=2 sticker=SL-11-018 step=execute
[build-sticker-candidates] chapter=11 pass=2 sticker=SL-11-018 step=evaluate
[build-sticker-candidates] chapter=11 pass=2 sticker=SL-11-018 step=preflight
[build-sticker-candidates] chapter=11 pass=2 sticker=SL-11-018 step=download
[build-sticker-candidates] chapter=11 pass=2 sticker=SL-11-018 step=crop
[build-sticker-candidates] chapter=11 pass=2 sticker=SL-11-018 done chapter_downloaded=1 batch=0
[build-sticker-candidates] chapter=11 pass=2 sticker=SL-11-006 step=search processed=306 downloaded=8
[build-sticker-candidates] chapter=11 pass=2 sticker=SL-11-006 step=execute
[build-sticker-candidates] chapter=11 pass=2 sticker=SL-11-006 step=evaluate
[build-sticker-candidates] chapter=11 pass=2 sticker=SL-11-006 step=preflight
[build-sticker-candidates] chapter=11 pass=2 sticker=SL-11-006 step=download
[build-sticker-candidates] chapter=11 pass=2 sticker=SL-11-006 step=crop
[build-sticker-candidates] chapter=11 pass=2 sticker=SL-11-006 done chapter_downloaded=1 batch=0
[build-sticker-candidates] chapter=11 pass=2 sticker=SL-11-008 step=search processed=307 downloaded=8
[build-sticker-candidates] chapter=11 pass=2 sticker=SL-11-008 step=execute
[build-sticker-candidates] chapter=11 pass=2 sticker=SL-11-008 step=evaluate
[build-sticker-candidates] chapter=11 pass=2 sticker=SL-11-008 step=preflight
[build-sticker-candidates] chapter=11 pass=2 sticker=SL-11-008 step=download
[build-sticker-candidates] chapter=11 pass=2 sticker=SL-11-008 step=crop
[build-sticker-candidates] chapter=11 pass=2 sticker=SL-11-008 done chapter_downloaded=2 batch=1
[build-sticker-candidates] chapter=11 pass=2 sticker=SL-11-009 step=search processed=308 downloaded=9
[build-sticker-candidates] chapter=11 pass=2 sticker=SL-11-009 step=execute
[build-sticker-candidates] chapter=11 pass=2 sticker=SL-11-009 step=evaluate
[build-sticker-candidates] chapter=11 pass=2 sticker=SL-11-009 step=preflight
[build-sticker-candidates] chapter=11 pass=2 sticker=SL-11-009 step=download
[build-sticker-candidates] chapter=11 pass=2 sticker=SL-11-009 step=crop
[build-sticker-candidates] chapter=11 pass=2 sticker=SL-11-009 done chapter_downloaded=2 batch=0
[build-sticker-candidates] chapter=11 pass=2 sticker=SL-11-016 step=search processed=309 downloaded=9
[build-sticker-candidates] chapter=11 pass=2 sticker=SL-11-016 step=execute
[build-sticker-candidates] chapter=11 pass=2 sticker=SL-11-016 step=evaluate
[build-sticker-candidates] chapter=11 pass=2 sticker=SL-11-016 step=preflight
[build-sticker-candidates] chapter=11 pass=2 sticker=SL-11-016 step=download
[build-sticker-candidates] chapter=11 pass=2 sticker=SL-11-016 step=crop
[build-sticker-candidates] chapter=11 pass=2 sticker=SL-11-016 done chapter_downloaded=2 batch=0
[build-sticker-candidates] chapter=11 pass=2 sticker=SL-11-019 step=search processed=310 downloaded=9
[build-sticker-candidates] chapter=11 pass=2 sticker=SL-11-019 step=execute
[build-sticker-candidates] chapter=11 pass=2 sticker=SL-11-019 step=evaluate
[build-sticker-candidates] chapter=11 pass=2 sticker=SL-11-019 step=preflight
[build-sticker-candidates] chapter=11 pass=2 sticker=SL-11-019 step=download
[build-sticker-candidates] chapter=11 pass=2 sticker=SL-11-019 step=crop
[build-sticker-candidates] chapter=11 pass=2 sticker=SL-11-019 done chapter_downloaded=2 batch=0
[build-sticker-candidates] chapter=11 pass=3 sticker=SL-11-008 step=search processed=311 downloaded=9
[build-sticker-candidates] chapter=11 pass=3 sticker=SL-11-008 step=execute
[build-sticker-candidates] chapter=11 pass=3 sticker=SL-11-008 step=evaluate
[build-sticker-candidates] chapter=11 pass=3 sticker=SL-11-008 step=preflight
[build-sticker-candidates] chapter=11 pass=3 sticker=SL-11-008 step=download
[build-sticker-candidates] chapter=11 pass=3 sticker=SL-11-008 step=crop
[build-sticker-candidates] chapter=11 pass=3 sticker=SL-11-008 done chapter_downloaded=2 batch=0
[build-sticker-candidates] chapter=11 pass=3 sticker=SL-11-003 step=search processed=312 downloaded=9
[build-sticker-candidates] chapter=11 pass=3 sticker=SL-11-003 step=execute
[build-sticker-candidates] chapter=11 pass=3 sticker=SL-11-003 step=evaluate
[build-sticker-candidates] chapter=11 pass=3 sticker=SL-11-003 step=preflight
[build-sticker-candidates] chapter=11 pass=3 sticker=SL-11-003 step=download
[build-sticker-candidates] chapter=11 pass=3 sticker=SL-11-003 step=crop
[build-sticker-candidates] chapter=11 pass=3 sticker=SL-11-003 done chapter_downloaded=2 batch=0
[build-sticker-candidates] chapter=11 pass=3 sticker=SL-11-007 step=search processed=313 downloaded=9
[build-sticker-candidates] chapter=11 pass=3 sticker=SL-11-007 step=execute
[build-sticker-candidates] chapter=11 pass=3 sticker=SL-11-007 step=evaluate
[build-sticker-candidates] chapter=11 pass=3 sticker=SL-11-007 step=preflight
[build-sticker-candidates] chapter=11 pass=3 sticker=SL-11-007 step=download
[build-sticker-candidates] chapter=11 pass=3 sticker=SL-11-007 step=crop
[build-sticker-candidates] chapter=11 pass=3 sticker=SL-11-007 done chapter_downloaded=2 batch=0
[build-sticker-candidates] chapter=11 pass=3 sticker=SL-11-020 step=search processed=314 downloaded=9
[build-sticker-candidates] chapter=11 pass=3 sticker=SL-11-020 step=execute
[build-sticker-candidates] chapter=11 pass=3 sticker=SL-11-020 step=evaluate
[build-sticker-candidates] chapter=11 pass=3 sticker=SL-11-020 step=preflight
[build-sticker-candidates] chapter=11 pass=3 sticker=SL-11-020 step=download
[build-sticker-candidates] chapter=11 pass=3 sticker=SL-11-020 step=crop
[build-sticker-candidates] chapter=11 pass=3 sticker=SL-11-020 done chapter_downloaded=2 batch=0
[build-sticker-candidates] chapter=11 pass=3 sticker=SL-11-010 step=search processed=315 downloaded=9
[build-sticker-candidates] chapter=11 pass=3 sticker=SL-11-010 step=execute
[build-sticker-candidates] chapter=11 pass=3 sticker=SL-11-010 step=evaluate
[build-sticker-candidates] chapter=11 pass=3 sticker=SL-11-010 step=preflight
[build-sticker-candidates] chapter=11 pass=3 sticker=SL-11-010 step=download
[build-sticker-candidates] chapter=11 pass=3 sticker=SL-11-010 step=crop
[build-sticker-candidates] chapter=11 pass=3 sticker=SL-11-010 done chapter_downloaded=2 batch=0
[build-sticker-candidates] chapter=11 pass=3 sticker=SL-11-014 step=search processed=316 downloaded=9
[build-sticker-candidates] chapter=11 pass=3 sticker=SL-11-014 step=execute
[build-sticker-candidates] chapter=11 pass=3 sticker=SL-11-014 step=evaluate
[build-sticker-candidates] chapter=11 pass=3 sticker=SL-11-014 step=preflight
[build-sticker-candidates] chapter=11 pass=3 sticker=SL-11-014 step=download
[build-sticker-candidates] chapter=11 pass=3 sticker=SL-11-014 step=crop
[build-sticker-candidates] chapter=11 pass=3 sticker=SL-11-014 done chapter_downloaded=2 batch=0
[build-sticker-candidates] chapter=11 pass=3 sticker=SL-11-015 step=search processed=317 downloaded=9
[build-sticker-candidates] chapter=11 pass=3 sticker=SL-11-015 step=execute
[build-sticker-candidates] chapter=11 pass=3 sticker=SL-11-015 step=evaluate
[build-sticker-candidates] chapter=11 pass=3 sticker=SL-11-015 step=preflight
[build-sticker-candidates] chapter=11 pass=3 sticker=SL-11-015 step=download
[build-sticker-candidates] chapter=11 pass=3 sticker=SL-11-015 step=crop
[build-sticker-candidates] chapter=11 pass=3 sticker=SL-11-015 done chapter_downloaded=2 batch=0
[build-sticker-candidates] chapter=11 pass=3 sticker=SL-11-022 step=search processed=318 downloaded=9
[build-sticker-candidates] chapter=11 pass=3 sticker=SL-11-022 step=execute
[build-sticker-candidates] chapter=11 pass=3 sticker=SL-11-022 step=evaluate
[build-sticker-candidates] chapter=11 pass=3 sticker=SL-11-022 step=preflight
[build-sticker-candidates] chapter=11 pass=3 sticker=SL-11-022 step=download
[build-sticker-candidates] chapter=11 pass=3 sticker=SL-11-022 step=crop
[build-sticker-candidates] chapter=11 pass=3 sticker=SL-11-022 done chapter_downloaded=2 batch=0
[build-sticker-candidates] chapter=11 pass=3 sticker=SL-11-023 step=search processed=319 downloaded=9
[build-sticker-candidates] chapter=11 pass=3 sticker=SL-11-023 step=execute
[build-sticker-candidates] chapter=11 pass=3 sticker=SL-11-023 step=evaluate
[build-sticker-candidates] chapter=11 pass=3 sticker=SL-11-023 step=preflight
[build-sticker-candidates] chapter=11 pass=3 sticker=SL-11-023 step=download
[build-sticker-candidates] chapter=11 pass=3 sticker=SL-11-023 step=crop
[build-sticker-candidates] chapter=11 pass=3 sticker=SL-11-023 done chapter_downloaded=2 batch=0
[build-sticker-candidates] chapter=11 pass=3 sticker=SL-11-005 step=search processed=320 downloaded=9
[build-sticker-candidates] chapter=11 pass=3 sticker=SL-11-005 step=execute
[build-sticker-candidates] chapter=11 pass=3 sticker=SL-11-005 step=evaluate
[build-sticker-candidates] chapter=11 pass=3 sticker=SL-11-005 step=preflight
[build-sticker-candidates] chapter=11 pass=3 sticker=SL-11-005 step=download
[build-sticker-candidates] chapter=11 pass=3 sticker=SL-11-005 step=crop
[build-sticker-candidates] chapter=11 pass=3 sticker=SL-11-005 done chapter_downloaded=2 batch=0
[build-sticker-candidates] chapter=11 pass=4 sticker=SL-11-004 step=search processed=321 downloaded=9
[build-sticker-candidates] chapter=11 pass=4 sticker=SL-11-004 step=execute
[build-sticker-candidates] chapter=11 pass=4 sticker=SL-11-004 step=evaluate
[build-sticker-candidates] chapter=11 pass=4 sticker=SL-11-004 step=preflight
[build-sticker-candidates] chapter=11 pass=4 sticker=SL-11-004 step=download
[build-sticker-candidates] chapter=11 pass=4 sticker=SL-11-004 step=crop
[build-sticker-candidates] chapter=11 pass=4 sticker=SL-11-004 done chapter_downloaded=3 batch=1
[build-sticker-candidates] chapter=11 pass=4 sticker=SL-11-007 step=search processed=322 downloaded=10
[build-sticker-candidates] chapter=11 pass=4 sticker=SL-11-007 step=execute
[build-sticker-candidates] chapter=11 pass=4 sticker=SL-11-007 step=evaluate
[build-sticker-candidates] chapter=11 pass=4 sticker=SL-11-007 step=preflight
[build-sticker-candidates] chapter=11 pass=4 sticker=SL-11-007 step=download
[build-sticker-candidates] chapter=11 pass=4 sticker=SL-11-007 step=crop
[build-sticker-candidates] chapter=11 pass=4 sticker=SL-11-007 done chapter_downloaded=3 batch=0
[build-sticker-candidates] chapter=11 pass=4 sticker=SL-11-006 step=search processed=323 downloaded=10
[build-sticker-candidates] chapter=11 pass=4 sticker=SL-11-006 step=execute
[build-sticker-candidates] chapter=11 pass=4 sticker=SL-11-006 step=evaluate
[build-sticker-candidates] chapter=11 pass=4 sticker=SL-11-006 step=preflight
[build-sticker-candidates] chapter=11 pass=4 sticker=SL-11-006 step=download
[build-sticker-candidates] chapter=11 pass=4 sticker=SL-11-006 step=crop
[build-sticker-candidates] chapter=11 pass=4 sticker=SL-11-006 done chapter_downloaded=3 batch=0
[build-sticker-candidates] chapter=11 pass=4 sticker=SL-11-009 step=search processed=324 downloaded=10
[build-sticker-candidates] chapter=11 pass=4 sticker=SL-11-009 step=execute
[build-sticker-candidates] chapter=11 pass=4 sticker=SL-11-009 step=evaluate
[build-sticker-candidates] chapter=11 pass=4 sticker=SL-11-009 step=preflight
[build-sticker-candidates] chapter=11 pass=4 sticker=SL-11-009 step=download
[build-sticker-candidates] chapter=11 pass=4 sticker=SL-11-009 step=crop
[build-sticker-candidates] chapter=11 pass=4 sticker=SL-11-009 done chapter_downloaded=3 batch=0
[build-sticker-candidates] chapter=11 pass=4 sticker=SL-11-016 step=search processed=325 downloaded=10
[build-sticker-candidates] chapter=11 pass=4 sticker=SL-11-016 step=execute
[build-sticker-candidates] chapter=11 pass=4 sticker=SL-11-016 step=evaluate
[build-sticker-candidates] chapter=11 pass=4 sticker=SL-11-016 step=preflight
[build-sticker-candidates] chapter=11 pass=4 sticker=SL-11-016 step=download
[build-sticker-candidates] chapter=11 pass=4 sticker=SL-11-016 step=crop
[build-sticker-candidates] chapter=11 pass=4 sticker=SL-11-016 done chapter_downloaded=3 batch=0
[build-sticker-candidates] chapter=11 pass=4 sticker=SL-11-019 step=search processed=326 downloaded=10
[build-sticker-candidates] chapter=11 pass=4 sticker=SL-11-019 step=execute
[build-sticker-candidates] chapter=11 pass=4 sticker=SL-11-019 step=evaluate
[build-sticker-candidates] chapter=11 pass=4 sticker=SL-11-019 step=preflight
[build-sticker-candidates] chapter=11 pass=4 sticker=SL-11-019 step=download
[build-sticker-candidates] chapter=11 pass=4 sticker=SL-11-019 step=crop
[build-sticker-candidates] chapter=11 pass=4 sticker=SL-11-019 done chapter_downloaded=3 batch=0
[build-sticker-candidates] chapter=11 pass=4 sticker=SL-11-024 step=search processed=327 downloaded=10
[build-sticker-candidates] chapter=11 pass=4 sticker=SL-11-024 step=execute
[build-sticker-candidates] chapter=11 pass=4 sticker=SL-11-024 step=evaluate
[build-sticker-candidates] chapter=11 pass=4 sticker=SL-11-024 step=preflight
[build-sticker-candidates] chapter=11 pass=4 sticker=SL-11-024 step=download
[build-sticker-candidates] chapter=11 pass=4 sticker=SL-11-024 step=crop
[build-sticker-candidates] chapter=11 pass=4 sticker=SL-11-024 done chapter_downloaded=3 batch=0
[build-sticker-candidates] chapter=11 pass=4 sticker=SL-11-025 step=search processed=328 downloaded=10
[build-sticker-candidates] chapter=11 pass=4 sticker=SL-11-025 step=execute
[build-sticker-candidates] chapter=11 pass=4 sticker=SL-11-025 step=evaluate
[build-sticker-candidates] chapter=11 pass=4 sticker=SL-11-025 step=preflight
[build-sticker-candidates] chapter=11 pass=4 sticker=SL-11-025 step=download
[build-sticker-candidates] chapter=11 pass=4 sticker=SL-11-025 step=crop
[build-sticker-candidates] chapter=11 pass=4 sticker=SL-11-025 done chapter_downloaded=3 batch=0
[build-sticker-candidates] chapter=11 pass=4 sticker=SL-11-011 step=search processed=329 downloaded=10
[build-sticker-candidates] chapter=11 pass=4 sticker=SL-11-011 step=execute
[build-sticker-candidates] chapter=11 pass=4 sticker=SL-11-011 step=evaluate
[build-sticker-candidates] chapter=11 pass=4 sticker=SL-11-011 step=preflight
[build-sticker-candidates] chapter=11 pass=4 sticker=SL-11-011 step=download
[build-sticker-candidates] chapter=11 pass=4 sticker=SL-11-011 step=crop
[build-sticker-candidates] chapter=11 pass=4 sticker=SL-11-011 done chapter_downloaded=3 batch=0
[build-sticker-candidates] chapter=11 pass=4 sticker=SL-11-012 step=search processed=330 downloaded=10
[build-sticker-candidates] chapter=11 pass=4 sticker=SL-11-012 step=execute
[build-sticker-candidates] chapter=11 pass=4 sticker=SL-11-012 step=evaluate
[build-sticker-candidates] chapter=11 pass=4 sticker=SL-11-012 step=preflight
[build-sticker-candidates] chapter=11 pass=4 sticker=SL-11-012 step=download
[build-sticker-candidates] chapter=11 pass=4 sticker=SL-11-012 step=crop
[build-sticker-candidates] chapter=11 pass=4 sticker=SL-11-012 done chapter_downloaded=3 batch=0
[build-sticker-candidates] chapter=11 pass=5 sticker=SL-11-004 step=search processed=331 downloaded=10
[build-sticker-candidates] chapter=11 pass=5 sticker=SL-11-004 step=execute
[build-sticker-candidates] chapter=11 pass=5 sticker=SL-11-004 step=evaluate
[build-sticker-candidates] chapter=11 pass=5 sticker=SL-11-004 step=preflight
[build-sticker-candidates] chapter=11 pass=5 sticker=SL-11-004 step=download
[build-sticker-candidates] chapter=11 pass=5 sticker=SL-11-004 step=crop
[build-sticker-candidates] chapter=11 pass=5 sticker=SL-11-004 done chapter_downloaded=3 batch=0
[build-sticker-candidates] chapter=11 pass=5 sticker=SL-11-008 step=search processed=332 downloaded=10
[build-sticker-candidates] chapter=11 pass=5 sticker=SL-11-008 step=execute
[build-sticker-candidates] chapter=11 pass=5 sticker=SL-11-008 step=evaluate
[build-sticker-candidates] chapter=11 pass=5 sticker=SL-11-008 step=preflight
[build-sticker-candidates] chapter=11 pass=5 sticker=SL-11-008 step=download
[build-sticker-candidates] chapter=11 pass=5 sticker=SL-11-008 step=crop
[build-sticker-candidates] chapter=11 pass=5 sticker=SL-11-008 done chapter_downloaded=3 batch=0
[build-sticker-candidates] chapter=11 pass=5 sticker=SL-11-017 step=search processed=333 downloaded=10
[build-sticker-candidates] chapter=11 pass=5 sticker=SL-11-017 step=execute
[build-sticker-candidates] chapter=11 pass=5 sticker=SL-11-017 step=evaluate
[build-sticker-candidates] chapter=11 pass=5 sticker=SL-11-017 step=preflight
[build-sticker-candidates] chapter=11 pass=5 sticker=SL-11-017 step=download
[build-sticker-candidates] chapter=11 pass=5 sticker=SL-11-017 step=crop
[build-sticker-candidates] chapter=11 pass=5 sticker=SL-11-017 done chapter_downloaded=3 batch=0
[build-sticker-candidates] chapter=11 pass=5 sticker=SL-11-018 step=search processed=334 downloaded=10
[build-sticker-candidates] chapter=11 pass=5 sticker=SL-11-018 step=execute
[build-sticker-candidates] chapter=11 pass=5 sticker=SL-11-018 step=evaluate
[build-sticker-candidates] chapter=11 pass=5 sticker=SL-11-018 step=preflight
[build-sticker-candidates] chapter=11 pass=5 sticker=SL-11-018 step=download
[build-sticker-candidates] chapter=11 pass=5 sticker=SL-11-018 step=crop
[build-sticker-candidates] chapter=11 pass=5 sticker=SL-11-018 done chapter_downloaded=3 batch=0
[build-sticker-candidates] chapter=11 pass=5 sticker=SL-11-022 step=search processed=335 downloaded=10
[build-sticker-candidates] chapter=11 pass=5 sticker=SL-11-022 step=execute
[build-sticker-candidates] chapter=11 pass=5 sticker=SL-11-022 step=evaluate
[build-sticker-candidates] chapter=11 pass=5 sticker=SL-11-022 step=preflight
[build-sticker-candidates] chapter=11 pass=5 sticker=SL-11-022 step=download
[build-sticker-candidates] chapter=11 pass=5 sticker=SL-11-022 step=crop
[build-sticker-candidates] chapter=11 pass=5 sticker=SL-11-022 done chapter_downloaded=3 batch=0
[build-sticker-candidates] chapter=11 pass=5 sticker=SL-11-023 step=search processed=336 downloaded=10
[build-sticker-candidates] chapter=11 pass=5 sticker=SL-11-023 step=execute
[build-sticker-candidates] chapter=11 pass=5 sticker=SL-11-023 step=evaluate
[build-sticker-candidates] chapter=11 pass=5 sticker=SL-11-023 step=preflight
[build-sticker-candidates] chapter=11 pass=5 sticker=SL-11-023 step=download
[build-sticker-candidates] chapter=11 pass=5 sticker=SL-11-023 step=crop
[build-sticker-candidates] chapter=11 pass=5 sticker=SL-11-023 done chapter_downloaded=3 batch=0
[build-sticker-candidates] chapter=11 pass=5 sticker=SL-11-017 step=search processed=337 downloaded=10
[build-sticker-candidates] chapter=11 pass=5 sticker=SL-11-017 step=execute
[build-sticker-candidates] chapter=11 pass=5 sticker=SL-11-017 step=evaluate
[build-sticker-candidates] chapter=11 pass=5 sticker=SL-11-017 step=preflight
[build-sticker-candidates] chapter=11 pass=5 sticker=SL-11-017 step=download
[build-sticker-candidates] chapter=11 pass=5 sticker=SL-11-017 step=crop
[build-sticker-candidates] chapter=11 pass=5 sticker=SL-11-017 done chapter_downloaded=3 batch=0
[build-sticker-candidates] chapter=11 pass=5 sticker=SL-11-018 step=search processed=338 downloaded=10
[build-sticker-candidates] chapter=11 pass=5 sticker=SL-11-018 step=execute
[build-sticker-candidates] chapter=11 pass=5 sticker=SL-11-018 step=evaluate
[build-sticker-candidates] chapter=11 pass=5 sticker=SL-11-018 step=preflight
[build-sticker-candidates] chapter=11 pass=5 sticker=SL-11-018 step=download
[build-sticker-candidates] chapter=11 pass=5 sticker=SL-11-018 step=crop
[build-sticker-candidates] chapter=11 pass=5 sticker=SL-11-018 done chapter_downloaded=3 batch=0
[build-sticker-candidates] chapter=11 pass=5 sticker=SL-11-022 step=search processed=339 downloaded=10
[build-sticker-candidates] chapter=11 pass=5 sticker=SL-11-022 step=execute
[build-sticker-candidates] chapter=11 pass=5 sticker=SL-11-022 step=evaluate
[build-sticker-candidates] chapter=11 pass=5 sticker=SL-11-022 step=preflight
[build-sticker-candidates] chapter=11 pass=5 sticker=SL-11-022 step=download
[build-sticker-candidates] chapter=11 pass=5 sticker=SL-11-022 step=crop
[build-sticker-candidates] chapter=11 pass=5 sticker=SL-11-022 done chapter_downloaded=3 batch=0
[build-sticker-candidates] chapter=11 pass=5 sticker=SL-11-023 step=search processed=340 downloaded=10
[build-sticker-candidates] chapter=11 pass=5 sticker=SL-11-023 step=execute
[build-sticker-candidates] chapter=11 pass=5 sticker=SL-11-023 step=evaluate
[build-sticker-candidates] chapter=11 pass=5 sticker=SL-11-023 step=preflight
[build-sticker-candidates] chapter=11 pass=5 sticker=SL-11-023 step=download
[build-sticker-candidates] chapter=11 pass=5 sticker=SL-11-023 step=crop
[build-sticker-candidates] chapter=11 pass=5 sticker=SL-11-023 done chapter_downloaded=3 batch=0
[build-sticker-candidates] chapter=11 pass=6 sticker=SL-11-007 step=search processed=341 downloaded=10
[build-sticker-candidates] chapter=11 pass=6 sticker=SL-11-007 step=execute
[build-sticker-candidates] chapter=11 pass=6 sticker=SL-11-007 step=evaluate
[build-sticker-candidates] chapter=11 pass=6 sticker=SL-11-007 step=preflight
[build-sticker-candidates] chapter=11 pass=6 sticker=SL-11-007 step=download
[build-sticker-candidates] chapter=11 pass=6 sticker=SL-11-007 step=crop
[build-sticker-candidates] chapter=11 pass=6 sticker=SL-11-007 done chapter_downloaded=3 batch=0
[build-sticker-candidates] warning=no_download_progress_after_full_passes chapter=11 title=Ramón 2007 passes_completed=6 downloaded_total=3
[build-sticker-candidates] chapter=12 title=Del sufrimiento a la gloria 2012/2013 target=10
[build-sticker-candidates] chapter=12 pass=1 sticker=SL-12-005 step=search processed=342 downloaded=10
[build-sticker-candidates] chapter=12 pass=1 sticker=SL-12-005 step=execute
[build-sticker-candidates] chapter=12 pass=1 sticker=SL-12-005 step=evaluate
[build-sticker-candidates] chapter=12 pass=1 sticker=SL-12-005 step=preflight
[build-sticker-candidates] chapter=12 pass=1 sticker=SL-12-005 step=download
[build-sticker-candidates] chapter=12 pass=1 sticker=SL-12-005 step=crop
[build-sticker-candidates] chapter=12 pass=1 sticker=SL-12-005 done chapter_downloaded=0 batch=0
[build-sticker-candidates] chapter=12 pass=1 sticker=SL-12-001 step=search processed=343 downloaded=10
[build-sticker-candidates] chapter=12 pass=1 sticker=SL-12-001 step=execute
[build-sticker-candidates] chapter=12 pass=1 sticker=SL-12-001 step=evaluate
[build-sticker-candidates] chapter=12 pass=1 sticker=SL-12-001 step=preflight
[build-sticker-candidates] chapter=12 pass=1 sticker=SL-12-001 step=download
[build-sticker-candidates] chapter=12 pass=1 sticker=SL-12-001 step=crop
[build-sticker-candidates] chapter=12 pass=1 sticker=SL-12-001 done chapter_downloaded=0 batch=0
[build-sticker-candidates] chapter=12 pass=1 sticker=SL-12-009 step=search processed=344 downloaded=10
[build-sticker-candidates] chapter=12 pass=1 sticker=SL-12-009 step=execute
[build-sticker-candidates] chapter=12 pass=1 sticker=SL-12-009 step=evaluate
[build-sticker-candidates] chapter=12 pass=1 sticker=SL-12-009 step=preflight
[build-sticker-candidates] chapter=12 pass=1 sticker=SL-12-009 step=download
[build-sticker-candidates] chapter=12 pass=1 sticker=SL-12-009 step=crop
[build-sticker-candidates] chapter=12 pass=1 sticker=SL-12-009 done chapter_downloaded=0 batch=0
[build-sticker-candidates] chapter=12 pass=1 sticker=SL-12-017 step=search processed=345 downloaded=10
[build-sticker-candidates] chapter=12 pass=1 sticker=SL-12-017 step=execute
[build-sticker-candidates] chapter=12 pass=1 sticker=SL-12-017 step=evaluate
[build-sticker-candidates] chapter=12 pass=1 sticker=SL-12-017 step=preflight
[build-sticker-candidates] chapter=12 pass=1 sticker=SL-12-017 step=download
[build-sticker-candidates] chapter=12 pass=1 sticker=SL-12-017 step=crop
[build-sticker-candidates] chapter=12 pass=1 sticker=SL-12-017 done chapter_downloaded=0 batch=0
[build-sticker-candidates] chapter=12 pass=1 sticker=SL-12-013 step=search processed=346 downloaded=10
[build-sticker-candidates] chapter=12 pass=1 sticker=SL-12-013 step=execute
[build-sticker-candidates] chapter=12 pass=1 sticker=SL-12-013 step=evaluate
[build-sticker-candidates] chapter=12 pass=1 sticker=SL-12-013 step=preflight
[build-sticker-candidates] chapter=12 pass=1 sticker=SL-12-013 step=download
[build-sticker-candidates] chapter=12 pass=1 sticker=SL-12-013 step=crop
[build-sticker-candidates] chapter=12 pass=1 sticker=SL-12-013 done chapter_downloaded=0 batch=0
[build-sticker-candidates] chapter=12 pass=1 sticker=SL-12-026 step=search processed=347 downloaded=10
[build-sticker-candidates] chapter=12 pass=1 sticker=SL-12-026 step=execute
[build-sticker-candidates] chapter=12 pass=1 sticker=SL-12-026 step=evaluate
[build-sticker-candidates] chapter=12 pass=1 sticker=SL-12-026 step=preflight
[build-sticker-candidates] chapter=12 pass=1 sticker=SL-12-026 step=download
[build-sticker-candidates] chapter=12 pass=1 sticker=SL-12-026 step=crop
[build-sticker-candidates] chapter=12 pass=1 sticker=SL-12-026 done chapter_downloaded=0 batch=0
[build-sticker-candidates] chapter=12 pass=1 sticker=SL-12-019 step=search processed=348 downloaded=10
[build-sticker-candidates] chapter=12 pass=1 sticker=SL-12-019 step=execute
[build-sticker-candidates] chapter=12 pass=1 sticker=SL-12-019 step=evaluate
[build-sticker-candidates] chapter=12 pass=1 sticker=SL-12-019 step=preflight
[build-sticker-candidates] chapter=12 pass=1 sticker=SL-12-019 step=download
[build-sticker-candidates] chapter=12 pass=1 sticker=SL-12-019 step=crop
[build-sticker-candidates] chapter=12 pass=1 sticker=SL-12-019 done chapter_downloaded=0 batch=0
[build-sticker-candidates] chapter=12 pass=1 sticker=SL-12-002 step=search processed=349 downloaded=10
[build-sticker-candidates] chapter=12 pass=1 sticker=SL-12-002 step=execute
[build-sticker-candidates] chapter=12 pass=1 sticker=SL-12-002 step=evaluate
[build-sticker-candidates] chapter=12 pass=1 sticker=SL-12-002 step=preflight
[build-sticker-candidates] chapter=12 pass=1 sticker=SL-12-002 step=download
[build-sticker-candidates] chapter=12 pass=1 sticker=SL-12-002 step=crop
[build-sticker-candidates] chapter=12 pass=1 sticker=SL-12-002 done chapter_downloaded=0 batch=0
[build-sticker-candidates] chapter=12 pass=1 sticker=SL-12-003 step=search processed=350 downloaded=10
[build-sticker-candidates] chapter=12 pass=1 sticker=SL-12-003 step=execute
[build-sticker-candidates] chapter=12 pass=1 sticker=SL-12-003 step=evaluate
[build-sticker-candidates] chapter=12 pass=1 sticker=SL-12-003 step=preflight
[build-sticker-candidates] chapter=12 pass=1 sticker=SL-12-003 step=download
[build-sticker-candidates] chapter=12 pass=1 sticker=SL-12-003 step=crop
[build-sticker-candidates] chapter=12 pass=1 sticker=SL-12-003 done chapter_downloaded=0 batch=0
[build-sticker-candidates] chapter=12 pass=1 sticker=SL-12-004 step=search processed=351 downloaded=10
[build-sticker-candidates] chapter=12 pass=1 sticker=SL-12-004 step=execute
[build-sticker-candidates] chapter=12 pass=1 sticker=SL-12-004 step=evaluate
[build-sticker-candidates] chapter=12 pass=1 sticker=SL-12-004 step=preflight
[build-sticker-candidates] chapter=12 pass=1 sticker=SL-12-004 step=download
[build-sticker-candidates] chapter=12 pass=1 sticker=SL-12-004 step=crop
[build-sticker-candidates] chapter=12 pass=1 sticker=SL-12-004 done chapter_downloaded=0 batch=0
[build-sticker-candidates] chapter=12 pass=2 sticker=SL-12-022 step=search processed=352 downloaded=10
[build-sticker-candidates] chapter=12 pass=2 sticker=SL-12-022 step=execute
[build-sticker-candidates] chapter=12 pass=2 sticker=SL-12-022 step=evaluate
[build-sticker-candidates] chapter=12 pass=2 sticker=SL-12-022 step=preflight
[build-sticker-candidates] chapter=12 pass=2 sticker=SL-12-022 step=download
[build-sticker-candidates] chapter=12 pass=2 sticker=SL-12-022 step=crop
[build-sticker-candidates] chapter=12 pass=2 sticker=SL-12-022 done chapter_downloaded=0 batch=0
[build-sticker-candidates] chapter=12 pass=2 sticker=SL-12-023 step=search processed=353 downloaded=10
[build-sticker-candidates] chapter=12 pass=2 sticker=SL-12-023 step=execute
[build-sticker-candidates] chapter=12 pass=2 sticker=SL-12-023 step=evaluate
[build-sticker-candidates] chapter=12 pass=2 sticker=SL-12-023 step=preflight
[build-sticker-candidates] chapter=12 pass=2 sticker=SL-12-023 step=download
[build-sticker-candidates] chapter=12 pass=2 sticker=SL-12-023 step=crop
[build-sticker-candidates] chapter=12 pass=2 sticker=SL-12-023 done chapter_downloaded=0 batch=0
[build-sticker-candidates] chapter=12 pass=2 sticker=SL-12-024 step=search processed=354 downloaded=10
[build-sticker-candidates] chapter=12 pass=2 sticker=SL-12-024 step=execute
[build-sticker-candidates] chapter=12 pass=2 sticker=SL-12-024 step=evaluate
[build-sticker-candidates] chapter=12 pass=2 sticker=SL-12-024 step=preflight
[build-sticker-candidates] chapter=12 pass=2 sticker=SL-12-024 step=download
[build-sticker-candidates] chapter=12 pass=2 sticker=SL-12-024 step=crop
[build-sticker-candidates] chapter=12 pass=2 sticker=SL-12-024 done chapter_downloaded=0 batch=0
[build-sticker-candidates] chapter=12 pass=2 sticker=SL-12-025 step=search processed=355 downloaded=10
[build-sticker-candidates] chapter=12 pass=2 sticker=SL-12-025 step=execute
[build-sticker-candidates] chapter=12 pass=2 sticker=SL-12-025 step=evaluate
[build-sticker-candidates] chapter=12 pass=2 sticker=SL-12-025 step=preflight
[build-sticker-candidates] chapter=12 pass=2 sticker=SL-12-025 step=download
[build-sticker-candidates] chapter=12 pass=2 sticker=SL-12-025 step=crop
[build-sticker-candidates] chapter=12 pass=2 sticker=SL-12-025 done chapter_downloaded=0 batch=0
[build-sticker-candidates] chapter=12 pass=2 sticker=SL-12-027 step=search processed=356 downloaded=10
[build-sticker-candidates] chapter=12 pass=2 sticker=SL-12-027 step=execute
[build-sticker-candidates] chapter=12 pass=2 sticker=SL-12-027 step=evaluate
[build-sticker-candidates] chapter=12 pass=2 sticker=SL-12-027 step=preflight
[build-sticker-candidates] chapter=12 pass=2 sticker=SL-12-027 step=download
[build-sticker-candidates] chapter=12 pass=2 sticker=SL-12-027 step=crop
[build-sticker-candidates] chapter=12 pass=2 sticker=SL-12-027 done chapter_downloaded=0 batch=0
[build-sticker-candidates] chapter=12 pass=2 sticker=SL-12-028 step=search processed=357 downloaded=10
[build-sticker-candidates] chapter=12 pass=2 sticker=SL-12-028 step=execute
[build-sticker-candidates] chapter=12 pass=2 sticker=SL-12-028 step=evaluate
[build-sticker-candidates] chapter=12 pass=2 sticker=SL-12-028 step=preflight
[build-sticker-candidates] chapter=12 pass=2 sticker=SL-12-028 step=download
[build-sticker-candidates] chapter=12 pass=2 sticker=SL-12-028 step=crop
[build-sticker-candidates] chapter=12 pass=2 sticker=SL-12-028 done chapter_downloaded=0 batch=0
[build-sticker-candidates] chapter=12 pass=2 sticker=SL-12-029 step=search processed=358 downloaded=10
[build-sticker-candidates] chapter=12 pass=2 sticker=SL-12-029 step=execute
[build-sticker-candidates] chapter=12 pass=2 sticker=SL-12-029 step=evaluate
[build-sticker-candidates] chapter=12 pass=2 sticker=SL-12-029 step=preflight
[build-sticker-candidates] chapter=12 pass=2 sticker=SL-12-029 step=download
[build-sticker-candidates] chapter=12 pass=2 sticker=SL-12-029 step=crop
[build-sticker-candidates] chapter=12 pass=2 sticker=SL-12-029 done chapter_downloaded=0 batch=0
[build-sticker-candidates] chapter=12 pass=2 sticker=SL-12-030 step=search processed=359 downloaded=10
[build-sticker-candidates] chapter=12 pass=2 sticker=SL-12-030 step=execute
[build-sticker-candidates] chapter=12 pass=2 sticker=SL-12-030 step=evaluate
[build-sticker-candidates] chapter=12 pass=2 sticker=SL-12-030 step=preflight
[build-sticker-candidates] chapter=12 pass=2 sticker=SL-12-030 step=download
[build-sticker-candidates] chapter=12 pass=2 sticker=SL-12-030 step=crop
[build-sticker-candidates] chapter=12 pass=2 sticker=SL-12-030 done chapter_downloaded=0 batch=0
[build-sticker-candidates] chapter=12 pass=2 sticker=SL-12-011 step=search processed=360 downloaded=10
[build-sticker-candidates] chapter=12 pass=2 sticker=SL-12-011 step=execute
[build-sticker-candidates] chapter=12 pass=2 sticker=SL-12-011 step=evaluate
[build-sticker-candidates] chapter=12 pass=2 sticker=SL-12-011 step=preflight
[build-sticker-candidates] chapter=12 pass=2 sticker=SL-12-011 step=download
[build-sticker-candidates] chapter=12 pass=2 sticker=SL-12-011 step=crop
[build-sticker-candidates] chapter=12 pass=2 sticker=SL-12-011 done chapter_downloaded=0 batch=0
[build-sticker-candidates] chapter=12 pass=2 sticker=SL-12-012 step=search processed=361 downloaded=10
[build-sticker-candidates] chapter=12 pass=2 sticker=SL-12-012 step=execute
[build-sticker-candidates] chapter=12 pass=2 sticker=SL-12-012 step=evaluate
[build-sticker-candidates] chapter=12 pass=2 sticker=SL-12-012 step=preflight
[build-sticker-candidates] chapter=12 pass=2 sticker=SL-12-012 step=download
[build-sticker-candidates] chapter=12 pass=2 sticker=SL-12-012 step=crop
[build-sticker-candidates] chapter=12 pass=2 sticker=SL-12-012 done chapter_downloaded=0 batch=0
[build-sticker-candidates] warning=no_download_progress_after_full_passes chapter=12 title=Del sufrimiento a la gloria 2012/2013 passes_completed=2 downloaded_total=0
[build-sticker-candidates] chapter=13 title=Libertadores 2014 target=10
[build-sticker-candidates] chapter=13 pass=1 sticker=SL-13-010 step=search processed=362 downloaded=10
[build-sticker-candidates] chapter=13 pass=1 sticker=SL-13-010 step=execute
[build-sticker-candidates] chapter=13 pass=1 sticker=SL-13-010 step=evaluate
[build-sticker-candidates] chapter=13 pass=1 sticker=SL-13-010 step=preflight
[build-sticker-candidates] chapter=13 pass=1 sticker=SL-13-010 step=download
[build-sticker-candidates] chapter=13 pass=1 sticker=SL-13-010 step=crop
[build-sticker-candidates] chapter=13 pass=1 sticker=SL-13-010 done chapter_downloaded=0 batch=0
[build-sticker-candidates] chapter=13 pass=1 sticker=SL-13-034 step=search processed=363 downloaded=10
[build-sticker-candidates] chapter=13 pass=1 sticker=SL-13-034 step=execute
[build-sticker-candidates] chapter=13 pass=1 sticker=SL-13-034 step=evaluate
[build-sticker-candidates] chapter=13 pass=1 sticker=SL-13-034 step=preflight
[build-sticker-candidates] chapter=13 pass=1 sticker=SL-13-034 step=download
[build-sticker-candidates] chapter=13 pass=1 sticker=SL-13-034 step=crop
[build-sticker-candidates] chapter=13 pass=1 sticker=SL-13-034 done chapter_downloaded=0 batch=0
[build-sticker-candidates] chapter=13 pass=1 sticker=SL-13-022 step=search processed=364 downloaded=10
[build-sticker-candidates] chapter=13 pass=1 sticker=SL-13-022 step=execute
[build-sticker-candidates] chapter=13 pass=1 sticker=SL-13-022 step=evaluate
[build-sticker-candidates] chapter=13 pass=1 sticker=SL-13-022 step=preflight
[build-sticker-candidates] chapter=13 pass=1 sticker=SL-13-022 step=download
[build-sticker-candidates] chapter=13 pass=1 sticker=SL-13-022 step=crop
[build-sticker-candidates] chapter=13 pass=1 sticker=SL-13-022 done chapter_downloaded=1 batch=1
[build-sticker-candidates] chapter=13 pass=1 sticker=SL-13-024 step=search processed=365 downloaded=11
[build-sticker-candidates] chapter=13 pass=1 sticker=SL-13-024 step=execute
[build-sticker-candidates] chapter=13 pass=1 sticker=SL-13-024 step=evaluate
[build-sticker-candidates] chapter=13 pass=1 sticker=SL-13-024 step=preflight
[build-sticker-candidates] chapter=13 pass=1 sticker=SL-13-024 step=download
[build-sticker-candidates] chapter=13 pass=1 sticker=SL-13-024 step=crop
[build-sticker-candidates] chapter=13 pass=1 sticker=SL-13-024 done chapter_downloaded=1 batch=0
[build-sticker-candidates] chapter=13 pass=1 sticker=SL-13-030 step=search processed=366 downloaded=11
[build-sticker-candidates] chapter=13 pass=1 sticker=SL-13-030 step=execute
[build-sticker-candidates] chapter=13 pass=1 sticker=SL-13-030 step=evaluate
[build-sticker-candidates] chapter=13 pass=1 sticker=SL-13-030 step=preflight
[build-sticker-candidates] chapter=13 pass=1 sticker=SL-13-030 step=download
[build-sticker-candidates] chapter=13 pass=1 sticker=SL-13-030 step=crop
[build-sticker-candidates] chapter=13 pass=1 sticker=SL-13-030 done chapter_downloaded=1 batch=0
[build-sticker-candidates] chapter=13 pass=1 sticker=SL-13-035 step=search processed=367 downloaded=11
[build-sticker-candidates] chapter=13 pass=1 sticker=SL-13-035 step=execute
[build-sticker-candidates] chapter=13 pass=1 sticker=SL-13-035 step=evaluate
[build-sticker-candidates] chapter=13 pass=1 sticker=SL-13-035 step=preflight
[build-sticker-candidates] chapter=13 pass=1 sticker=SL-13-035 step=download
[build-sticker-candidates] chapter=13 pass=1 sticker=SL-13-035 step=crop
[build-sticker-candidates] chapter=13 pass=1 sticker=SL-13-035 done chapter_downloaded=1 batch=0
[build-sticker-candidates] chapter=13 pass=1 sticker=SL-13-036 step=search processed=368 downloaded=11
[build-sticker-candidates] chapter=13 pass=1 sticker=SL-13-036 step=execute
[build-sticker-candidates] chapter=13 pass=1 sticker=SL-13-036 step=evaluate
[build-sticker-candidates] chapter=13 pass=1 sticker=SL-13-036 step=preflight
[build-sticker-candidates] chapter=13 pass=1 sticker=SL-13-036 step=download
[build-sticker-candidates] chapter=13 pass=1 sticker=SL-13-036 step=crop
[build-sticker-candidates] chapter=13 pass=1 sticker=SL-13-036 done chapter_downloaded=1 batch=0
[build-sticker-candidates] chapter=13 pass=1 sticker=SL-13-037 step=search processed=369 downloaded=11
[build-sticker-candidates] chapter=13 pass=1 sticker=SL-13-037 step=execute
[build-sticker-candidates] chapter=13 pass=1 sticker=SL-13-037 step=evaluate
[build-sticker-candidates] chapter=13 pass=1 sticker=SL-13-037 step=preflight
[build-sticker-candidates] chapter=13 pass=1 sticker=SL-13-037 step=download
[build-sticker-candidates] chapter=13 pass=1 sticker=SL-13-037 step=crop
[build-sticker-candidates] chapter=13 pass=1 sticker=SL-13-037 done chapter_downloaded=1 batch=0
[build-sticker-candidates] chapter=13 pass=1 sticker=SL-13-003 step=search processed=370 downloaded=11
[build-sticker-candidates] chapter=13 pass=1 sticker=SL-13-003 step=execute
[build-sticker-candidates] chapter=13 pass=1 sticker=SL-13-003 step=evaluate
[build-sticker-candidates] chapter=13 pass=1 sticker=SL-13-003 step=preflight
[build-sticker-candidates] chapter=13 pass=1 sticker=SL-13-003 step=download
[build-sticker-candidates] chapter=13 pass=1 sticker=SL-13-003 step=crop
[build-sticker-candidates] chapter=13 pass=1 sticker=SL-13-003 done chapter_downloaded=1 batch=0
[build-sticker-candidates] chapter=13 pass=1 sticker=SL-13-006 step=search processed=371 downloaded=11
[build-sticker-candidates] chapter=13 pass=1 sticker=SL-13-006 step=execute
[build-sticker-candidates] chapter=13 pass=1 sticker=SL-13-006 step=evaluate
[build-sticker-candidates] chapter=13 pass=1 sticker=SL-13-006 step=preflight
[build-sticker-candidates] chapter=13 pass=1 sticker=SL-13-006 step=download
[build-sticker-candidates] chapter=13 pass=1 sticker=SL-13-006 step=crop
[build-sticker-candidates] chapter=13 pass=1 sticker=SL-13-006 done chapter_downloaded=1 batch=0
[build-sticker-candidates] chapter=13 pass=2 sticker=SL-13-022 step=search processed=372 downloaded=11
[build-sticker-candidates] chapter=13 pass=2 sticker=SL-13-022 step=execute
[build-sticker-candidates] chapter=13 pass=2 sticker=SL-13-022 step=evaluate
[build-sticker-candidates] chapter=13 pass=2 sticker=SL-13-022 step=preflight
[build-sticker-candidates] chapter=13 pass=2 sticker=SL-13-022 step=download
[build-sticker-candidates] chapter=13 pass=2 sticker=SL-13-022 step=crop
[build-sticker-candidates] chapter=13 pass=2 sticker=SL-13-022 done chapter_downloaded=2 batch=1
[build-sticker-candidates] chapter=13 pass=2 sticker=SL-13-009 step=search processed=373 downloaded=12
[build-sticker-candidates] chapter=13 pass=2 sticker=SL-13-009 step=execute
[build-sticker-candidates] chapter=13 pass=2 sticker=SL-13-009 step=evaluate
[build-sticker-candidates] chapter=13 pass=2 sticker=SL-13-009 step=preflight
[build-sticker-candidates] chapter=13 pass=2 sticker=SL-13-009 step=download
[build-sticker-candidates] chapter=13 pass=2 sticker=SL-13-009 step=crop
[build-sticker-candidates] chapter=13 pass=2 sticker=SL-13-009 done chapter_downloaded=2 batch=0
[build-sticker-candidates] chapter=13 pass=2 sticker=SL-13-027 step=search processed=374 downloaded=12
[build-sticker-candidates] chapter=13 pass=2 sticker=SL-13-027 step=execute
[build-sticker-candidates] chapter=13 pass=2 sticker=SL-13-027 step=evaluate
[build-sticker-candidates] chapter=13 pass=2 sticker=SL-13-027 step=preflight
[build-sticker-candidates] chapter=13 pass=2 sticker=SL-13-027 step=download
[build-sticker-candidates] chapter=13 pass=2 sticker=SL-13-027 step=crop
[build-sticker-candidates] chapter=13 pass=2 sticker=SL-13-027 done chapter_downloaded=2 batch=0
[build-sticker-candidates] chapter=13 pass=2 sticker=SL-13-028 step=search processed=375 downloaded=12
[build-sticker-candidates] chapter=13 pass=2 sticker=SL-13-028 step=execute
[build-sticker-candidates] chapter=13 pass=2 sticker=SL-13-028 step=evaluate
[build-sticker-candidates] chapter=13 pass=2 sticker=SL-13-028 step=preflight
[build-sticker-candidates] chapter=13 pass=2 sticker=SL-13-028 step=download
[build-sticker-candidates] chapter=13 pass=2 sticker=SL-13-028 step=crop
[build-sticker-candidates] chapter=13 pass=2 sticker=SL-13-028 done chapter_downloaded=2 batch=0
[build-sticker-candidates] chapter=13 pass=2 sticker=SL-13-016 step=search processed=376 downloaded=12
[build-sticker-candidates] chapter=13 pass=2 sticker=SL-13-016 step=execute
[build-sticker-candidates] chapter=13 pass=2 sticker=SL-13-016 step=evaluate
[build-sticker-candidates] chapter=13 pass=2 sticker=SL-13-016 step=preflight
[build-sticker-candidates] chapter=13 pass=2 sticker=SL-13-016 step=download
[build-sticker-candidates] chapter=13 pass=2 sticker=SL-13-016 step=crop
[build-sticker-candidates] chapter=13 pass=2 sticker=SL-13-016 done chapter_downloaded=2 batch=0
[build-sticker-candidates] chapter=13 pass=2 sticker=SL-13-019 step=search processed=377 downloaded=12
[build-sticker-candidates] chapter=13 pass=2 sticker=SL-13-019 step=execute
[build-sticker-candidates] chapter=13 pass=2 sticker=SL-13-019 step=evaluate
[build-sticker-candidates] chapter=13 pass=2 sticker=SL-13-019 step=preflight
[build-sticker-candidates] chapter=13 pass=2 sticker=SL-13-019 step=download
[build-sticker-candidates] chapter=13 pass=2 sticker=SL-13-019 step=crop
[build-sticker-candidates] chapter=13 pass=2 sticker=SL-13-019 done chapter_downloaded=2 batch=0
[build-sticker-candidates] chapter=13 pass=2 sticker=SL-13-020 step=search processed=378 downloaded=12
[build-sticker-candidates] chapter=13 pass=2 sticker=SL-13-020 step=execute
[build-sticker-candidates] chapter=13 pass=2 sticker=SL-13-020 step=evaluate
[build-sticker-candidates] chapter=13 pass=2 sticker=SL-13-020 step=preflight
[build-sticker-candidates] chapter=13 pass=2 sticker=SL-13-020 step=download
[build-sticker-candidates] chapter=13 pass=2 sticker=SL-13-020 step=crop
[build-sticker-candidates] chapter=13 pass=2 sticker=SL-13-020 done chapter_downloaded=2 batch=0
[build-sticker-candidates] chapter=13 pass=2 sticker=SL-13-023 step=search processed=379 downloaded=12
[build-sticker-candidates] chapter=13 pass=2 sticker=SL-13-023 step=execute
[build-sticker-candidates] chapter=13 pass=2 sticker=SL-13-023 step=evaluate
[build-sticker-candidates] chapter=13 pass=2 sticker=SL-13-023 step=preflight
[build-sticker-candidates] chapter=13 pass=2 sticker=SL-13-023 step=download
[build-sticker-candidates] chapter=13 pass=2 sticker=SL-13-023 step=crop
[build-sticker-candidates] chapter=13 pass=2 sticker=SL-13-023 done chapter_downloaded=2 batch=0
[build-sticker-candidates] chapter=13 pass=2 sticker=SL-13-025 step=search processed=380 downloaded=12
[build-sticker-candidates] chapter=13 pass=2 sticker=SL-13-025 step=execute
[build-sticker-candidates] chapter=13 pass=2 sticker=SL-13-025 step=evaluate
[build-sticker-candidates] chapter=13 pass=2 sticker=SL-13-025 step=preflight
[build-sticker-candidates] chapter=13 pass=2 sticker=SL-13-025 step=download
[build-sticker-candidates] chapter=13 pass=2 sticker=SL-13-025 step=crop
[build-sticker-candidates] chapter=13 pass=2 sticker=SL-13-025 done chapter_downloaded=2 batch=0
[build-sticker-candidates] chapter=13 pass=2 sticker=SL-13-026 step=search processed=381 downloaded=12
[build-sticker-candidates] chapter=13 pass=2 sticker=SL-13-026 step=execute
[build-sticker-candidates] chapter=13 pass=2 sticker=SL-13-026 step=evaluate
[build-sticker-candidates] chapter=13 pass=2 sticker=SL-13-026 step=preflight
[build-sticker-candidates] chapter=13 pass=2 sticker=SL-13-026 step=download
[build-sticker-candidates] chapter=13 pass=2 sticker=SL-13-026 step=crop
[build-sticker-candidates] chapter=13 pass=2 sticker=SL-13-026 done chapter_downloaded=2 batch=0
[build-sticker-candidates] chapter=13 pass=3 sticker=SL-13-022 step=search processed=382 downloaded=12
[build-sticker-candidates] chapter=13 pass=3 sticker=SL-13-022 step=execute
[build-sticker-candidates] chapter=13 pass=3 sticker=SL-13-022 step=evaluate
[build-sticker-candidates] chapter=13 pass=3 sticker=SL-13-022 step=preflight
[build-sticker-candidates] chapter=13 pass=3 sticker=SL-13-022 step=download
[build-sticker-candidates] chapter=13 pass=3 sticker=SL-13-022 step=crop
[build-sticker-candidates] chapter=13 pass=3 sticker=SL-13-022 done chapter_downloaded=3 batch=1
[build-sticker-candidates] chapter=13 pass=3 sticker=SL-13-010 step=search processed=383 downloaded=13
[build-sticker-candidates] chapter=13 pass=3 sticker=SL-13-010 step=execute
[build-sticker-candidates] chapter=13 pass=3 sticker=SL-13-010 step=evaluate
[build-sticker-candidates] chapter=13 pass=3 sticker=SL-13-010 step=preflight
[build-sticker-candidates] chapter=13 pass=3 sticker=SL-13-010 step=download
[build-sticker-candidates] chapter=13 pass=3 sticker=SL-13-010 step=crop
[build-sticker-candidates] chapter=13 pass=3 sticker=SL-13-010 done chapter_downloaded=3 batch=0
[build-sticker-candidates] chapter=13 pass=3 sticker=SL-13-034 step=search processed=384 downloaded=13
[build-sticker-candidates] chapter=13 pass=3 sticker=SL-13-034 step=execute
[build-sticker-candidates] chapter=13 pass=3 sticker=SL-13-034 step=evaluate
[build-sticker-candidates] chapter=13 pass=3 sticker=SL-13-034 step=preflight
[build-sticker-candidates] chapter=13 pass=3 sticker=SL-13-034 step=download
[build-sticker-candidates] chapter=13 pass=3 sticker=SL-13-034 step=crop
[build-sticker-candidates] chapter=13 pass=3 sticker=SL-13-034 done chapter_downloaded=3 batch=0
[build-sticker-candidates] chapter=13 pass=3 sticker=SL-13-024 step=search processed=385 downloaded=13
[build-sticker-candidates] chapter=13 pass=3 sticker=SL-13-024 step=execute
[build-sticker-candidates] chapter=13 pass=3 sticker=SL-13-024 step=evaluate
[build-sticker-candidates] chapter=13 pass=3 sticker=SL-13-024 step=preflight
[build-sticker-candidates] chapter=13 pass=3 sticker=SL-13-024 step=download
[build-sticker-candidates] chapter=13 pass=3 sticker=SL-13-024 step=crop
[build-sticker-candidates] chapter=13 pass=3 sticker=SL-13-024 done chapter_downloaded=3 batch=0
[build-sticker-candidates] chapter=13 pass=3 sticker=SL-13-030 step=search processed=386 downloaded=13
[build-sticker-candidates] chapter=13 pass=3 sticker=SL-13-030 step=execute
[build-sticker-candidates] chapter=13 pass=3 sticker=SL-13-030 step=evaluate
[build-sticker-candidates] chapter=13 pass=3 sticker=SL-13-030 step=preflight
[build-sticker-candidates] chapter=13 pass=3 sticker=SL-13-030 step=download
[build-sticker-candidates] chapter=13 pass=3 sticker=SL-13-030 step=crop
[build-sticker-candidates] chapter=13 pass=3 sticker=SL-13-030 done chapter_downloaded=3 batch=0
[build-sticker-candidates] chapter=13 pass=3 sticker=SL-13-035 step=search processed=387 downloaded=13
[build-sticker-candidates] chapter=13 pass=3 sticker=SL-13-035 step=execute
[build-sticker-candidates] chapter=13 pass=3 sticker=SL-13-035 step=evaluate
[build-sticker-candidates] chapter=13 pass=3 sticker=SL-13-035 step=preflight
[build-sticker-candidates] chapter=13 pass=3 sticker=SL-13-035 step=download
[build-sticker-candidates] chapter=13 pass=3 sticker=SL-13-035 step=crop
[build-sticker-candidates] chapter=13 pass=3 sticker=SL-13-035 done chapter_downloaded=3 batch=0
[build-sticker-candidates] chapter=13 pass=3 sticker=SL-13-036 step=search processed=388 downloaded=13
[build-sticker-candidates] chapter=13 pass=3 sticker=SL-13-036 step=execute
[build-sticker-candidates] chapter=13 pass=3 sticker=SL-13-036 step=evaluate
[build-sticker-candidates] chapter=13 pass=3 sticker=SL-13-036 step=preflight
[build-sticker-candidates] chapter=13 pass=3 sticker=SL-13-036 step=download
[build-sticker-candidates] chapter=13 pass=3 sticker=SL-13-036 step=crop
[build-sticker-candidates] chapter=13 pass=3 sticker=SL-13-036 done chapter_downloaded=3 batch=0
[build-sticker-candidates] chapter=13 pass=3 sticker=SL-13-037 step=search processed=389 downloaded=13
[build-sticker-candidates] chapter=13 pass=3 sticker=SL-13-037 step=execute
[build-sticker-candidates] chapter=13 pass=3 sticker=SL-13-037 step=evaluate
[build-sticker-candidates] chapter=13 pass=3 sticker=SL-13-037 step=preflight
[build-sticker-candidates] chapter=13 pass=3 sticker=SL-13-037 step=download
[build-sticker-candidates] chapter=13 pass=3 sticker=SL-13-037 step=crop
[build-sticker-candidates] chapter=13 pass=3 sticker=SL-13-037 done chapter_downloaded=3 batch=0
[build-sticker-candidates] chapter=13 pass=3 sticker=SL-13-003 step=search processed=390 downloaded=13
[build-sticker-candidates] chapter=13 pass=3 sticker=SL-13-003 step=execute
[build-sticker-candidates] chapter=13 pass=3 sticker=SL-13-003 step=evaluate
[build-sticker-candidates] chapter=13 pass=3 sticker=SL-13-003 step=preflight
[build-sticker-candidates] chapter=13 pass=3 sticker=SL-13-003 step=download
[build-sticker-candidates] chapter=13 pass=3 sticker=SL-13-003 step=crop
[build-sticker-candidates] chapter=13 pass=3 sticker=SL-13-003 done chapter_downloaded=3 batch=0
[build-sticker-candidates] chapter=13 pass=3 sticker=SL-13-006 step=search processed=391 downloaded=13
[build-sticker-candidates] chapter=13 pass=3 sticker=SL-13-006 step=execute
[build-sticker-candidates] chapter=13 pass=3 sticker=SL-13-006 step=evaluate
[build-sticker-candidates] chapter=13 pass=3 sticker=SL-13-006 step=preflight
[build-sticker-candidates] chapter=13 pass=3 sticker=SL-13-006 step=download
[build-sticker-candidates] chapter=13 pass=3 sticker=SL-13-006 step=crop
[build-sticker-candidates] chapter=13 pass=3 sticker=SL-13-006 done chapter_downloaded=3 batch=0
[build-sticker-candidates] chapter=13 pass=4 sticker=SL-13-022 step=search processed=392 downloaded=13
[build-sticker-candidates] chapter=13 pass=4 sticker=SL-13-022 step=execute
[build-sticker-candidates] chapter=13 pass=4 sticker=SL-13-022 step=evaluate
[build-sticker-candidates] chapter=13 pass=4 sticker=SL-13-022 step=preflight
[build-sticker-candidates] chapter=13 pass=4 sticker=SL-13-022 step=download
[build-sticker-candidates] chapter=13 pass=4 sticker=SL-13-022 step=crop
[build-sticker-candidates] chapter=13 pass=4 sticker=SL-13-022 done chapter_downloaded=4 batch=1
[build-sticker-candidates] chapter=13 pass=4 sticker=SL-13-009 step=search processed=393 downloaded=14
[build-sticker-candidates] chapter=13 pass=4 sticker=SL-13-009 step=execute
[build-sticker-candidates] chapter=13 pass=4 sticker=SL-13-009 step=evaluate
[build-sticker-candidates] chapter=13 pass=4 sticker=SL-13-009 step=preflight
[build-sticker-candidates] chapter=13 pass=4 sticker=SL-13-009 step=download
[build-sticker-candidates] chapter=13 pass=4 sticker=SL-13-009 step=crop
[build-sticker-candidates] chapter=13 pass=4 sticker=SL-13-009 done chapter_downloaded=4 batch=0
[build-sticker-candidates] chapter=13 pass=4 sticker=SL-13-027 step=search processed=394 downloaded=14
[build-sticker-candidates] chapter=13 pass=4 sticker=SL-13-027 step=execute
[build-sticker-candidates] chapter=13 pass=4 sticker=SL-13-027 step=evaluate
[build-sticker-candidates] chapter=13 pass=4 sticker=SL-13-027 step=preflight
[build-sticker-candidates] chapter=13 pass=4 sticker=SL-13-027 step=download
[build-sticker-candidates] chapter=13 pass=4 sticker=SL-13-027 step=crop
[build-sticker-candidates] chapter=13 pass=4 sticker=SL-13-027 done chapter_downloaded=4 batch=0
[build-sticker-candidates] chapter=13 pass=4 sticker=SL-13-028 step=search processed=395 downloaded=14
[build-sticker-candidates] chapter=13 pass=4 sticker=SL-13-028 step=execute
[build-sticker-candidates] chapter=13 pass=4 sticker=SL-13-028 step=evaluate
[build-sticker-candidates] chapter=13 pass=4 sticker=SL-13-028 step=preflight
[build-sticker-candidates] chapter=13 pass=4 sticker=SL-13-028 step=download
[build-sticker-candidates] chapter=13 pass=4 sticker=SL-13-028 step=crop
[build-sticker-candidates] chapter=13 pass=4 sticker=SL-13-028 done chapter_downloaded=4 batch=0
[build-sticker-candidates] chapter=13 pass=4 sticker=SL-13-033 step=search processed=396 downloaded=14
[build-sticker-candidates] chapter=13 pass=4 sticker=SL-13-033 step=execute
[build-sticker-candidates] chapter=13 pass=4 sticker=SL-13-033 step=evaluate
[build-sticker-candidates] chapter=13 pass=4 sticker=SL-13-033 step=preflight
[build-sticker-candidates] chapter=13 pass=4 sticker=SL-13-033 step=download
[build-sticker-candidates] chapter=13 pass=4 sticker=SL-13-033 step=crop
[build-sticker-candidates] chapter=13 pass=4 sticker=SL-13-033 done chapter_downloaded=4 batch=0
[build-sticker-candidates] chapter=13 pass=4 sticker=SL-13-038 step=search processed=397 downloaded=14
[build-sticker-candidates] chapter=13 pass=4 sticker=SL-13-038 step=execute
[build-sticker-candidates] chapter=13 pass=4 sticker=SL-13-038 step=evaluate
[build-sticker-candidates] chapter=13 pass=4 sticker=SL-13-038 step=preflight
[build-sticker-candidates] chapter=13 pass=4 sticker=SL-13-038 step=download
[build-sticker-candidates] chapter=13 pass=4 sticker=SL-13-038 step=crop
[build-sticker-candidates] chapter=13 pass=4 sticker=SL-13-038 done chapter_downloaded=4 batch=0
[build-sticker-candidates] chapter=13 pass=4 sticker=SL-13-039 step=search processed=398 downloaded=14
[build-sticker-candidates] chapter=13 pass=4 sticker=SL-13-039 step=execute
[build-sticker-candidates] chapter=13 pass=4 sticker=SL-13-039 step=evaluate
[build-sticker-candidates] chapter=13 pass=4 sticker=SL-13-039 step=preflight
[build-sticker-candidates] chapter=13 pass=4 sticker=SL-13-039 step=download
[build-sticker-candidates] chapter=13 pass=4 sticker=SL-13-039 step=crop
[build-sticker-candidates] chapter=13 pass=4 sticker=SL-13-039 done chapter_downloaded=4 batch=0
[build-sticker-candidates] chapter=13 pass=4 sticker=SL-13-040 step=search processed=399 downloaded=14
[build-sticker-candidates] chapter=13 pass=4 sticker=SL-13-040 step=execute
[build-sticker-candidates] chapter=13 pass=4 sticker=SL-13-040 step=evaluate
[build-sticker-candidates] chapter=13 pass=4 sticker=SL-13-040 step=preflight
[build-sticker-candidates] chapter=13 pass=4 sticker=SL-13-040 step=download
[build-sticker-candidates] chapter=13 pass=4 sticker=SL-13-040 step=crop
[build-sticker-candidates] chapter=13 pass=4 sticker=SL-13-040 done chapter_downloaded=4 batch=0
[build-sticker-candidates] chapter=13 pass=4 sticker=SL-13-002 step=search processed=400 downloaded=14
[build-sticker-candidates] chapter=13 pass=4 sticker=SL-13-002 step=execute
[build-sticker-candidates] chapter=13 pass=4 sticker=SL-13-002 step=evaluate
[build-sticker-candidates] chapter=13 pass=4 sticker=SL-13-002 step=preflight
[build-sticker-candidates] chapter=13 pass=4 sticker=SL-13-002 step=download
[build-sticker-candidates] chapter=13 pass=4 sticker=SL-13-002 step=crop
[build-sticker-candidates] chapter=13 pass=4 sticker=SL-13-002 done chapter_downloaded=4 batch=0
[build-sticker-candidates] chapter=13 pass=4 sticker=SL-13-004 step=search processed=401 downloaded=14
[build-sticker-candidates] chapter=13 pass=4 sticker=SL-13-004 step=execute
[build-sticker-candidates] chapter=13 pass=4 sticker=SL-13-004 step=evaluate
[build-sticker-candidates] chapter=13 pass=4 sticker=SL-13-004 step=preflight
[build-sticker-candidates] chapter=13 pass=4 sticker=SL-13-004 step=download
[build-sticker-candidates] chapter=13 pass=4 sticker=SL-13-004 step=crop
[build-sticker-candidates] chapter=13 pass=4 sticker=SL-13-004 done chapter_downloaded=4 batch=0
[build-sticker-candidates] chapter=13 pass=5 sticker=SL-13-022 step=search processed=402 downloaded=14
[build-sticker-candidates] chapter=13 pass=5 sticker=SL-13-022 step=execute
[build-sticker-candidates] chapter=13 pass=5 sticker=SL-13-022 step=evaluate
[build-sticker-candidates] chapter=13 pass=5 sticker=SL-13-022 step=preflight
[build-sticker-candidates] chapter=13 pass=5 sticker=SL-13-022 step=download
[build-sticker-candidates] chapter=13 pass=5 sticker=SL-13-022 step=crop
[build-sticker-candidates] chapter=13 pass=5 sticker=SL-13-022 done chapter_downloaded=4 batch=0
[build-sticker-candidates] chapter=13 pass=5 sticker=SL-13-016 step=search processed=403 downloaded=14
[build-sticker-candidates] chapter=13 pass=5 sticker=SL-13-016 step=execute
[build-sticker-candidates] chapter=13 pass=5 sticker=SL-13-016 step=evaluate
[build-sticker-candidates] chapter=13 pass=5 sticker=SL-13-016 step=preflight
[build-sticker-candidates] chapter=13 pass=5 sticker=SL-13-016 step=download
[build-sticker-candidates] chapter=13 pass=5 sticker=SL-13-016 step=crop
[build-sticker-candidates] chapter=13 pass=5 sticker=SL-13-016 done chapter_downloaded=4 batch=0
[build-sticker-candidates] chapter=13 pass=5 sticker=SL-13-019 step=search processed=404 downloaded=14
[build-sticker-candidates] chapter=13 pass=5 sticker=SL-13-019 step=execute
[build-sticker-candidates] chapter=13 pass=5 sticker=SL-13-019 step=evaluate
[build-sticker-candidates] chapter=13 pass=5 sticker=SL-13-019 step=preflight
[build-sticker-candidates] chapter=13 pass=5 sticker=SL-13-019 step=download
[build-sticker-candidates] chapter=13 pass=5 sticker=SL-13-019 step=crop
[build-sticker-candidates] chapter=13 pass=5 sticker=SL-13-019 done chapter_downloaded=4 batch=0
[build-sticker-candidates] chapter=13 pass=5 sticker=SL-13-020 step=search processed=405 downloaded=14
[build-sticker-candidates] chapter=13 pass=5 sticker=SL-13-020 step=execute
[build-sticker-candidates] chapter=13 pass=5 sticker=SL-13-020 step=evaluate
[build-sticker-candidates] chapter=13 pass=5 sticker=SL-13-020 step=preflight
[build-sticker-candidates] chapter=13 pass=5 sticker=SL-13-020 step=download
[build-sticker-candidates] chapter=13 pass=5 sticker=SL-13-020 step=crop
[build-sticker-candidates] chapter=13 pass=5 sticker=SL-13-020 done chapter_downloaded=4 batch=0
[build-sticker-candidates] chapter=13 pass=5 sticker=SL-13-023 step=search processed=406 downloaded=14
[build-sticker-candidates] chapter=13 pass=5 sticker=SL-13-023 step=execute
[build-sticker-candidates] chapter=13 pass=5 sticker=SL-13-023 step=evaluate
[build-sticker-candidates] chapter=13 pass=5 sticker=SL-13-023 step=preflight
[build-sticker-candidates] chapter=13 pass=5 sticker=SL-13-023 step=download
[build-sticker-candidates] chapter=13 pass=5 sticker=SL-13-023 step=crop
[build-sticker-candidates] chapter=13 pass=5 sticker=SL-13-023 done chapter_downloaded=4 batch=0
[build-sticker-candidates] chapter=13 pass=5 sticker=SL-13-025 step=search processed=407 downloaded=14
[build-sticker-candidates] chapter=13 pass=5 sticker=SL-13-025 step=execute
[build-sticker-candidates] chapter=13 pass=5 sticker=SL-13-025 step=evaluate
[build-sticker-candidates] chapter=13 pass=5 sticker=SL-13-025 step=preflight
[build-sticker-candidates] chapter=13 pass=5 sticker=SL-13-025 step=download
[build-sticker-candidates] chapter=13 pass=5 sticker=SL-13-025 step=crop
[build-sticker-candidates] chapter=13 pass=5 sticker=SL-13-025 done chapter_downloaded=4 batch=0
[build-sticker-candidates] chapter=13 pass=5 sticker=SL-13-026 step=search processed=408 downloaded=14
[build-sticker-candidates] chapter=13 pass=5 sticker=SL-13-026 step=execute
[build-sticker-candidates] chapter=13 pass=5 sticker=SL-13-026 step=evaluate
[build-sticker-candidates] chapter=13 pass=5 sticker=SL-13-026 step=preflight
[build-sticker-candidates] chapter=13 pass=5 sticker=SL-13-026 step=download
[build-sticker-candidates] chapter=13 pass=5 sticker=SL-13-026 step=crop
[build-sticker-candidates] chapter=13 pass=5 sticker=SL-13-026 done chapter_downloaded=4 batch=0
[build-sticker-candidates] chapter=13 pass=5 sticker=SL-13-011 step=search processed=409 downloaded=14
[build-sticker-candidates] chapter=13 pass=5 sticker=SL-13-011 step=execute
[build-sticker-candidates] chapter=13 pass=5 sticker=SL-13-011 step=evaluate
[build-sticker-candidates] chapter=13 pass=5 sticker=SL-13-011 step=preflight
[build-sticker-candidates] chapter=13 pass=5 sticker=SL-13-011 step=download
[build-sticker-candidates] chapter=13 pass=5 sticker=SL-13-011 step=crop
[build-sticker-candidates] chapter=13 pass=5 sticker=SL-13-011 done chapter_downloaded=4 batch=0
[build-sticker-candidates] chapter=13 pass=5 sticker=SL-13-015 step=search processed=410 downloaded=14
[build-sticker-candidates] chapter=13 pass=5 sticker=SL-13-015 step=execute
[build-sticker-candidates] chapter=13 pass=5 sticker=SL-13-015 step=evaluate
[build-sticker-candidates] chapter=13 pass=5 sticker=SL-13-015 step=preflight
[build-sticker-candidates] chapter=13 pass=5 sticker=SL-13-015 step=download
[build-sticker-candidates] chapter=13 pass=5 sticker=SL-13-015 step=crop
[build-sticker-candidates] chapter=13 pass=5 sticker=SL-13-015 done chapter_downloaded=4 batch=0
[build-sticker-candidates] chapter=13 pass=5 sticker=SL-13-018 step=search processed=411 downloaded=14
[build-sticker-candidates] chapter=13 pass=5 sticker=SL-13-018 step=execute
[build-sticker-candidates] chapter=13 pass=5 sticker=SL-13-018 step=evaluate
[build-sticker-candidates] chapter=13 pass=5 sticker=SL-13-018 step=preflight
[build-sticker-candidates] chapter=13 pass=5 sticker=SL-13-018 step=download
[build-sticker-candidates] chapter=13 pass=5 sticker=SL-13-018 step=crop
[build-sticker-candidates] chapter=13 pass=5 sticker=SL-13-018 done chapter_downloaded=4 batch=0
[build-sticker-candidates] chapter=13 pass=6 sticker=SL-13-039 step=search processed=412 downloaded=14
[build-sticker-candidates] chapter=13 pass=6 sticker=SL-13-039 step=execute
[build-sticker-candidates] chapter=13 pass=6 sticker=SL-13-039 step=evaluate
[build-sticker-candidates] chapter=13 pass=6 sticker=SL-13-039 step=preflight
[build-sticker-candidates] chapter=13 pass=6 sticker=SL-13-039 step=download
[build-sticker-candidates] chapter=13 pass=6 sticker=SL-13-039 step=crop
[build-sticker-candidates] chapter=13 pass=6 sticker=SL-13-039 done chapter_downloaded=4 batch=0
[build-sticker-candidates] chapter=13 pass=6 sticker=SL-13-040 step=search processed=413 downloaded=14
[build-sticker-candidates] chapter=13 pass=6 sticker=SL-13-040 step=execute
[build-sticker-candidates] chapter=13 pass=6 sticker=SL-13-040 step=evaluate
[build-sticker-candidates] chapter=13 pass=6 sticker=SL-13-040 step=preflight
[build-sticker-candidates] chapter=13 pass=6 sticker=SL-13-040 step=download
[build-sticker-candidates] chapter=13 pass=6 sticker=SL-13-040 step=crop
[build-sticker-candidates] chapter=13 pass=6 sticker=SL-13-040 done chapter_downloaded=4 batch=0
[build-sticker-candidates] chapter=13 pass=6 sticker=SL-13-005 step=search processed=414 downloaded=14
[build-sticker-candidates] chapter=13 pass=6 sticker=SL-13-005 step=execute
[build-sticker-candidates] chapter=13 pass=6 sticker=SL-13-005 step=evaluate
[build-sticker-candidates] chapter=13 pass=6 sticker=SL-13-005 step=preflight
[build-sticker-candidates] chapter=13 pass=6 sticker=SL-13-005 step=download
[build-sticker-candidates] chapter=13 pass=6 sticker=SL-13-005 step=crop
[build-sticker-candidates] chapter=13 pass=6 sticker=SL-13-005 done chapter_downloaded=4 batch=0
[build-sticker-candidates] chapter=13 pass=6 sticker=SL-13-012 step=search processed=415 downloaded=14
[build-sticker-candidates] chapter=13 pass=6 sticker=SL-13-012 step=execute
[build-sticker-candidates] chapter=13 pass=6 sticker=SL-13-012 step=evaluate
[build-sticker-candidates] chapter=13 pass=6 sticker=SL-13-012 step=preflight
[build-sticker-candidates] chapter=13 pass=6 sticker=SL-13-012 step=download
[build-sticker-candidates] chapter=13 pass=6 sticker=SL-13-012 step=crop
[build-sticker-candidates] chapter=13 pass=6 sticker=SL-13-012 done chapter_downloaded=4 batch=0
[build-sticker-candidates] chapter=13 pass=6 sticker=SL-13-013 step=search processed=416 downloaded=14
[build-sticker-candidates] chapter=13 pass=6 sticker=SL-13-013 step=execute
[build-sticker-candidates] chapter=13 pass=6 sticker=SL-13-013 step=evaluate
[build-sticker-candidates] chapter=13 pass=6 sticker=SL-13-013 step=preflight
[build-sticker-candidates] chapter=13 pass=6 sticker=SL-13-013 step=download
[build-sticker-candidates] chapter=13 pass=6 sticker=SL-13-013 step=crop
[build-sticker-candidates] chapter=13 pass=6 sticker=SL-13-013 done chapter_downloaded=4 batch=0
[build-sticker-candidates] chapter=13 pass=6 sticker=SL-13-014 step=search processed=417 downloaded=14
[build-sticker-candidates] chapter=13 pass=6 sticker=SL-13-014 step=execute
[build-sticker-candidates] chapter=13 pass=6 sticker=SL-13-014 step=evaluate
[build-sticker-candidates] chapter=13 pass=6 sticker=SL-13-014 step=preflight
[build-sticker-candidates] chapter=13 pass=6 sticker=SL-13-014 step=download
[build-sticker-candidates] chapter=13 pass=6 sticker=SL-13-014 step=crop
[build-sticker-candidates] chapter=13 pass=6 sticker=SL-13-014 done chapter_downloaded=4 batch=0
[build-sticker-candidates] chapter=13 pass=6 sticker=SL-13-002 step=search processed=418 downloaded=14
[build-sticker-candidates] chapter=13 pass=6 sticker=SL-13-002 step=execute
[build-sticker-candidates] chapter=13 pass=6 sticker=SL-13-002 step=evaluate
[build-sticker-candidates] chapter=13 pass=6 sticker=SL-13-002 step=preflight
[build-sticker-candidates] chapter=13 pass=6 sticker=SL-13-002 step=download
[build-sticker-candidates] chapter=13 pass=6 sticker=SL-13-002 step=crop
[build-sticker-candidates] chapter=13 pass=6 sticker=SL-13-002 done chapter_downloaded=4 batch=0
[build-sticker-candidates] chapter=13 pass=6 sticker=SL-13-004 step=search processed=419 downloaded=14
[build-sticker-candidates] chapter=13 pass=6 sticker=SL-13-004 step=execute
[build-sticker-candidates] chapter=13 pass=6 sticker=SL-13-004 step=evaluate
[build-sticker-candidates] chapter=13 pass=6 sticker=SL-13-004 step=preflight
[build-sticker-candidates] chapter=13 pass=6 sticker=SL-13-004 step=download
[build-sticker-candidates] chapter=13 pass=6 sticker=SL-13-004 step=crop
[build-sticker-candidates] chapter=13 pass=6 sticker=SL-13-004 done chapter_downloaded=4 batch=0
[build-sticker-candidates] chapter=13 pass=6 sticker=SL-13-021 step=search processed=420 downloaded=14
[build-sticker-candidates] chapter=13 pass=6 sticker=SL-13-021 step=execute
[build-sticker-candidates] chapter=13 pass=6 sticker=SL-13-021 step=evaluate
[build-sticker-candidates] chapter=13 pass=6 sticker=SL-13-021 step=preflight
[build-sticker-candidates] chapter=13 pass=6 sticker=SL-13-021 step=download
[build-sticker-candidates] chapter=13 pass=6 sticker=SL-13-021 step=crop
[build-sticker-candidates] chapter=13 pass=6 sticker=SL-13-021 done chapter_downloaded=4 batch=0
[build-sticker-candidates] chapter=13 pass=6 sticker=SL-13-029 step=search processed=421 downloaded=14
[build-sticker-candidates] chapter=13 pass=6 sticker=SL-13-029 step=execute
[build-sticker-candidates] chapter=13 pass=6 sticker=SL-13-029 step=evaluate
[build-sticker-candidates] chapter=13 pass=6 sticker=SL-13-029 step=preflight
[build-sticker-candidates] chapter=13 pass=6 sticker=SL-13-029 step=download
[build-sticker-candidates] chapter=13 pass=6 sticker=SL-13-029 step=crop
[build-sticker-candidates] chapter=13 pass=6 sticker=SL-13-029 done chapter_downloaded=4 batch=0
[build-sticker-candidates] warning=no_download_progress_after_full_passes chapter=13 title=Libertadores 2014 passes_completed=6 downloaded_total=4
[build-sticker-candidates] chapter=14 title=Supercopa y años recientes target=10
[build-sticker-candidates] chapter=14 pass=1 sticker=SL-14-022 step=search processed=422 downloaded=14
[build-sticker-candidates] chapter=14 pass=1 sticker=SL-14-022 step=execute
[build-sticker-candidates] chapter=14 pass=1 sticker=SL-14-022 step=evaluate
[build-sticker-candidates] chapter=14 pass=1 sticker=SL-14-022 step=preflight
[build-sticker-candidates] chapter=14 pass=1 sticker=SL-14-022 step=download
[build-sticker-candidates] chapter=14 pass=1 sticker=SL-14-022 step=crop
[build-sticker-candidates] chapter=14 pass=1 sticker=SL-14-022 done chapter_downloaded=0 batch=0
[build-sticker-candidates] chapter=14 pass=1 sticker=SL-14-004 step=search processed=423 downloaded=14
[build-sticker-candidates] chapter=14 pass=1 sticker=SL-14-004 step=execute
[build-sticker-candidates] chapter=14 pass=1 sticker=SL-14-004 step=evaluate
[build-sticker-candidates] chapter=14 pass=1 sticker=SL-14-004 step=preflight
[build-sticker-candidates] chapter=14 pass=1 sticker=SL-14-004 step=download
[build-sticker-candidates] chapter=14 pass=1 sticker=SL-14-004 step=crop
[build-sticker-candidates] chapter=14 pass=1 sticker=SL-14-004 done chapter_downloaded=0 batch=0
[build-sticker-candidates] chapter=14 pass=1 sticker=SL-14-003 step=search processed=424 downloaded=14
[build-sticker-candidates] chapter=14 pass=1 sticker=SL-14-003 step=execute
[build-sticker-candidates] chapter=14 pass=1 sticker=SL-14-003 step=evaluate
[build-sticker-candidates] chapter=14 pass=1 sticker=SL-14-003 step=preflight
[build-sticker-candidates] chapter=14 pass=1 sticker=SL-14-003 step=download
[build-sticker-candidates] chapter=14 pass=1 sticker=SL-14-003 step=crop
[build-sticker-candidates] chapter=14 pass=1 sticker=SL-14-003 done chapter_downloaded=0 batch=0
[build-sticker-candidates] chapter=14 pass=1 sticker=SL-14-010 step=search processed=425 downloaded=14
[build-sticker-candidates] chapter=14 pass=1 sticker=SL-14-010 step=execute
[build-sticker-candidates] chapter=14 pass=1 sticker=SL-14-010 step=evaluate
[build-sticker-candidates] chapter=14 pass=1 sticker=SL-14-010 step=preflight
[build-sticker-candidates] chapter=14 pass=1 sticker=SL-14-010 step=download
[build-sticker-candidates] chapter=14 pass=1 sticker=SL-14-010 step=crop
[build-sticker-candidates] chapter=14 pass=1 sticker=SL-14-010 done chapter_downloaded=0 batch=0
[build-sticker-candidates] chapter=14 pass=1 sticker=SL-14-008 step=search processed=426 downloaded=14
[build-sticker-candidates] chapter=14 pass=1 sticker=SL-14-008 step=execute
[build-sticker-candidates] chapter=14 pass=1 sticker=SL-14-008 step=evaluate
[build-sticker-candidates] chapter=14 pass=1 sticker=SL-14-008 step=preflight
[build-sticker-candidates] chapter=14 pass=1 sticker=SL-14-008 step=download
[build-sticker-candidates] chapter=14 pass=1 sticker=SL-14-008 step=crop
[build-sticker-candidates] chapter=14 pass=1 sticker=SL-14-008 done chapter_downloaded=0 batch=0
[build-sticker-candidates] chapter=14 pass=1 sticker=SL-14-001 step=search processed=427 downloaded=14
[build-sticker-candidates] chapter=14 pass=1 sticker=SL-14-001 step=execute
[build-sticker-candidates] chapter=14 pass=1 sticker=SL-14-001 step=evaluate
[build-sticker-candidates] chapter=14 pass=1 sticker=SL-14-001 step=preflight
[build-sticker-candidates] chapter=14 pass=1 sticker=SL-14-001 step=download
[build-sticker-candidates] chapter=14 pass=1 sticker=SL-14-001 step=crop
[build-sticker-candidates] chapter=14 pass=1 sticker=SL-14-001 done chapter_downloaded=0 batch=0
[build-sticker-candidates] chapter=14 pass=1 sticker=SL-14-002 step=search processed=428 downloaded=14
[build-sticker-candidates] chapter=14 pass=1 sticker=SL-14-002 step=execute
[build-sticker-candidates] chapter=14 pass=1 sticker=SL-14-002 step=evaluate
[build-sticker-candidates] chapter=14 pass=1 sticker=SL-14-002 step=preflight
[build-sticker-candidates] chapter=14 pass=1 sticker=SL-14-002 step=download
[build-sticker-candidates] chapter=14 pass=1 sticker=SL-14-002 step=crop
[build-sticker-candidates] chapter=14 pass=1 sticker=SL-14-002 done chapter_downloaded=0 batch=0
[build-sticker-candidates] chapter=14 pass=1 sticker=SL-14-005 step=search processed=429 downloaded=14
[build-sticker-candidates] chapter=14 pass=1 sticker=SL-14-005 step=execute
[build-sticker-candidates] chapter=14 pass=1 sticker=SL-14-005 step=evaluate
[build-sticker-candidates] chapter=14 pass=1 sticker=SL-14-005 step=preflight
[build-sticker-candidates] chapter=14 pass=1 sticker=SL-14-005 step=download
[build-sticker-candidates] chapter=14 pass=1 sticker=SL-14-005 step=crop
[build-sticker-candidates] chapter=14 pass=1 sticker=SL-14-005 done chapter_downloaded=0 batch=0
[build-sticker-candidates] chapter=14 pass=1 sticker=SL-14-011 step=search processed=430 downloaded=14
[build-sticker-candidates] chapter=14 pass=1 sticker=SL-14-011 step=execute
[build-sticker-candidates] chapter=14 pass=1 sticker=SL-14-011 step=evaluate
[build-sticker-candidates] chapter=14 pass=1 sticker=SL-14-011 step=preflight
[build-sticker-candidates] chapter=14 pass=1 sticker=SL-14-011 step=download
[build-sticker-candidates] chapter=14 pass=1 sticker=SL-14-011 step=crop
[build-sticker-candidates] chapter=14 pass=1 sticker=SL-14-011 done chapter_downloaded=0 batch=0
[build-sticker-candidates] chapter=14 pass=1 sticker=SL-14-012 step=search processed=431 downloaded=14
[build-sticker-candidates] chapter=14 pass=1 sticker=SL-14-012 step=execute
[build-sticker-candidates] chapter=14 pass=1 sticker=SL-14-012 step=evaluate
[build-sticker-candidates] chapter=14 pass=1 sticker=SL-14-012 step=preflight
[build-sticker-candidates] chapter=14 pass=1 sticker=SL-14-012 step=download
[build-sticker-candidates] chapter=14 pass=1 sticker=SL-14-012 step=crop
[build-sticker-candidates] chapter=14 pass=1 sticker=SL-14-012 done chapter_downloaded=0 batch=0
[build-sticker-candidates] chapter=14 pass=2 sticker=SL-14-002 step=search processed=432 downloaded=14
[build-sticker-candidates] chapter=14 pass=2 sticker=SL-14-002 step=execute
[build-sticker-candidates] chapter=14 pass=2 sticker=SL-14-002 step=evaluate
[build-sticker-candidates] chapter=14 pass=2 sticker=SL-14-002 step=preflight
[build-sticker-candidates] chapter=14 pass=2 sticker=SL-14-002 step=download
[build-sticker-candidates] chapter=14 pass=2 sticker=SL-14-002 step=crop
[build-sticker-candidates] chapter=14 pass=2 sticker=SL-14-002 done chapter_downloaded=0 batch=0
[build-sticker-candidates] chapter=14 pass=2 sticker=SL-14-019 step=search processed=433 downloaded=14
[build-sticker-candidates] chapter=14 pass=2 sticker=SL-14-019 step=execute
[build-sticker-candidates] chapter=14 pass=2 sticker=SL-14-019 step=evaluate
[build-sticker-candidates] chapter=14 pass=2 sticker=SL-14-019 step=preflight
[build-sticker-candidates] chapter=14 pass=2 sticker=SL-14-019 step=download
[build-sticker-candidates] chapter=14 pass=2 sticker=SL-14-019 step=crop
[build-sticker-candidates] chapter=14 pass=2 sticker=SL-14-019 done chapter_downloaded=0 batch=0
[build-sticker-candidates] chapter=14 pass=2 sticker=SL-14-020 step=search processed=434 downloaded=14
[build-sticker-candidates] chapter=14 pass=2 sticker=SL-14-020 step=execute
[build-sticker-candidates] chapter=14 pass=2 sticker=SL-14-020 step=evaluate
[build-sticker-candidates] chapter=14 pass=2 sticker=SL-14-020 step=preflight
[build-sticker-candidates] chapter=14 pass=2 sticker=SL-14-020 step=download
[build-sticker-candidates] chapter=14 pass=2 sticker=SL-14-020 step=crop
[build-sticker-candidates] chapter=14 pass=2 sticker=SL-14-020 done chapter_downloaded=0 batch=0
[build-sticker-candidates] chapter=14 pass=2 sticker=SL-14-021 step=search processed=435 downloaded=14
[build-sticker-candidates] chapter=14 pass=2 sticker=SL-14-021 step=execute
[build-sticker-candidates] chapter=14 pass=2 sticker=SL-14-021 step=evaluate
[build-sticker-candidates] chapter=14 pass=2 sticker=SL-14-021 step=preflight
[build-sticker-candidates] chapter=14 pass=2 sticker=SL-14-021 step=download
[build-sticker-candidates] chapter=14 pass=2 sticker=SL-14-021 step=crop
[build-sticker-candidates] chapter=14 pass=2 sticker=SL-14-021 done chapter_downloaded=0 batch=0
[build-sticker-candidates] chapter=14 pass=2 sticker=SL-14-023 step=search processed=436 downloaded=14
[build-sticker-candidates] chapter=14 pass=2 sticker=SL-14-023 step=execute
[build-sticker-candidates] chapter=14 pass=2 sticker=SL-14-023 step=evaluate
[build-sticker-candidates] chapter=14 pass=2 sticker=SL-14-023 step=preflight
[build-sticker-candidates] chapter=14 pass=2 sticker=SL-14-023 step=download
[build-sticker-candidates] chapter=14 pass=2 sticker=SL-14-023 step=crop
[build-sticker-candidates] chapter=14 pass=2 sticker=SL-14-023 done chapter_downloaded=0 batch=0
[build-sticker-candidates] chapter=14 pass=2 sticker=SL-14-024 step=search processed=437 downloaded=14
[build-sticker-candidates] chapter=14 pass=2 sticker=SL-14-024 step=execute
[build-sticker-candidates] chapter=14 pass=2 sticker=SL-14-024 step=evaluate
[build-sticker-candidates] chapter=14 pass=2 sticker=SL-14-024 step=preflight
[build-sticker-candidates] chapter=14 pass=2 sticker=SL-14-024 step=download
[build-sticker-candidates] chapter=14 pass=2 sticker=SL-14-024 step=crop
[build-sticker-candidates] chapter=14 pass=2 sticker=SL-14-024 done chapter_downloaded=0 batch=0
[build-sticker-candidates] chapter=14 pass=2 sticker=SL-14-025 step=search processed=438 downloaded=14
[build-sticker-candidates] chapter=14 pass=2 sticker=SL-14-025 step=execute
[build-sticker-candidates] chapter=14 pass=2 sticker=SL-14-025 step=evaluate
[build-sticker-candidates] chapter=14 pass=2 sticker=SL-14-025 step=preflight
[build-sticker-candidates] chapter=14 pass=2 sticker=SL-14-025 step=download
[build-sticker-candidates] chapter=14 pass=2 sticker=SL-14-025 step=crop
[build-sticker-candidates] chapter=14 pass=2 sticker=SL-14-025 done chapter_downloaded=0 batch=0
[build-sticker-candidates] chapter=14 pass=2 sticker=SL-14-026 step=search processed=439 downloaded=14
[build-sticker-candidates] chapter=14 pass=2 sticker=SL-14-026 step=execute
[build-sticker-candidates] chapter=14 pass=2 sticker=SL-14-026 step=evaluate
[build-sticker-candidates] chapter=14 pass=2 sticker=SL-14-026 step=preflight
[build-sticker-candidates] chapter=14 pass=2 sticker=SL-14-026 step=download
[build-sticker-candidates] chapter=14 pass=2 sticker=SL-14-026 step=crop
[build-sticker-candidates] chapter=14 pass=2 sticker=SL-14-026 done chapter_downloaded=0 batch=0
[build-sticker-candidates] chapter=14 pass=2 sticker=SL-14-027 step=search processed=440 downloaded=14
[build-sticker-candidates] chapter=14 pass=2 sticker=SL-14-027 step=execute
[build-sticker-candidates] chapter=14 pass=2 sticker=SL-14-027 step=evaluate
[build-sticker-candidates] chapter=14 pass=2 sticker=SL-14-027 step=preflight
[build-sticker-candidates] chapter=14 pass=2 sticker=SL-14-027 step=download
[build-sticker-candidates] chapter=14 pass=2 sticker=SL-14-027 step=crop
[build-sticker-candidates] chapter=14 pass=2 sticker=SL-14-027 done chapter_downloaded=0 batch=0
[build-sticker-candidates] chapter=14 pass=2 sticker=SL-14-028 step=search processed=441 downloaded=14
[build-sticker-candidates] chapter=14 pass=2 sticker=SL-14-028 step=execute
[build-sticker-candidates] chapter=14 pass=2 sticker=SL-14-028 step=evaluate
[build-sticker-candidates] chapter=14 pass=2 sticker=SL-14-028 step=preflight
[build-sticker-candidates] chapter=14 pass=2 sticker=SL-14-028 step=download
[build-sticker-candidates] chapter=14 pass=2 sticker=SL-14-028 step=crop
[build-sticker-candidates] chapter=14 pass=2 sticker=SL-14-028 done chapter_downloaded=0 batch=0
[build-sticker-candidates] warning=no_download_progress_after_full_passes chapter=14 title=Supercopa y años recientes passes_completed=2 downloaded_total=0
[build-sticker-candidates] chapter=15 title=Ídolos eternos target=10
[build-sticker-candidates] chapter=15 pass=1 sticker=SL-15-011 step=search processed=442 downloaded=14
[build-sticker-candidates] chapter=15 pass=1 sticker=SL-15-011 step=execute
[build-sticker-candidates] chapter=15 pass=1 sticker=SL-15-011 step=evaluate
[build-sticker-candidates] chapter=15 pass=1 sticker=SL-15-011 step=preflight
[build-sticker-candidates] chapter=15 pass=1 sticker=SL-15-011 step=download
[build-sticker-candidates] chapter=15 pass=1 sticker=SL-15-011 step=crop
[build-sticker-candidates] chapter=15 pass=1 sticker=SL-15-011 done chapter_downloaded=1 batch=1
[build-sticker-candidates] chapter=15 pass=1 sticker=SL-15-001 step=search processed=443 downloaded=15
[build-sticker-candidates] chapter=15 pass=1 sticker=SL-15-001 step=execute
[build-sticker-candidates] chapter=15 pass=1 sticker=SL-15-001 step=evaluate
[build-sticker-candidates] chapter=15 pass=1 sticker=SL-15-001 step=preflight
[build-sticker-candidates] chapter=15 pass=1 sticker=SL-15-001 step=download
[build-sticker-candidates] chapter=15 pass=1 sticker=SL-15-001 step=crop
[build-sticker-candidates] chapter=15 pass=1 sticker=SL-15-001 done chapter_downloaded=1 batch=0
[build-sticker-candidates] chapter=15 pass=1 sticker=SL-15-058 step=search processed=444 downloaded=15
[build-sticker-candidates] chapter=15 pass=1 sticker=SL-15-058 step=execute
[build-sticker-candidates] chapter=15 pass=1 sticker=SL-15-058 step=evaluate
[build-sticker-candidates] chapter=15 pass=1 sticker=SL-15-058 step=preflight
[build-sticker-candidates] chapter=15 pass=1 sticker=SL-15-058 step=download
[build-sticker-candidates] chapter=15 pass=1 sticker=SL-15-058 step=crop
[build-sticker-candidates] chapter=15 pass=1 sticker=SL-15-058 done chapter_downloaded=1 batch=0
[build-sticker-candidates] chapter=15 pass=1 sticker=SL-15-033 step=search processed=445 downloaded=15
[build-sticker-candidates] chapter=15 pass=1 sticker=SL-15-033 step=execute
[build-sticker-candidates] chapter=15 pass=1 sticker=SL-15-033 step=evaluate
[build-sticker-candidates] chapter=15 pass=1 sticker=SL-15-033 step=preflight
[build-sticker-candidates] chapter=15 pass=1 sticker=SL-15-033 step=download
[build-sticker-candidates] chapter=15 pass=1 sticker=SL-15-033 step=crop
[build-sticker-candidates] chapter=15 pass=1 sticker=SL-15-033 done chapter_downloaded=1 batch=0
[build-sticker-candidates] chapter=15 pass=1 sticker=SL-15-015 step=search processed=446 downloaded=15
[build-sticker-candidates] chapter=15 pass=1 sticker=SL-15-015 step=execute
[build-sticker-candidates] chapter=15 pass=1 sticker=SL-15-015 step=evaluate
[build-sticker-candidates] chapter=15 pass=1 sticker=SL-15-015 step=preflight
[build-sticker-candidates] chapter=15 pass=1 sticker=SL-15-015 step=download
[build-sticker-candidates] chapter=15 pass=1 sticker=SL-15-015 step=crop
[build-sticker-candidates] chapter=15 pass=1 sticker=SL-15-015 done chapter_downloaded=1 batch=0
[build-sticker-candidates] chapter=15 pass=1 sticker=SL-15-064 step=search processed=447 downloaded=15
[build-sticker-candidates] chapter=15 pass=1 sticker=SL-15-064 step=execute
[build-sticker-candidates] chapter=15 pass=1 sticker=SL-15-064 step=evaluate
[build-sticker-candidates] chapter=15 pass=1 sticker=SL-15-064 step=preflight
[build-sticker-candidates] chapter=15 pass=1 sticker=SL-15-064 step=download
[build-sticker-candidates] chapter=15 pass=1 sticker=SL-15-064 step=crop
[build-sticker-candidates] chapter=15 pass=1 sticker=SL-15-064 done chapter_downloaded=1 batch=0
[build-sticker-candidates] chapter=15 pass=1 sticker=SL-15-005 step=search processed=448 downloaded=15
[build-sticker-candidates] chapter=15 pass=1 sticker=SL-15-005 step=execute
[build-sticker-candidates] chapter=15 pass=1 sticker=SL-15-005 step=evaluate
[build-sticker-candidates] chapter=15 pass=1 sticker=SL-15-005 step=preflight
[build-sticker-candidates] chapter=15 pass=1 sticker=SL-15-005 step=download
[build-sticker-candidates] chapter=15 pass=1 sticker=SL-15-005 step=crop
[build-sticker-candidates] chapter=15 pass=1 sticker=SL-15-005 done chapter_downloaded=1 batch=0
[build-sticker-candidates] chapter=15 pass=1 sticker=SL-15-006 step=search processed=449 downloaded=15
[build-sticker-candidates] chapter=15 pass=1 sticker=SL-15-006 step=execute
[build-sticker-candidates] chapter=15 pass=1 sticker=SL-15-006 step=evaluate
[build-sticker-candidates] chapter=15 pass=1 sticker=SL-15-006 step=preflight
[build-sticker-candidates] chapter=15 pass=1 sticker=SL-15-006 step=download
[build-sticker-candidates] chapter=15 pass=1 sticker=SL-15-006 step=crop
[build-sticker-candidates] chapter=15 pass=1 sticker=SL-15-006 done chapter_downloaded=1 batch=0
[build-sticker-candidates] chapter=15 pass=1 sticker=SL-15-025 step=search processed=450 downloaded=15
[build-sticker-candidates] chapter=15 pass=1 sticker=SL-15-025 step=execute
[build-sticker-candidates] chapter=15 pass=1 sticker=SL-15-025 step=evaluate
[build-sticker-candidates] chapter=15 pass=1 sticker=SL-15-025 step=preflight
[build-sticker-candidates] chapter=15 pass=1 sticker=SL-15-025 step=download
[build-sticker-candidates] chapter=15 pass=1 sticker=SL-15-025 step=crop
[build-sticker-candidates] chapter=15 pass=1 sticker=SL-15-025 done chapter_downloaded=1 batch=0
[build-sticker-candidates] chapter=15 pass=1 sticker=SL-15-013 step=search processed=451 downloaded=15
[build-sticker-candidates] chapter=15 pass=1 sticker=SL-15-013 step=execute
[build-sticker-candidates] chapter=15 pass=1 sticker=SL-15-013 step=evaluate
[build-sticker-candidates] chapter=15 pass=1 sticker=SL-15-013 step=preflight
[build-sticker-candidates] chapter=15 pass=1 sticker=SL-15-013 step=download
[build-sticker-candidates] chapter=15 pass=1 sticker=SL-15-013 step=crop
[build-sticker-candidates] chapter=15 pass=1 sticker=SL-15-013 done chapter_downloaded=1 batch=0
[build-sticker-candidates] chapter=15 pass=2 sticker=SL-15-011 step=search processed=452 downloaded=15
[build-sticker-candidates] chapter=15 pass=2 sticker=SL-15-011 step=execute
[build-sticker-candidates] chapter=15 pass=2 sticker=SL-15-011 step=evaluate
[build-sticker-candidates] chapter=15 pass=2 sticker=SL-15-011 step=preflight
[build-sticker-candidates] chapter=15 pass=2 sticker=SL-15-011 step=download
[build-sticker-candidates] chapter=15 pass=2 sticker=SL-15-011 step=crop
[build-sticker-candidates] chapter=15 pass=2 sticker=SL-15-011 done chapter_downloaded=2 batch=1
[build-sticker-candidates] chapter=15 pass=2 sticker=SL-15-015 step=search processed=453 downloaded=16
[build-sticker-candidates] chapter=15 pass=2 sticker=SL-15-015 step=execute
[build-sticker-candidates] chapter=15 pass=2 sticker=SL-15-015 step=evaluate
[build-sticker-candidates] chapter=15 pass=2 sticker=SL-15-015 step=preflight
[build-sticker-candidates] chapter=15 pass=2 sticker=SL-15-015 step=download
[build-sticker-candidates] chapter=15 pass=2 sticker=SL-15-015 step=crop
[build-sticker-candidates] chapter=15 pass=2 sticker=SL-15-015 done chapter_downloaded=2 batch=0
[build-sticker-candidates] chapter=15 pass=2 sticker=SL-15-012 step=search processed=454 downloaded=16
[build-sticker-candidates] chapter=15 pass=2 sticker=SL-15-012 step=execute
[build-sticker-candidates] chapter=15 pass=2 sticker=SL-15-012 step=evaluate
[build-sticker-candidates] chapter=15 pass=2 sticker=SL-15-012 step=preflight
[build-sticker-candidates] chapter=15 pass=2 sticker=SL-15-012 step=download
[build-sticker-candidates] chapter=15 pass=2 sticker=SL-15-012 step=crop
[build-sticker-candidates] chapter=15 pass=2 sticker=SL-15-012 done chapter_downloaded=2 batch=0
[build-sticker-candidates] chapter=15 pass=2 sticker=SL-15-024 step=search processed=455 downloaded=16
[build-sticker-candidates] chapter=15 pass=2 sticker=SL-15-024 step=execute
[build-sticker-candidates] chapter=15 pass=2 sticker=SL-15-024 step=evaluate
[build-sticker-candidates] chapter=15 pass=2 sticker=SL-15-024 step=preflight
[build-sticker-candidates] chapter=15 pass=2 sticker=SL-15-024 step=download
[build-sticker-candidates] chapter=15 pass=2 sticker=SL-15-024 step=crop
[build-sticker-candidates] chapter=15 pass=2 sticker=SL-15-024 done chapter_downloaded=2 batch=0
[build-sticker-candidates] chapter=15 pass=2 sticker=SL-15-068 step=search processed=456 downloaded=16
[build-sticker-candidates] chapter=15 pass=2 sticker=SL-15-068 step=execute
[build-sticker-candidates] chapter=15 pass=2 sticker=SL-15-068 step=evaluate
[build-sticker-candidates] chapter=15 pass=2 sticker=SL-15-068 step=preflight
[build-sticker-candidates] chapter=15 pass=2 sticker=SL-15-068 step=download
[build-sticker-candidates] chapter=15 pass=2 sticker=SL-15-068 step=crop
[build-sticker-candidates] chapter=15 pass=2 sticker=SL-15-068 done chapter_downloaded=2 batch=0
[build-sticker-candidates] chapter=15 pass=2 sticker=SL-15-020 step=search processed=457 downloaded=16
[build-sticker-candidates] chapter=15 pass=2 sticker=SL-15-020 step=execute
[build-sticker-candidates] chapter=15 pass=2 sticker=SL-15-020 step=evaluate
[build-sticker-candidates] chapter=15 pass=2 sticker=SL-15-020 step=preflight
[build-sticker-candidates] chapter=15 pass=2 sticker=SL-15-020 step=download
[build-sticker-candidates] chapter=15 pass=2 sticker=SL-15-020 step=crop
[build-sticker-candidates] chapter=15 pass=2 sticker=SL-15-020 done chapter_downloaded=2 batch=0
[build-sticker-candidates] chapter=15 pass=2 sticker=SL-15-022 step=search processed=458 downloaded=16
[build-sticker-candidates] chapter=15 pass=2 sticker=SL-15-022 step=execute
[build-sticker-candidates] chapter=15 pass=2 sticker=SL-15-022 step=evaluate
[build-sticker-candidates] chapter=15 pass=2 sticker=SL-15-022 step=preflight
[build-sticker-candidates] chapter=15 pass=2 sticker=SL-15-022 step=download
[build-sticker-candidates] chapter=15 pass=2 sticker=SL-15-022 step=crop
[build-sticker-candidates] chapter=15 pass=2 sticker=SL-15-022 done chapter_downloaded=2 batch=0
[build-sticker-candidates] chapter=15 pass=2 sticker=SL-15-023 step=search processed=459 downloaded=16
[build-sticker-candidates] chapter=15 pass=2 sticker=SL-15-023 step=execute
[build-sticker-candidates] chapter=15 pass=2 sticker=SL-15-023 step=evaluate
[build-sticker-candidates] chapter=15 pass=2 sticker=SL-15-023 step=preflight
[build-sticker-candidates] chapter=15 pass=2 sticker=SL-15-023 step=download
[build-sticker-candidates] chapter=15 pass=2 sticker=SL-15-023 step=crop
[build-sticker-candidates] chapter=15 pass=2 sticker=SL-15-023 done chapter_downloaded=2 batch=0
[build-sticker-candidates] chapter=15 pass=2 sticker=SL-15-026 step=search processed=460 downloaded=16
[build-sticker-candidates] chapter=15 pass=2 sticker=SL-15-026 step=execute
[build-sticker-candidates] chapter=15 pass=2 sticker=SL-15-026 step=evaluate
[build-sticker-candidates] chapter=15 pass=2 sticker=SL-15-026 step=preflight
[build-sticker-candidates] chapter=15 pass=2 sticker=SL-15-026 step=download
[build-sticker-candidates] chapter=15 pass=2 sticker=SL-15-026 step=crop
[build-sticker-candidates] chapter=15 pass=2 sticker=SL-15-026 done chapter_downloaded=2 batch=0
[build-sticker-candidates] chapter=15 pass=2 sticker=SL-15-028 step=search processed=461 downloaded=16
[build-sticker-candidates] chapter=15 pass=2 sticker=SL-15-028 step=execute
[build-sticker-candidates] chapter=15 pass=2 sticker=SL-15-028 step=evaluate
[build-sticker-candidates] chapter=15 pass=2 sticker=SL-15-028 step=preflight
[build-sticker-candidates] chapter=15 pass=2 sticker=SL-15-028 step=download
[build-sticker-candidates] chapter=15 pass=2 sticker=SL-15-028 step=crop
[build-sticker-candidates] chapter=15 pass=2 sticker=SL-15-028 done chapter_downloaded=2 batch=0
[build-sticker-candidates] chapter=15 pass=3 sticker=SL-15-011 step=search processed=462 downloaded=16
[build-sticker-candidates] chapter=15 pass=3 sticker=SL-15-011 step=execute
[build-sticker-candidates] chapter=15 pass=3 sticker=SL-15-011 step=evaluate
[build-sticker-candidates] chapter=15 pass=3 sticker=SL-15-011 step=preflight
[build-sticker-candidates] chapter=15 pass=3 sticker=SL-15-011 step=download
[build-sticker-candidates] chapter=15 pass=3 sticker=SL-15-011 step=crop
[build-sticker-candidates] chapter=15 pass=3 sticker=SL-15-011 done chapter_downloaded=2 batch=0
[build-sticker-candidates] chapter=15 pass=3 sticker=SL-15-001 step=search processed=463 downloaded=16
[build-sticker-candidates] chapter=15 pass=3 sticker=SL-15-001 step=execute
[build-sticker-candidates] chapter=15 pass=3 sticker=SL-15-001 step=evaluate
[build-sticker-candidates] chapter=15 pass=3 sticker=SL-15-001 step=preflight
[build-sticker-candidates] chapter=15 pass=3 sticker=SL-15-001 step=download
[build-sticker-candidates] chapter=15 pass=3 sticker=SL-15-001 step=crop
[build-sticker-candidates] chapter=15 pass=3 sticker=SL-15-001 done chapter_downloaded=2 batch=0
[build-sticker-candidates] chapter=15 pass=3 sticker=SL-15-015 step=search processed=464 downloaded=16
[build-sticker-candidates] chapter=15 pass=3 sticker=SL-15-015 step=execute
[build-sticker-candidates] chapter=15 pass=3 sticker=SL-15-015 step=evaluate
[build-sticker-candidates] chapter=15 pass=3 sticker=SL-15-015 step=preflight
[build-sticker-candidates] chapter=15 pass=3 sticker=SL-15-015 step=download
[build-sticker-candidates] chapter=15 pass=3 sticker=SL-15-015 step=crop
[build-sticker-candidates] chapter=15 pass=3 sticker=SL-15-015 done chapter_downloaded=2 batch=0
[build-sticker-candidates] chapter=15 pass=3 sticker=SL-15-058 step=search processed=465 downloaded=16
[build-sticker-candidates] chapter=15 pass=3 sticker=SL-15-058 step=execute
[build-sticker-candidates] chapter=15 pass=3 sticker=SL-15-058 step=evaluate
[build-sticker-candidates] chapter=15 pass=3 sticker=SL-15-058 step=preflight
[build-sticker-candidates] chapter=15 pass=3 sticker=SL-15-058 step=download
[build-sticker-candidates] chapter=15 pass=3 sticker=SL-15-058 step=crop
[build-sticker-candidates] chapter=15 pass=3 sticker=SL-15-058 done chapter_downloaded=2 batch=0
[build-sticker-candidates] chapter=15 pass=3 sticker=SL-15-033 step=search processed=466 downloaded=16
[build-sticker-candidates] chapter=15 pass=3 sticker=SL-15-033 step=execute
[build-sticker-candidates] chapter=15 pass=3 sticker=SL-15-033 step=evaluate
[build-sticker-candidates] chapter=15 pass=3 sticker=SL-15-033 step=preflight
[build-sticker-candidates] chapter=15 pass=3 sticker=SL-15-033 step=download
[build-sticker-candidates] chapter=15 pass=3 sticker=SL-15-033 step=crop
[build-sticker-candidates] chapter=15 pass=3 sticker=SL-15-033 done chapter_downloaded=2 batch=0
[build-sticker-candidates] chapter=15 pass=3 sticker=SL-15-064 step=search processed=467 downloaded=16
[build-sticker-candidates] chapter=15 pass=3 sticker=SL-15-064 step=execute
[build-sticker-candidates] chapter=15 pass=3 sticker=SL-15-064 step=evaluate
[build-sticker-candidates] chapter=15 pass=3 sticker=SL-15-064 step=preflight
[build-sticker-candidates] chapter=15 pass=3 sticker=SL-15-064 step=download
[build-sticker-candidates] chapter=15 pass=3 sticker=SL-15-064 step=crop
[build-sticker-candidates] chapter=15 pass=3 sticker=SL-15-064 done chapter_downloaded=2 batch=0
[build-sticker-candidates] chapter=15 pass=3 sticker=SL-15-005 step=search processed=468 downloaded=16
[build-sticker-candidates] chapter=15 pass=3 sticker=SL-15-005 step=execute
[build-sticker-candidates] chapter=15 pass=3 sticker=SL-15-005 step=evaluate
[build-sticker-candidates] chapter=15 pass=3 sticker=SL-15-005 step=preflight
[build-sticker-candidates] chapter=15 pass=3 sticker=SL-15-005 step=download
[build-sticker-candidates] chapter=15 pass=3 sticker=SL-15-005 step=crop
[build-sticker-candidates] chapter=15 pass=3 sticker=SL-15-005 done chapter_downloaded=2 batch=0
[build-sticker-candidates] chapter=15 pass=3 sticker=SL-15-006 step=search processed=469 downloaded=16
[build-sticker-candidates] chapter=15 pass=3 sticker=SL-15-006 step=execute
[build-sticker-candidates] chapter=15 pass=3 sticker=SL-15-006 step=evaluate
[build-sticker-candidates] chapter=15 pass=3 sticker=SL-15-006 step=preflight
[build-sticker-candidates] chapter=15 pass=3 sticker=SL-15-006 step=download
[build-sticker-candidates] chapter=15 pass=3 sticker=SL-15-006 step=crop
[build-sticker-candidates] chapter=15 pass=3 sticker=SL-15-006 done chapter_downloaded=2 batch=0
[build-sticker-candidates] chapter=15 pass=3 sticker=SL-15-025 step=search processed=470 downloaded=16
[build-sticker-candidates] chapter=15 pass=3 sticker=SL-15-025 step=execute
[build-sticker-candidates] chapter=15 pass=3 sticker=SL-15-025 step=evaluate
[build-sticker-candidates] chapter=15 pass=3 sticker=SL-15-025 step=preflight
[build-sticker-candidates] chapter=15 pass=3 sticker=SL-15-025 step=download
[build-sticker-candidates] chapter=15 pass=3 sticker=SL-15-025 step=crop
[build-sticker-candidates] chapter=15 pass=3 sticker=SL-15-025 done chapter_downloaded=2 batch=0
[build-sticker-candidates] chapter=15 pass=3 sticker=SL-15-013 step=search processed=471 downloaded=16
[build-sticker-candidates] chapter=15 pass=3 sticker=SL-15-013 step=execute
[build-sticker-candidates] chapter=15 pass=3 sticker=SL-15-013 step=evaluate
[build-sticker-candidates] chapter=15 pass=3 sticker=SL-15-013 step=preflight
[build-sticker-candidates] chapter=15 pass=3 sticker=SL-15-013 step=download
[build-sticker-candidates] chapter=15 pass=3 sticker=SL-15-013 step=crop
[build-sticker-candidates] chapter=15 pass=3 sticker=SL-15-013 done chapter_downloaded=2 batch=0
[build-sticker-candidates] chapter=15 pass=4 sticker=SL-15-022 step=search processed=472 downloaded=16
[build-sticker-candidates] chapter=15 pass=4 sticker=SL-15-022 step=execute
[build-sticker-candidates] chapter=15 pass=4 sticker=SL-15-022 step=evaluate
[build-sticker-candidates] chapter=15 pass=4 sticker=SL-15-022 step=preflight
[build-sticker-candidates] chapter=15 pass=4 sticker=SL-15-022 step=download
[build-sticker-candidates] chapter=15 pass=4 sticker=SL-15-022 step=crop
[build-sticker-candidates] chapter=15 pass=4 sticker=SL-15-022 done chapter_downloaded=2 batch=0
[build-sticker-candidates] chapter=15 pass=4 sticker=SL-15-012 step=search processed=473 downloaded=16
[build-sticker-candidates] chapter=15 pass=4 sticker=SL-15-012 step=execute
[build-sticker-candidates] chapter=15 pass=4 sticker=SL-15-012 step=evaluate
[build-sticker-candidates] chapter=15 pass=4 sticker=SL-15-012 step=preflight
[build-sticker-candidates] chapter=15 pass=4 sticker=SL-15-012 step=download
[build-sticker-candidates] chapter=15 pass=4 sticker=SL-15-012 step=crop
[build-sticker-candidates] chapter=15 pass=4 sticker=SL-15-012 done chapter_downloaded=2 batch=0
[build-sticker-candidates] chapter=15 pass=4 sticker=SL-15-024 step=search processed=474 downloaded=16
[build-sticker-candidates] chapter=15 pass=4 sticker=SL-15-024 step=execute
[build-sticker-candidates] chapter=15 pass=4 sticker=SL-15-024 step=evaluate
[build-sticker-candidates] chapter=15 pass=4 sticker=SL-15-024 step=preflight
[build-sticker-candidates] chapter=15 pass=4 sticker=SL-15-024 step=download
[build-sticker-candidates] chapter=15 pass=4 sticker=SL-15-024 step=crop
[build-sticker-candidates] chapter=15 pass=4 sticker=SL-15-024 done chapter_downloaded=2 batch=0
[build-sticker-candidates] chapter=15 pass=4 sticker=SL-15-068 step=search processed=475 downloaded=16
[build-sticker-candidates] chapter=15 pass=4 sticker=SL-15-068 step=execute
[build-sticker-candidates] chapter=15 pass=4 sticker=SL-15-068 step=evaluate
[build-sticker-candidates] chapter=15 pass=4 sticker=SL-15-068 step=preflight
[build-sticker-candidates] chapter=15 pass=4 sticker=SL-15-068 step=download
[build-sticker-candidates] chapter=15 pass=4 sticker=SL-15-068 step=crop
[build-sticker-candidates] chapter=15 pass=4 sticker=SL-15-068 done chapter_downloaded=2 batch=0
[build-sticker-candidates] chapter=15 pass=4 sticker=SL-15-049 step=search processed=476 downloaded=16
[build-sticker-candidates] chapter=15 pass=4 sticker=SL-15-049 step=execute
[build-sticker-candidates] chapter=15 pass=4 sticker=SL-15-049 step=evaluate
[build-sticker-candidates] chapter=15 pass=4 sticker=SL-15-049 step=preflight
[build-sticker-candidates] chapter=15 pass=4 sticker=SL-15-049 step=download
[build-sticker-candidates] chapter=15 pass=4 sticker=SL-15-049 step=crop
[build-sticker-candidates] chapter=15 pass=4 sticker=SL-15-049 done chapter_downloaded=2 batch=0
[build-sticker-candidates] chapter=15 pass=4 sticker=SL-15-050 step=search processed=477 downloaded=16
[build-sticker-candidates] chapter=15 pass=4 sticker=SL-15-050 step=execute
[build-sticker-candidates] chapter=15 pass=4 sticker=SL-15-050 step=evaluate
[build-sticker-candidates] chapter=15 pass=4 sticker=SL-15-050 step=preflight
[build-sticker-candidates] chapter=15 pass=4 sticker=SL-15-050 step=download
[build-sticker-candidates] chapter=15 pass=4 sticker=SL-15-050 step=crop
[build-sticker-candidates] chapter=15 pass=4 sticker=SL-15-050 done chapter_downloaded=2 batch=0
[build-sticker-candidates] chapter=15 pass=4 sticker=SL-15-052 step=search processed=478 downloaded=16
[build-sticker-candidates] chapter=15 pass=4 sticker=SL-15-052 step=execute
[build-sticker-candidates] chapter=15 pass=4 sticker=SL-15-052 step=evaluate
[build-sticker-candidates] chapter=15 pass=4 sticker=SL-15-052 step=preflight
[build-sticker-candidates] chapter=15 pass=4 sticker=SL-15-052 step=download
[build-sticker-candidates] chapter=15 pass=4 sticker=SL-15-052 step=crop
[build-sticker-candidates] chapter=15 pass=4 sticker=SL-15-052 done chapter_downloaded=2 batch=0
[build-sticker-candidates] chapter=15 pass=4 sticker=SL-15-053 step=search processed=479 downloaded=16
[build-sticker-candidates] chapter=15 pass=4 sticker=SL-15-053 step=execute
[build-sticker-candidates] chapter=15 pass=4 sticker=SL-15-053 step=evaluate
[build-sticker-candidates] chapter=15 pass=4 sticker=SL-15-053 step=preflight
[build-sticker-candidates] chapter=15 pass=4 sticker=SL-15-053 step=download
[build-sticker-candidates] chapter=15 pass=4 sticker=SL-15-053 step=crop
[build-sticker-candidates] chapter=15 pass=4 sticker=SL-15-053 done chapter_downloaded=2 batch=0
[build-sticker-candidates] chapter=15 pass=4 sticker=SL-15-055 step=search processed=480 downloaded=16
[build-sticker-candidates] chapter=15 pass=4 sticker=SL-15-055 step=execute
[build-sticker-candidates] chapter=15 pass=4 sticker=SL-15-055 step=evaluate
[build-sticker-candidates] chapter=15 pass=4 sticker=SL-15-055 step=preflight
[build-sticker-candidates] chapter=15 pass=4 sticker=SL-15-055 step=download
[build-sticker-candidates] chapter=15 pass=4 sticker=SL-15-055 step=crop
[build-sticker-candidates] chapter=15 pass=4 sticker=SL-15-055 done chapter_downloaded=2 batch=0
[build-sticker-candidates] chapter=15 pass=4 sticker=SL-15-056 step=search processed=481 downloaded=16
[build-sticker-candidates] chapter=15 pass=4 sticker=SL-15-056 step=execute
[build-sticker-candidates] chapter=15 pass=4 sticker=SL-15-056 step=evaluate
[build-sticker-candidates] chapter=15 pass=4 sticker=SL-15-056 step=preflight
[build-sticker-candidates] chapter=15 pass=4 sticker=SL-15-056 step=download
[build-sticker-candidates] chapter=15 pass=4 sticker=SL-15-056 step=crop
[build-sticker-candidates] chapter=15 pass=4 sticker=SL-15-056 done chapter_downloaded=2 batch=0
[build-sticker-candidates] warning=no_download_progress_after_full_passes chapter=15 title=Ídolos eternos passes_completed=4 downloaded_total=2
[build-sticker-candidates] chapter=16 title=Boedo vuelve target=10
[build-sticker-candidates] chapter=16 pass=1 sticker=SL-16-019 step=search processed=482 downloaded=16
[build-sticker-candidates] chapter=16 pass=1 sticker=SL-16-019 step=execute
[build-sticker-candidates] chapter=16 pass=1 sticker=SL-16-019 step=evaluate
[build-sticker-candidates] chapter=16 pass=1 sticker=SL-16-019 step=preflight
[build-sticker-candidates] chapter=16 pass=1 sticker=SL-16-019 step=download
[build-sticker-candidates] chapter=16 pass=1 sticker=SL-16-019 step=crop
[build-sticker-candidates] chapter=16 pass=1 sticker=SL-16-019 done chapter_downloaded=0 batch=0
[build-sticker-candidates] chapter=16 pass=1 sticker=SL-16-017 step=search processed=483 downloaded=16
[build-sticker-candidates] chapter=16 pass=1 sticker=SL-16-017 step=execute
[build-sticker-candidates] chapter=16 pass=1 sticker=SL-16-017 step=evaluate
[build-sticker-candidates] chapter=16 pass=1 sticker=SL-16-017 step=preflight
[build-sticker-candidates] chapter=16 pass=1 sticker=SL-16-017 step=download
[build-sticker-candidates] chapter=16 pass=1 sticker=SL-16-017 step=crop
[build-sticker-candidates] chapter=16 pass=1 sticker=SL-16-017 done chapter_downloaded=0 batch=0
[build-sticker-candidates] chapter=16 pass=1 sticker=SL-16-002 step=search processed=484 downloaded=16
[build-sticker-candidates] chapter=16 pass=1 sticker=SL-16-002 step=execute
[build-sticker-candidates] chapter=16 pass=1 sticker=SL-16-002 step=evaluate
[build-sticker-candidates] chapter=16 pass=1 sticker=SL-16-002 step=preflight
[build-sticker-candidates] chapter=16 pass=1 sticker=SL-16-002 step=download
[build-sticker-candidates] chapter=16 pass=1 sticker=SL-16-002 step=crop
[build-sticker-candidates] chapter=16 pass=1 sticker=SL-16-002 done chapter_downloaded=0 batch=0
[build-sticker-candidates] chapter=16 pass=1 sticker=SL-16-003 step=search processed=485 downloaded=16
[build-sticker-candidates] chapter=16 pass=1 sticker=SL-16-003 step=execute
[build-sticker-candidates] chapter=16 pass=1 sticker=SL-16-003 step=evaluate
[build-sticker-candidates] chapter=16 pass=1 sticker=SL-16-003 step=preflight
[build-sticker-candidates] chapter=16 pass=1 sticker=SL-16-003 step=download
[build-sticker-candidates] chapter=16 pass=1 sticker=SL-16-003 step=crop
[build-sticker-candidates] chapter=16 pass=1 sticker=SL-16-003 done chapter_downloaded=0 batch=0
[build-sticker-candidates] chapter=16 pass=1 sticker=SL-16-030 step=search processed=486 downloaded=16
[build-sticker-candidates] chapter=16 pass=1 sticker=SL-16-030 step=execute
[build-sticker-candidates] chapter=16 pass=1 sticker=SL-16-030 step=evaluate
[build-sticker-candidates] chapter=16 pass=1 sticker=SL-16-030 step=preflight
[build-sticker-candidates] chapter=16 pass=1 sticker=SL-16-030 step=download
[build-sticker-candidates] chapter=16 pass=1 sticker=SL-16-030 step=crop
[build-sticker-candidates] chapter=16 pass=1 sticker=SL-16-030 done chapter_downloaded=0 batch=0
[build-sticker-candidates] chapter=16 pass=1 sticker=SL-16-001 step=search processed=487 downloaded=16
[build-sticker-candidates] chapter=16 pass=1 sticker=SL-16-001 step=execute
[build-sticker-candidates] chapter=16 pass=1 sticker=SL-16-001 step=evaluate
[build-sticker-candidates] chapter=16 pass=1 sticker=SL-16-001 step=preflight
[build-sticker-candidates] chapter=16 pass=1 sticker=SL-16-001 step=download
[build-sticker-candidates] chapter=16 pass=1 sticker=SL-16-001 step=crop
[build-sticker-candidates] chapter=16 pass=1 sticker=SL-16-001 done chapter_downloaded=0 batch=0
[build-sticker-candidates] chapter=16 pass=1 sticker=SL-16-004 step=search processed=488 downloaded=16
[build-sticker-candidates] chapter=16 pass=1 sticker=SL-16-004 step=execute
[build-sticker-candidates] chapter=16 pass=1 sticker=SL-16-004 step=evaluate
[build-sticker-candidates] chapter=16 pass=1 sticker=SL-16-004 step=preflight
[build-sticker-candidates] chapter=16 pass=1 sticker=SL-16-004 step=download
[build-sticker-candidates] chapter=16 pass=1 sticker=SL-16-004 step=crop
[build-sticker-candidates] chapter=16 pass=1 sticker=SL-16-004 done chapter_downloaded=0 batch=0
[build-sticker-candidates] chapter=16 pass=1 sticker=SL-16-006 step=search processed=489 downloaded=16
[build-sticker-candidates] chapter=16 pass=1 sticker=SL-16-006 step=execute
[build-sticker-candidates] chapter=16 pass=1 sticker=SL-16-006 step=evaluate
[build-sticker-candidates] chapter=16 pass=1 sticker=SL-16-006 step=preflight
[build-sticker-candidates] chapter=16 pass=1 sticker=SL-16-006 step=download
[build-sticker-candidates] chapter=16 pass=1 sticker=SL-16-006 step=crop
[build-sticker-candidates] chapter=16 pass=1 sticker=SL-16-006 done chapter_downloaded=0 batch=0
[build-sticker-candidates] chapter=16 pass=1 sticker=SL-16-018 step=search processed=490 downloaded=16
[build-sticker-candidates] chapter=16 pass=1 sticker=SL-16-018 step=execute
[build-sticker-candidates] chapter=16 pass=1 sticker=SL-16-018 step=evaluate
[build-sticker-candidates] chapter=16 pass=1 sticker=SL-16-018 step=preflight
[build-sticker-candidates] chapter=16 pass=1 sticker=SL-16-018 step=download
[build-sticker-candidates] chapter=16 pass=1 sticker=SL-16-018 step=crop
[build-sticker-candidates] chapter=16 pass=1 sticker=SL-16-018 done chapter_downloaded=0 batch=0
[build-sticker-candidates] chapter=16 pass=1 sticker=SL-16-005 step=search processed=491 downloaded=16
[build-sticker-candidates] chapter=16 pass=1 sticker=SL-16-005 step=execute
[build-sticker-candidates] chapter=16 pass=1 sticker=SL-16-005 step=evaluate
[build-sticker-candidates] chapter=16 pass=1 sticker=SL-16-005 step=preflight
[build-sticker-candidates] chapter=16 pass=1 sticker=SL-16-005 step=download
[build-sticker-candidates] chapter=16 pass=1 sticker=SL-16-005 step=crop
[build-sticker-candidates] chapter=16 pass=1 sticker=SL-16-005 done chapter_downloaded=0 batch=0
[build-sticker-candidates] chapter=16 pass=2 sticker=SL-16-017 step=search processed=492 downloaded=16
[build-sticker-candidates] chapter=16 pass=2 sticker=SL-16-017 step=execute
[build-sticker-candidates] chapter=16 pass=2 sticker=SL-16-017 step=evaluate
[build-sticker-candidates] chapter=16 pass=2 sticker=SL-16-017 step=preflight
[build-sticker-candidates] chapter=16 pass=2 sticker=SL-16-017 step=download
[build-sticker-candidates] chapter=16 pass=2 sticker=SL-16-017 step=crop
[build-sticker-candidates] chapter=16 pass=2 sticker=SL-16-017 done chapter_downloaded=0 batch=0
[build-sticker-candidates] chapter=16 pass=2 sticker=SL-16-001 step=search processed=493 downloaded=16
[build-sticker-candidates] chapter=16 pass=2 sticker=SL-16-001 step=execute
[build-sticker-candidates] chapter=16 pass=2 sticker=SL-16-001 step=evaluate
[build-sticker-candidates] chapter=16 pass=2 sticker=SL-16-001 step=preflight
[build-sticker-candidates] chapter=16 pass=2 sticker=SL-16-001 step=download
[build-sticker-candidates] chapter=16 pass=2 sticker=SL-16-001 step=crop
[build-sticker-candidates] chapter=16 pass=2 sticker=SL-16-001 done chapter_downloaded=0 batch=0
[build-sticker-candidates] chapter=16 pass=2 sticker=SL-16-016 step=search processed=494 downloaded=16
[build-sticker-candidates] chapter=16 pass=2 sticker=SL-16-016 step=execute
[build-sticker-candidates] chapter=16 pass=2 sticker=SL-16-016 step=evaluate
[build-sticker-candidates] chapter=16 pass=2 sticker=SL-16-016 step=preflight
[build-sticker-candidates] chapter=16 pass=2 sticker=SL-16-016 step=download
[build-sticker-candidates] chapter=16 pass=2 sticker=SL-16-016 step=crop
[build-sticker-candidates] chapter=16 pass=2 sticker=SL-16-016 done chapter_downloaded=0 batch=0
[build-sticker-candidates] chapter=16 pass=2 sticker=SL-16-020 step=search processed=495 downloaded=16
[build-sticker-candidates] chapter=16 pass=2 sticker=SL-16-020 step=execute
[build-sticker-candidates] chapter=16 pass=2 sticker=SL-16-020 step=evaluate
[build-sticker-candidates] chapter=16 pass=2 sticker=SL-16-020 step=preflight
[build-sticker-candidates] chapter=16 pass=2 sticker=SL-16-020 step=download
[build-sticker-candidates] chapter=16 pass=2 sticker=SL-16-020 step=crop
[build-sticker-candidates] chapter=16 pass=2 sticker=SL-16-020 done chapter_downloaded=0 batch=0
[build-sticker-candidates] chapter=16 pass=2 sticker=SL-16-021 step=search processed=496 downloaded=16
[build-sticker-candidates] chapter=16 pass=2 sticker=SL-16-021 step=execute
[build-sticker-candidates] chapter=16 pass=2 sticker=SL-16-021 step=evaluate
[build-sticker-candidates] chapter=16 pass=2 sticker=SL-16-021 step=preflight
[build-sticker-candidates] chapter=16 pass=2 sticker=SL-16-021 step=download
[build-sticker-candidates] chapter=16 pass=2 sticker=SL-16-021 step=crop
[build-sticker-candidates] chapter=16 pass=2 sticker=SL-16-021 done chapter_downloaded=0 batch=0
[build-sticker-candidates] chapter=16 pass=2 sticker=SL-16-022 step=search processed=497 downloaded=16
[build-sticker-candidates] chapter=16 pass=2 sticker=SL-16-022 step=execute
[build-sticker-candidates] chapter=16 pass=2 sticker=SL-16-022 step=evaluate
[build-sticker-candidates] chapter=16 pass=2 sticker=SL-16-022 step=preflight
[build-sticker-candidates] chapter=16 pass=2 sticker=SL-16-022 step=download
[build-sticker-candidates] chapter=16 pass=2 sticker=SL-16-022 step=crop
[build-sticker-candidates] chapter=16 pass=2 sticker=SL-16-022 done chapter_downloaded=0 batch=0
[build-sticker-candidates] chapter=16 pass=2 sticker=SL-16-023 step=search processed=498 downloaded=16
[build-sticker-candidates] chapter=16 pass=2 sticker=SL-16-023 step=execute
[build-sticker-candidates] chapter=16 pass=2 sticker=SL-16-023 step=evaluate
[build-sticker-candidates] chapter=16 pass=2 sticker=SL-16-023 step=preflight
[build-sticker-candidates] chapter=16 pass=2 sticker=SL-16-023 step=download
[build-sticker-candidates] chapter=16 pass=2 sticker=SL-16-023 step=crop
[build-sticker-candidates] chapter=16 pass=2 sticker=SL-16-023 done chapter_downloaded=0 batch=0
[build-sticker-candidates] chapter=16 pass=2 sticker=SL-16-024 step=search processed=499 downloaded=16
[build-sticker-candidates] chapter=16 pass=2 sticker=SL-16-024 step=execute
[build-sticker-candidates] chapter=16 pass=2 sticker=SL-16-024 step=evaluate
[build-sticker-candidates] chapter=16 pass=2 sticker=SL-16-024 step=preflight
[build-sticker-candidates] chapter=16 pass=2 sticker=SL-16-024 step=download
[build-sticker-candidates] chapter=16 pass=2 sticker=SL-16-024 step=crop
[build-sticker-candidates] chapter=16 pass=2 sticker=SL-16-024 done chapter_downloaded=0 batch=0
[build-sticker-candidates] chapter=16 pass=2 sticker=SL-16-025 step=search processed=500 downloaded=16
[build-sticker-candidates] chapter=16 pass=2 sticker=SL-16-025 step=execute
[build-sticker-candidates] chapter=16 pass=2 sticker=SL-16-025 step=evaluate
[build-sticker-candidates] chapter=16 pass=2 sticker=SL-16-025 step=preflight
[build-sticker-candidates] chapter=16 pass=2 sticker=SL-16-025 step=download
[build-sticker-candidates] chapter=16 pass=2 sticker=SL-16-025 step=crop
[build-sticker-candidates] chapter=16 pass=2 sticker=SL-16-025 done chapter_downloaded=0 batch=0
[build-sticker-candidates] chapter=16 pass=2 sticker=SL-16-026 step=search processed=501 downloaded=16
[build-sticker-candidates] chapter=16 pass=2 sticker=SL-16-026 step=execute
[build-sticker-candidates] chapter=16 pass=2 sticker=SL-16-026 step=evaluate
[build-sticker-candidates] chapter=16 pass=2 sticker=SL-16-026 step=preflight
[build-sticker-candidates] chapter=16 pass=2 sticker=SL-16-026 step=download
[build-sticker-candidates] chapter=16 pass=2 sticker=SL-16-026 step=crop
[build-sticker-candidates] chapter=16 pass=2 sticker=SL-16-026 done chapter_downloaded=0 batch=0
[build-sticker-candidates] warning=no_download_progress_after_full_passes chapter=16 title=Boedo vuelve passes_completed=2 downloaded_total=0
[build-sticker-candidates] chapter=17 title=Otros deportes azulgranas target=10
[build-sticker-candidates] chapter=17 pass=1 sticker=SL-17-001 step=search processed=502 downloaded=16
[build-sticker-candidates] chapter=17 pass=1 sticker=SL-17-001 step=execute
[build-sticker-candidates] chapter=17 pass=1 sticker=SL-17-001 step=evaluate
[build-sticker-candidates] chapter=17 pass=1 sticker=SL-17-001 step=preflight
[build-sticker-candidates] chapter=17 pass=1 sticker=SL-17-001 step=download
[build-sticker-candidates] chapter=17 pass=1 sticker=SL-17-001 step=crop
[build-sticker-candidates] chapter=17 pass=1 sticker=SL-17-001 done chapter_downloaded=0 batch=0
[build-sticker-candidates] chapter=17 pass=1 sticker=SL-17-002 step=search processed=503 downloaded=16
[build-sticker-candidates] chapter=17 pass=1 sticker=SL-17-002 step=execute
[build-sticker-candidates] chapter=17 pass=1 sticker=SL-17-002 step=evaluate
[build-sticker-candidates] chapter=17 pass=1 sticker=SL-17-002 step=preflight
[build-sticker-candidates] chapter=17 pass=1 sticker=SL-17-002 step=download
[build-sticker-candidates] chapter=17 pass=1 sticker=SL-17-002 step=crop
[build-sticker-candidates] chapter=17 pass=1 sticker=SL-17-002 done chapter_downloaded=0 batch=0
[build-sticker-candidates] chapter=17 pass=1 sticker=SL-17-007 step=search processed=504 downloaded=16
[build-sticker-candidates] chapter=17 pass=1 sticker=SL-17-007 step=execute
[build-sticker-candidates] chapter=17 pass=1 sticker=SL-17-007 step=evaluate
[build-sticker-candidates] chapter=17 pass=1 sticker=SL-17-007 step=preflight
[build-sticker-candidates] chapter=17 pass=1 sticker=SL-17-007 step=download
[build-sticker-candidates] chapter=17 pass=1 sticker=SL-17-007 step=crop
[build-sticker-candidates] chapter=17 pass=1 sticker=SL-17-007 done chapter_downloaded=0 batch=0
[build-sticker-candidates] chapter=17 pass=1 sticker=SL-17-004 step=search processed=505 downloaded=16
[build-sticker-candidates] chapter=17 pass=1 sticker=SL-17-004 step=execute
[build-sticker-candidates] chapter=17 pass=1 sticker=SL-17-004 step=evaluate
[build-sticker-candidates] chapter=17 pass=1 sticker=SL-17-004 step=preflight
[build-sticker-candidates] chapter=17 pass=1 sticker=SL-17-004 step=download
[build-sticker-candidates] chapter=17 pass=1 sticker=SL-17-004 step=crop
[build-sticker-candidates] chapter=17 pass=1 sticker=SL-17-004 done chapter_downloaded=0 batch=0
[build-sticker-candidates] chapter=17 pass=1 sticker=SL-17-023 step=search processed=506 downloaded=16
[build-sticker-candidates] chapter=17 pass=1 sticker=SL-17-023 step=execute
[build-sticker-candidates] chapter=17 pass=1 sticker=SL-17-023 step=evaluate
[build-sticker-candidates] chapter=17 pass=1 sticker=SL-17-023 step=preflight
[build-sticker-candidates] chapter=17 pass=1 sticker=SL-17-023 step=download
[build-sticker-candidates] chapter=17 pass=1 sticker=SL-17-023 step=crop
[build-sticker-candidates] chapter=17 pass=1 sticker=SL-17-023 done chapter_downloaded=0 batch=0
[build-sticker-candidates] chapter=17 pass=1 sticker=SL-17-026 step=search processed=507 downloaded=16
[build-sticker-candidates] chapter=17 pass=1 sticker=SL-17-026 step=execute
[build-sticker-candidates] chapter=17 pass=1 sticker=SL-17-026 step=evaluate
[build-sticker-candidates] chapter=17 pass=1 sticker=SL-17-026 step=preflight
[build-sticker-candidates] chapter=17 pass=1 sticker=SL-17-026 step=download
[build-sticker-candidates] chapter=17 pass=1 sticker=SL-17-026 step=crop
[build-sticker-candidates] chapter=17 pass=1 sticker=SL-17-026 done chapter_downloaded=0 batch=0
[build-sticker-candidates] chapter=17 pass=1 sticker=SL-17-011 step=search processed=508 downloaded=16
[build-sticker-candidates] chapter=17 pass=1 sticker=SL-17-011 step=execute
[build-sticker-candidates] chapter=17 pass=1 sticker=SL-17-011 step=evaluate
[build-sticker-candidates] chapter=17 pass=1 sticker=SL-17-011 step=preflight
[build-sticker-candidates] chapter=17 pass=1 sticker=SL-17-011 step=download
[build-sticker-candidates] chapter=17 pass=1 sticker=SL-17-011 step=crop
[build-sticker-candidates] chapter=17 pass=1 sticker=SL-17-011 done chapter_downloaded=0 batch=0
[build-sticker-candidates] chapter=17 pass=1 sticker=SL-17-014 step=search processed=509 downloaded=16
[build-sticker-candidates] chapter=17 pass=1 sticker=SL-17-014 step=execute
[build-sticker-candidates] chapter=17 pass=1 sticker=SL-17-014 step=evaluate
[build-sticker-candidates] chapter=17 pass=1 sticker=SL-17-014 step=preflight
[build-sticker-candidates] chapter=17 pass=1 sticker=SL-17-014 step=download
[build-sticker-candidates] chapter=17 pass=1 sticker=SL-17-014 step=crop
[build-sticker-candidates] chapter=17 pass=1 sticker=SL-17-014 done chapter_downloaded=0 batch=0
[build-sticker-candidates] chapter=17 pass=1 sticker=SL-17-013 step=search processed=510 downloaded=16
[build-sticker-candidates] chapter=17 pass=1 sticker=SL-17-013 step=execute
[build-sticker-candidates] chapter=17 pass=1 sticker=SL-17-013 step=evaluate
[build-sticker-candidates] chapter=17 pass=1 sticker=SL-17-013 step=preflight
[build-sticker-candidates] chapter=17 pass=1 sticker=SL-17-013 step=download
[build-sticker-candidates] chapter=17 pass=1 sticker=SL-17-013 step=crop
[build-sticker-candidates] chapter=17 pass=1 sticker=SL-17-013 done chapter_downloaded=0 batch=0
[build-sticker-candidates] chapter=17 pass=1 sticker=SL-17-016 step=search processed=511 downloaded=16
[build-sticker-candidates] chapter=17 pass=1 sticker=SL-17-016 step=execute
[build-sticker-candidates] chapter=17 pass=1 sticker=SL-17-016 step=evaluate
[build-sticker-candidates] chapter=17 pass=1 sticker=SL-17-016 step=preflight
[build-sticker-candidates] chapter=17 pass=1 sticker=SL-17-016 step=download
[build-sticker-candidates] chapter=17 pass=1 sticker=SL-17-016 step=crop
[build-sticker-candidates] chapter=17 pass=1 sticker=SL-17-016 done chapter_downloaded=0 batch=0
[build-sticker-candidates] chapter=17 pass=2 sticker=SL-17-031 step=search processed=512 downloaded=16
[build-sticker-candidates] chapter=17 pass=2 sticker=SL-17-031 step=execute
[build-sticker-candidates] chapter=17 pass=2 sticker=SL-17-031 step=evaluate
[build-sticker-candidates] chapter=17 pass=2 sticker=SL-17-031 step=preflight
[build-sticker-candidates] chapter=17 pass=2 sticker=SL-17-031 step=download
[build-sticker-candidates] chapter=17 pass=2 sticker=SL-17-031 step=crop
[build-sticker-candidates] chapter=17 pass=2 sticker=SL-17-031 done chapter_downloaded=0 batch=0
[build-sticker-candidates] chapter=17 pass=2 sticker=SL-17-019 step=search processed=513 downloaded=16
[build-sticker-candidates] chapter=17 pass=2 sticker=SL-17-019 step=execute
[build-sticker-candidates] chapter=17 pass=2 sticker=SL-17-019 step=evaluate
[build-sticker-candidates] chapter=17 pass=2 sticker=SL-17-019 step=preflight
[build-sticker-candidates] chapter=17 pass=2 sticker=SL-17-019 step=download
[build-sticker-candidates] chapter=17 pass=2 sticker=SL-17-019 step=crop
[build-sticker-candidates] chapter=17 pass=2 sticker=SL-17-019 done chapter_downloaded=0 batch=0
[build-sticker-candidates] chapter=17 pass=2 sticker=SL-17-020 step=search processed=514 downloaded=16
[build-sticker-candidates] chapter=17 pass=2 sticker=SL-17-020 step=execute
[build-sticker-candidates] chapter=17 pass=2 sticker=SL-17-020 step=evaluate
[build-sticker-candidates] chapter=17 pass=2 sticker=SL-17-020 step=preflight
[build-sticker-candidates] chapter=17 pass=2 sticker=SL-17-020 step=download
[build-sticker-candidates] chapter=17 pass=2 sticker=SL-17-020 step=crop
[build-sticker-candidates] chapter=17 pass=2 sticker=SL-17-020 done chapter_downloaded=0 batch=0
[build-sticker-candidates] chapter=17 pass=2 sticker=SL-17-021 step=search processed=515 downloaded=16
[build-sticker-candidates] chapter=17 pass=2 sticker=SL-17-021 step=execute
[build-sticker-candidates] chapter=17 pass=2 sticker=SL-17-021 step=evaluate
[build-sticker-candidates] chapter=17 pass=2 sticker=SL-17-021 step=preflight
[build-sticker-candidates] chapter=17 pass=2 sticker=SL-17-021 step=download
[build-sticker-candidates] chapter=17 pass=2 sticker=SL-17-021 step=crop
[build-sticker-candidates] chapter=17 pass=2 sticker=SL-17-021 done chapter_downloaded=0 batch=0
[build-sticker-candidates] chapter=17 pass=2 sticker=SL-17-022 step=search processed=516 downloaded=16
[build-sticker-candidates] chapter=17 pass=2 sticker=SL-17-022 step=execute
[build-sticker-candidates] chapter=17 pass=2 sticker=SL-17-022 step=evaluate
[build-sticker-candidates] chapter=17 pass=2 sticker=SL-17-022 step=preflight
[build-sticker-candidates] chapter=17 pass=2 sticker=SL-17-022 step=download
[build-sticker-candidates] chapter=17 pass=2 sticker=SL-17-022 step=crop
[build-sticker-candidates] chapter=17 pass=2 sticker=SL-17-022 done chapter_downloaded=0 batch=0
[build-sticker-candidates] chapter=17 pass=2 sticker=SL-17-024 step=search processed=517 downloaded=16
[build-sticker-candidates] chapter=17 pass=2 sticker=SL-17-024 step=execute
[build-sticker-candidates] chapter=17 pass=2 sticker=SL-17-024 step=evaluate
[build-sticker-candidates] chapter=17 pass=2 sticker=SL-17-024 step=preflight
[build-sticker-candidates] chapter=17 pass=2 sticker=SL-17-024 step=download
[build-sticker-candidates] chapter=17 pass=2 sticker=SL-17-024 step=crop
[build-sticker-candidates] chapter=17 pass=2 sticker=SL-17-024 done chapter_downloaded=0 batch=0
[build-sticker-candidates] chapter=17 pass=2 sticker=SL-17-025 step=search processed=518 downloaded=16
[build-sticker-candidates] chapter=17 pass=2 sticker=SL-17-025 step=execute
[build-sticker-candidates] chapter=17 pass=2 sticker=SL-17-025 step=evaluate
[build-sticker-candidates] chapter=17 pass=2 sticker=SL-17-025 step=preflight
[build-sticker-candidates] chapter=17 pass=2 sticker=SL-17-025 step=download
[build-sticker-candidates] chapter=17 pass=2 sticker=SL-17-025 step=crop
[build-sticker-candidates] chapter=17 pass=2 sticker=SL-17-025 done chapter_downloaded=0 batch=0
[build-sticker-candidates] chapter=17 pass=2 sticker=SL-17-027 step=search processed=519 downloaded=16
[build-sticker-candidates] chapter=17 pass=2 sticker=SL-17-027 step=execute
[build-sticker-candidates] chapter=17 pass=2 sticker=SL-17-027 step=evaluate
[build-sticker-candidates] chapter=17 pass=2 sticker=SL-17-027 step=preflight
[build-sticker-candidates] chapter=17 pass=2 sticker=SL-17-027 step=download
[build-sticker-candidates] chapter=17 pass=2 sticker=SL-17-027 step=crop
[build-sticker-candidates] chapter=17 pass=2 sticker=SL-17-027 done chapter_downloaded=0 batch=0
[build-sticker-candidates] chapter=17 pass=2 sticker=SL-17-028 step=search processed=520 downloaded=16
[build-sticker-candidates] chapter=17 pass=2 sticker=SL-17-028 step=execute
[build-sticker-candidates] chapter=17 pass=2 sticker=SL-17-028 step=evaluate
[build-sticker-candidates] chapter=17 pass=2 sticker=SL-17-028 step=preflight
[build-sticker-candidates] chapter=17 pass=2 sticker=SL-17-028 step=download
[build-sticker-candidates] chapter=17 pass=2 sticker=SL-17-028 step=crop
[build-sticker-candidates] chapter=17 pass=2 sticker=SL-17-028 done chapter_downloaded=0 batch=0
[build-sticker-candidates] chapter=17 pass=2 sticker=SL-17-029 step=search processed=521 downloaded=16
[build-sticker-candidates] chapter=17 pass=2 sticker=SL-17-029 step=execute
[build-sticker-candidates] chapter=17 pass=2 sticker=SL-17-029 step=evaluate
[build-sticker-candidates] chapter=17 pass=2 sticker=SL-17-029 step=preflight
[build-sticker-candidates] chapter=17 pass=2 sticker=SL-17-029 step=download
[build-sticker-candidates] chapter=17 pass=2 sticker=SL-17-029 step=crop
[build-sticker-candidates] chapter=17 pass=2 sticker=SL-17-029 done chapter_downloaded=0 batch=0
[build-sticker-candidates] warning=no_download_progress_after_full_passes chapter=17 title=Otros deportes azulgranas passes_completed=2 downloaded_total=0
[build-sticker-candidates] chapter=18 title=Figuritas legendarias y míticas target=10
[build-sticker-candidates] chapter=18 pass=1 sticker=SL-18-003 step=search processed=522 downloaded=16
[build-sticker-candidates] chapter=18 pass=1 sticker=SL-18-003 step=execute
[build-sticker-candidates] chapter=18 pass=1 sticker=SL-18-003 step=evaluate
[build-sticker-candidates] chapter=18 pass=1 sticker=SL-18-003 step=preflight
[build-sticker-candidates] chapter=18 pass=1 sticker=SL-18-003 step=download
[build-sticker-candidates] chapter=18 pass=1 sticker=SL-18-003 step=crop
[build-sticker-candidates] chapter=18 pass=1 sticker=SL-18-003 done chapter_downloaded=0 batch=0
[build-sticker-candidates] chapter=18 pass=1 sticker=SL-18-004 step=search processed=523 downloaded=16
[build-sticker-candidates] chapter=18 pass=1 sticker=SL-18-004 step=execute
[build-sticker-candidates] chapter=18 pass=1 sticker=SL-18-004 step=evaluate
[build-sticker-candidates] chapter=18 pass=1 sticker=SL-18-004 step=preflight
[build-sticker-candidates] chapter=18 pass=1 sticker=SL-18-004 step=download
[build-sticker-candidates] chapter=18 pass=1 sticker=SL-18-004 step=crop
[build-sticker-candidates] chapter=18 pass=1 sticker=SL-18-004 done chapter_downloaded=0 batch=0
[build-sticker-candidates] chapter=18 pass=1 sticker=SL-18-001 step=search processed=524 downloaded=16
[build-sticker-candidates] chapter=18 pass=1 sticker=SL-18-001 step=execute
[build-sticker-candidates] chapter=18 pass=1 sticker=SL-18-001 step=evaluate
[build-sticker-candidates] chapter=18 pass=1 sticker=SL-18-001 step=preflight
[build-sticker-candidates] chapter=18 pass=1 sticker=SL-18-001 step=download
[build-sticker-candidates] chapter=18 pass=1 sticker=SL-18-001 step=crop
[build-sticker-candidates] chapter=18 pass=1 sticker=SL-18-001 done chapter_downloaded=0 batch=0
[build-sticker-candidates] chapter=18 pass=1 sticker=SL-18-002 step=search processed=525 downloaded=16
[build-sticker-candidates] chapter=18 pass=1 sticker=SL-18-002 step=execute
[build-sticker-candidates] chapter=18 pass=1 sticker=SL-18-002 step=evaluate
[build-sticker-candidates] chapter=18 pass=1 sticker=SL-18-002 step=preflight
[build-sticker-candidates] chapter=18 pass=1 sticker=SL-18-002 step=download
[build-sticker-candidates] chapter=18 pass=1 sticker=SL-18-002 step=crop
[build-sticker-candidates] chapter=18 pass=1 sticker=SL-18-002 done chapter_downloaded=0 batch=0
[build-sticker-candidates] chapter=18 pass=1 sticker=SL-18-011 step=search processed=526 downloaded=16
[build-sticker-candidates] chapter=18 pass=1 sticker=SL-18-011 step=execute
[build-sticker-candidates] chapter=18 pass=1 sticker=SL-18-011 step=evaluate
[build-sticker-candidates] chapter=18 pass=1 sticker=SL-18-011 step=preflight
[build-sticker-candidates] chapter=18 pass=1 sticker=SL-18-011 step=download
[build-sticker-candidates] chapter=18 pass=1 sticker=SL-18-011 step=crop
[build-sticker-candidates] chapter=18 pass=1 sticker=SL-18-011 done chapter_downloaded=0 batch=0
[build-sticker-candidates] chapter=18 pass=1 sticker=SL-18-012 step=search processed=527 downloaded=16
[build-sticker-candidates] chapter=18 pass=1 sticker=SL-18-012 step=execute
[build-sticker-candidates] chapter=18 pass=1 sticker=SL-18-012 step=evaluate
[build-sticker-candidates] chapter=18 pass=1 sticker=SL-18-012 step=preflight
[build-sticker-candidates] chapter=18 pass=1 sticker=SL-18-012 step=download
[build-sticker-candidates] chapter=18 pass=1 sticker=SL-18-012 step=crop
[build-sticker-candidates] chapter=18 pass=1 sticker=SL-18-012 done chapter_downloaded=0 batch=0
[build-sticker-candidates] chapter=18 pass=1 sticker=SL-18-014 step=search processed=528 downloaded=16
[build-sticker-candidates] chapter=18 pass=1 sticker=SL-18-014 step=execute
[build-sticker-candidates] chapter=18 pass=1 sticker=SL-18-014 step=evaluate
[build-sticker-candidates] chapter=18 pass=1 sticker=SL-18-014 step=preflight
[build-sticker-candidates] chapter=18 pass=1 sticker=SL-18-014 step=download
[build-sticker-candidates] chapter=18 pass=1 sticker=SL-18-014 step=crop
[build-sticker-candidates] chapter=18 pass=1 sticker=SL-18-014 done chapter_downloaded=0 batch=0
[build-sticker-candidates] chapter=18 pass=1 sticker=SL-18-015 step=search processed=529 downloaded=16
[build-sticker-candidates] chapter=18 pass=1 sticker=SL-18-015 step=execute
[build-sticker-candidates] chapter=18 pass=1 sticker=SL-18-015 step=evaluate
[build-sticker-candidates] chapter=18 pass=1 sticker=SL-18-015 step=preflight
[build-sticker-candidates] chapter=18 pass=1 sticker=SL-18-015 step=download
[build-sticker-candidates] chapter=18 pass=1 sticker=SL-18-015 step=crop
[build-sticker-candidates] chapter=18 pass=1 sticker=SL-18-015 done chapter_downloaded=0 batch=0
[build-sticker-candidates] chapter=18 pass=1 sticker=SL-18-017 step=search processed=530 downloaded=16
[build-sticker-candidates] chapter=18 pass=1 sticker=SL-18-017 step=execute
[build-sticker-candidates] chapter=18 pass=1 sticker=SL-18-017 step=evaluate
[build-sticker-candidates] chapter=18 pass=1 sticker=SL-18-017 step=preflight
[build-sticker-candidates] chapter=18 pass=1 sticker=SL-18-017 step=download
[build-sticker-candidates] chapter=18 pass=1 sticker=SL-18-017 step=crop
[build-sticker-candidates] chapter=18 pass=1 sticker=SL-18-017 done chapter_downloaded=0 batch=0
[build-sticker-candidates] chapter=18 pass=1 sticker=SL-18-018 step=search processed=531 downloaded=16
[build-sticker-candidates] chapter=18 pass=1 sticker=SL-18-018 step=execute
[build-sticker-candidates] chapter=18 pass=1 sticker=SL-18-018 step=evaluate
[build-sticker-candidates] chapter=18 pass=1 sticker=SL-18-018 step=preflight
[build-sticker-candidates] chapter=18 pass=1 sticker=SL-18-018 step=download
[build-sticker-candidates] chapter=18 pass=1 sticker=SL-18-018 step=crop
[build-sticker-candidates] chapter=18 pass=1 sticker=SL-18-018 done chapter_downloaded=0 batch=0
[build-sticker-candidates] chapter=18 pass=2 sticker=SL-18-003 step=search processed=532 downloaded=16
[build-sticker-candidates] chapter=18 pass=2 sticker=SL-18-003 step=execute
[build-sticker-candidates] chapter=18 pass=2 sticker=SL-18-003 step=evaluate
[build-sticker-candidates] chapter=18 pass=2 sticker=SL-18-003 step=preflight
[build-sticker-candidates] chapter=18 pass=2 sticker=SL-18-003 step=download
[build-sticker-candidates] chapter=18 pass=2 sticker=SL-18-003 step=crop
[build-sticker-candidates] chapter=18 pass=2 sticker=SL-18-003 done chapter_downloaded=0 batch=0
[build-sticker-candidates] chapter=18 pass=2 sticker=SL-18-021 step=search processed=533 downloaded=16
[build-sticker-candidates] chapter=18 pass=2 sticker=SL-18-021 step=execute
[build-sticker-candidates] chapter=18 pass=2 sticker=SL-18-021 step=evaluate
[build-sticker-candidates] chapter=18 pass=2 sticker=SL-18-021 step=preflight
[build-sticker-candidates] chapter=18 pass=2 sticker=SL-18-021 step=download
[build-sticker-candidates] chapter=18 pass=2 sticker=SL-18-021 step=crop
[build-sticker-candidates] chapter=18 pass=2 sticker=SL-18-021 done chapter_downloaded=0 batch=0
[build-sticker-candidates] chapter=18 pass=2 sticker=SL-18-022 step=search processed=534 downloaded=16
[build-sticker-candidates] chapter=18 pass=2 sticker=SL-18-022 step=execute
[build-sticker-candidates] chapter=18 pass=2 sticker=SL-18-022 step=evaluate
[build-sticker-candidates] chapter=18 pass=2 sticker=SL-18-022 step=preflight
[build-sticker-candidates] chapter=18 pass=2 sticker=SL-18-022 step=download
[build-sticker-candidates] chapter=18 pass=2 sticker=SL-18-022 step=crop
[build-sticker-candidates] chapter=18 pass=2 sticker=SL-18-022 done chapter_downloaded=0 batch=0
[build-sticker-candidates] chapter=18 pass=2 sticker=SL-18-023 step=search processed=535 downloaded=16
[build-sticker-candidates] chapter=18 pass=2 sticker=SL-18-023 step=execute
[build-sticker-candidates] chapter=18 pass=2 sticker=SL-18-023 step=evaluate
[build-sticker-candidates] chapter=18 pass=2 sticker=SL-18-023 step=preflight
[build-sticker-candidates] chapter=18 pass=2 sticker=SL-18-023 step=download
[build-sticker-candidates] chapter=18 pass=2 sticker=SL-18-023 step=crop
[build-sticker-candidates] chapter=18 pass=2 sticker=SL-18-023 done chapter_downloaded=0 batch=0
[build-sticker-candidates] chapter=18 pass=2 sticker=SL-18-024 step=search processed=536 downloaded=16
[build-sticker-candidates] chapter=18 pass=2 sticker=SL-18-024 step=execute
[build-sticker-candidates] chapter=18 pass=2 sticker=SL-18-024 step=evaluate
[build-sticker-candidates] chapter=18 pass=2 sticker=SL-18-024 step=preflight
[build-sticker-candidates] chapter=18 pass=2 sticker=SL-18-024 step=download
[build-sticker-candidates] chapter=18 pass=2 sticker=SL-18-024 step=crop
[build-sticker-candidates] chapter=18 pass=2 sticker=SL-18-024 done chapter_downloaded=0 batch=0
[build-sticker-candidates] chapter=18 pass=2 sticker=SL-18-025 step=search processed=537 downloaded=16
[build-sticker-candidates] chapter=18 pass=2 sticker=SL-18-025 step=execute
[build-sticker-candidates] chapter=18 pass=2 sticker=SL-18-025 step=evaluate
[build-sticker-candidates] chapter=18 pass=2 sticker=SL-18-025 step=preflight
[build-sticker-candidates] chapter=18 pass=2 sticker=SL-18-025 step=download
[build-sticker-candidates] chapter=18 pass=2 sticker=SL-18-025 step=crop
[build-sticker-candidates] chapter=18 pass=2 sticker=SL-18-025 done chapter_downloaded=0 batch=0
[build-sticker-candidates] chapter=18 pass=2 sticker=SL-18-005 step=search processed=538 downloaded=16
[build-sticker-candidates] chapter=18 pass=2 sticker=SL-18-005 step=execute
[build-sticker-candidates] chapter=18 pass=2 sticker=SL-18-005 step=evaluate
[build-sticker-candidates] chapter=18 pass=2 sticker=SL-18-005 step=preflight
[build-sticker-candidates] chapter=18 pass=2 sticker=SL-18-005 step=download
[build-sticker-candidates] chapter=18 pass=2 sticker=SL-18-005 step=crop
[build-sticker-candidates] chapter=18 pass=2 sticker=SL-18-005 done chapter_downloaded=0 batch=0
[build-sticker-candidates] chapter=18 pass=2 sticker=SL-18-006 step=search processed=539 downloaded=16
[build-sticker-candidates] chapter=18 pass=2 sticker=SL-18-006 step=execute
[build-sticker-candidates] chapter=18 pass=2 sticker=SL-18-006 step=evaluate
[build-sticker-candidates] chapter=18 pass=2 sticker=SL-18-006 step=preflight
[build-sticker-candidates] chapter=18 pass=2 sticker=SL-18-006 step=download
[build-sticker-candidates] chapter=18 pass=2 sticker=SL-18-006 step=crop
[build-sticker-candidates] chapter=18 pass=2 sticker=SL-18-006 done chapter_downloaded=0 batch=0
[build-sticker-candidates] chapter=18 pass=2 sticker=SL-18-007 step=search processed=540 downloaded=16
[build-sticker-candidates] chapter=18 pass=2 sticker=SL-18-007 step=execute
[build-sticker-candidates] chapter=18 pass=2 sticker=SL-18-007 step=evaluate
[build-sticker-candidates] chapter=18 pass=2 sticker=SL-18-007 step=preflight
[build-sticker-candidates] chapter=18 pass=2 sticker=SL-18-007 step=download
[build-sticker-candidates] chapter=18 pass=2 sticker=SL-18-007 step=crop
[build-sticker-candidates] chapter=18 pass=2 sticker=SL-18-007 done chapter_downloaded=0 batch=0
[build-sticker-candidates] chapter=18 pass=2 sticker=SL-18-008 step=search processed=541 downloaded=16
[build-sticker-candidates] chapter=18 pass=2 sticker=SL-18-008 step=execute
[build-sticker-candidates] chapter=18 pass=2 sticker=SL-18-008 step=evaluate
[build-sticker-candidates] chapter=18 pass=2 sticker=SL-18-008 step=preflight
[build-sticker-candidates] chapter=18 pass=2 sticker=SL-18-008 step=download
[build-sticker-candidates] chapter=18 pass=2 sticker=SL-18-008 step=crop
[build-sticker-candidates] chapter=18 pass=2 sticker=SL-18-008 done chapter_downloaded=0 batch=0
[build-sticker-candidates] warning=no_download_progress_after_full_passes chapter=18 title=Figuritas legendarias y míticas passes_completed=2 downloaded_total=0
Build sticker candidates complete.
- Stickers selected: 559
- Stickers processed: 541
- Images downloaded: 16
- Requested per chapter: 10
- Passes completed: 55
- Execute routes candidates: 98
- Evaluate kept_found: 0
- Preflight checked: 209
- Downloaded: 16
- Cropped: 16
- Manifest: C:\album_sticker_factory\output\stickers_manifest.csv
- Chapter summaries:
  - 01 | Nace el Ciclón | selected=27 processed=20 passes=2 downloaded=0
  - 02 | El Viejo Gasómetro | selected=32 processed=20 passes=2 downloaded=0
  - 03 | Primeras glorias | selected=35 processed=20 passes=2 downloaded=0
  - 04 | La Santísima Trinidad | selected=23 processed=50 passes=5 downloaded=2
  - 05 | Los Carasucias | selected=22 processed=20 passes=2 downloaded=0
  - 06 | Los Matadores | selected=33 processed=20 passes=2 downloaded=0
  - 07 | El regreso y Los Camboyanos | selected=34 processed=20 passes=2 downloaded=0
  - 08 | El campeón del 95 | selected=27 processed=20 passes=2 downloaded=0
  - 09 | El equipo récord 2001 | selected=27 processed=30 passes=3 downloaded=1
  - 10 | Las primeras copas internacionales | selected=28 processed=70 passes=7 downloaded=4
  - 11 | Ramón 2007 | selected=21 processed=51 passes=6 downloaded=3
  - 12 | Del sufrimiento a la gloria 2012/2013 | selected=28 processed=20 passes=2 downloaded=0
  - 13 | Libertadores 2014 | selected=35 processed=60 passes=6 downloaded=4
  - 14 | Supercopa y años recientes | selected=35 processed=20 passes=2 downloaded=0
  - 15 | Ídolos eternos | selected=65 processed=40 passes=4 downloaded=2
  - 16 | Boedo vuelve | selected=29 processed=20 passes=2 downloaded=0
  - 17 | Otros deportes azulgranas | selected=34 processed=20 passes=2 downloaded=0
  - 18 | Figuritas legendarias y míticas | selected=24 processed=20 passes=2 downloaded=0
Warning: flujo automatico termina en carpetas de stickers; review manual queda externa.
