route_id,query_id,sticker_id,provider,priority,status,reason
R-Q-SL-01-001-01-local-folder,Q-SL-01-001-01,SL-01-001,local_folder,1,pending,local_source_enabled
R-Q-SL-01-001-01-wikimedia,Q-SL-01-001-01,SL-01-001,wikimedia,2,pending,"category_rule,historical_query"
R-Q-SL-01-001-01-general-web,Q-SL-01-001-01,SL-01-001,general_web,3,pending,baseline
R-Q-SL-01-001-01-image-search,Q-SL-01-001-01,SL-01-001,image_search,4,pending,baseline
R-Q-SL-01-001-02-local-folder,Q-SL-01-001-02,SL-01-001,local_folder,1,pending,local_source_enabled
R-Q-SL-01-001-02-wikimedia,Q-SL-01-001-02,SL-01-001,wikimedia,2,pending,"category_rule,historical_query"
R-Q-SL-01-001-02-general-web,Q-SL-01-001-02,SL-01-001,general_web,3,pending,baseline
R-Q-SL-01-001-02-image-search,Q-SL-01-001-02,SL-01-001,image_search,4,pending,baseline
R-Q-SL-01-001-03-local-folder,Q-SL-01-001-03,SL-01-001,local_folder,1,pending,local_source_enabled
R-Q-SL-01-001-03-wikimedia,Q-SL-01-001-03,SL-01-001,wikimedia,2,pending,"category_rule,historical_query"
R-Q-SL-01-001-03-general-web,Q-SL-01-001-03,SL-01-001,general_web,3,pending,baseline
R-Q-SL-01-001-03-image-search,Q-SL-01-001-03,SL-01-001,image_search,4,pending,baseline
R-Q-SL-01-001-04-local-folder,Q-SL-01-001-04,SL-01-001,local_folder,1,pending,local_source_enabled
R-Q-SL-01-001-04-wikimedia,Q-SL-01-001-04,SL-01-001,wikimedia,2,pending,"category_rule,historical_query"
R-Q-SL-01-001-04-general-web,Q-SL-01-001-04,SL-01-001,general_web,3,pending,baseline
R-Q-SL-01-001-04-image-search,Q-SL-01-001-04,SL-01-001,image_search,4,pending,baseline
R-Q-SL-01-001-05-local-folder,Q-SL-01-001-05,SL-01-001,local_folder,1,pending,local_source_enabled
R-Q-SL-01-001-05-wikimedia,Q-SL-01-001-05,SL-01-001,wikimedia,2,pending,"category_rule,historical_query"
R-Q-SL-01-001-05-general-web,Q-SL-01-001-05,SL-01-001,general_web,3,pending,baseline
R-Q-SL-01-001-05-image-search,Q-SL-01-001-05,SL-01-001,image_search,4,pending,baseline
R-Q-SL-01-002-01-local-folder,Q-SL-01-002-01,SL-01-002,local_folder,1,pending,local_source_enabled
R-Q-SL-01-002-01-wikimedia,Q-SL-01-002-01,SL-01-002,wikimedia,2,pending,"category_rule,historical_query"
R-Q-SL-01-002-01-general-web,Q-SL-01-002-01,SL-01-002,general_web,3,pending,baseline
R-Q-SL-01-002-01-image-search,Q-SL-01-002-01,SL-01-002,image_search,4,pending,baseline
R-Q-SL-01-002-02-local-folder,Q-SL-01-002-02,SL-01-002,local_folder,1,pending,local_source_enabled
R-Q-SL-01-002-02-wikimedia,Q-SL-01-002-02,SL-01-002,wikimedia,2,pending,category_rule
R-Q-SL-01-002-02-general-web,Q-SL-01-002-02,SL-01-002,general_web,3,pending,baseline
R-Q-SL-01-002-02-image-search,Q-SL-01-002-02,SL-01-002,image_search,4,pending,baseline
R-Q-SL-01-002-03-local-folder,Q-SL-01-002-03,SL-01-002,local_folder,1,pending,local_source_enabled
R-Q-SL-01-002-03-wikimedia,Q-SL-01-002-03,SL-01-002,wikimedia,2,pending,category_rule
R-Q-SL-01-002-03-general-web,Q-SL-01-002-03,SL-01-002,general_web,3,pending,baseline
R-Q-SL-01-002-03-image-search,Q-SL-01-002-03,SL-01-002,image_search,4,pending,baseline
R-Q-SL-01-002-04-local-folder,Q-SL-01-002-04,SL-01-002,local_folder,1,pending,local_source_enabled
R-Q-SL-01-002-04-wikimedia,Q-SL-01-002-04,SL-01-002,wikimedia,2,pending,"category_rule,historical_query"
R-Q-SL-01-002-04-general-web,Q-SL-01-002-04,SL-01-002,general_web,3,pending,baseline
R-Q-SL-01-002-04-image-search,Q-SL-01-002-04,SL-01-002,image_search,4,pending,baseline
R-Q-SL-01-002-05-local-folder,Q-SL-01-002-05,SL-01-002,local_folder,1,pending,local_source_enabled
R-Q-SL-01-002-05-wikimedia,Q-SL-01-002-05,SL-01-002,wikimedia,2,pending,category_rule
R-Q-SL-01-002-05-general-web,Q-SL-01-002-05,SL-01-002,general_web,3,pending,baseline
R-Q-SL-01-002-05-image-search,Q-SL-01-002-05,SL-01-002,image_search,4,pending,baseline
R-Q-SL-01-003-01-local-folder,Q-SL-01-003-01,SL-01-003,local_folder,1,pending,local_source_enabled
R-Q-SL-01-003-01-wikimedia,Q-SL-01-003-01,SL-01-003,wikimedia,2,pending,"category_rule,historical_query"
R-Q-SL-01-003-01-general-web,Q-SL-01-003-01,SL-01-003,general_web,3,pending,baseline
R-Q-SL-01-003-01-image-search,Q-SL-01-003-01,SL-01-003,image_search,4,pending,baseline
R-Q-SL-01-003-02-local-folder,Q-SL-01-003-02,SL-01-003,local_folder,1,pending,local_source_enabled
R-Q-SL-01-003-02-wikimedia,Q-SL-01-003-02,SL-01-003,wikimedia,2,pending,"category_rule,historical_query"
R-Q-SL-01-003-02-general-web,Q-SL-01-003-02,SL-01-003,general_web,3,pending,baseline
R-Q-SL-01-003-02-image-search,Q-SL-01-003-02,SL-01-003,image_search,4,pending,baseline
R-Q-SL-01-003-03-local-folder,Q-SL-01-003-03,SL-01-003,local_folder,1,pending,local_source_enabled
R-Q-SL-01-003-03-wikimedia,Q-SL-01-003-03,SL-01-003,wikimedia,2,pending,"category_rule,historical_query"
R-Q-SL-01-003-03-general-web,Q-SL-01-003-03,SL-01-003,general_web,3,pending,baseline
R-Q-SL-01-003-03-image-search,Q-SL-01-003-03,SL-01-003,image_search,4,pending,baseline
R-Q-SL-01-003-04-local-folder,Q-SL-01-003-04,SL-01-003,local_folder,1,pending,local_source_enabled
R-Q-SL-01-003-04-wikimedia,Q-SL-01-003-04,SL-01-003,wikimedia,2,pending,"category_rule,historical_query"
R-Q-SL-01-003-04-general-web,Q-SL-01-003-04,SL-01-003,general_web,3,pending,baseline
R-Q-SL-01-003-04-image-search,Q-SL-01-003-04,SL-01-003,image_search,4,pending,baseline
R-Q-SL-01-003-05-local-folder,Q-SL-01-003-05,SL-01-003,local_folder,1,pending,local_source_enabled
R-Q-SL-01-003-05-wikimedia,Q-SL-01-003-05,SL-01-003,wikimedia,2,pending,"category_rule,historical_query"
R-Q-SL-01-003-05-general-web,Q-SL-01-003-05,SL-01-003,general_web,3,pending,baseline
R-Q-SL-01-003-05-image-search,Q-SL-01-003-05,SL-01-003,image_search,4,pending,baseline
R-Q-SL-01-004-01-local-folder,Q-SL-01-004-01,SL-01-004,local_folder,1,pending,local_source_enabled
R-Q-SL-01-004-01-wikimedia,Q-SL-01-004-01,SL-01-004,wikimedia,2,pending,historical_query
R-Q-SL-01-004-01-general-web,Q-SL-01-004-01,SL-01-004,general_web,3,pending,baseline
R-Q-SL-01-004-01-image-search,Q-SL-01-004-01,SL-01-004,image_search,4,pending,baseline
R-Q-SL-01-004-02-local-folder,Q-SL-01-004-02,SL-01-004,local_folder,1,pending,local_source_enabled
R-Q-SL-01-004-02-general-web,Q-SL-01-004-02,SL-01-004,general_web,3,pending,baseline
R-Q-SL-01-004-02-image-search,Q-SL-01-004-02,SL-01-004,image_search,4,pending,baseline
R-Q-SL-01-004-03-local-folder,Q-SL-01-004-03,SL-01-004,local_folder,1,pending,local_source_enabled
R-Q-SL-01-004-03-general-web,Q-SL-01-004-03,SL-01-004,general_web,3,pending,baseline
R-Q-SL-01-004-03-image-search,Q-SL-01-004-03,SL-01-004,image_search,4,pending,baseline
R-Q-SL-01-004-04-local-folder,Q-SL-01-004-04,SL-01-004,local_folder,1,pending,local_source_enabled
R-Q-SL-01-004-04-general-web,Q-SL-01-004-04,SL-01-004,general_web,3,pending,baseline
R-Q-SL-01-004-04-image-search,Q-SL-01-004-04,SL-01-004,image_search,4,pending,baseline
R-Q-SL-01-004-05-local-folder,Q-SL-01-004-05,SL-01-004,local_folder,1,pending,local_source_enabled
R-Q-SL-01-004-05-general-web,Q-SL-01-004-05,SL-01-004,general_web,3,pending,baseline
R-Q-SL-01-004-05-image-search,Q-SL-01-004-05,SL-01-004,image_search,4,pending,baseline
R-Q-SL-01-005-01-local-folder,Q-SL-01-005-01,SL-01-005,local_folder,1,pending,local_source_enabled
R-Q-SL-01-005-01-wikimedia,Q-SL-01-005-01,SL-01-005,wikimedia,2,pending,"category_rule,historical_query"
R-Q-SL-01-005-01-general-web,Q-SL-01-005-01,SL-01-005,general_web,3,pending,baseline
R-Q-SL-01-005-01-image-search,Q-SL-01-005-01,SL-01-005,image_search,4,pending,baseline
R-Q-SL-01-005-02-local-folder,Q-SL-01-005-02,SL-01-005,local_folder,1,pending,local_source_enabled
R-Q-SL-01-005-02-wikimedia,Q-SL-01-005-02,SL-01-005,wikimedia,2,pending,category_rule
R-Q-SL-01-005-02-general-web,Q-SL-01-005-02,SL-01-005,general_web,3,pending,baseline
R-Q-SL-01-005-02-image-search,Q-SL-01-005-02,SL-01-005,image_search,4,pending,baseline
R-Q-SL-01-005-03-local-folder,Q-SL-01-005-03,SL-01-005,local_folder,1,pending,local_source_enabled
R-Q-SL-01-005-03-wikimedia,Q-SL-01-005-03,SL-01-005,wikimedia,2,pending,category_rule
R-Q-SL-01-005-03-general-web,Q-SL-01-005-03,SL-01-005,general_web,3,pending,baseline
R-Q-SL-01-005-03-image-search,Q-SL-01-005-03,SL-01-005,image_search,4,pending,baseline
R-Q-SL-01-005-04-local-folder,Q-SL-01-005-04,SL-01-005,local_folder,1,pending,local_source_enabled
R-Q-SL-01-005-04-wikimedia,Q-SL-01-005-04,SL-01-005,wikimedia,2,pending,category_rule
R-Q-SL-01-005-04-general-web,Q-SL-01-005-04,SL-01-005,general_web,3,pending,baseline
R-Q-SL-01-005-04-image-search,Q-SL-01-005-04,SL-01-005,image_search,4,pending,baseline
R-Q-SL-01-005-05-local-folder,Q-SL-01-005-05,SL-01-005,local_folder,1,pending,local_source_enabled
R-Q-SL-01-005-05-wikimedia,Q-SL-01-005-05,SL-01-005,wikimedia,2,pending,"category_rule,historical_query"
R-Q-SL-01-005-05-general-web,Q-SL-01-005-05,SL-01-005,general_web,3,pending,baseline
R-Q-SL-01-005-05-image-search,Q-SL-01-005-05,SL-01-005,image_search,4,pending,baseline
R-Q-SL-01-006-01-local-folder,Q-SL-01-006-01,SL-01-006,local_folder,1,pending,local_source_enabled
R-Q-SL-01-006-01-wikimedia,Q-SL-01-006-01,SL-01-006,wikimedia,2,pending,"category_rule,historical_query"
R-Q-SL-01-006-01-general-web,Q-SL-01-006-01,SL-01-006,general_web,3,pending,baseline
R-Q-SL-01-006-01-image-search,Q-SL-01-006-01,SL-01-006,image_search,4,pending,baseline
R-Q-SL-01-006-02-local-folder,Q-SL-01-006-02,SL-01-006,local_folder,1,pending,local_source_enabled
R-Q-SL-01-006-02-wikimedia,Q-SL-01-006-02,SL-01-006,wikimedia,2,pending,"category_rule,historical_query"
R-Q-SL-01-006-02-general-web,Q-SL-01-006-02,SL-01-006,general_web,3,pending,baseline
R-Q-SL-01-006-02-image-search,Q-SL-01-006-02,SL-01-006,image_search,4,pending,baseline
R-Q-SL-01-006-03-local-folder,Q-SL-01-006-03,SL-01-006,local_folder,1,pending,local_source_enabled
R-Q-SL-01-006-03-wikimedia,Q-SL-01-006-03,SL-01-006,wikimedia,2,pending,"category_rule,historical_query"
R-Q-SL-01-006-03-general-web,Q-SL-01-006-03,SL-01-006,general_web,3,pending,baseline
R-Q-SL-01-006-03-image-search,Q-SL-01-006-03,SL-01-006,image_search,4,pending,baseline
R-Q-SL-01-006-04-local-folder,Q-SL-01-006-04,SL-01-006,local_folder,1,pending,local_source_enabled
R-Q-SL-01-006-04-wikimedia,Q-SL-01-006-04,SL-01-006,wikimedia,2,pending,"category_rule,historical_query"
R-Q-SL-01-006-04-general-web,Q-SL-01-006-04,SL-01-006,general_web,3,pending,baseline
R-Q-SL-01-006-04-image-search,Q-SL-01-006-04,SL-01-006,image_search,4,pending,baseline
R-Q-SL-01-006-05-local-folder,Q-SL-01-006-05,SL-01-006,local_folder,1,pending,local_source_enabled
R-Q-SL-01-006-05-wikimedia,Q-SL-01-006-05,SL-01-006,wikimedia,2,pending,"category_rule,historical_query"
R-Q-SL-01-006-05-general-web,Q-SL-01-006-05,SL-01-006,general_web,3,pending,baseline
R-Q-SL-01-006-05-image-search,Q-SL-01-006-05,SL-01-006,image_search,4,pending,baseline
R-Q-SL-01-007-01-local-folder,Q-SL-01-007-01,SL-01-007,local_folder,1,pending,local_source_enabled
R-Q-SL-01-007-01-wikimedia,Q-SL-01-007-01,SL-01-007,wikimedia,2,pending,"category_rule,historical_query"
R-Q-SL-01-007-01-general-web,Q-SL-01-007-01,SL-01-007,general_web,3,pending,baseline
R-Q-SL-01-007-01-image-search,Q-SL-01-007-01,SL-01-007,image_search,4,pending,baseline
R-Q-SL-01-007-02-local-folder,Q-SL-01-007-02,SL-01-007,local_folder,1,pending,local_source_enabled
R-Q-SL-01-007-02-wikimedia,Q-SL-01-007-02,SL-01-007,wikimedia,2,pending,"category_rule,historical_query"
R-Q-SL-01-007-02-general-web,Q-SL-01-007-02,SL-01-007,general_web,3,pending,baseline
R-Q-SL-01-007-02-image-search,Q-SL-01-007-02,SL-01-007,image_search,4,pending,baseline
R-Q-SL-01-007-03-local-folder,Q-SL-01-007-03,SL-01-007,local_folder,1,pending,local_source_enabled
R-Q-SL-01-007-03-wikimedia,Q-SL-01-007-03,SL-01-007,wikimedia,2,pending,"category_rule,historical_query"
R-Q-SL-01-007-03-general-web,Q-SL-01-007-03,SL-01-007,general_web,3,pending,baseline
R-Q-SL-01-007-03-image-search,Q-SL-01-007-03,SL-01-007,image_search,4,pending,baseline
R-Q-SL-01-007-04-local-folder,Q-SL-01-007-04,SL-01-007,local_folder,1,pending,local_source_enabled
R-Q-SL-01-007-04-wikimedia,Q-SL-01-007-04,SL-01-007,wikimedia,2,pending,"category_rule,historical_query"
R-Q-SL-01-007-04-general-web,Q-SL-01-007-04,SL-01-007,general_web,3,pending,baseline
R-Q-SL-01-007-04-image-search,Q-SL-01-007-04,SL-01-007,image_search,4,pending,baseline
R-Q-SL-01-007-05-local-folder,Q-SL-01-007-05,SL-01-007,local_folder,1,pending,local_source_enabled
R-Q-SL-01-007-05-wikimedia,Q-SL-01-007-05,SL-01-007,wikimedia,2,pending,"category_rule,historical_query"
R-Q-SL-01-007-05-general-web,Q-SL-01-007-05,SL-01-007,general_web,3,pending,baseline
R-Q-SL-01-007-05-image-search,Q-SL-01-007-05,SL-01-007,image_search,4,pending,baseline
R-Q-SL-01-008-01-local-folder,Q-SL-01-008-01,SL-01-008,local_folder,1,pending,local_source_enabled
R-Q-SL-01-008-01-wikimedia,Q-SL-01-008-01,SL-01-008,wikimedia,2,pending,"category_rule,historical_query"
R-Q-SL-01-008-01-general-web,Q-SL-01-008-01,SL-01-008,general_web,3,pending,baseline
R-Q-SL-01-008-01-image-search,Q-SL-01-008-01,SL-01-008,image_search,4,pending,baseline
R-Q-SL-01-008-02-local-folder,Q-SL-01-008-02,SL-01-008,local_folder,1,pending,local_source_enabled
R-Q-SL-01-008-02-wikimedia,Q-SL-01-008-02,SL-01-008,wikimedia,2,pending,category_rule
R-Q-SL-01-008-02-general-web,Q-SL-01-008-02,SL-01-008,general_web,3,pending,baseline
R-Q-SL-01-008-02-image-search,Q-SL-01-008-02,SL-01-008,image_search,4,pending,baseline
R-Q-SL-01-008-03-local-folder,Q-SL-01-008-03,SL-01-008,local_folder,1,pending,local_source_enabled
R-Q-SL-01-008-03-wikimedia,Q-SL-01-008-03,SL-01-008,wikimedia,2,pending,category_rule
R-Q-SL-01-008-03-general-web,Q-SL-01-008-03,SL-01-008,general_web,3,pending,baseline
R-Q-SL-01-008-03-image-search,Q-SL-01-008-03,SL-01-008,image_search,4,pending,baseline
R-Q-SL-01-008-04-local-folder,Q-SL-01-008-04,SL-01-008,local_folder,1,pending,local_source_enabled
R-Q-SL-01-008-04-wikimedia,Q-SL-01-008-04,SL-01-008,wikimedia,2,pending,"category_rule,historical_query"
R-Q-SL-01-008-04-general-web,Q-SL-01-008-04,SL-01-008,general_web,3,pending,baseline
R-Q-SL-01-008-04-image-search,Q-SL-01-008-04,SL-01-008,image_search,4,pending,baseline
R-Q-SL-01-008-05-local-folder,Q-SL-01-008-05,SL-01-008,local_folder,1,pending,local_source_enabled
R-Q-SL-01-008-05-wikimedia,Q-SL-01-008-05,SL-01-008,wikimedia,2,pending,category_rule
R-Q-SL-01-008-05-general-web,Q-SL-01-008-05,SL-01-008,general_web,3,pending,baseline
R-Q-SL-01-008-05-image-search,Q-SL-01-008-05,SL-01-008,image_search,4,pending,baseline
R-Q-SL-01-009-01-local-folder,Q-SL-01-009-01,SL-01-009,local_folder,1,pending,local_source_enabled
R-Q-SL-01-009-01-wikimedia,Q-SL-01-009-01,SL-01-009,wikimedia,2,pending,"category_rule,historical_query"
R-Q-SL-01-009-01-general-web,Q-SL-01-009-01,SL-01-009,general_web,3,pending,baseline
R-Q-SL-01-009-01-image-search,Q-SL-01-009-01,SL-01-009,image_search,4,pending,baseline
R-Q-SL-01-009-02-local-folder,Q-SL-01-009-02,SL-01-009,local_folder,1,pending,local_source_enabled
R-Q-SL-01-009-02-wikimedia,Q-SL-01-009-02,SL-01-009,wikimedia,2,pending,"category_rule,historical_query"
R-Q-SL-01-009-02-general-web,Q-SL-01-009-02,SL-01-009,general_web,3,pending,baseline
R-Q-SL-01-009-02-image-search,Q-SL-01-009-02,SL-01-009,image_search,4,pending,baseline
R-Q-SL-01-009-03-local-folder,Q-SL-01-009-03,SL-01-009,local_folder,1,pending,local_source_enabled
R-Q-SL-01-009-03-wikimedia,Q-SL-01-009-03,SL-01-009,wikimedia,2,pending,"category_rule,historical_query"
R-Q-SL-01-009-03-general-web,Q-SL-01-009-03,SL-01-009,general_web,3,pending,baseline
R-Q-SL-01-009-03-image-search,Q-SL-01-009-03,SL-01-009,image_search,4,pending,baseline
R-Q-SL-01-009-04-local-folder,Q-SL-01-009-04,SL-01-009,local_folder,1,pending,local_source_enabled
R-Q-SL-01-009-04-wikimedia,Q-SL-01-009-04,SL-01-009,wikimedia,2,pending,"category_rule,historical_query"
R-Q-SL-01-009-04-general-web,Q-SL-01-009-04,SL-01-009,general_web,3,pending,baseline
R-Q-SL-01-009-04-image-search,Q-SL-01-009-04,SL-01-009,image_search,4,pending,baseline
R-Q-SL-01-009-05-local-folder,Q-SL-01-009-05,SL-01-009,local_folder,1,pending,local_source_enabled
R-Q-SL-01-009-05-wikimedia,Q-SL-01-009-05,SL-01-009,wikimedia,2,pending,"category_rule,historical_query"
R-Q-SL-01-009-05-general-web,Q-SL-01-009-05,SL-01-009,general_web,3,pending,baseline
R-Q-SL-01-009-05-image-search,Q-SL-01-009-05,SL-01-009,image_search,4,pending,baseline
R-Q-SL-01-010-01-local-folder,Q-SL-01-010-01,SL-01-010,local_folder,1,pending,local_source_enabled
R-Q-SL-01-010-01-wikimedia,Q-SL-01-010-01,SL-01-010,wikimedia,2,pending,"category_rule,historical_query"
R-Q-SL-01-010-01-general-web,Q-SL-01-010-01,SL-01-010,general_web,3,pending,baseline
R-Q-SL-01-010-01-image-search,Q-SL-01-010-01,SL-01-010,image_search,4,pending,baseline
R-Q-SL-01-010-02-local-folder,Q-SL-01-010-02,SL-01-010,local_folder,1,pending,local_source_enabled
R-Q-SL-01-010-02-wikimedia,Q-SL-01-010-02,SL-01-010,wikimedia,2,pending,category_rule
R-Q-SL-01-010-02-general-web,Q-SL-01-010-02,SL-01-010,general_web,3,pending,baseline
R-Q-SL-01-010-02-image-search,Q-SL-01-010-02,SL-01-010,image_search,4,pending,baseline
R-Q-SL-01-010-03-local-folder,Q-SL-01-010-03,SL-01-010,local_folder,1,pending,local_source_enabled
R-Q-SL-01-010-03-wikimedia,Q-SL-01-010-03,SL-01-010,wikimedia,2,pending,category_rule
R-Q-SL-01-010-03-general-web,Q-SL-01-010-03,SL-01-010,general_web,3,pending,baseline
R-Q-SL-01-010-03-image-search,Q-SL-01-010-03,SL-01-010,image_search,4,pending,baseline
R-Q-SL-01-010-04-local-folder,Q-SL-01-010-04,SL-01-010,local_folder,1,pending,local_source_enabled
R-Q-SL-01-010-04-wikimedia,Q-SL-01-010-04,SL-01-010,wikimedia,2,pending,"category_rule,historical_query"
R-Q-SL-01-010-04-general-web,Q-SL-01-010-04,SL-01-010,general_web,3,pending,baseline
R-Q-SL-01-010-04-image-search,Q-SL-01-010-04,SL-01-010,image_search,4,pending,baseline
R-Q-SL-01-010-05-local-folder,Q-SL-01-010-05,SL-01-010,local_folder,1,pending,local_source_enabled
R-Q-SL-01-010-05-wikimedia,Q-SL-01-010-05,SL-01-010,wikimedia,2,pending,category_rule
R-Q-SL-01-010-05-general-web,Q-SL-01-010-05,SL-01-010,general_web,3,pending,baseline
R-Q-SL-01-010-05-image-search,Q-SL-01-010-05,SL-01-010,image_search,4,pending,baseline
R-Q-SL-01-011-01-local-folder,Q-SL-01-011-01,SL-01-011,local_folder,1,pending,local_source_enabled
R-Q-SL-01-011-01-wikimedia,Q-SL-01-011-01,SL-01-011,wikimedia,2,pending,historical_query
R-Q-SL-01-011-01-general-web,Q-SL-01-011-01,SL-01-011,general_web,3,pending,baseline
R-Q-SL-01-011-01-image-search,Q-SL-01-011-01,SL-01-011,image_search,4,pending,baseline
R-Q-SL-01-011-02-local-folder,Q-SL-01-011-02,SL-01-011,local_folder,1,pending,local_source_enabled
R-Q-SL-01-011-02-wikimedia,Q-SL-01-011-02,SL-01-011,wikimedia,2,pending,historical_query
R-Q-SL-01-011-02-general-web,Q-SL-01-011-02,SL-01-011,general_web,3,pending,baseline
R-Q-SL-01-011-02-image-search,Q-SL-01-011-02,SL-01-011,image_search,4,pending,baseline
R-Q-SL-01-011-03-local-folder,Q-SL-01-011-03,SL-01-011,local_folder,1,pending,local_source_enabled
R-Q-SL-01-011-03-wikimedia,Q-SL-01-011-03,SL-01-011,wikimedia,2,pending,historical_query
R-Q-SL-01-011-03-general-web,Q-SL-01-011-03,SL-01-011,general_web,3,pending,baseline
R-Q-SL-01-011-03-image-search,Q-SL-01-011-03,SL-01-011,image_search,4,pending,baseline
R-Q-SL-01-011-04-local-folder,Q-SL-01-011-04,SL-01-011,local_folder,1,pending,local_source_enabled
R-Q-SL-01-011-04-wikimedia,Q-SL-01-011-04,SL-01-011,wikimedia,2,pending,historical_query
R-Q-SL-01-011-04-general-web,Q-SL-01-011-04,SL-01-011,general_web,3,pending,baseline
R-Q-SL-01-011-04-image-search,Q-SL-01-011-04,SL-01-011,image_search,4,pending,baseline
R-Q-SL-01-011-05-local-folder,Q-SL-01-011-05,SL-01-011,local_folder,1,pending,local_source_enabled
R-Q-SL-01-011-05-wikimedia,Q-SL-01-011-05,SL-01-011,wikimedia,2,pending,historical_query
R-Q-SL-01-011-05-general-web,Q-SL-01-011-05,SL-01-011,general_web,3,pending,baseline
R-Q-SL-01-011-05-image-search,Q-SL-01-011-05,SL-01-011,image_search,4,pending,baseline
R-Q-SL-01-012-01-local-folder,Q-SL-01-012-01,SL-01-012,local_folder,1,pending,local_source_enabled
R-Q-SL-01-012-01-wikimedia,Q-SL-01-012-01,SL-01-012,wikimedia,2,pending,"category_rule,historical_query"
R-Q-SL-01-012-01-general-web,Q-SL-01-012-01,SL-01-012,general_web,3,pending,baseline
R-Q-SL-01-012-01-image-search,Q-SL-01-012-01,SL-01-012,image_search,4,pending,baseline
R-Q-SL-01-012-02-local-folder,Q-SL-01-012-02,SL-01-012,local_folder,1,pending,local_source_enabled
R-Q-SL-01-012-02-wikimedia,Q-SL-01-012-02,SL-01-012,wikimedia,2,pending,"category_rule,historical_query"
R-Q-SL-01-012-02-general-web,Q-SL-01-012-02,SL-01-012,general_web,3,pending,baseline
R-Q-SL-01-012-02-image-search,Q-SL-01-012-02,SL-01-012,image_search,4,pending,baseline
R-Q-SL-01-012-03-local-folder,Q-SL-01-012-03,SL-01-012,local_folder,1,pending,local_source_enabled
R-Q-SL-01-012-03-wikimedia,Q-SL-01-012-03,SL-01-012,wikimedia,2,pending,"category_rule,historical_query"
R-Q-SL-01-012-03-general-web,Q-SL-01-012-03,SL-01-012,general_web,3,pending,baseline
R-Q-SL-01-012-03-image-search,Q-SL-01-012-03,SL-01-012,image_search,4,pending,baseline
R-Q-SL-01-012-04-local-folder,Q-SL-01-012-04,SL-01-012,local_folder,1,pending,local_source_enabled
R-Q-SL-01-012-04-wikimedia,Q-SL-01-012-04,SL-01-012,wikimedia,2,pending,"category_rule,historical_query"
R-Q-SL-01-012-04-general-web,Q-SL-01-012-04,SL-01-012,general_web,3,pending,baseline
R-Q-SL-01-012-04-image-search,Q-SL-01-012-04,SL-01-012,image_search,4,pending,baseline
R-Q-SL-01-012-05-local-folder,Q-SL-01-012-05,SL-01-012,local_folder,1,pending,local_source_enabled
R-Q-SL-01-012-05-wikimedia,Q-SL-01-012-05,SL-01-012,wikimedia,2,pending,"category_rule,historical_query"
R-Q-SL-01-012-05-general-web,Q-SL-01-012-05,SL-01-012,general_web,3,pending,baseline
R-Q-SL-01-012-05-image-search,Q-SL-01-012-05,SL-01-012,image_search,4,pending,baseline
R-Q-SL-01-013-01-local-folder,Q-SL-01-013-01,SL-01-013,local_folder,1,pending,local_source_enabled
R-Q-SL-01-013-01-wikimedia,Q-SL-01-013-01,SL-01-013,wikimedia,2,pending,"category_rule,historical_query"
R-Q-SL-01-013-01-general-web,Q-SL-01-013-01,SL-01-013,general_web,3,pending,baseline
R-Q-SL-01-013-01-image-search,Q-SL-01-013-01,SL-01-013,image_search,4,pending,baseline
R-Q-SL-01-013-02-local-folder,Q-SL-01-013-02,SL-01-013,local_folder,1,pending,local_source_enabled
R-Q-SL-01-013-02-wikimedia,Q-SL-01-013-02,SL-01-013,wikimedia,2,pending,category_rule
R-Q-SL-01-013-02-general-web,Q-SL-01-013-02,SL-01-013,general_web,3,pending,baseline
R-Q-SL-01-013-02-image-search,Q-SL-01-013-02,SL-01-013,image_search,4,pending,baseline
R-Q-SL-01-013-03-local-folder,Q-SL-01-013-03,SL-01-013,local_folder,1,pending,local_source_enabled
R-Q-SL-01-013-03-wikimedia,Q-SL-01-013-03,SL-01-013,wikimedia,2,pending,category_rule
R-Q-SL-01-013-03-general-web,Q-SL-01-013-03,SL-01-013,general_web,3,pending,baseline
R-Q-SL-01-013-03-image-search,Q-SL-01-013-03,SL-01-013,image_search,4,pending,baseline
R-Q-SL-01-013-04-local-folder,Q-SL-01-013-04,SL-01-013,local_folder,1,pending,local_source_enabled
R-Q-SL-01-013-04-wikimedia,Q-SL-01-013-04,SL-01-013,wikimedia,2,pending,"category_rule,historical_query"
R-Q-SL-01-013-04-general-web,Q-SL-01-013-04,SL-01-013,general_web,3,pending,baseline
R-Q-SL-01-013-04-image-search,Q-SL-01-013-04,SL-01-013,image_search,4,pending,baseline
R-Q-SL-01-013-05-local-folder,Q-SL-01-013-05,SL-01-013,local_folder,1,pending,local_source_enabled
R-Q-SL-01-013-05-wikimedia,Q-SL-01-013-05,SL-01-013,wikimedia,2,pending,category_rule
R-Q-SL-01-013-05-general-web,Q-SL-01-013-05,SL-01-013,general_web,3,pending,baseline
R-Q-SL-01-013-05-image-search,Q-SL-01-013-05,SL-01-013,image_search,4,pending,baseline
R-Q-SL-01-014-01-local-folder,Q-SL-01-014-01,SL-01-014,local_folder,1,pending,local_source_enabled
R-Q-SL-01-014-01-wikimedia,Q-SL-01-014-01,SL-01-014,wikimedia,2,pending,"category_rule,historical_query"
R-Q-SL-01-014-01-general-web,Q-SL-01-014-01,SL-01-014,general_web,3,pending,baseline
R-Q-SL-01-014-01-image-search,Q-SL-01-014-01,SL-01-014,image_search,4,pending,baseline
R-Q-SL-01-014-02-local-folder,Q-SL-01-014-02,SL-01-014,local_folder,1,pending,local_source_enabled
R-Q-SL-01-014-02-wikimedia,Q-SL-01-014-02,SL-01-014,wikimedia,2,pending,"category_rule,historical_query"
R-Q-SL-01-014-02-general-web,Q-SL-01-014-02,SL-01-014,general_web,3,pending,baseline
R-Q-SL-01-014-02-image-search,Q-SL-01-014-02,SL-01-014,image_search,4,pending,baseline
R-Q-SL-01-014-03-local-folder,Q-SL-01-014-03,SL-01-014,local_folder,1,pending,local_source_enabled
R-Q-SL-01-014-03-wikimedia,Q-SL-01-014-03,SL-01-014,wikimedia,2,pending,"category_rule,historical_query"
R-Q-SL-01-014-03-general-web,Q-SL-01-014-03,SL-01-014,general_web,3,pending,baseline
R-Q-SL-01-014-03-image-search,Q-SL-01-014-03,SL-01-014,image_search,4,pending,baseline
R-Q-SL-01-014-04-local-folder,Q-SL-01-014-04,SL-01-014,local_folder,1,pending,local_source_enabled
R-Q-SL-01-014-04-wikimedia,Q-SL-01-014-04,SL-01-014,wikimedia,2,pending,"category_rule,historical_query"
R-Q-SL-01-014-04-general-web,Q-SL-01-014-04,SL-01-014,general_web,3,pending,baseline
R-Q-SL-01-014-04-image-search,Q-SL-01-014-04,SL-01-014,image_search,4,pending,baseline
R-Q-SL-01-014-05-local-folder,Q-SL-01-014-05,SL-01-014,local_folder,1,pending,local_source_enabled
R-Q-SL-01-014-05-wikimedia,Q-SL-01-014-05,SL-01-014,wikimedia,2,pending,"category_rule,historical_query"
R-Q-SL-01-014-05-general-web,Q-SL-01-014-05,SL-01-014,general_web,3,pending,baseline
R-Q-SL-01-014-05-image-search,Q-SL-01-014-05,SL-01-014,image_search,4,pending,baseline
R-Q-SL-01-015-01-local-folder,Q-SL-01-015-01,SL-01-015,local_folder,1,pending,local_source_enabled
R-Q-SL-01-015-01-wikimedia,Q-SL-01-015-01,SL-01-015,wikimedia,2,pending,"category_rule,historical_query"
R-Q-SL-01-015-01-general-web,Q-SL-01-015-01,SL-01-015,general_web,3,pending,baseline
R-Q-SL-01-015-01-image-search,Q-SL-01-015-01,SL-01-015,image_search,4,pending,baseline
R-Q-SL-01-015-02-local-folder,Q-SL-01-015-02,SL-01-015,local_folder,1,pending,local_source_enabled
R-Q-SL-01-015-02-wikimedia,Q-SL-01-015-02,SL-01-015,wikimedia,2,pending,category_rule
R-Q-SL-01-015-02-general-web,Q-SL-01-015-02,SL-01-015,general_web,3,pending,baseline
R-Q-SL-01-015-02-image-search,Q-SL-01-015-02,SL-01-015,image_search,4,pending,baseline
R-Q-SL-01-015-03-local-folder,Q-SL-01-015-03,SL-01-015,local_folder,1,pending,local_source_enabled
R-Q-SL-01-015-03-wikimedia,Q-SL-01-015-03,SL-01-015,wikimedia,2,pending,category_rule
R-Q-SL-01-015-03-general-web,Q-SL-01-015-03,SL-01-015,general_web,3,pending,baseline
R-Q-SL-01-015-03-image-search,Q-SL-01-015-03,SL-01-015,image_search,4,pending,baseline
R-Q-SL-01-015-04-local-folder,Q-SL-01-015-04,SL-01-015,local_folder,1,pending,local_source_enabled
R-Q-SL-01-015-04-wikimedia,Q-SL-01-015-04,SL-01-015,wikimedia,2,pending,"category_rule,historical_query"
R-Q-SL-01-015-04-general-web,Q-SL-01-015-04,SL-01-015,general_web,3,pending,baseline
R-Q-SL-01-015-04-image-search,Q-SL-01-015-04,SL-01-015,image_search,4,pending,baseline
R-Q-SL-01-015-05-local-folder,Q-SL-01-015-05,SL-01-015,local_folder,1,pending,local_source_enabled
R-Q-SL-01-015-05-wikimedia,Q-SL-01-015-05,SL-01-015,wikimedia,2,pending,category_rule
R-Q-SL-01-015-05-general-web,Q-SL-01-015-05,SL-01-015,general_web,3,pending,baseline
R-Q-SL-01-015-05-image-search,Q-SL-01-015-05,SL-01-015,image_search,4,pending,baseline
R-Q-SL-01-016-01-local-folder,Q-SL-01-016-01,SL-01-016,local_folder,1,pending,local_source_enabled
R-Q-SL-01-016-01-wikimedia,Q-SL-01-016-01,SL-01-016,wikimedia,2,pending,"category_rule,historical_query"
R-Q-SL-01-016-01-general-web,Q-SL-01-016-01,SL-01-016,general_web,3,pending,baseline
R-Q-SL-01-016-01-image-search,Q-SL-01-016-01,SL-01-016,image_search,4,pending,baseline
R-Q-SL-01-016-02-local-folder,Q-SL-01-016-02,SL-01-016,local_folder,1,pending,local_source_enabled
R-Q-SL-01-016-02-wikimedia,Q-SL-01-016-02,SL-01-016,wikimedia,2,pending,category_rule
R-Q-SL-01-016-02-general-web,Q-SL-01-016-02,SL-01-016,general_web,3,pending,baseline
R-Q-SL-01-016-02-image-search,Q-SL-01-016-02,SL-01-016,image_search,4,pending,baseline
R-Q-SL-01-016-03-local-folder,Q-SL-01-016-03,SL-01-016,local_folder,1,pending,local_source_enabled
R-Q-SL-01-016-03-wikimedia,Q-SL-01-016-03,SL-01-016,wikimedia,2,pending,category_rule
R-Q-SL-01-016-03-general-web,Q-SL-01-016-03,SL-01-016,general_web,3,pending,baseline
R-Q-SL-01-016-03-image-search,Q-SL-01-016-03,SL-01-016,image_search,4,pending,baseline
R-Q-SL-01-016-04-local-folder,Q-SL-01-016-04,SL-01-016,local_folder,1,pending,local_source_enabled
R-Q-SL-01-016-04-wikimedia,Q-SL-01-016-04,SL-01-016,wikimedia,2,pending,"category_rule,historical_query"
R-Q-SL-01-016-04-general-web,Q-SL-01-016-04,SL-01-016,general_web,3,pending,baseline
R-Q-SL-01-016-04-image-search,Q-SL-01-016-04,SL-01-016,image_search,4,pending,baseline
R-Q-SL-01-016-05-local-folder,Q-SL-01-016-05,SL-01-016,local_folder,1,pending,local_source_enabled
R-Q-SL-01-016-05-wikimedia,Q-SL-01-016-05,SL-01-016,wikimedia,2,pending,category_rule
R-Q-SL-01-016-05-general-web,Q-SL-01-016-05,SL-01-016,general_web,3,pending,baseline
R-Q-SL-01-016-05-image-search,Q-SL-01-016-05,SL-01-016,image_search,4,pending,baseline
R-Q-SL-01-017-01-local-folder,Q-SL-01-017-01,SL-01-017,local_folder,1,pending,local_source_enabled
R-Q-SL-01-017-01-wikimedia,Q-SL-01-017-01,SL-01-017,wikimedia,2,pending,"category_rule,historical_query"
R-Q-SL-01-017-01-general-web,Q-SL-01-017-01,SL-01-017,general_web,3,pending,baseline
R-Q-SL-01-017-01-image-search,Q-SL-01-017-01,SL-01-017,image_search,4,pending,baseline
R-Q-SL-01-017-02-local-folder,Q-SL-01-017-02,SL-01-017,local_folder,1,pending,local_source_enabled
R-Q-SL-01-017-02-wikimedia,Q-SL-01-017-02,SL-01-017,wikimedia,2,pending,"category_rule,historical_query"
R-Q-SL-01-017-02-general-web,Q-SL-01-017-02,SL-01-017,general_web,3,pending,baseline
R-Q-SL-01-017-02-image-search,Q-SL-01-017-02,SL-01-017,image_search,4,pending,baseline
R-Q-SL-01-017-03-local-folder,Q-SL-01-017-03,SL-01-017,local_folder,1,pending,local_source_enabled
R-Q-SL-01-017-03-wikimedia,Q-SL-01-017-03,SL-01-017,wikimedia,2,pending,"category_rule,historical_query"
R-Q-SL-01-017-03-general-web,Q-SL-01-017-03,SL-01-017,general_web,3,pending,baseline
R-Q-SL-01-017-03-image-search,Q-SL-01-017-03,SL-01-017,image_search,4,pending,baseline
R-Q-SL-01-017-04-local-folder,Q-SL-01-017-04,SL-01-017,local_folder,1,pending,local_source_enabled
R-Q-SL-01-017-04-wikimedia,Q-SL-01-017-04,SL-01-017,wikimedia,2,pending,"category_rule,historical_query"
R-Q-SL-01-017-04-general-web,Q-SL-01-017-04,SL-01-017,general_web,3,pending,baseline
R-Q-SL-01-017-04-image-search,Q-SL-01-017-04,SL-01-017,image_search,4,pending,baseline
R-Q-SL-01-017-05-local-folder,Q-SL-01-017-05,SL-01-017,local_folder,1,pending,local_source_enabled
R-Q-SL-01-017-05-wikimedia,Q-SL-01-017-05,SL-01-017,wikimedia,2,pending,"category_rule,historical_query"
R-Q-SL-01-017-05-general-web,Q-SL-01-017-05,SL-01-017,general_web,3,pending,baseline
R-Q-SL-01-017-05-image-search,Q-SL-01-017-05,SL-01-017,image_search,4,pending,baseline
R-Q-SL-01-018-01-local-folder,Q-SL-01-018-01,SL-01-018,local_folder,1,pending,local_source_enabled
R-Q-SL-01-018-01-wikimedia,Q-SL-01-018-01,SL-01-018,wikimedia,2,pending,"category_rule,historical_query"
R-Q-SL-01-018-01-general-web,Q-SL-01-018-01,SL-01-018,general_web,3,pending,baseline
R-Q-SL-01-018-01-image-search,Q-SL-01-018-01,SL-01-018,image_search,4,pending,baseline
R-Q-SL-01-018-02-local-folder,Q-SL-01-018-02,SL-01-018,local_folder,1,pending,local_source_enabled
R-Q-SL-01-018-02-wikimedia,Q-SL-01-018-02,SL-01-018,wikimedia,2,pending,category_rule
R-Q-SL-01-018-02-general-web,Q-SL-01-018-02,SL-01-018,general_web,3,pending,baseline
R-Q-SL-01-018-02-image-search,Q-SL-01-018-02,SL-01-018,image_search,4,pending,baseline
R-Q-SL-01-018-03-local-folder,Q-SL-01-018-03,SL-01-018,local_folder,1,pending,local_source_enabled
R-Q-SL-01-018-03-wikimedia,Q-SL-01-018-03,SL-01-018,wikimedia,2,pending,category_rule
R-Q-SL-01-018-03-general-web,Q-SL-01-018-03,SL-01-018,general_web,3,pending,baseline
R-Q-SL-01-018-03-image-search,Q-SL-01-018-03,SL-01-018,image_search,4,pending,baseline
R-Q-SL-01-018-04-local-folder,Q-SL-01-018-04,SL-01-018,local_folder,1,pending,local_source_enabled
R-Q-SL-01-018-04-wikimedia,Q-SL-01-018-04,SL-01-018,wikimedia,2,pending,"category_rule,historical_query"
R-Q-SL-01-018-04-general-web,Q-SL-01-018-04,SL-01-018,general_web,3,pending,baseline
R-Q-SL-01-018-04-image-search,Q-SL-01-018-04,SL-01-018,image_search,4,pending,baseline
R-Q-SL-01-018-05-local-folder,Q-SL-01-018-05,SL-01-018,local_folder,1,pending,local_source_enabled
R-Q-SL-01-018-05-wikimedia,Q-SL-01-018-05,SL-01-018,wikimedia,2,pending,category_rule
R-Q-SL-01-018-05-general-web,Q-SL-01-018-05,SL-01-018,general_web,3,pending,baseline
R-Q-SL-01-018-05-image-search,Q-SL-01-018-05,SL-01-018,image_search,4,pending,baseline
R-Q-SL-01-019-01-local-folder,Q-SL-01-019-01,SL-01-019,local_folder,1,pending,local_source_enabled
R-Q-SL-01-019-01-wikimedia,Q-SL-01-019-01,SL-01-019,wikimedia,2,pending,"category_rule,historical_query"
R-Q-SL-01-019-01-general-web,Q-SL-01-019-01,SL-01-019,general_web,3,pending,baseline
R-Q-SL-01-019-01-image-search,Q-SL-01-019-01,SL-01-019,image_search,4,pending,baseline
R-Q-SL-01-019-02-local-folder,Q-SL-01-019-02,SL-01-019,local_folder,1,pending,local_source_enabled
R-Q-SL-01-019-02-wikimedia,Q-SL-01-019-02,SL-01-019,wikimedia,2,pending,category_rule
R-Q-SL-01-019-02-general-web,Q-SL-01-019-02,SL-01-019,general_web,3,pending,baseline
R-Q-SL-01-019-02-image-search,Q-SL-01-019-02,SL-01-019,image_search,4,pending,baseline
R-Q-SL-01-019-03-local-folder,Q-SL-01-019-03,SL-01-019,local_folder,1,pending,local_source_enabled
R-Q-SL-01-019-03-wikimedia,Q-SL-01-019-03,SL-01-019,wikimedia,2,pending,category_rule
R-Q-SL-01-019-03-general-web,Q-SL-01-019-03,SL-01-019,general_web,3,pending,baseline
R-Q-SL-01-019-03-image-search,Q-SL-01-019-03,SL-01-019,image_search,4,pending,baseline
R-Q-SL-01-019-04-local-folder,Q-SL-01-019-04,SL-01-019,local_folder,1,pending,local_source_enabled
R-Q-SL-01-019-04-wikimedia,Q-SL-01-019-04,SL-01-019,wikimedia,2,pending,"category_rule,historical_query"
R-Q-SL-01-019-04-general-web,Q-SL-01-019-04,SL-01-019,general_web,3,pending,baseline
R-Q-SL-01-019-04-image-search,Q-SL-01-019-04,SL-01-019,image_search,4,pending,baseline
R-Q-SL-01-019-05-local-folder,Q-SL-01-019-05,SL-01-019,local_folder,1,pending,local_source_enabled
R-Q-SL-01-019-05-wikimedia,Q-SL-01-019-05,SL-01-019,wikimedia,2,pending,category_rule
R-Q-SL-01-019-05-general-web,Q-SL-01-019-05,SL-01-019,general_web,3,pending,baseline
R-Q-SL-01-019-05-image-search,Q-SL-01-019-05,SL-01-019,image_search,4,pending,baseline
R-Q-SL-01-020-01-local-folder,Q-SL-01-020-01,SL-01-020,local_folder,1,pending,local_source_enabled
R-Q-SL-01-020-01-wikimedia,Q-SL-01-020-01,SL-01-020,wikimedia,2,pending,"category_rule,historical_query"
R-Q-SL-01-020-01-general-web,Q-SL-01-020-01,SL-01-020,general_web,3,pending,baseline
R-Q-SL-01-020-01-image-search,Q-SL-01-020-01,SL-01-020,image_search,4,pending,baseline
R-Q-SL-01-020-02-local-folder,Q-SL-01-020-02,SL-01-020,local_folder,1,pending,local_source_enabled
R-Q-SL-01-020-02-wikimedia,Q-SL-01-020-02,SL-01-020,wikimedia,2,pending,"category_rule,historical_query"
R-Q-SL-01-020-02-general-web,Q-SL-01-020-02,SL-01-020,general_web,3,pending,baseline
R-Q-SL-01-020-02-image-search,Q-SL-01-020-02,SL-01-020,image_search,4,pending,baseline
R-Q-SL-01-020-03-local-folder,Q-SL-01-020-03,SL-01-020,local_folder,1,pending,local_source_enabled
R-Q-SL-01-020-03-wikimedia,Q-SL-01-020-03,SL-01-020,wikimedia,2,pending,"category_rule,historical_query"
R-Q-SL-01-020-03-general-web,Q-SL-01-020-03,SL-01-020,general_web,3,pending,baseline
R-Q-SL-01-020-03-image-search,Q-SL-01-020-03,SL-01-020,image_search,4,pending,baseline
R-Q-SL-01-020-04-local-folder,Q-SL-01-020-04,SL-01-020,local_folder,1,pending,local_source_enabled
R-Q-SL-01-020-04-wikimedia,Q-SL-01-020-04,SL-01-020,wikimedia,2,pending,"category_rule,historical_query"
R-Q-SL-01-020-04-general-web,Q-SL-01-020-04,SL-01-020,general_web,3,pending,baseline
R-Q-SL-01-020-04-image-search,Q-SL-01-020-04,SL-01-020,image_search,4,pending,baseline
R-Q-SL-01-020-05-local-folder,Q-SL-01-020-05,SL-01-020,local_folder,1,pending,local_source_enabled
R-Q-SL-01-020-05-wikimedia,Q-SL-01-020-05,SL-01-020,wikimedia,2,pending,"category_rule,historical_query"
R-Q-SL-01-020-05-general-web,Q-SL-01-020-05,SL-01-020,general_web,3,pending,baseline
R-Q-SL-01-020-05-image-search,Q-SL-01-020-05,SL-01-020,image_search,4,pending,baseline
R-Q-SL-01-021-01-local-folder,Q-SL-01-021-01,SL-01-021,local_folder,1,pending,local_source_enabled
R-Q-SL-01-021-01-wikimedia,Q-SL-01-021-01,SL-01-021,wikimedia,2,pending,"category_rule,historical_query"
R-Q-SL-01-021-01-general-web,Q-SL-01-021-01,SL-01-021,general_web,3,pending,baseline
R-Q-SL-01-021-01-image-search,Q-SL-01-021-01,SL-01-021,image_search,4,pending,baseline
R-Q-SL-01-021-02-local-folder,Q-SL-01-021-02,SL-01-021,local_folder,1,pending,local_source_enabled
R-Q-SL-01-021-02-wikimedia,Q-SL-01-021-02,SL-01-021,wikimedia,2,pending,category_rule
R-Q-SL-01-021-02-general-web,Q-SL-01-021-02,SL-01-021,general_web,3,pending,baseline
R-Q-SL-01-021-02-image-search,Q-SL-01-021-02,SL-01-021,image_search,4,pending,baseline
R-Q-SL-01-021-03-local-folder,Q-SL-01-021-03,SL-01-021,local_folder,1,pending,local_source_enabled
R-Q-SL-01-021-03-wikimedia,Q-SL-01-021-03,SL-01-021,wikimedia,2,pending,category_rule
R-Q-SL-01-021-03-general-web,Q-SL-01-021-03,SL-01-021,general_web,3,pending,baseline
R-Q-SL-01-021-03-image-search,Q-SL-01-021-03,SL-01-021,image_search,4,pending,baseline
R-Q-SL-01-021-04-local-folder,Q-SL-01-021-04,SL-01-021,local_folder,1,pending,local_source_enabled
R-Q-SL-01-021-04-wikimedia,Q-SL-01-021-04,SL-01-021,wikimedia,2,pending,"category_rule,historical_query"
R-Q-SL-01-021-04-general-web,Q-SL-01-021-04,SL-01-021,general_web,3,pending,baseline
R-Q-SL-01-021-04-image-search,Q-SL-01-021-04,SL-01-021,image_search,4,pending,baseline
R-Q-SL-01-021-05-local-folder,Q-SL-01-021-05,SL-01-021,local_folder,1,pending,local_source_enabled
R-Q-SL-01-021-05-wikimedia,Q-SL-01-021-05,SL-01-021,wikimedia,2,pending,category_rule
R-Q-SL-01-021-05-general-web,Q-SL-01-021-05,SL-01-021,general_web,3,pending,baseline
R-Q-SL-01-021-05-image-search,Q-SL-01-021-05,SL-01-021,image_search,4,pending,baseline
R-Q-SL-01-022-01-local-folder,Q-SL-01-022-01,SL-01-022,local_folder,1,pending,local_source_enabled
R-Q-SL-01-022-01-wikimedia,Q-SL-01-022-01,SL-01-022,wikimedia,2,pending,"category_rule,historical_query"
R-Q-SL-01-022-01-general-web,Q-SL-01-022-01,SL-01-022,general_web,3,pending,baseline
R-Q-SL-01-022-01-image-search,Q-SL-01-022-01,SL-01-022,image_search,4,pending,baseline
R-Q-SL-01-022-02-local-folder,Q-SL-01-022-02,SL-01-022,local_folder,1,pending,local_source_enabled
R-Q-SL-01-022-02-wikimedia,Q-SL-01-022-02,SL-01-022,wikimedia,2,pending,category_rule
R-Q-SL-01-022-02-general-web,Q-SL-01-022-02,SL-01-022,general_web,3,pending,baseline
R-Q-SL-01-022-02-image-search,Q-SL-01-022-02,SL-01-022,image_search,4,pending,baseline
R-Q-SL-01-022-03-local-folder,Q-SL-01-022-03,SL-01-022,local_folder,1,pending,local_source_enabled
R-Q-SL-01-022-03-wikimedia,Q-SL-01-022-03,SL-01-022,wikimedia,2,pending,category_rule
R-Q-SL-01-022-03-general-web,Q-SL-01-022-03,SL-01-022,general_web,3,pending,baseline
R-Q-SL-01-022-03-image-search,Q-SL-01-022-03,SL-01-022,image_search,4,pending,baseline
R-Q-SL-01-022-04-local-folder,Q-SL-01-022-04,SL-01-022,local_folder,1,pending,local_source_enabled
R-Q-SL-01-022-04-wikimedia,Q-SL-01-022-04,SL-01-022,wikimedia,2,pending,"category_rule,historical_query"
R-Q-SL-01-022-04-general-web,Q-SL-01-022-04,SL-01-022,general_web,3,pending,baseline
R-Q-SL-01-022-04-image-search,Q-SL-01-022-04,SL-01-022,image_search,4,pending,baseline
R-Q-SL-01-022-05-local-folder,Q-SL-01-022-05,SL-01-022,local_folder,1,pending,local_source_enabled
R-Q-SL-01-022-05-wikimedia,Q-SL-01-022-05,SL-01-022,wikimedia,2,pending,category_rule
R-Q-SL-01-022-05-general-web,Q-SL-01-022-05,SL-01-022,general_web,3,pending,baseline
R-Q-SL-01-022-05-image-search,Q-SL-01-022-05,SL-01-022,image_search,4,pending,baseline
R-Q-SL-01-023-01-local-folder,Q-SL-01-023-01,SL-01-023,local_folder,1,pending,local_source_enabled
R-Q-SL-01-023-01-wikimedia,Q-SL-01-023-01,SL-01-023,wikimedia,2,pending,"category_rule,historical_query"
R-Q-SL-01-023-01-general-web,Q-SL-01-023-01,SL-01-023,general_web,3,pending,baseline
R-Q-SL-01-023-01-image-search,Q-SL-01-023-01,SL-01-023,image_search,4,pending,baseline
R-Q-SL-01-023-02-local-folder,Q-SL-01-023-02,SL-01-023,local_folder,1,pending,local_source_enabled
R-Q-SL-01-023-02-wikimedia,Q-SL-01-023-02,SL-01-023,wikimedia,2,pending,"category_rule,historical_query"
R-Q-SL-01-023-02-general-web,Q-SL-01-023-02,SL-01-023,general_web,3,pending,baseline
R-Q-SL-01-023-02-image-search,Q-SL-01-023-02,SL-01-023,image_search,4,pending,baseline
R-Q-SL-01-023-03-local-folder,Q-SL-01-023-03,SL-01-023,local_folder,1,pending,local_source_enabled
R-Q-SL-01-023-03-wikimedia,Q-SL-01-023-03,SL-01-023,wikimedia,2,pending,"category_rule,historical_query"
R-Q-SL-01-023-03-general-web,Q-SL-01-023-03,SL-01-023,general_web,3,pending,baseline
R-Q-SL-01-023-03-image-search,Q-SL-01-023-03,SL-01-023,image_search,4,pending,baseline
R-Q-SL-01-023-04-local-folder,Q-SL-01-023-04,SL-01-023,local_folder,1,pending,local_source_enabled
R-Q-SL-01-023-04-wikimedia,Q-SL-01-023-04,SL-01-023,wikimedia,2,pending,"category_rule,historical_query"
R-Q-SL-01-023-04-general-web,Q-SL-01-023-04,SL-01-023,general_web,3,pending,baseline
R-Q-SL-01-023-04-image-search,Q-SL-01-023-04,SL-01-023,image_search,4,pending,baseline
R-Q-SL-01-023-05-local-folder,Q-SL-01-023-05,SL-01-023,local_folder,1,pending,local_source_enabled
R-Q-SL-01-023-05-wikimedia,Q-SL-01-023-05,SL-01-023,wikimedia,2,pending,"category_rule,historical_query"
R-Q-SL-01-023-05-general-web,Q-SL-01-023-05,SL-01-023,general_web,3,pending,baseline
R-Q-SL-01-023-05-image-search,Q-SL-01-023-05,SL-01-023,image_search,4,pending,baseline
R-Q-SL-01-024-01-local-folder,Q-SL-01-024-01,SL-01-024,local_folder,1,pending,local_source_enabled
R-Q-SL-01-024-01-wikimedia,Q-SL-01-024-01,SL-01-024,wikimedia,2,pending,"category_rule,historical_query"
R-Q-SL-01-024-01-general-web,Q-SL-01-024-01,SL-01-024,general_web,3,pending,baseline
R-Q-SL-01-024-01-image-search,Q-SL-01-024-01,SL-01-024,image_search,4,pending,baseline
R-Q-SL-01-024-02-local-folder,Q-SL-01-024-02,SL-01-024,local_folder,1,pending,local_source_enabled
R-Q-SL-01-024-02-wikimedia,Q-SL-01-024-02,SL-01-024,wikimedia,2,pending,category_rule
R-Q-SL-01-024-02-general-web,Q-SL-01-024-02,SL-01-024,general_web,3,pending,baseline
R-Q-SL-01-024-02-image-search,Q-SL-01-024-02,SL-01-024,image_search,4,pending,baseline
R-Q-SL-01-024-03-local-folder,Q-SL-01-024-03,SL-01-024,local_folder,1,pending,local_source_enabled
R-Q-SL-01-024-03-wikimedia,Q-SL-01-024-03,SL-01-024,wikimedia,2,pending,category_rule
R-Q-SL-01-024-03-general-web,Q-SL-01-024-03,SL-01-024,general_web,3,pending,baseline
R-Q-SL-01-024-03-image-search,Q-SL-01-024-03,SL-01-024,image_search,4,pending,baseline
R-Q-SL-01-024-04-local-folder,Q-SL-01-024-04,SL-01-024,local_folder,1,pending,local_source_enabled
R-Q-SL-01-024-04-wikimedia,Q-SL-01-024-04,SL-01-024,wikimedia,2,pending,"category_rule,historical_query"
R-Q-SL-01-024-04-general-web,Q-SL-01-024-04,SL-01-024,general_web,3,pending,baseline
R-Q-SL-01-024-04-image-search,Q-SL-01-024-04,SL-01-024,image_search,4,pending,baseline
R-Q-SL-01-024-05-local-folder,Q-SL-01-024-05,SL-01-024,local_folder,1,pending,local_source_enabled
R-Q-SL-01-024-05-wikimedia,Q-SL-01-024-05,SL-01-024,wikimedia,2,pending,category_rule
R-Q-SL-01-024-05-general-web,Q-SL-01-024-05,SL-01-024,general_web,3,pending,baseline
R-Q-SL-01-024-05-image-search,Q-SL-01-024-05,SL-01-024,image_search,4,pending,baseline
R-Q-SL-01-025-01-local-folder,Q-SL-01-025-01,SL-01-025,local_folder,1,pending,local_source_enabled
R-Q-SL-01-025-01-wikimedia,Q-SL-01-025-01,SL-01-025,wikimedia,2,pending,"category_rule,historical_query"
R-Q-SL-01-025-01-general-web,Q-SL-01-025-01,SL-01-025,general_web,3,pending,baseline
R-Q-SL-01-025-01-image-search,Q-SL-01-025-01,SL-01-025,image_search,4,pending,baseline
R-Q-SL-01-025-02-local-folder,Q-SL-01-025-02,SL-01-025,local_folder,1,pending,local_source_enabled
R-Q-SL-01-025-02-wikimedia,Q-SL-01-025-02,SL-01-025,wikimedia,2,pending,category_rule
R-Q-SL-01-025-02-general-web,Q-SL-01-025-02,SL-01-025,general_web,3,pending,baseline
R-Q-SL-01-025-02-image-search,Q-SL-01-025-02,SL-01-025,image_search,4,pending,baseline
R-Q-SL-01-025-03-local-folder,Q-SL-01-025-03,SL-01-025,local_folder,1,pending,local_source_enabled
R-Q-SL-01-025-03-wikimedia,Q-SL-01-025-03,SL-01-025,wikimedia,2,pending,category_rule
R-Q-SL-01-025-03-general-web,Q-SL-01-025-03,SL-01-025,general_web,3,pending,baseline
R-Q-SL-01-025-03-image-search,Q-SL-01-025-03,SL-01-025,image_search,4,pending,baseline
R-Q-SL-01-025-04-local-folder,Q-SL-01-025-04,SL-01-025,local_folder,1,pending,local_source_enabled
R-Q-SL-01-025-04-wikimedia,Q-SL-01-025-04,SL-01-025,wikimedia,2,pending,"category_rule,historical_query"
R-Q-SL-01-025-04-general-web,Q-SL-01-025-04,SL-01-025,general_web,3,pending,baseline
R-Q-SL-01-025-04-image-search,Q-SL-01-025-04,SL-01-025,image_search,4,pending,baseline
R-Q-SL-01-025-05-local-folder,Q-SL-01-025-05,SL-01-025,local_folder,1,pending,local_source_enabled
R-Q-SL-01-025-05-wikimedia,Q-SL-01-025-05,SL-01-025,wikimedia,2,pending,category_rule
R-Q-SL-01-025-05-general-web,Q-SL-01-025-05,SL-01-025,general_web,3,pending,baseline
R-Q-SL-01-025-05-image-search,Q-SL-01-025-05,SL-01-025,image_search,4,pending,baseline
R-Q-SL-01-026-01-local-folder,Q-SL-01-026-01,SL-01-026,local_folder,1,pending,local_source_enabled
R-Q-SL-01-026-01-wikimedia,Q-SL-01-026-01,SL-01-026,wikimedia,2,pending,"category_rule,historical_query"
R-Q-SL-01-026-01-general-web,Q-SL-01-026-01,SL-01-026,general_web,3,pending,baseline
R-Q-SL-01-026-01-image-search,Q-SL-01-026-01,SL-01-026,image_search,4,pending,baseline
R-Q-SL-01-026-02-local-folder,Q-SL-01-026-02,SL-01-026,local_folder,1,pending,local_source_enabled
R-Q-SL-01-026-02-wikimedia,Q-SL-01-026-02,SL-01-026,wikimedia,2,pending,"category_rule,historical_query"
R-Q-SL-01-026-02-general-web,Q-SL-01-026-02,SL-01-026,general_web,3,pending,baseline
R-Q-SL-01-026-02-image-search,Q-SL-01-026-02,SL-01-026,image_search,4,pending,baseline
R-Q-SL-01-026-03-local-folder,Q-SL-01-026-03,SL-01-026,local_folder,1,pending,local_source_enabled
R-Q-SL-01-026-03-wikimedia,Q-SL-01-026-03,SL-01-026,wikimedia,2,pending,"category_rule,historical_query"
R-Q-SL-01-026-03-general-web,Q-SL-01-026-03,SL-01-026,general_web,3,pending,baseline
R-Q-SL-01-026-03-image-search,Q-SL-01-026-03,SL-01-026,image_search,4,pending,baseline
R-Q-SL-01-026-04-local-folder,Q-SL-01-026-04,SL-01-026,local_folder,1,pending,local_source_enabled
R-Q-SL-01-026-04-wikimedia,Q-SL-01-026-04,SL-01-026,wikimedia,2,pending,"category_rule,historical_query"
R-Q-SL-01-026-04-general-web,Q-SL-01-026-04,SL-01-026,general_web,3,pending,baseline
R-Q-SL-01-026-04-image-search,Q-SL-01-026-04,SL-01-026,image_search,4,pending,baseline
R-Q-SL-01-026-05-local-folder,Q-SL-01-026-05,SL-01-026,local_folder,1,pending,local_source_enabled
R-Q-SL-01-026-05-wikimedia,Q-SL-01-026-05,SL-01-026,wikimedia,2,pending,"category_rule,historical_query"
R-Q-SL-01-026-05-general-web,Q-SL-01-026-05,SL-01-026,general_web,3,pending,baseline
R-Q-SL-01-026-05-image-search,Q-SL-01-026-05,SL-01-026,image_search,4,pending,baseline
R-Q-SL-01-027-01-local-folder,Q-SL-01-027-01,SL-01-027,local_folder,1,pending,local_source_enabled
R-Q-SL-01-027-01-wikimedia,Q-SL-01-027-01,SL-01-027,wikimedia,2,pending,"category_rule,historical_query"
R-Q-SL-01-027-01-general-web,Q-SL-01-027-01,SL-01-027,general_web,3,pending,baseline
R-Q-SL-01-027-01-image-search,Q-SL-01-027-01,SL-01-027,image_search,4,pending,baseline
R-Q-SL-01-027-02-local-folder,Q-SL-01-027-02,SL-01-027,local_folder,1,pending,local_source_enabled
R-Q-SL-01-027-02-wikimedia,Q-SL-01-027-02,SL-01-027,wikimedia,2,pending,category_rule
R-Q-SL-01-027-02-general-web,Q-SL-01-027-02,SL-01-027,general_web,3,pending,baseline
R-Q-SL-01-027-02-image-search,Q-SL-01-027-02,SL-01-027,image_search,4,pending,baseline
R-Q-SL-01-027-03-local-folder,Q-SL-01-027-03,SL-01-027,local_folder,1,pending,local_source_enabled
R-Q-SL-01-027-03-wikimedia,Q-SL-01-027-03,SL-01-027,wikimedia,2,pending,category_rule
R-Q-SL-01-027-03-general-web,Q-SL-01-027-03,SL-01-027,general_web,3,pending,baseline
R-Q-SL-01-027-03-image-search,Q-SL-01-027-03,SL-01-027,image_search,4,pending,baseline
R-Q-SL-01-027-04-local-folder,Q-SL-01-027-04,SL-01-027,local_folder,1,pending,local_source_enabled
R-Q-SL-01-027-04-wikimedia,Q-SL-01-027-04,SL-01-027,wikimedia,2,pending,"category_rule,historical_query"
R-Q-SL-01-027-04-general-web,Q-SL-01-027-04,SL-01-027,general_web,3,pending,baseline
R-Q-SL-01-027-04-image-search,Q-SL-01-027-04,SL-01-027,image_search,4,pending,baseline
R-Q-SL-01-027-05-local-folder,Q-SL-01-027-05,SL-01-027,local_folder,1,pending,local_source_enabled
R-Q-SL-01-027-05-wikimedia,Q-SL-01-027-05,SL-01-027,wikimedia,2,pending,category_rule
R-Q-SL-01-027-05-general-web,Q-SL-01-027-05,SL-01-027,general_web,3,pending,baseline
R-Q-SL-01-027-05-image-search,Q-SL-01-027-05,SL-01-027,image_search,4,pending,baseline
R-Q-SL-01-028-01-local-folder,Q-SL-01-028-01,SL-01-028,local_folder,1,pending,local_source_enabled
R-Q-SL-01-028-01-wikimedia,Q-SL-01-028-01,SL-01-028,wikimedia,2,pending,"category_rule,historical_query"
R-Q-SL-01-028-01-general-web,Q-SL-01-028-01,SL-01-028,general_web,3,pending,baseline
R-Q-SL-01-028-01-image-search,Q-SL-01-028-01,SL-01-028,image_search,4,pending,baseline
R-Q-SL-01-028-02-local-folder,Q-SL-01-028-02,SL-01-028,local_folder,1,pending,local_source_enabled
R-Q-SL-01-028-02-wikimedia,Q-SL-01-028-02,SL-01-028,wikimedia,2,pending,"category_rule,historical_query"
R-Q-SL-01-028-02-general-web,Q-SL-01-028-02,SL-01-028,general_web,3,pending,baseline
R-Q-SL-01-028-02-image-search,Q-SL-01-028-02,SL-01-028,image_search,4,pending,baseline
R-Q-SL-01-028-03-local-folder,Q-SL-01-028-03,SL-01-028,local_folder,1,pending,local_source_enabled
R-Q-SL-01-028-03-wikimedia,Q-SL-01-028-03,SL-01-028,wikimedia,2,pending,"category_rule,historical_query"
R-Q-SL-01-028-03-general-web,Q-SL-01-028-03,SL-01-028,general_web,3,pending,baseline
R-Q-SL-01-028-03-image-search,Q-SL-01-028-03,SL-01-028,image_search,4,pending,baseline
R-Q-SL-01-028-04-local-folder,Q-SL-01-028-04,SL-01-028,local_folder,1,pending,local_source_enabled
R-Q-SL-01-028-04-wikimedia,Q-SL-01-028-04,SL-01-028,wikimedia,2,pending,"category_rule,historical_query"
R-Q-SL-01-028-04-general-web,Q-SL-01-028-04,SL-01-028,general_web,3,pending,baseline
R-Q-SL-01-028-04-image-search,Q-SL-01-028-04,SL-01-028,image_search,4,pending,baseline
R-Q-SL-01-028-05-local-folder,Q-SL-01-028-05,SL-01-028,local_folder,1,pending,local_source_enabled
R-Q-SL-01-028-05-wikimedia,Q-SL-01-028-05,SL-01-028,wikimedia,2,pending,"category_rule,historical_query"
R-Q-SL-01-028-05-general-web,Q-SL-01-028-05,SL-01-028,general_web,3,pending,baseline
R-Q-SL-01-028-05-image-search,Q-SL-01-028-05,SL-01-028,image_search,4,pending,baseline
R-Q-SL-01-029-01-local-folder,Q-SL-01-029-01,SL-01-029,local_folder,1,pending,local_source_enabled
R-Q-SL-01-029-01-wikimedia,Q-SL-01-029-01,SL-01-029,wikimedia,2,pending,"category_rule,historical_query"
R-Q-SL-01-029-01-general-web,Q-SL-01-029-01,SL-01-029,general_web,3,pending,baseline
R-Q-SL-01-029-01-image-search,Q-SL-01-029-01,SL-01-029,image_search,4,pending,baseline
R-Q-SL-01-029-02-local-folder,Q-SL-01-029-02,SL-01-029,local_folder,1,pending,local_source_enabled
R-Q-SL-01-029-02-wikimedia,Q-SL-01-029-02,SL-01-029,wikimedia,2,pending,category_rule
R-Q-SL-01-029-02-general-web,Q-SL-01-029-02,SL-01-029,general_web,3,pending,baseline
R-Q-SL-01-029-02-image-search,Q-SL-01-029-02,SL-01-029,image_search,4,pending,baseline
R-Q-SL-01-029-03-local-folder,Q-SL-01-029-03,SL-01-029,local_folder,1,pending,local_source_enabled
R-Q-SL-01-029-03-wikimedia,Q-SL-01-029-03,SL-01-029,wikimedia,2,pending,category_rule
R-Q-SL-01-029-03-general-web,Q-SL-01-029-03,SL-01-029,general_web,3,pending,baseline
R-Q-SL-01-029-03-image-search,Q-SL-01-029-03,SL-01-029,image_search,4,pending,baseline
R-Q-SL-01-029-04-local-folder,Q-SL-01-029-04,SL-01-029,local_folder,1,pending,local_source_enabled
R-Q-SL-01-029-04-wikimedia,Q-SL-01-029-04,SL-01-029,wikimedia,2,pending,"category_rule,historical_query"
R-Q-SL-01-029-04-general-web,Q-SL-01-029-04,SL-01-029,general_web,3,pending,baseline
R-Q-SL-01-029-04-image-search,Q-SL-01-029-04,SL-01-029,image_search,4,pending,baseline
R-Q-SL-01-029-05-local-folder,Q-SL-01-029-05,SL-01-029,local_folder,1,pending,local_source_enabled
R-Q-SL-01-029-05-wikimedia,Q-SL-01-029-05,SL-01-029,wikimedia,2,pending,category_rule
R-Q-SL-01-029-05-general-web,Q-SL-01-029-05,SL-01-029,general_web,3,pending,baseline
R-Q-SL-01-029-05-image-search,Q-SL-01-029-05,SL-01-029,image_search,4,pending,baseline
R-Q-SL-01-030-01-local-folder,Q-SL-01-030-01,SL-01-030,local_folder,1,pending,local_source_enabled
R-Q-SL-01-030-01-wikimedia,Q-SL-01-030-01,SL-01-030,wikimedia,2,pending,"category_rule,historical_query"
R-Q-SL-01-030-01-general-web,Q-SL-01-030-01,SL-01-030,general_web,3,pending,baseline
R-Q-SL-01-030-01-image-search,Q-SL-01-030-01,SL-01-030,image_search,4,pending,baseline
R-Q-SL-01-030-02-local-folder,Q-SL-01-030-02,SL-01-030,local_folder,1,pending,local_source_enabled
R-Q-SL-01-030-02-wikimedia,Q-SL-01-030-02,SL-01-030,wikimedia,2,pending,category_rule
R-Q-SL-01-030-02-general-web,Q-SL-01-030-02,SL-01-030,general_web,3,pending,baseline
R-Q-SL-01-030-02-image-search,Q-SL-01-030-02,SL-01-030,image_search,4,pending,baseline
R-Q-SL-01-030-03-local-folder,Q-SL-01-030-03,SL-01-030,local_folder,1,pending,local_source_enabled
R-Q-SL-01-030-03-wikimedia,Q-SL-01-030-03,SL-01-030,wikimedia,2,pending,category_rule
R-Q-SL-01-030-03-general-web,Q-SL-01-030-03,SL-01-030,general_web,3,pending,baseline
R-Q-SL-01-030-03-image-search,Q-SL-01-030-03,SL-01-030,image_search,4,pending,baseline
R-Q-SL-01-030-04-local-folder,Q-SL-01-030-04,SL-01-030,local_folder,1,pending,local_source_enabled
R-Q-SL-01-030-04-wikimedia,Q-SL-01-030-04,SL-01-030,wikimedia,2,pending,"category_rule,historical_query"
R-Q-SL-01-030-04-general-web,Q-SL-01-030-04,SL-01-030,general_web,3,pending,baseline
R-Q-SL-01-030-04-image-search,Q-SL-01-030-04,SL-01-030,image_search,4,pending,baseline
R-Q-SL-01-030-05-local-folder,Q-SL-01-030-05,SL-01-030,local_folder,1,pending,local_source_enabled
R-Q-SL-01-030-05-wikimedia,Q-SL-01-030-05,SL-01-030,wikimedia,2,pending,category_rule
R-Q-SL-01-030-05-general-web,Q-SL-01-030-05,SL-01-030,general_web,3,pending,baseline
R-Q-SL-01-030-05-image-search,Q-SL-01-030-05,SL-01-030,image_search,4,pending,baseline
R-Q-SL-02-001-01-local-folder,Q-SL-02-001-01,SL-02-001,local_folder,1,pending,local_source_enabled
R-Q-SL-02-001-01-wikimedia,Q-SL-02-001-01,SL-02-001,wikimedia,2,pending,"category_rule,historical_query"
R-Q-SL-02-001-01-general-web,Q-SL-02-001-01,SL-02-001,general_web,3,pending,baseline
R-Q-SL-02-001-01-image-search,Q-SL-02-001-01,SL-02-001,image_search,4,pending,baseline
R-Q-SL-02-001-02-local-folder,Q-SL-02-001-02,SL-02-001,local_folder,1,pending,local_source_enabled
R-Q-SL-02-001-02-wikimedia,Q-SL-02-001-02,SL-02-001,wikimedia,2,pending,"category_rule,historical_query"
R-Q-SL-02-001-02-general-web,Q-SL-02-001-02,SL-02-001,general_web,3,pending,baseline
R-Q-SL-02-001-02-image-search,Q-SL-02-001-02,SL-02-001,image_search,4,pending,baseline
R-Q-SL-02-001-03-local-folder,Q-SL-02-001-03,SL-02-001,local_folder,1,pending,local_source_enabled
R-Q-SL-02-001-03-wikimedia,Q-SL-02-001-03,SL-02-001,wikimedia,2,pending,"category_rule,historical_query"
R-Q-SL-02-001-03-general-web,Q-SL-02-001-03,SL-02-001,general_web,3,pending,baseline
R-Q-SL-02-001-03-image-search,Q-SL-02-001-03,SL-02-001,image_search,4,pending,baseline
R-Q-SL-02-001-04-local-folder,Q-SL-02-001-04,SL-02-001,local_folder,1,pending,local_source_enabled
R-Q-SL-02-001-04-wikimedia,Q-SL-02-001-04,SL-02-001,wikimedia,2,pending,"category_rule,historical_query"
R-Q-SL-02-001-04-general-web,Q-SL-02-001-04,SL-02-001,general_web,3,pending,baseline
R-Q-SL-02-001-04-image-search,Q-SL-02-001-04,SL-02-001,image_search,4,pending,baseline
R-Q-SL-02-001-05-local-folder,Q-SL-02-001-05,SL-02-001,local_folder,1,pending,local_source_enabled
R-Q-SL-02-001-05-wikimedia,Q-SL-02-001-05,SL-02-001,wikimedia,2,pending,"category_rule,historical_query"
R-Q-SL-02-001-05-general-web,Q-SL-02-001-05,SL-02-001,general_web,3,pending,baseline
R-Q-SL-02-001-05-image-search,Q-SL-02-001-05,SL-02-001,image_search,4,pending,baseline
R-Q-SL-02-002-01-local-folder,Q-SL-02-002-01,SL-02-002,local_folder,1,pending,local_source_enabled
R-Q-SL-02-002-01-wikimedia,Q-SL-02-002-01,SL-02-002,wikimedia,2,pending,historical_query
R-Q-SL-02-002-01-general-web,Q-SL-02-002-01,SL-02-002,general_web,3,pending,baseline
R-Q-SL-02-002-01-image-search,Q-SL-02-002-01,SL-02-002,image_search,4,pending,baseline
R-Q-SL-02-002-02-local-folder,Q-SL-02-002-02,SL-02-002,local_folder,1,pending,local_source_enabled
R-Q-SL-02-002-02-wikimedia,Q-SL-02-002-02,SL-02-002,wikimedia,2,pending,historical_query
R-Q-SL-02-002-02-general-web,Q-SL-02-002-02,SL-02-002,general_web,3,pending,baseline
R-Q-SL-02-002-02-image-search,Q-SL-02-002-02,SL-02-002,image_search,4,pending,baseline
R-Q-SL-02-002-03-local-folder,Q-SL-02-002-03,SL-02-002,local_folder,1,pending,local_source_enabled
R-Q-SL-02-002-03-wikimedia,Q-SL-02-002-03,SL-02-002,wikimedia,2,pending,historical_query
R-Q-SL-02-002-03-general-web,Q-SL-02-002-03,SL-02-002,general_web,3,pending,baseline
R-Q-SL-02-002-03-image-search,Q-SL-02-002-03,SL-02-002,image_search,4,pending,baseline
R-Q-SL-02-002-04-local-folder,Q-SL-02-002-04,SL-02-002,local_folder,1,pending,local_source_enabled
R-Q-SL-02-002-04-wikimedia,Q-SL-02-002-04,SL-02-002,wikimedia,2,pending,historical_query
R-Q-SL-02-002-04-general-web,Q-SL-02-002-04,SL-02-002,general_web,3,pending,baseline
R-Q-SL-02-002-04-image-search,Q-SL-02-002-04,SL-02-002,image_search,4,pending,baseline
R-Q-SL-02-002-05-local-folder,Q-SL-02-002-05,SL-02-002,local_folder,1,pending,local_source_enabled
R-Q-SL-02-002-05-wikimedia,Q-SL-02-002-05,SL-02-002,wikimedia,2,pending,historical_query
R-Q-SL-02-002-05-general-web,Q-SL-02-002-05,SL-02-002,general_web,3,pending,baseline
R-Q-SL-02-002-05-image-search,Q-SL-02-002-05,SL-02-002,image_search,4,pending,baseline
R-Q-SL-02-003-01-local-folder,Q-SL-02-003-01,SL-02-003,local_folder,1,pending,local_source_enabled
R-Q-SL-02-003-01-wikimedia,Q-SL-02-003-01,SL-02-003,wikimedia,2,pending,"category_rule,historical_query"
R-Q-SL-02-003-01-general-web,Q-SL-02-003-01,SL-02-003,general_web,3,pending,baseline
R-Q-SL-02-003-01-image-search,Q-SL-02-003-01,SL-02-003,image_search,4,pending,baseline
R-Q-SL-02-003-02-local-folder,Q-SL-02-003-02,SL-02-003,local_folder,1,pending,local_source_enabled
R-Q-SL-02-003-02-wikimedia,Q-SL-02-003-02,SL-02-003,wikimedia,2,pending,"category_rule,historical_query"
R-Q-SL-02-003-02-general-web,Q-SL-02-003-02,SL-02-003,general_web,3,pending,baseline
R-Q-SL-02-003-02-image-search,Q-SL-02-003-02,SL-02-003,image_search,4,pending,baseline
R-Q-SL-02-003-03-local-folder,Q-SL-02-003-03,SL-02-003,local_folder,1,pending,local_source_enabled
R-Q-SL-02-003-03-wikimedia,Q-SL-02-003-03,SL-02-003,wikimedia,2,pending,"category_rule,historical_query"
R-Q-SL-02-003-03-general-web,Q-SL-02-003-03,SL-02-003,general_web,3,pending,baseline
R-Q-SL-02-003-03-image-search,Q-SL-02-003-03,SL-02-003,image_search,4,pending,baseline
R-Q-SL-02-003-04-local-folder,Q-SL-02-003-04,SL-02-003,local_folder,1,pending,local_source_enabled
R-Q-SL-02-003-04-wikimedia,Q-SL-02-003-04,SL-02-003,wikimedia,2,pending,"category_rule,historical_query"
R-Q-SL-02-003-04-general-web,Q-SL-02-003-04,SL-02-003,general_web,3,pending,baseline
R-Q-SL-02-003-04-image-search,Q-SL-02-003-04,SL-02-003,image_search,4,pending,baseline
R-Q-SL-02-003-05-local-folder,Q-SL-02-003-05,SL-02-003,local_folder,1,pending,local_source_enabled
R-Q-SL-02-003-05-wikimedia,Q-SL-02-003-05,SL-02-003,wikimedia,2,pending,"category_rule,historical_query"
R-Q-SL-02-003-05-general-web,Q-SL-02-003-05,SL-02-003,general_web,3,pending,baseline
R-Q-SL-02-003-05-image-search,Q-SL-02-003-05,SL-02-003,image_search,4,pending,baseline
R-Q-SL-02-004-01-local-folder,Q-SL-02-004-01,SL-02-004,local_folder,1,pending,local_source_enabled
R-Q-SL-02-004-01-wikimedia,Q-SL-02-004-01,SL-02-004,wikimedia,2,pending,"category_rule,historical_query"
R-Q-SL-02-004-01-general-web,Q-SL-02-004-01,SL-02-004,general_web,3,pending,baseline
R-Q-SL-02-004-01-image-search,Q-SL-02-004-01,SL-02-004,image_search,4,pending,baseline
R-Q-SL-02-004-02-local-folder,Q-SL-02-004-02,SL-02-004,local_folder,1,pending,local_source_enabled
R-Q-SL-02-004-02-wikimedia,Q-SL-02-004-02,SL-02-004,wikimedia,2,pending,"category_rule,historical_query"
R-Q-SL-02-004-02-general-web,Q-SL-02-004-02,SL-02-004,general_web,3,pending,baseline
R-Q-SL-02-004-02-image-search,Q-SL-02-004-02,SL-02-004,image_search,4,pending,baseline
R-Q-SL-02-004-03-local-folder,Q-SL-02-004-03,SL-02-004,local_folder,1,pending,local_source_enabled
R-Q-SL-02-004-03-wikimedia,Q-SL-02-004-03,SL-02-004,wikimedia,2,pending,"category_rule,historical_query"
R-Q-SL-02-004-03-general-web,Q-SL-02-004-03,SL-02-004,general_web,3,pending,baseline
R-Q-SL-02-004-03-image-search,Q-SL-02-004-03,SL-02-004,image_search,4,pending,baseline
R-Q-SL-02-004-04-local-folder,Q-SL-02-004-04,SL-02-004,local_folder,1,pending,local_source_enabled
R-Q-SL-02-004-04-wikimedia,Q-SL-02-004-04,SL-02-004,wikimedia,2,pending,"category_rule,historical_query"
R-Q-SL-02-004-04-general-web,Q-SL-02-004-04,SL-02-004,general_web,3,pending,baseline
R-Q-SL-02-004-04-image-search,Q-SL-02-004-04,SL-02-004,image_search,4,pending,baseline
R-Q-SL-02-004-05-local-folder,Q-SL-02-004-05,SL-02-004,local_folder,1,pending,local_source_enabled
R-Q-SL-02-004-05-wikimedia,Q-SL-02-004-05,SL-02-004,wikimedia,2,pending,"category_rule,historical_query"
R-Q-SL-02-004-05-general-web,Q-SL-02-004-05,SL-02-004,general_web,3,pending,baseline
R-Q-SL-02-004-05-image-search,Q-SL-02-004-05,SL-02-004,image_search,4,pending,baseline
R-Q-SL-02-005-01-local-folder,Q-SL-02-005-01,SL-02-005,local_folder,1,pending,local_source_enabled
R-Q-SL-02-005-01-wikimedia,Q-SL-02-005-01,SL-02-005,wikimedia,2,pending,historical_query
R-Q-SL-02-005-01-general-web,Q-SL-02-005-01,SL-02-005,general_web,3,pending,baseline
R-Q-SL-02-005-01-image-search,Q-SL-02-005-01,SL-02-005,image_search,4,pending,baseline
R-Q-SL-02-005-02-local-folder,Q-SL-02-005-02,SL-02-005,local_folder,1,pending,local_source_enabled
R-Q-SL-02-005-02-wikimedia,Q-SL-02-005-02,SL-02-005,wikimedia,2,pending,historical_query
R-Q-SL-02-005-02-general-web,Q-SL-02-005-02,SL-02-005,general_web,3,pending,baseline
R-Q-SL-02-005-02-image-search,Q-SL-02-005-02,SL-02-005,image_search,4,pending,baseline
R-Q-SL-02-005-03-local-folder,Q-SL-02-005-03,SL-02-005,local_folder,1,pending,local_source_enabled
R-Q-SL-02-005-03-wikimedia,Q-SL-02-005-03,SL-02-005,wikimedia,2,pending,historical_query
R-Q-SL-02-005-03-general-web,Q-SL-02-005-03,SL-02-005,general_web,3,pending,baseline
R-Q-SL-02-005-03-image-search,Q-SL-02-005-03,SL-02-005,image_search,4,pending,baseline
R-Q-SL-02-005-04-local-folder,Q-SL-02-005-04,SL-02-005,local_folder,1,pending,local_source_enabled
R-Q-SL-02-005-04-wikimedia,Q-SL-02-005-04,SL-02-005,wikimedia,2,pending,historical_query
R-Q-SL-02-005-04-general-web,Q-SL-02-005-04,SL-02-005,general_web,3,pending,baseline
R-Q-SL-02-005-04-image-search,Q-SL-02-005-04,SL-02-005,image_search,4,pending,baseline
R-Q-SL-02-005-05-local-folder,Q-SL-02-005-05,SL-02-005,local_folder,1,pending,local_source_enabled
R-Q-SL-02-005-05-wikimedia,Q-SL-02-005-05,SL-02-005,wikimedia,2,pending,historical_query
R-Q-SL-02-005-05-general-web,Q-SL-02-005-05,SL-02-005,general_web,3,pending,baseline
R-Q-SL-02-005-05-image-search,Q-SL-02-005-05,SL-02-005,image_search,4,pending,baseline
R-Q-SL-02-006-01-local-folder,Q-SL-02-006-01,SL-02-006,local_folder,1,pending,local_source_enabled
R-Q-SL-02-006-01-wikimedia,Q-SL-02-006-01,SL-02-006,wikimedia,2,pending,"category_rule,historical_query"
R-Q-SL-02-006-01-general-web,Q-SL-02-006-01,SL-02-006,general_web,3,pending,baseline
R-Q-SL-02-006-01-image-search,Q-SL-02-006-01,SL-02-006,image_search,4,pending,baseline
R-Q-SL-02-006-02-local-folder,Q-SL-02-006-02,SL-02-006,local_folder,1,pending,local_source_enabled
R-Q-SL-02-006-02-wikimedia,Q-SL-02-006-02,SL-02-006,wikimedia,2,pending,"category_rule,historical_query"
R-Q-SL-02-006-02-general-web,Q-SL-02-006-02,SL-02-006,general_web,3,pending,baseline
R-Q-SL-02-006-02-image-search,Q-SL-02-006-02,SL-02-006,image_search,4,pending,baseline
R-Q-SL-02-006-03-local-folder,Q-SL-02-006-03,SL-02-006,local_folder,1,pending,local_source_enabled
R-Q-SL-02-006-03-wikimedia,Q-SL-02-006-03,SL-02-006,wikimedia,2,pending,"category_rule,historical_query"
R-Q-SL-02-006-03-general-web,Q-SL-02-006-03,SL-02-006,general_web,3,pending,baseline
R-Q-SL-02-006-03-image-search,Q-SL-02-006-03,SL-02-006,image_search,4,pending,baseline
R-Q-SL-02-006-04-local-folder,Q-SL-02-006-04,SL-02-006,local_folder,1,pending,local_source_enabled
R-Q-SL-02-006-04-wikimedia,Q-SL-02-006-04,SL-02-006,wikimedia,2,pending,"category_rule,historical_query"
R-Q-SL-02-006-04-general-web,Q-SL-02-006-04,SL-02-006,general_web,3,pending,baseline
R-Q-SL-02-006-04-image-search,Q-SL-02-006-04,SL-02-006,image_search,4,pending,baseline
R-Q-SL-02-006-05-local-folder,Q-SL-02-006-05,SL-02-006,local_folder,1,pending,local_source_enabled
R-Q-SL-02-006-05-wikimedia,Q-SL-02-006-05,SL-02-006,wikimedia,2,pending,"category_rule,historical_query"
R-Q-SL-02-006-05-general-web,Q-SL-02-006-05,SL-02-006,general_web,3,pending,baseline
R-Q-SL-02-006-05-image-search,Q-SL-02-006-05,SL-02-006,image_search,4,pending,baseline
R-Q-SL-02-007-01-local-folder,Q-SL-02-007-01,SL-02-007,local_folder,1,pending,local_source_enabled
R-Q-SL-02-007-01-wikimedia,Q-SL-02-007-01,SL-02-007,wikimedia,2,pending,historical_query
R-Q-SL-02-007-01-general-web,Q-SL-02-007-01,SL-02-007,general_web,3,pending,baseline
R-Q-SL-02-007-01-image-search,Q-SL-02-007-01,SL-02-007,image_search,4,pending,baseline
R-Q-SL-02-007-02-local-folder,Q-SL-02-007-02,SL-02-007,local_folder,1,pending,local_source_enabled
R-Q-SL-02-007-02-wikimedia,Q-SL-02-007-02,SL-02-007,wikimedia,2,pending,historical_query
R-Q-SL-02-007-02-general-web,Q-SL-02-007-02,SL-02-007,general_web,3,pending,baseline
R-Q-SL-02-007-02-image-search,Q-SL-02-007-02,SL-02-007,image_search,4,pending,baseline
R-Q-SL-02-007-03-local-folder,Q-SL-02-007-03,SL-02-007,local_folder,1,pending,local_source_enabled
R-Q-SL-02-007-03-wikimedia,Q-SL-02-007-03,SL-02-007,wikimedia,2,pending,historical_query
R-Q-SL-02-007-03-general-web,Q-SL-02-007-03,SL-02-007,general_web,3,pending,baseline
R-Q-SL-02-007-03-image-search,Q-SL-02-007-03,SL-02-007,image_search,4,pending,baseline
R-Q-SL-02-007-04-local-folder,Q-SL-02-007-04,SL-02-007,local_folder,1,pending,local_source_enabled
R-Q-SL-02-007-04-wikimedia,Q-SL-02-007-04,SL-02-007,wikimedia,2,pending,historical_query
R-Q-SL-02-007-04-general-web,Q-SL-02-007-04,SL-02-007,general_web,3,pending,baseline
R-Q-SL-02-007-04-image-search,Q-SL-02-007-04,SL-02-007,image_search,4,pending,baseline
R-Q-SL-02-007-05-local-folder,Q-SL-02-007-05,SL-02-007,local_folder,1,pending,local_source_enabled
R-Q-SL-02-007-05-wikimedia,Q-SL-02-007-05,SL-02-007,wikimedia,2,pending,historical_query
R-Q-SL-02-007-05-general-web,Q-SL-02-007-05,SL-02-007,general_web,3,pending,baseline
R-Q-SL-02-007-05-image-search,Q-SL-02-007-05,SL-02-007,image_search,4,pending,baseline
R-Q-SL-02-008-01-local-folder,Q-SL-02-008-01,SL-02-008,local_folder,1,pending,local_source_enabled
R-Q-SL-02-008-01-wikimedia,Q-SL-02-008-01,SL-02-008,wikimedia,2,pending,"category_rule,historical_query"
R-Q-SL-02-008-01-general-web,Q-SL-02-008-01,SL-02-008,general_web,3,pending,baseline
R-Q-SL-02-008-01-image-search,Q-SL-02-008-01,SL-02-008,image_search,4,pending,baseline
R-Q-SL-02-008-02-local-folder,Q-SL-02-008-02,SL-02-008,local_folder,1,pending,local_source_enabled
R-Q-SL-02-008-02-wikimedia,Q-SL-02-008-02,SL-02-008,wikimedia,2,pending,"category_rule,historical_query"
R-Q-SL-02-008-02-general-web,Q-SL-02-008-02,SL-02-008,general_web,3,pending,baseline
R-Q-SL-02-008-02-image-search,Q-SL-02-008-02,SL-02-008,image_search,4,pending,baseline
R-Q-SL-02-008-03-local-folder,Q-SL-02-008-03,SL-02-008,local_folder,1,pending,local_source_enabled
R-Q-SL-02-008-03-wikimedia,Q-SL-02-008-03,SL-02-008,wikimedia,2,pending,"category_rule,historical_query"
R-Q-SL-02-008-03-general-web,Q-SL-02-008-03,SL-02-008,general_web,3,pending,baseline
R-Q-SL-02-008-03-image-search,Q-SL-02-008-03,SL-02-008,image_search,4,pending,baseline
R-Q-SL-02-008-04-local-folder,Q-SL-02-008-04,SL-02-008,local_folder,1,pending,local_source_enabled
R-Q-SL-02-008-04-wikimedia,Q-SL-02-008-04,SL-02-008,wikimedia,2,pending,"category_rule,historical_query"
R-Q-SL-02-008-04-general-web,Q-SL-02-008-04,SL-02-008,general_web,3,pending,baseline
R-Q-SL-02-008-04-image-search,Q-SL-02-008-04,SL-02-008,image_search,4,pending,baseline
R-Q-SL-02-008-05-local-folder,Q-SL-02-008-05,SL-02-008,local_folder,1,pending,local_source_enabled
R-Q-SL-02-008-05-wikimedia,Q-SL-02-008-05,SL-02-008,wikimedia,2,pending,"category_rule,historical_query"
R-Q-SL-02-008-05-general-web,Q-SL-02-008-05,SL-02-008,general_web,3,pending,baseline
R-Q-SL-02-008-05-image-search,Q-SL-02-008-05,SL-02-008,image_search,4,pending,baseline
R-Q-SL-02-009-01-local-folder,Q-SL-02-009-01,SL-02-009,local_folder,1,pending,local_source_enabled
R-Q-SL-02-009-01-wikimedia,Q-SL-02-009-01,SL-02-009,wikimedia,2,pending,historical_query
R-Q-SL-02-009-01-general-web,Q-SL-02-009-01,SL-02-009,general_web,3,pending,baseline
R-Q-SL-02-009-01-image-search,Q-SL-02-009-01,SL-02-009,image_search,4,pending,baseline
R-Q-SL-02-009-02-local-folder,Q-SL-02-009-02,SL-02-009,local_folder,1,pending,local_source_enabled
R-Q-SL-02-009-02-wikimedia,Q-SL-02-009-02,SL-02-009,wikimedia,2,pending,historical_query
R-Q-SL-02-009-02-general-web,Q-SL-02-009-02,SL-02-009,general_web,3,pending,baseline
R-Q-SL-02-009-02-image-search,Q-SL-02-009-02,SL-02-009,image_search,4,pending,baseline
R-Q-SL-02-009-03-local-folder,Q-SL-02-009-03,SL-02-009,local_folder,1,pending,local_source_enabled
R-Q-SL-02-009-03-wikimedia,Q-SL-02-009-03,SL-02-009,wikimedia,2,pending,historical_query
R-Q-SL-02-009-03-general-web,Q-SL-02-009-03,SL-02-009,general_web,3,pending,baseline
R-Q-SL-02-009-03-image-search,Q-SL-02-009-03,SL-02-009,image_search,4,pending,baseline
R-Q-SL-02-009-04-local-folder,Q-SL-02-009-04,SL-02-009,local_folder,1,pending,local_source_enabled
R-Q-SL-02-009-04-wikimedia,Q-SL-02-009-04,SL-02-009,wikimedia,2,pending,historical_query
R-Q-SL-02-009-04-general-web,Q-SL-02-009-04,SL-02-009,general_web,3,pending,baseline
R-Q-SL-02-009-04-image-search,Q-SL-02-009-04,SL-02-009,image_search,4,pending,baseline
R-Q-SL-02-009-05-local-folder,Q-SL-02-009-05,SL-02-009,local_folder,1,pending,local_source_enabled
R-Q-SL-02-009-05-wikimedia,Q-SL-02-009-05,SL-02-009,wikimedia,2,pending,historical_query
R-Q-SL-02-009-05-general-web,Q-SL-02-009-05,SL-02-009,general_web,3,pending,baseline
R-Q-SL-02-009-05-image-search,Q-SL-02-009-05,SL-02-009,image_search,4,pending,baseline
R-Q-SL-02-010-01-local-folder,Q-SL-02-010-01,SL-02-010,local_folder,1,pending,local_source_enabled
R-Q-SL-02-010-01-wikimedia,Q-SL-02-010-01,SL-02-010,wikimedia,2,pending,historical_query
R-Q-SL-02-010-01-general-web,Q-SL-02-010-01,SL-02-010,general_web,3,pending,baseline
R-Q-SL-02-010-01-image-search,Q-SL-02-010-01,SL-02-010,image_search,4,pending,baseline
R-Q-SL-02-010-02-local-folder,Q-SL-02-010-02,SL-02-010,local_folder,1,pending,local_source_enabled
R-Q-SL-02-010-02-wikimedia,Q-SL-02-010-02,SL-02-010,wikimedia,2,pending,historical_query
R-Q-SL-02-010-02-general-web,Q-SL-02-010-02,SL-02-010,general_web,3,pending,baseline
R-Q-SL-02-010-02-image-search,Q-SL-02-010-02,SL-02-010,image_search,4,pending,baseline
R-Q-SL-02-010-03-local-folder,Q-SL-02-010-03,SL-02-010,local_folder,1,pending,local_source_enabled
R-Q-SL-02-010-03-wikimedia,Q-SL-02-010-03,SL-02-010,wikimedia,2,pending,historical_query
R-Q-SL-02-010-03-general-web,Q-SL-02-010-03,SL-02-010,general_web,3,pending,baseline
R-Q-SL-02-010-03-image-search,Q-SL-02-010-03,SL-02-010,image_search,4,pending,baseline
R-Q-SL-02-010-04-local-folder,Q-SL-02-010-04,SL-02-010,local_folder,1,pending,local_source_enabled
R-Q-SL-02-010-04-wikimedia,Q-SL-02-010-04,SL-02-010,wikimedia,2,pending,historical_query
R-Q-SL-02-010-04-general-web,Q-SL-02-010-04,SL-02-010,general_web,3,pending,baseline
R-Q-SL-02-010-04-image-search,Q-SL-02-010-04,SL-02-010,image_search,4,pending,baseline
R-Q-SL-02-010-05-local-folder,Q-SL-02-010-05,SL-02-010,local_folder,1,pending,local_source_enabled
R-Q-SL-02-010-05-wikimedia,Q-SL-02-010-05,SL-02-010,wikimedia,2,pending,historical_query
R-Q-SL-02-010-05-general-web,Q-SL-02-010-05,SL-02-010,general_web,3,pending,baseline
R-Q-SL-02-010-05-image-search,Q-SL-02-010-05,SL-02-010,image_search,4,pending,baseline
R-Q-SL-02-011-01-local-folder,Q-SL-02-011-01,SL-02-011,local_folder,1,pending,local_source_enabled
R-Q-SL-02-011-01-wikimedia,Q-SL-02-011-01,SL-02-011,wikimedia,2,pending,"category_rule,historical_query"
R-Q-SL-02-011-01-general-web,Q-SL-02-011-01,SL-02-011,general_web,3,pending,baseline
R-Q-SL-02-011-01-image-search,Q-SL-02-011-01,SL-02-011,image_search,4,pending,baseline
R-Q-SL-02-011-02-local-folder,Q-SL-02-011-02,SL-02-011,local_folder,1,pending,local_source_enabled
R-Q-SL-02-011-02-wikimedia,Q-SL-02-011-02,SL-02-011,wikimedia,2,pending,"category_rule,historical_query"
R-Q-SL-02-011-02-general-web,Q-SL-02-011-02,SL-02-011,general_web,3,pending,baseline
R-Q-SL-02-011-02-image-search,Q-SL-02-011-02,SL-02-011,image_search,4,pending,baseline
R-Q-SL-02-011-03-local-folder,Q-SL-02-011-03,SL-02-011,local_folder,1,pending,local_source_enabled
R-Q-SL-02-011-03-wikimedia,Q-SL-02-011-03,SL-02-011,wikimedia,2,pending,"category_rule,historical_query"
R-Q-SL-02-011-03-general-web,Q-SL-02-011-03,SL-02-011,general_web,3,pending,baseline
R-Q-SL-02-011-03-image-search,Q-SL-02-011-03,SL-02-011,image_search,4,pending,baseline
R-Q-SL-02-011-04-local-folder,Q-SL-02-011-04,SL-02-011,local_folder,1,pending,local_source_enabled
R-Q-SL-02-011-04-wikimedia,Q-SL-02-011-04,SL-02-011,wikimedia,2,pending,"category_rule,historical_query"
R-Q-SL-02-011-04-general-web,Q-SL-02-011-04,SL-02-011,general_web,3,pending,baseline
R-Q-SL-02-011-04-image-search,Q-SL-02-011-04,SL-02-011,image_search,4,pending,baseline
R-Q-SL-02-011-05-local-folder,Q-SL-02-011-05,SL-02-011,local_folder,1,pending,local_source_enabled
R-Q-SL-02-011-05-wikimedia,Q-SL-02-011-05,SL-02-011,wikimedia,2,pending,"category_rule,historical_query"
R-Q-SL-02-011-05-general-web,Q-SL-02-011-05,SL-02-011,general_web,3,pending,baseline
R-Q-SL-02-011-05-image-search,Q-SL-02-011-05,SL-02-011,image_search,4,pending,baseline
R-Q-SL-02-012-01-local-folder,Q-SL-02-012-01,SL-02-012,local_folder,1,pending,local_source_enabled
R-Q-SL-02-012-01-wikimedia,Q-SL-02-012-01,SL-02-012,wikimedia,2,pending,"category_rule,historical_query"
R-Q-SL-02-012-01-general-web,Q-SL-02-012-01,SL-02-012,general_web,3,pending,baseline
R-Q-SL-02-012-01-image-search,Q-SL-02-012-01,SL-02-012,image_search,4,pending,baseline
R-Q-SL-02-012-02-local-folder,Q-SL-02-012-02,SL-02-012,local_folder,1,pending,local_source_enabled
R-Q-SL-02-012-02-wikimedia,Q-SL-02-012-02,SL-02-012,wikimedia,2,pending,"category_rule,historical_query"
R-Q-SL-02-012-02-general-web,Q-SL-02-012-02,SL-02-012,general_web,3,pending,baseline
R-Q-SL-02-012-02-image-search,Q-SL-02-012-02,SL-02-012,image_search,4,pending,baseline
R-Q-SL-02-012-03-local-folder,Q-SL-02-012-03,SL-02-012,local_folder,1,pending,local_source_enabled
R-Q-SL-02-012-03-wikimedia,Q-SL-02-012-03,SL-02-012,wikimedia,2,pending,"category_rule,historical_query"
R-Q-SL-02-012-03-general-web,Q-SL-02-012-03,SL-02-012,general_web,3,pending,baseline
R-Q-SL-02-012-03-image-search,Q-SL-02-012-03,SL-02-012,image_search,4,pending,baseline
R-Q-SL-02-012-04-local-folder,Q-SL-02-012-04,SL-02-012,local_folder,1,pending,local_source_enabled
R-Q-SL-02-012-04-wikimedia,Q-SL-02-012-04,SL-02-012,wikimedia,2,pending,"category_rule,historical_query"
R-Q-SL-02-012-04-general-web,Q-SL-02-012-04,SL-02-012,general_web,3,pending,baseline
R-Q-SL-02-012-04-image-search,Q-SL-02-012-04,SL-02-012,image_search,4,pending,baseline
R-Q-SL-02-012-05-local-folder,Q-SL-02-012-05,SL-02-012,local_folder,1,pending,local_source_enabled
R-Q-SL-02-012-05-wikimedia,Q-SL-02-012-05,SL-02-012,wikimedia,2,pending,"category_rule,historical_query"
R-Q-SL-02-012-05-general-web,Q-SL-02-012-05,SL-02-012,general_web,3,pending,baseline
R-Q-SL-02-012-05-image-search,Q-SL-02-012-05,SL-02-012,image_search,4,pending,baseline
R-Q-SL-02-013-01-local-folder,Q-SL-02-013-01,SL-02-013,local_folder,1,pending,local_source_enabled
R-Q-SL-02-013-01-wikimedia,Q-SL-02-013-01,SL-02-013,wikimedia,2,pending,"category_rule,historical_query"
R-Q-SL-02-013-01-general-web,Q-SL-02-013-01,SL-02-013,general_web,3,pending,baseline
R-Q-SL-02-013-01-image-search,Q-SL-02-013-01,SL-02-013,image_search,4,pending,baseline
R-Q-SL-02-013-02-local-folder,Q-SL-02-013-02,SL-02-013,local_folder,1,pending,local_source_enabled
R-Q-SL-02-013-02-wikimedia,Q-SL-02-013-02,SL-02-013,wikimedia,2,pending,"category_rule,historical_query"
R-Q-SL-02-013-02-general-web,Q-SL-02-013-02,SL-02-013,general_web,3,pending,baseline
R-Q-SL-02-013-02-image-search,Q-SL-02-013-02,SL-02-013,image_search,4,pending,baseline
R-Q-SL-02-013-03-local-folder,Q-SL-02-013-03,SL-02-013,local_folder,1,pending,local_source_enabled
R-Q-SL-02-013-03-wikimedia,Q-SL-02-013-03,SL-02-013,wikimedia,2,pending,"category_rule,historical_query"
R-Q-SL-02-013-03-general-web,Q-SL-02-013-03,SL-02-013,general_web,3,pending,baseline
R-Q-SL-02-013-03-image-search,Q-SL-02-013-03,SL-02-013,image_search,4,pending,baseline
R-Q-SL-02-013-04-local-folder,Q-SL-02-013-04,SL-02-013,local_folder,1,pending,local_source_enabled
R-Q-SL-02-013-04-wikimedia,Q-SL-02-013-04,SL-02-013,wikimedia,2,pending,"category_rule,historical_query"
R-Q-SL-02-013-04-general-web,Q-SL-02-013-04,SL-02-013,general_web,3,pending,baseline
R-Q-SL-02-013-04-image-search,Q-SL-02-013-04,SL-02-013,image_search,4,pending,baseline
R-Q-SL-02-013-05-local-folder,Q-SL-02-013-05,SL-02-013,local_folder,1,pending,local_source_enabled
R-Q-SL-02-013-05-wikimedia,Q-SL-02-013-05,SL-02-013,wikimedia,2,pending,"category_rule,historical_query"
R-Q-SL-02-013-05-general-web,Q-SL-02-013-05,SL-02-013,general_web,3,pending,baseline
R-Q-SL-02-013-05-image-search,Q-SL-02-013-05,SL-02-013,image_search,4,pending,baseline
R-Q-SL-02-014-01-local-folder,Q-SL-02-014-01,SL-02-014,local_folder,1,pending,local_source_enabled
R-Q-SL-02-014-01-wikimedia,Q-SL-02-014-01,SL-02-014,wikimedia,2,pending,"category_rule,historical_query"
R-Q-SL-02-014-01-general-web,Q-SL-02-014-01,SL-02-014,general_web,3,pending,baseline
R-Q-SL-02-014-01-image-search,Q-SL-02-014-01,SL-02-014,image_search,4,pending,baseline
R-Q-SL-02-014-02-local-folder,Q-SL-02-014-02,SL-02-014,local_folder,1,pending,local_source_enabled
R-Q-SL-02-014-02-wikimedia,Q-SL-02-014-02,SL-02-014,wikimedia,2,pending,"category_rule,historical_query"
R-Q-SL-02-014-02-general-web,Q-SL-02-014-02,SL-02-014,general_web,3,pending,baseline
R-Q-SL-02-014-02-image-search,Q-SL-02-014-02,SL-02-014,image_search,4,pending,baseline
R-Q-SL-02-014-03-local-folder,Q-SL-02-014-03,SL-02-014,local_folder,1,pending,local_source_enabled
R-Q-SL-02-014-03-wikimedia,Q-SL-02-014-03,SL-02-014,wikimedia,2,pending,"category_rule,historical_query"
R-Q-SL-02-014-03-general-web,Q-SL-02-014-03,SL-02-014,general_web,3,pending,baseline
R-Q-SL-02-014-03-image-search,Q-SL-02-014-03,SL-02-014,image_search,4,pending,baseline
R-Q-SL-02-014-04-local-folder,Q-SL-02-014-04,SL-02-014,local_folder,1,pending,local_source_enabled
R-Q-SL-02-014-04-wikimedia,Q-SL-02-014-04,SL-02-014,wikimedia,2,pending,"category_rule,historical_query"
R-Q-SL-02-014-04-general-web,Q-SL-02-014-04,SL-02-014,general_web,3,pending,baseline
R-Q-SL-02-014-04-image-search,Q-SL-02-014-04,SL-02-014,image_search,4,pending,baseline
R-Q-SL-02-014-05-local-folder,Q-SL-02-014-05,SL-02-014,local_folder,1,pending,local_source_enabled
R-Q-SL-02-014-05-wikimedia,Q-SL-02-014-05,SL-02-014,wikimedia,2,pending,"category_rule,historical_query"
R-Q-SL-02-014-05-general-web,Q-SL-02-014-05,SL-02-014,general_web,3,pending,baseline
R-Q-SL-02-014-05-image-search,Q-SL-02-014-05,SL-02-014,image_search,4,pending,baseline
R-Q-SL-02-015-01-local-folder,Q-SL-02-015-01,SL-02-015,local_folder,1,pending,local_source_enabled
R-Q-SL-02-015-01-wikimedia,Q-SL-02-015-01,SL-02-015,wikimedia,2,pending,"category_rule,historical_query"
R-Q-SL-02-015-01-general-web,Q-SL-02-015-01,SL-02-015,general_web,3,pending,baseline
R-Q-SL-02-015-01-image-search,Q-SL-02-015-01,SL-02-015,image_search,4,pending,baseline
R-Q-SL-02-015-02-local-folder,Q-SL-02-015-02,SL-02-015,local_folder,1,pending,local_source_enabled
R-Q-SL-02-015-02-wikimedia,Q-SL-02-015-02,SL-02-015,wikimedia,2,pending,"category_rule,historical_query"
R-Q-SL-02-015-02-general-web,Q-SL-02-015-02,SL-02-015,general_web,3,pending,baseline
R-Q-SL-02-015-02-image-search,Q-SL-02-015-02,SL-02-015,image_search,4,pending,baseline
R-Q-SL-02-015-03-local-folder,Q-SL-02-015-03,SL-02-015,local_folder,1,pending,local_source_enabled
R-Q-SL-02-015-03-wikimedia,Q-SL-02-015-03,SL-02-015,wikimedia,2,pending,"category_rule,historical_query"
R-Q-SL-02-015-03-general-web,Q-SL-02-015-03,SL-02-015,general_web,3,pending,baseline
R-Q-SL-02-015-03-image-search,Q-SL-02-015-03,SL-02-015,image_search,4,pending,baseline
R-Q-SL-02-015-04-local-folder,Q-SL-02-015-04,SL-02-015,local_folder,1,pending,local_source_enabled
R-Q-SL-02-015-04-wikimedia,Q-SL-02-015-04,SL-02-015,wikimedia,2,pending,"category_rule,historical_query"
R-Q-SL-02-015-04-general-web,Q-SL-02-015-04,SL-02-015,general_web,3,pending,baseline
R-Q-SL-02-015-04-image-search,Q-SL-02-015-04,SL-02-015,image_search,4,pending,baseline
R-Q-SL-02-015-05-local-folder,Q-SL-02-015-05,SL-02-015,local_folder,1,pending,local_source_enabled
R-Q-SL-02-015-05-wikimedia,Q-SL-02-015-05,SL-02-015,wikimedia,2,pending,"category_rule,historical_query"
R-Q-SL-02-015-05-general-web,Q-SL-02-015-05,SL-02-015,general_web,3,pending,baseline
R-Q-SL-02-015-05-image-search,Q-SL-02-015-05,SL-02-015,image_search,4,pending,baseline
R-Q-SL-02-016-01-local-folder,Q-SL-02-016-01,SL-02-016,local_folder,1,pending,local_source_enabled
R-Q-SL-02-016-01-wikimedia,Q-SL-02-016-01,SL-02-016,wikimedia,2,pending,"category_rule,historical_query"
R-Q-SL-02-016-01-general-web,Q-SL-02-016-01,SL-02-016,general_web,3,pending,baseline
R-Q-SL-02-016-01-image-search,Q-SL-02-016-01,SL-02-016,image_search,4,pending,baseline
R-Q-SL-02-016-02-local-folder,Q-SL-02-016-02,SL-02-016,local_folder,1,pending,local_source_enabled
R-Q-SL-02-016-02-wikimedia,Q-SL-02-016-02,SL-02-016,wikimedia,2,pending,"category_rule,historical_query"
R-Q-SL-02-016-02-general-web,Q-SL-02-016-02,SL-02-016,general_web,3,pending,baseline
R-Q-SL-02-016-02-image-search,Q-SL-02-016-02,SL-02-016,image_search,4,pending,baseline
R-Q-SL-02-016-03-local-folder,Q-SL-02-016-03,SL-02-016,local_folder,1,pending,local_source_enabled
R-Q-SL-02-016-03-wikimedia,Q-SL-02-016-03,SL-02-016,wikimedia,2,pending,"category_rule,historical_query"
R-Q-SL-02-016-03-general-web,Q-SL-02-016-03,SL-02-016,general_web,3,pending,baseline
R-Q-SL-02-016-03-image-search,Q-SL-02-016-03,SL-02-016,image_search,4,pending,baseline
R-Q-SL-02-016-04-local-folder,Q-SL-02-016-04,SL-02-016,local_folder,1,pending,local_source_enabled
R-Q-SL-02-016-04-wikimedia,Q-SL-02-016-04,SL-02-016,wikimedia,2,pending,"category_rule,historical_query"
R-Q-SL-02-016-04-general-web,Q-SL-02-016-04,SL-02-016,general_web,3,pending,baseline
R-Q-SL-02-016-04-image-search,Q-SL-02-016-04,SL-02-016,image_search,4,pending,baseline
R-Q-SL-02-016-05-local-folder,Q-SL-02-016-05,SL-02-016,local_folder,1,pending,local_source_enabled
R-Q-SL-02-016-05-wikimedia,Q-SL-02-016-05,SL-02-016,wikimedia,2,pending,"category_rule,historical_query"
R-Q-SL-02-016-05-general-web,Q-SL-02-016-05,SL-02-016,general_web,3,pending,baseline
R-Q-SL-02-016-05-image-search,Q-SL-02-016-05,SL-02-016,image_search,4,pending,baseline
R-Q-SL-02-017-01-local-folder,Q-SL-02-017-01,SL-02-017,local_folder,1,pending,local_source_enabled
R-Q-SL-02-017-01-wikimedia,Q-SL-02-017-01,SL-02-017,wikimedia,2,pending,"category_rule,historical_query"
R-Q-SL-02-017-01-general-web,Q-SL-02-017-01,SL-02-017,general_web,3,pending,baseline
R-Q-SL-02-017-01-image-search,Q-SL-02-017-01,SL-02-017,image_search,4,pending,baseline
R-Q-SL-02-017-02-local-folder,Q-SL-02-017-02,SL-02-017,local_folder,1,pending,local_source_enabled
R-Q-SL-02-017-02-wikimedia,Q-SL-02-017-02,SL-02-017,wikimedia,2,pending,"category_rule,historical_query"
R-Q-SL-02-017-02-general-web,Q-SL-02-017-02,SL-02-017,general_web,3,pending,baseline
R-Q-SL-02-017-02-image-search,Q-SL-02-017-02,SL-02-017,image_search,4,pending,baseline
R-Q-SL-02-017-03-local-folder,Q-SL-02-017-03,SL-02-017,local_folder,1,pending,local_source_enabled
R-Q-SL-02-017-03-wikimedia,Q-SL-02-017-03,SL-02-017,wikimedia,2,pending,"category_rule,historical_query"
R-Q-SL-02-017-03-general-web,Q-SL-02-017-03,SL-02-017,general_web,3,pending,baseline
R-Q-SL-02-017-03-image-search,Q-SL-02-017-03,SL-02-017,image_search,4,pending,baseline
R-Q-SL-02-017-04-local-folder,Q-SL-02-017-04,SL-02-017,local_folder,1,pending,local_source_enabled
R-Q-SL-02-017-04-wikimedia,Q-SL-02-017-04,SL-02-017,wikimedia,2,pending,"category_rule,historical_query"
R-Q-SL-02-017-04-general-web,Q-SL-02-017-04,SL-02-017,general_web,3,pending,baseline
R-Q-SL-02-017-04-image-search,Q-SL-02-017-04,SL-02-017,image_search,4,pending,baseline
R-Q-SL-02-017-05-local-folder,Q-SL-02-017-05,SL-02-017,local_folder,1,pending,local_source_enabled
R-Q-SL-02-017-05-wikimedia,Q-SL-02-017-05,SL-02-017,wikimedia,2,pending,"category_rule,historical_query"
R-Q-SL-02-017-05-general-web,Q-SL-02-017-05,SL-02-017,general_web,3,pending,baseline
R-Q-SL-02-017-05-image-search,Q-SL-02-017-05,SL-02-017,image_search,4,pending,baseline
R-Q-SL-02-018-01-local-folder,Q-SL-02-018-01,SL-02-018,local_folder,1,pending,local_source_enabled
R-Q-SL-02-018-01-wikimedia,Q-SL-02-018-01,SL-02-018,wikimedia,2,pending,"category_rule,historical_query"
R-Q-SL-02-018-01-general-web,Q-SL-02-018-01,SL-02-018,general_web,3,pending,baseline
R-Q-SL-02-018-01-image-search,Q-SL-02-018-01,SL-02-018,image_search,4,pending,baseline
R-Q-SL-02-018-02-local-folder,Q-SL-02-018-02,SL-02-018,local_folder,1,pending,local_source_enabled
R-Q-SL-02-018-02-wikimedia,Q-SL-02-018-02,SL-02-018,wikimedia,2,pending,"category_rule,historical_query"
R-Q-SL-02-018-02-general-web,Q-SL-02-018-02,SL-02-018,general_web,3,pending,baseline
R-Q-SL-02-018-02-image-search,Q-SL-02-018-02,SL-02-018,image_search,4,pending,baseline
R-Q-SL-02-018-03-local-folder,Q-SL-02-018-03,SL-02-018,local_folder,1,pending,local_source_enabled
R-Q-SL-02-018-03-wikimedia,Q-SL-02-018-03,SL-02-018,wikimedia,2,pending,"category_rule,historical_query"
R-Q-SL-02-018-03-general-web,Q-SL-02-018-03,SL-02-018,general_web,3,pending,baseline
R-Q-SL-02-018-03-image-search,Q-SL-02-018-03,SL-02-018,image_search,4,pending,baseline
R-Q-SL-02-018-04-local-folder,Q-SL-02-018-04,SL-02-018,local_folder,1,pending,local_source_enabled
R-Q-SL-02-018-04-wikimedia,Q-SL-02-018-04,SL-02-018,wikimedia,2,pending,"category_rule,historical_query"
R-Q-SL-02-018-04-general-web,Q-SL-02-018-04,SL-02-018,general_web,3,pending,baseline
R-Q-SL-02-018-04-image-search,Q-SL-02-018-04,SL-02-018,image_search,4,pending,baseline
R-Q-SL-02-018-05-local-folder,Q-SL-02-018-05,SL-02-018,local_folder,1,pending,local_source_enabled
R-Q-SL-02-018-05-wikimedia,Q-SL-02-018-05,SL-02-018,wikimedia,2,pending,"category_rule,historical_query"
R-Q-SL-02-018-05-general-web,Q-SL-02-018-05,SL-02-018,general_web,3,pending,baseline
R-Q-SL-02-018-05-image-search,Q-SL-02-018-05,SL-02-018,image_search,4,pending,baseline
R-Q-SL-02-019-01-local-folder,Q-SL-02-019-01,SL-02-019,local_folder,1,pending,local_source_enabled
R-Q-SL-02-019-01-wikimedia,Q-SL-02-019-01,SL-02-019,wikimedia,2,pending,"category_rule,historical_query"
R-Q-SL-02-019-01-general-web,Q-SL-02-019-01,SL-02-019,general_web,3,pending,baseline
R-Q-SL-02-019-01-image-search,Q-SL-02-019-01,SL-02-019,image_search,4,pending,baseline
R-Q-SL-02-019-02-local-folder,Q-SL-02-019-02,SL-02-019,local_folder,1,pending,local_source_enabled
R-Q-SL-02-019-02-wikimedia,Q-SL-02-019-02,SL-02-019,wikimedia,2,pending,"category_rule,historical_query"
R-Q-SL-02-019-02-general-web,Q-SL-02-019-02,SL-02-019,general_web,3,pending,baseline
R-Q-SL-02-019-02-image-search,Q-SL-02-019-02,SL-02-019,image_search,4,pending,baseline
R-Q-SL-02-019-03-local-folder,Q-SL-02-019-03,SL-02-019,local_folder,1,pending,local_source_enabled
R-Q-SL-02-019-03-wikimedia,Q-SL-02-019-03,SL-02-019,wikimedia,2,pending,"category_rule,historical_query"
R-Q-SL-02-019-03-general-web,Q-SL-02-019-03,SL-02-019,general_web,3,pending,baseline
R-Q-SL-02-019-03-image-search,Q-SL-02-019-03,SL-02-019,image_search,4,pending,baseline
R-Q-SL-02-019-04-local-folder,Q-SL-02-019-04,SL-02-019,local_folder,1,pending,local_source_enabled
R-Q-SL-02-019-04-wikimedia,Q-SL-02-019-04,SL-02-019,wikimedia,2,pending,"category_rule,historical_query"
R-Q-SL-02-019-04-general-web,Q-SL-02-019-04,SL-02-019,general_web,3,pending,baseline
R-Q-SL-02-019-04-image-search,Q-SL-02-019-04,SL-02-019,image_search,4,pending,baseline
R-Q-SL-02-019-05-local-folder,Q-SL-02-019-05,SL-02-019,local_folder,1,pending,local_source_enabled
R-Q-SL-02-019-05-wikimedia,Q-SL-02-019-05,SL-02-019,wikimedia,2,pending,"category_rule,historical_query"
R-Q-SL-02-019-05-general-web,Q-SL-02-019-05,SL-02-019,general_web,3,pending,baseline
R-Q-SL-02-019-05-image-search,Q-SL-02-019-05,SL-02-019,image_search,4,pending,baseline
R-Q-SL-02-020-01-local-folder,Q-SL-02-020-01,SL-02-020,local_folder,1,pending,local_source_enabled
R-Q-SL-02-020-01-wikimedia,Q-SL-02-020-01,SL-02-020,wikimedia,2,pending,"category_rule,historical_query"
R-Q-SL-02-020-01-general-web,Q-SL-02-020-01,SL-02-020,general_web,3,pending,baseline
R-Q-SL-02-020-01-image-search,Q-SL-02-020-01,SL-02-020,image_search,4,pending,baseline
R-Q-SL-02-020-02-local-folder,Q-SL-02-020-02,SL-02-020,local_folder,1,pending,local_source_enabled
R-Q-SL-02-020-02-wikimedia,Q-SL-02-020-02,SL-02-020,wikimedia,2,pending,"category_rule,historical_query"
R-Q-SL-02-020-02-general-web,Q-SL-02-020-02,SL-02-020,general_web,3,pending,baseline
R-Q-SL-02-020-02-image-search,Q-SL-02-020-02,SL-02-020,image_search,4,pending,baseline
R-Q-SL-02-020-03-local-folder,Q-SL-02-020-03,SL-02-020,local_folder,1,pending,local_source_enabled
R-Q-SL-02-020-03-wikimedia,Q-SL-02-020-03,SL-02-020,wikimedia,2,pending,"category_rule,historical_query"
R-Q-SL-02-020-03-general-web,Q-SL-02-020-03,SL-02-020,general_web,3,pending,baseline
R-Q-SL-02-020-03-image-search,Q-SL-02-020-03,SL-02-020,image_search,4,pending,baseline
R-Q-SL-02-020-04-local-folder,Q-SL-02-020-04,SL-02-020,local_folder,1,pending,local_source_enabled
R-Q-SL-02-020-04-wikimedia,Q-SL-02-020-04,SL-02-020,wikimedia,2,pending,"category_rule,historical_query"
R-Q-SL-02-020-04-general-web,Q-SL-02-020-04,SL-02-020,general_web,3,pending,baseline
R-Q-SL-02-020-04-image-search,Q-SL-02-020-04,SL-02-020,image_search,4,pending,baseline
R-Q-SL-02-020-05-local-folder,Q-SL-02-020-05,SL-02-020,local_folder,1,pending,local_source_enabled
R-Q-SL-02-020-05-wikimedia,Q-SL-02-020-05,SL-02-020,wikimedia,2,pending,"category_rule,historical_query"
R-Q-SL-02-020-05-general-web,Q-SL-02-020-05,SL-02-020,general_web,3,pending,baseline
R-Q-SL-02-020-05-image-search,Q-SL-02-020-05,SL-02-020,image_search,4,pending,baseline
R-Q-SL-02-021-01-local-folder,Q-SL-02-021-01,SL-02-021,local_folder,1,pending,local_source_enabled
R-Q-SL-02-021-01-wikimedia,Q-SL-02-021-01,SL-02-021,wikimedia,2,pending,"category_rule,historical_query"
R-Q-SL-02-021-01-general-web,Q-SL-02-021-01,SL-02-021,general_web,3,pending,baseline
R-Q-SL-02-021-01-image-search,Q-SL-02-021-01,SL-02-021,image_search,4,pending,baseline
R-Q-SL-02-021-02-local-folder,Q-SL-02-021-02,SL-02-021,local_folder,1,pending,local_source_enabled
R-Q-SL-02-021-02-wikimedia,Q-SL-02-021-02,SL-02-021,wikimedia,2,pending,"category_rule,historical_query"
R-Q-SL-02-021-02-general-web,Q-SL-02-021-02,SL-02-021,general_web,3,pending,baseline
R-Q-SL-02-021-02-image-search,Q-SL-02-021-02,SL-02-021,image_search,4,pending,baseline
R-Q-SL-02-021-03-local-folder,Q-SL-02-021-03,SL-02-021,local_folder,1,pending,local_source_enabled
R-Q-SL-02-021-03-wikimedia,Q-SL-02-021-03,SL-02-021,wikimedia,2,pending,"category_rule,historical_query"
R-Q-SL-02-021-03-general-web,Q-SL-02-021-03,SL-02-021,general_web,3,pending,baseline
R-Q-SL-02-021-03-image-search,Q-SL-02-021-03,SL-02-021,image_search,4,pending,baseline
R-Q-SL-02-021-04-local-folder,Q-SL-02-021-04,SL-02-021,local_folder,1,pending,local_source_enabled
R-Q-SL-02-021-04-wikimedia,Q-SL-02-021-04,SL-02-021,wikimedia,2,pending,"category_rule,historical_query"
R-Q-SL-02-021-04-general-web,Q-SL-02-021-04,SL-02-021,general_web,3,pending,baseline
R-Q-SL-02-021-04-image-search,Q-SL-02-021-04,SL-02-021,image_search,4,pending,baseline
R-Q-SL-02-021-05-local-folder,Q-SL-02-021-05,SL-02-021,local_folder,1,pending,local_source_enabled
R-Q-SL-02-021-05-wikimedia,Q-SL-02-021-05,SL-02-021,wikimedia,2,pending,"category_rule,historical_query"
R-Q-SL-02-021-05-general-web,Q-SL-02-021-05,SL-02-021,general_web,3,pending,baseline
R-Q-SL-02-021-05-image-search,Q-SL-02-021-05,SL-02-021,image_search,4,pending,baseline
R-Q-SL-02-022-01-local-folder,Q-SL-02-022-01,SL-02-022,local_folder,1,pending,local_source_enabled
R-Q-SL-02-022-01-wikimedia,Q-SL-02-022-01,SL-02-022,wikimedia,2,pending,"category_rule,historical_query"
R-Q-SL-02-022-01-general-web,Q-SL-02-022-01,SL-02-022,general_web,3,pending,baseline
R-Q-SL-02-022-01-image-search,Q-SL-02-022-01,SL-02-022,image_search,4,pending,baseline
R-Q-SL-02-022-02-local-folder,Q-SL-02-022-02,SL-02-022,local_folder,1,pending,local_source_enabled
R-Q-SL-02-022-02-wikimedia,Q-SL-02-022-02,SL-02-022,wikimedia,2,pending,"category_rule,historical_query"
R-Q-SL-02-022-02-general-web,Q-SL-02-022-02,SL-02-022,general_web,3,pending,baseline
R-Q-SL-02-022-02-image-search,Q-SL-02-022-02,SL-02-022,image_search,4,pending,baseline
R-Q-SL-02-022-03-local-folder,Q-SL-02-022-03,SL-02-022,local_folder,1,pending,local_source_enabled
R-Q-SL-02-022-03-wikimedia,Q-SL-02-022-03,SL-02-022,wikimedia,2,pending,"category_rule,historical_query"
R-Q-SL-02-022-03-general-web,Q-SL-02-022-03,SL-02-022,general_web,3,pending,baseline
R-Q-SL-02-022-03-image-search,Q-SL-02-022-03,SL-02-022,image_search,4,pending,baseline
R-Q-SL-02-022-04-local-folder,Q-SL-02-022-04,SL-02-022,local_folder,1,pending,local_source_enabled
R-Q-SL-02-022-04-wikimedia,Q-SL-02-022-04,SL-02-022,wikimedia,2,pending,"category_rule,historical_query"
R-Q-SL-02-022-04-general-web,Q-SL-02-022-04,SL-02-022,general_web,3,pending,baseline
R-Q-SL-02-022-04-image-search,Q-SL-02-022-04,SL-02-022,image_search,4,pending,baseline
R-Q-SL-02-022-05-local-folder,Q-SL-02-022-05,SL-02-022,local_folder,1,pending,local_source_enabled
R-Q-SL-02-022-05-wikimedia,Q-SL-02-022-05,SL-02-022,wikimedia,2,pending,"category_rule,historical_query"
R-Q-SL-02-022-05-general-web,Q-SL-02-022-05,SL-02-022,general_web,3,pending,baseline
R-Q-SL-02-022-05-image-search,Q-SL-02-022-05,SL-02-022,image_search,4,pending,baseline
R-Q-SL-02-023-01-local-folder,Q-SL-02-023-01,SL-02-023,local_folder,1,pending,local_source_enabled
R-Q-SL-02-023-01-wikimedia,Q-SL-02-023-01,SL-02-023,wikimedia,2,pending,"category_rule,historical_query"
R-Q-SL-02-023-01-general-web,Q-SL-02-023-01,SL-02-023,general_web,3,pending,baseline
R-Q-SL-02-023-01-image-search,Q-SL-02-023-01,SL-02-023,image_search,4,pending,baseline
R-Q-SL-02-023-02-local-folder,Q-SL-02-023-02,SL-02-023,local_folder,1,pending,local_source_enabled
R-Q-SL-02-023-02-wikimedia,Q-SL-02-023-02,SL-02-023,wikimedia,2,pending,"category_rule,historical_query"
R-Q-SL-02-023-02-general-web,Q-SL-02-023-02,SL-02-023,general_web,3,pending,baseline
R-Q-SL-02-023-02-image-search,Q-SL-02-023-02,SL-02-023,image_search,4,pending,baseline
R-Q-SL-02-023-03-local-folder,Q-SL-02-023-03,SL-02-023,local_folder,1,pending,local_source_enabled
R-Q-SL-02-023-03-wikimedia,Q-SL-02-023-03,SL-02-023,wikimedia,2,pending,"category_rule,historical_query"
R-Q-SL-02-023-03-general-web,Q-SL-02-023-03,SL-02-023,general_web,3,pending,baseline
R-Q-SL-02-023-03-image-search,Q-SL-02-023-03,SL-02-023,image_search,4,pending,baseline
R-Q-SL-02-023-04-local-folder,Q-SL-02-023-04,SL-02-023,local_folder,1,pending,local_source_enabled
R-Q-SL-02-023-04-wikimedia,Q-SL-02-023-04,SL-02-023,wikimedia,2,pending,"category_rule,historical_query"
R-Q-SL-02-023-04-general-web,Q-SL-02-023-04,SL-02-023,general_web,3,pending,baseline
R-Q-SL-02-023-04-image-search,Q-SL-02-023-04,SL-02-023,image_search,4,pending,baseline
R-Q-SL-02-023-05-local-folder,Q-SL-02-023-05,SL-02-023,local_folder,1,pending,local_source_enabled
R-Q-SL-02-023-05-wikimedia,Q-SL-02-023-05,SL-02-023,wikimedia,2,pending,"category_rule,historical_query"
R-Q-SL-02-023-05-general-web,Q-SL-02-023-05,SL-02-023,general_web,3,pending,baseline
R-Q-SL-02-023-05-image-search,Q-SL-02-023-05,SL-02-023,image_search,4,pending,baseline
R-Q-SL-02-024-01-local-folder,Q-SL-02-024-01,SL-02-024,local_folder,1,pending,local_source_enabled
R-Q-SL-02-024-01-wikimedia,Q-SL-02-024-01,SL-02-024,wikimedia,2,pending,"category_rule,historical_query"
R-Q-SL-02-024-01-general-web,Q-SL-02-024-01,SL-02-024,general_web,3,pending,baseline
R-Q-SL-02-024-01-image-search,Q-SL-02-024-01,SL-02-024,image_search,4,pending,baseline
R-Q-SL-02-024-02-local-folder,Q-SL-02-024-02,SL-02-024,local_folder,1,pending,local_source_enabled
R-Q-SL-02-024-02-wikimedia,Q-SL-02-024-02,SL-02-024,wikimedia,2,pending,"category_rule,historical_query"
R-Q-SL-02-024-02-general-web,Q-SL-02-024-02,SL-02-024,general_web,3,pending,baseline
R-Q-SL-02-024-02-image-search,Q-SL-02-024-02,SL-02-024,image_search,4,pending,baseline
R-Q-SL-02-024-03-local-folder,Q-SL-02-024-03,SL-02-024,local_folder,1,pending,local_source_enabled
R-Q-SL-02-024-03-wikimedia,Q-SL-02-024-03,SL-02-024,wikimedia,2,pending,"category_rule,historical_query"
R-Q-SL-02-024-03-general-web,Q-SL-02-024-03,SL-02-024,general_web,3,pending,baseline
R-Q-SL-02-024-03-image-search,Q-SL-02-024-03,SL-02-024,image_search,4,pending,baseline
R-Q-SL-02-024-04-local-folder,Q-SL-02-024-04,SL-02-024,local_folder,1,pending,local_source_enabled
R-Q-SL-02-024-04-wikimedia,Q-SL-02-024-04,SL-02-024,wikimedia,2,pending,"category_rule,historical_query"
R-Q-SL-02-024-04-general-web,Q-SL-02-024-04,SL-02-024,general_web,3,pending,baseline
R-Q-SL-02-024-04-image-search,Q-SL-02-024-04,SL-02-024,image_search,4,pending,baseline
R-Q-SL-02-024-05-local-folder,Q-SL-02-024-05,SL-02-024,local_folder,1,pending,local_source_enabled
R-Q-SL-02-024-05-wikimedia,Q-SL-02-024-05,SL-02-024,wikimedia,2,pending,"category_rule,historical_query"
R-Q-SL-02-024-05-general-web,Q-SL-02-024-05,SL-02-024,general_web,3,pending,baseline
R-Q-SL-02-024-05-image-search,Q-SL-02-024-05,SL-02-024,image_search,4,pending,baseline
R-Q-SL-02-025-01-local-folder,Q-SL-02-025-01,SL-02-025,local_folder,1,pending,local_source_enabled
R-Q-SL-02-025-01-wikimedia,Q-SL-02-025-01,SL-02-025,wikimedia,2,pending,"category_rule,historical_query"
R-Q-SL-02-025-01-general-web,Q-SL-02-025-01,SL-02-025,general_web,3,pending,baseline
R-Q-SL-02-025-01-image-search,Q-SL-02-025-01,SL-02-025,image_search,4,pending,baseline
R-Q-SL-02-025-02-local-folder,Q-SL-02-025-02,SL-02-025,local_folder,1,pending,local_source_enabled
R-Q-SL-02-025-02-wikimedia,Q-SL-02-025-02,SL-02-025,wikimedia,2,pending,"category_rule,historical_query"
R-Q-SL-02-025-02-general-web,Q-SL-02-025-02,SL-02-025,general_web,3,pending,baseline
R-Q-SL-02-025-02-image-search,Q-SL-02-025-02,SL-02-025,image_search,4,pending,baseline
R-Q-SL-02-025-03-local-folder,Q-SL-02-025-03,SL-02-025,local_folder,1,pending,local_source_enabled
R-Q-SL-02-025-03-wikimedia,Q-SL-02-025-03,SL-02-025,wikimedia,2,pending,"category_rule,historical_query"
R-Q-SL-02-025-03-general-web,Q-SL-02-025-03,SL-02-025,general_web,3,pending,baseline
R-Q-SL-02-025-03-image-search,Q-SL-02-025-03,SL-02-025,image_search,4,pending,baseline
R-Q-SL-02-025-04-local-folder,Q-SL-02-025-04,SL-02-025,local_folder,1,pending,local_source_enabled
R-Q-SL-02-025-04-wikimedia,Q-SL-02-025-04,SL-02-025,wikimedia,2,pending,"category_rule,historical_query"
R-Q-SL-02-025-04-general-web,Q-SL-02-025-04,SL-02-025,general_web,3,pending,baseline
R-Q-SL-02-025-04-image-search,Q-SL-02-025-04,SL-02-025,image_search,4,pending,baseline
R-Q-SL-02-025-05-local-folder,Q-SL-02-025-05,SL-02-025,local_folder,1,pending,local_source_enabled
R-Q-SL-02-025-05-wikimedia,Q-SL-02-025-05,SL-02-025,wikimedia,2,pending,"category_rule,historical_query"
R-Q-SL-02-025-05-general-web,Q-SL-02-025-05,SL-02-025,general_web,3,pending,baseline
R-Q-SL-02-025-05-image-search,Q-SL-02-025-05,SL-02-025,image_search,4,pending,baseline
R-Q-SL-02-026-01-local-folder,Q-SL-02-026-01,SL-02-026,local_folder,1,pending,local_source_enabled
R-Q-SL-02-026-01-wikimedia,Q-SL-02-026-01,SL-02-026,wikimedia,2,pending,"category_rule,historical_query"
R-Q-SL-02-026-01-general-web,Q-SL-02-026-01,SL-02-026,general_web,3,pending,baseline
R-Q-SL-02-026-01-image-search,Q-SL-02-026-01,SL-02-026,image_search,4,pending,baseline
R-Q-SL-02-026-02-local-folder,Q-SL-02-026-02,SL-02-026,local_folder,1,pending,local_source_enabled
R-Q-SL-02-026-02-wikimedia,Q-SL-02-026-02,SL-02-026,wikimedia,2,pending,"category_rule,historical_query"
R-Q-SL-02-026-02-general-web,Q-SL-02-026-02,SL-02-026,general_web,3,pending,baseline
R-Q-SL-02-026-02-image-search,Q-SL-02-026-02,SL-02-026,image_search,4,pending,baseline
R-Q-SL-02-026-03-local-folder,Q-SL-02-026-03,SL-02-026,local_folder,1,pending,local_source_enabled
R-Q-SL-02-026-03-wikimedia,Q-SL-02-026-03,SL-02-026,wikimedia,2,pending,"category_rule,historical_query"
R-Q-SL-02-026-03-general-web,Q-SL-02-026-03,SL-02-026,general_web,3,pending,baseline
R-Q-SL-02-026-03-image-search,Q-SL-02-026-03,SL-02-026,image_search,4,pending,baseline
R-Q-SL-02-026-04-local-folder,Q-SL-02-026-04,SL-02-026,local_folder,1,pending,local_source_enabled
R-Q-SL-02-026-04-wikimedia,Q-SL-02-026-04,SL-02-026,wikimedia,2,pending,"category_rule,historical_query"
R-Q-SL-02-026-04-general-web,Q-SL-02-026-04,SL-02-026,general_web,3,pending,baseline
R-Q-SL-02-026-04-image-search,Q-SL-02-026-04,SL-02-026,image_search,4,pending,baseline
R-Q-SL-02-026-05-local-folder,Q-SL-02-026-05,SL-02-026,local_folder,1,pending,local_source_enabled
R-Q-SL-02-026-05-wikimedia,Q-SL-02-026-05,SL-02-026,wikimedia,2,pending,"category_rule,historical_query"
R-Q-SL-02-026-05-general-web,Q-SL-02-026-05,SL-02-026,general_web,3,pending,baseline
R-Q-SL-02-026-05-image-search,Q-SL-02-026-05,SL-02-026,image_search,4,pending,baseline
R-Q-SL-02-027-01-local-folder,Q-SL-02-027-01,SL-02-027,local_folder,1,pending,local_source_enabled
R-Q-SL-02-027-01-wikimedia,Q-SL-02-027-01,SL-02-027,wikimedia,2,pending,historical_query
R-Q-SL-02-027-01-general-web,Q-SL-02-027-01,SL-02-027,general_web,3,pending,baseline
R-Q-SL-02-027-01-image-search,Q-SL-02-027-01,SL-02-027,image_search,4,pending,baseline
R-Q-SL-02-027-02-local-folder,Q-SL-02-027-02,SL-02-027,local_folder,1,pending,local_source_enabled
R-Q-SL-02-027-02-wikimedia,Q-SL-02-027-02,SL-02-027,wikimedia,2,pending,historical_query
R-Q-SL-02-027-02-general-web,Q-SL-02-027-02,SL-02-027,general_web,3,pending,baseline
R-Q-SL-02-027-02-image-search,Q-SL-02-027-02,SL-02-027,image_search,4,pending,baseline
R-Q-SL-02-027-03-local-folder,Q-SL-02-027-03,SL-02-027,local_folder,1,pending,local_source_enabled
R-Q-SL-02-027-03-wikimedia,Q-SL-02-027-03,SL-02-027,wikimedia,2,pending,historical_query
R-Q-SL-02-027-03-general-web,Q-SL-02-027-03,SL-02-027,general_web,3,pending,baseline
R-Q-SL-02-027-03-image-search,Q-SL-02-027-03,SL-02-027,image_search,4,pending,baseline
R-Q-SL-02-027-04-local-folder,Q-SL-02-027-04,SL-02-027,local_folder,1,pending,local_source_enabled
R-Q-SL-02-027-04-wikimedia,Q-SL-02-027-04,SL-02-027,wikimedia,2,pending,historical_query
R-Q-SL-02-027-04-general-web,Q-SL-02-027-04,SL-02-027,general_web,3,pending,baseline
R-Q-SL-02-027-04-image-search,Q-SL-02-027-04,SL-02-027,image_search,4,pending,baseline
R-Q-SL-02-027-05-local-folder,Q-SL-02-027-05,SL-02-027,local_folder,1,pending,local_source_enabled
R-Q-SL-02-027-05-wikimedia,Q-SL-02-027-05,SL-02-027,wikimedia,2,pending,historical_query
R-Q-SL-02-027-05-general-web,Q-SL-02-027-05,SL-02-027,general_web,3,pending,baseline
R-Q-SL-02-027-05-image-search,Q-SL-02-027-05,SL-02-027,image_search,4,pending,baseline
R-Q-SL-02-028-01-local-folder,Q-SL-02-028-01,SL-02-028,local_folder,1,pending,local_source_enabled
R-Q-SL-02-028-01-wikimedia,Q-SL-02-028-01,SL-02-028,wikimedia,2,pending,historical_query
R-Q-SL-02-028-01-general-web,Q-SL-02-028-01,SL-02-028,general_web,3,pending,baseline
R-Q-SL-02-028-01-image-search,Q-SL-02-028-01,SL-02-028,image_search,4,pending,baseline
R-Q-SL-02-028-02-local-folder,Q-SL-02-028-02,SL-02-028,local_folder,1,pending,local_source_enabled
R-Q-SL-02-028-02-wikimedia,Q-SL-02-028-02,SL-02-028,wikimedia,2,pending,historical_query
R-Q-SL-02-028-02-general-web,Q-SL-02-028-02,SL-02-028,general_web,3,pending,baseline
R-Q-SL-02-028-02-image-search,Q-SL-02-028-02,SL-02-028,image_search,4,pending,baseline
R-Q-SL-02-028-03-local-folder,Q-SL-02-028-03,SL-02-028,local_folder,1,pending,local_source_enabled
R-Q-SL-02-028-03-wikimedia,Q-SL-02-028-03,SL-02-028,wikimedia,2,pending,historical_query
R-Q-SL-02-028-03-general-web,Q-SL-02-028-03,SL-02-028,general_web,3,pending,baseline
R-Q-SL-02-028-03-image-search,Q-SL-02-028-03,SL-02-028,image_search,4,pending,baseline
R-Q-SL-02-028-04-local-folder,Q-SL-02-028-04,SL-02-028,local_folder,1,pending,local_source_enabled
R-Q-SL-02-028-04-wikimedia,Q-SL-02-028-04,SL-02-028,wikimedia,2,pending,historical_query
R-Q-SL-02-028-04-general-web,Q-SL-02-028-04,SL-02-028,general_web,3,pending,baseline
R-Q-SL-02-028-04-image-search,Q-SL-02-028-04,SL-02-028,image_search,4,pending,baseline
R-Q-SL-02-028-05-local-folder,Q-SL-02-028-05,SL-02-028,local_folder,1,pending,local_source_enabled
R-Q-SL-02-028-05-wikimedia,Q-SL-02-028-05,SL-02-028,wikimedia,2,pending,historical_query
R-Q-SL-02-028-05-general-web,Q-SL-02-028-05,SL-02-028,general_web,3,pending,baseline
R-Q-SL-02-028-05-image-search,Q-SL-02-028-05,SL-02-028,image_search,4,pending,baseline
R-Q-SL-02-029-01-local-folder,Q-SL-02-029-01,SL-02-029,local_folder,1,pending,local_source_enabled
R-Q-SL-02-029-01-wikimedia,Q-SL-02-029-01,SL-02-029,wikimedia,2,pending,historical_query
R-Q-SL-02-029-01-general-web,Q-SL-02-029-01,SL-02-029,general_web,3,pending,baseline
R-Q-SL-02-029-01-image-search,Q-SL-02-029-01,SL-02-029,image_search,4,pending,baseline
R-Q-SL-02-029-02-local-folder,Q-SL-02-029-02,SL-02-029,local_folder,1,pending,local_source_enabled
R-Q-SL-02-029-02-wikimedia,Q-SL-02-029-02,SL-02-029,wikimedia,2,pending,historical_query
R-Q-SL-02-029-02-general-web,Q-SL-02-029-02,SL-02-029,general_web,3,pending,baseline
R-Q-SL-02-029-02-image-search,Q-SL-02-029-02,SL-02-029,image_search,4,pending,baseline
R-Q-SL-02-029-03-local-folder,Q-SL-02-029-03,SL-02-029,local_folder,1,pending,local_source_enabled
R-Q-SL-02-029-03-wikimedia,Q-SL-02-029-03,SL-02-029,wikimedia,2,pending,historical_query
R-Q-SL-02-029-03-general-web,Q-SL-02-029-03,SL-02-029,general_web,3,pending,baseline
R-Q-SL-02-029-03-image-search,Q-SL-02-029-03,SL-02-029,image_search,4,pending,baseline
R-Q-SL-02-029-04-local-folder,Q-SL-02-029-04,SL-02-029,local_folder,1,pending,local_source_enabled
R-Q-SL-02-029-04-wikimedia,Q-SL-02-029-04,SL-02-029,wikimedia,2,pending,historical_query
R-Q-SL-02-029-04-general-web,Q-SL-02-029-04,SL-02-029,general_web,3,pending,baseline
R-Q-SL-02-029-04-image-search,Q-SL-02-029-04,SL-02-029,image_search,4,pending,baseline
R-Q-SL-02-029-05-local-folder,Q-SL-02-029-05,SL-02-029,local_folder,1,pending,local_source_enabled
R-Q-SL-02-029-05-wikimedia,Q-SL-02-029-05,SL-02-029,wikimedia,2,pending,historical_query
R-Q-SL-02-029-05-general-web,Q-SL-02-029-05,SL-02-029,general_web,3,pending,baseline
R-Q-SL-02-029-05-image-search,Q-SL-02-029-05,SL-02-029,image_search,4,pending,baseline
R-Q-SL-02-030-01-local-folder,Q-SL-02-030-01,SL-02-030,local_folder,1,pending,local_source_enabled
R-Q-SL-02-030-01-wikimedia,Q-SL-02-030-01,SL-02-030,wikimedia,2,pending,historical_query
R-Q-SL-02-030-01-general-web,Q-SL-02-030-01,SL-02-030,general_web,3,pending,baseline
R-Q-SL-02-030-01-image-search,Q-SL-02-030-01,SL-02-030,image_search,4,pending,baseline
R-Q-SL-02-030-02-local-folder,Q-SL-02-030-02,SL-02-030,local_folder,1,pending,local_source_enabled
R-Q-SL-02-030-02-wikimedia,Q-SL-02-030-02,SL-02-030,wikimedia,2,pending,historical_query
R-Q-SL-02-030-02-general-web,Q-SL-02-030-02,SL-02-030,general_web,3,pending,baseline
R-Q-SL-02-030-02-image-search,Q-SL-02-030-02,SL-02-030,image_search,4,pending,baseline
R-Q-SL-02-030-03-local-folder,Q-SL-02-030-03,SL-02-030,local_folder,1,pending,local_source_enabled
R-Q-SL-02-030-03-wikimedia,Q-SL-02-030-03,SL-02-030,wikimedia,2,pending,historical_query
R-Q-SL-02-030-03-general-web,Q-SL-02-030-03,SL-02-030,general_web,3,pending,baseline
R-Q-SL-02-030-03-image-search,Q-SL-02-030-03,SL-02-030,image_search,4,pending,baseline
R-Q-SL-02-030-04-local-folder,Q-SL-02-030-04,SL-02-030,local_folder,1,pending,local_source_enabled
R-Q-SL-02-030-04-wikimedia,Q-SL-02-030-04,SL-02-030,wikimedia,2,pending,historical_query
R-Q-SL-02-030-04-general-web,Q-SL-02-030-04,SL-02-030,general_web,3,pending,baseline
R-Q-SL-02-030-04-image-search,Q-SL-02-030-04,SL-02-030,image_search,4,pending,baseline
R-Q-SL-02-030-05-local-folder,Q-SL-02-030-05,SL-02-030,local_folder,1,pending,local_source_enabled
R-Q-SL-02-030-05-wikimedia,Q-SL-02-030-05,SL-02-030,wikimedia,2,pending,historical_query
R-Q-SL-02-030-05-general-web,Q-SL-02-030-05,SL-02-030,general_web,3,pending,baseline
R-Q-SL-02-030-05-image-search,Q-SL-02-030-05,SL-02-030,image_search,4,pending,baseline
R-Q-SL-02-031-01-local-folder,Q-SL-02-031-01,SL-02-031,local_folder,1,pending,local_source_enabled
R-Q-SL-02-031-01-wikimedia,Q-SL-02-031-01,SL-02-031,wikimedia,2,pending,historical_query
R-Q-SL-02-031-01-general-web,Q-SL-02-031-01,SL-02-031,general_web,3,pending,baseline
R-Q-SL-02-031-01-image-search,Q-SL-02-031-01,SL-02-031,image_search,4,pending,baseline
R-Q-SL-02-031-02-local-folder,Q-SL-02-031-02,SL-02-031,local_folder,1,pending,local_source_enabled
R-Q-SL-02-031-02-wikimedia,Q-SL-02-031-02,SL-02-031,wikimedia,2,pending,historical_query
R-Q-SL-02-031-02-general-web,Q-SL-02-031-02,SL-02-031,general_web,3,pending,baseline
R-Q-SL-02-031-02-image-search,Q-SL-02-031-02,SL-02-031,image_search,4,pending,baseline
R-Q-SL-02-031-03-local-folder,Q-SL-02-031-03,SL-02-031,local_folder,1,pending,local_source_enabled
R-Q-SL-02-031-03-wikimedia,Q-SL-02-031-03,SL-02-031,wikimedia,2,pending,historical_query
R-Q-SL-02-031-03-general-web,Q-SL-02-031-03,SL-02-031,general_web,3,pending,baseline
R-Q-SL-02-031-03-image-search,Q-SL-02-031-03,SL-02-031,image_search,4,pending,baseline
R-Q-SL-02-031-04-local-folder,Q-SL-02-031-04,SL-02-031,local_folder,1,pending,local_source_enabled
R-Q-SL-02-031-04-wikimedia,Q-SL-02-031-04,SL-02-031,wikimedia,2,pending,historical_query
R-Q-SL-02-031-04-general-web,Q-SL-02-031-04,SL-02-031,general_web,3,pending,baseline
R-Q-SL-02-031-04-image-search,Q-SL-02-031-04,SL-02-031,image_search,4,pending,baseline
R-Q-SL-02-031-05-local-folder,Q-SL-02-031-05,SL-02-031,local_folder,1,pending,local_source_enabled
R-Q-SL-02-031-05-wikimedia,Q-SL-02-031-05,SL-02-031,wikimedia,2,pending,historical_query
R-Q-SL-02-031-05-general-web,Q-SL-02-031-05,SL-02-031,general_web,3,pending,baseline
R-Q-SL-02-031-05-image-search,Q-SL-02-031-05,SL-02-031,image_search,4,pending,baseline
R-Q-SL-02-032-01-local-folder,Q-SL-02-032-01,SL-02-032,local_folder,1,pending,local_source_enabled
R-Q-SL-02-032-01-wikimedia,Q-SL-02-032-01,SL-02-032,wikimedia,2,pending,historical_query
R-Q-SL-02-032-01-general-web,Q-SL-02-032-01,SL-02-032,general_web,3,pending,baseline
R-Q-SL-02-032-01-image-search,Q-SL-02-032-01,SL-02-032,image_search,4,pending,baseline
R-Q-SL-02-032-02-local-folder,Q-SL-02-032-02,SL-02-032,local_folder,1,pending,local_source_enabled
R-Q-SL-02-032-02-wikimedia,Q-SL-02-032-02,SL-02-032,wikimedia,2,pending,historical_query
R-Q-SL-02-032-02-general-web,Q-SL-02-032-02,SL-02-032,general_web,3,pending,baseline
R-Q-SL-02-032-02-image-search,Q-SL-02-032-02,SL-02-032,image_search,4,pending,baseline
R-Q-SL-02-032-03-local-folder,Q-SL-02-032-03,SL-02-032,local_folder,1,pending,local_source_enabled
R-Q-SL-02-032-03-wikimedia,Q-SL-02-032-03,SL-02-032,wikimedia,2,pending,historical_query
R-Q-SL-02-032-03-general-web,Q-SL-02-032-03,SL-02-032,general_web,3,pending,baseline
R-Q-SL-02-032-03-image-search,Q-SL-02-032-03,SL-02-032,image_search,4,pending,baseline
R-Q-SL-02-032-04-local-folder,Q-SL-02-032-04,SL-02-032,local_folder,1,pending,local_source_enabled
R-Q-SL-02-032-04-wikimedia,Q-SL-02-032-04,SL-02-032,wikimedia,2,pending,historical_query
R-Q-SL-02-032-04-general-web,Q-SL-02-032-04,SL-02-032,general_web,3,pending,baseline
R-Q-SL-02-032-04-image-search,Q-SL-02-032-04,SL-02-032,image_search,4,pending,baseline
R-Q-SL-02-032-05-local-folder,Q-SL-02-032-05,SL-02-032,local_folder,1,pending,local_source_enabled
R-Q-SL-02-032-05-wikimedia,Q-SL-02-032-05,SL-02-032,wikimedia,2,pending,historical_query
R-Q-SL-02-032-05-general-web,Q-SL-02-032-05,SL-02-032,general_web,3,pending,baseline
R-Q-SL-02-032-05-image-search,Q-SL-02-032-05,SL-02-032,image_search,4,pending,baseline
R-Q-SL-02-033-01-local-folder,Q-SL-02-033-01,SL-02-033,local_folder,1,pending,local_source_enabled
R-Q-SL-02-033-01-wikimedia,Q-SL-02-033-01,SL-02-033,wikimedia,2,pending,historical_query
R-Q-SL-02-033-01-general-web,Q-SL-02-033-01,SL-02-033,general_web,3,pending,baseline
R-Q-SL-02-033-01-image-search,Q-SL-02-033-01,SL-02-033,image_search,4,pending,baseline
R-Q-SL-02-033-02-local-folder,Q-SL-02-033-02,SL-02-033,local_folder,1,pending,local_source_enabled
R-Q-SL-02-033-02-wikimedia,Q-SL-02-033-02,SL-02-033,wikimedia,2,pending,historical_query
R-Q-SL-02-033-02-general-web,Q-SL-02-033-02,SL-02-033,general_web,3,pending,baseline
R-Q-SL-02-033-02-image-search,Q-SL-02-033-02,SL-02-033,image_search,4,pending,baseline
R-Q-SL-02-033-03-local-folder,Q-SL-02-033-03,SL-02-033,local_folder,1,pending,local_source_enabled
R-Q-SL-02-033-03-wikimedia,Q-SL-02-033-03,SL-02-033,wikimedia,2,pending,historical_query
R-Q-SL-02-033-03-general-web,Q-SL-02-033-03,SL-02-033,general_web,3,pending,baseline
R-Q-SL-02-033-03-image-search,Q-SL-02-033-03,SL-02-033,image_search,4,pending,baseline
R-Q-SL-02-033-04-local-folder,Q-SL-02-033-04,SL-02-033,local_folder,1,pending,local_source_enabled
R-Q-SL-02-033-04-wikimedia,Q-SL-02-033-04,SL-02-033,wikimedia,2,pending,historical_query
R-Q-SL-02-033-04-general-web,Q-SL-02-033-04,SL-02-033,general_web,3,pending,baseline
R-Q-SL-02-033-04-image-search,Q-SL-02-033-04,SL-02-033,image_search,4,pending,baseline
R-Q-SL-02-033-05-local-folder,Q-SL-02-033-05,SL-02-033,local_folder,1,pending,local_source_enabled
R-Q-SL-02-033-05-wikimedia,Q-SL-02-033-05,SL-02-033,wikimedia,2,pending,historical_query
R-Q-SL-02-033-05-general-web,Q-SL-02-033-05,SL-02-033,general_web,3,pending,baseline
R-Q-SL-02-033-05-image-search,Q-SL-02-033-05,SL-02-033,image_search,4,pending,baseline
R-Q-SL-02-034-01-local-folder,Q-SL-02-034-01,SL-02-034,local_folder,1,pending,local_source_enabled
R-Q-SL-02-034-01-wikimedia,Q-SL-02-034-01,SL-02-034,wikimedia,2,pending,historical_query
R-Q-SL-02-034-01-general-web,Q-SL-02-034-01,SL-02-034,general_web,3,pending,baseline
R-Q-SL-02-034-01-image-search,Q-SL-02-034-01,SL-02-034,image_search,4,pending,baseline
R-Q-SL-02-034-02-local-folder,Q-SL-02-034-02,SL-02-034,local_folder,1,pending,local_source_enabled
R-Q-SL-02-034-02-wikimedia,Q-SL-02-034-02,SL-02-034,wikimedia,2,pending,historical_query
R-Q-SL-02-034-02-general-web,Q-SL-02-034-02,SL-02-034,general_web,3,pending,baseline
R-Q-SL-02-034-02-image-search,Q-SL-02-034-02,SL-02-034,image_search,4,pending,baseline
R-Q-SL-02-034-03-local-folder,Q-SL-02-034-03,SL-02-034,local_folder,1,pending,local_source_enabled
R-Q-SL-02-034-03-wikimedia,Q-SL-02-034-03,SL-02-034,wikimedia,2,pending,historical_query
R-Q-SL-02-034-03-general-web,Q-SL-02-034-03,SL-02-034,general_web,3,pending,baseline
R-Q-SL-02-034-03-image-search,Q-SL-02-034-03,SL-02-034,image_search,4,pending,baseline
R-Q-SL-02-034-04-local-folder,Q-SL-02-034-04,SL-02-034,local_folder,1,pending,local_source_enabled
R-Q-SL-02-034-04-wikimedia,Q-SL-02-034-04,SL-02-034,wikimedia,2,pending,historical_query
R-Q-SL-02-034-04-general-web,Q-SL-02-034-04,SL-02-034,general_web,3,pending,baseline
R-Q-SL-02-034-04-image-search,Q-SL-02-034-04,SL-02-034,image_search,4,pending,baseline
R-Q-SL-02-034-05-local-folder,Q-SL-02-034-05,SL-02-034,local_folder,1,pending,local_source_enabled
R-Q-SL-02-034-05-wikimedia,Q-SL-02-034-05,SL-02-034,wikimedia,2,pending,historical_query
R-Q-SL-02-034-05-general-web,Q-SL-02-034-05,SL-02-034,general_web,3,pending,baseline
R-Q-SL-02-034-05-image-search,Q-SL-02-034-05,SL-02-034,image_search,4,pending,baseline
R-Q-SL-02-035-01-local-folder,Q-SL-02-035-01,SL-02-035,local_folder,1,pending,local_source_enabled
R-Q-SL-02-035-01-wikimedia,Q-SL-02-035-01,SL-02-035,wikimedia,2,pending,historical_query
R-Q-SL-02-035-01-general-web,Q-SL-02-035-01,SL-02-035,general_web,3,pending,baseline
R-Q-SL-02-035-01-image-search,Q-SL-02-035-01,SL-02-035,image_search,4,pending,baseline
R-Q-SL-02-035-02-local-folder,Q-SL-02-035-02,SL-02-035,local_folder,1,pending,local_source_enabled
R-Q-SL-02-035-02-wikimedia,Q-SL-02-035-02,SL-02-035,wikimedia,2,pending,historical_query
R-Q-SL-02-035-02-general-web,Q-SL-02-035-02,SL-02-035,general_web,3,pending,baseline
R-Q-SL-02-035-02-image-search,Q-SL-02-035-02,SL-02-035,image_search,4,pending,baseline
R-Q-SL-02-035-03-local-folder,Q-SL-02-035-03,SL-02-035,local_folder,1,pending,local_source_enabled
R-Q-SL-02-035-03-wikimedia,Q-SL-02-035-03,SL-02-035,wikimedia,2,pending,historical_query
R-Q-SL-02-035-03-general-web,Q-SL-02-035-03,SL-02-035,general_web,3,pending,baseline
R-Q-SL-02-035-03-image-search,Q-SL-02-035-03,SL-02-035,image_search,4,pending,baseline
R-Q-SL-02-035-04-local-folder,Q-SL-02-035-04,SL-02-035,local_folder,1,pending,local_source_enabled
R-Q-SL-02-035-04-wikimedia,Q-SL-02-035-04,SL-02-035,wikimedia,2,pending,historical_query
R-Q-SL-02-035-04-general-web,Q-SL-02-035-04,SL-02-035,general_web,3,pending,baseline
R-Q-SL-02-035-04-image-search,Q-SL-02-035-04,SL-02-035,image_search,4,pending,baseline
R-Q-SL-02-035-05-local-folder,Q-SL-02-035-05,SL-02-035,local_folder,1,pending,local_source_enabled
R-Q-SL-02-035-05-wikimedia,Q-SL-02-035-05,SL-02-035,wikimedia,2,pending,historical_query
R-Q-SL-02-035-05-general-web,Q-SL-02-035-05,SL-02-035,general_web,3,pending,baseline
R-Q-SL-02-035-05-image-search,Q-SL-02-035-05,SL-02-035,image_search,4,pending,baseline
R-Q-SL-03-001-01-local-folder,Q-SL-03-001-01,SL-03-001,local_folder,1,pending,local_source_enabled
R-Q-SL-03-001-01-general-web,Q-SL-03-001-01,SL-03-001,general_web,3,pending,baseline
R-Q-SL-03-001-01-image-search,Q-SL-03-001-01,SL-03-001,image_search,4,pending,baseline
R-Q-SL-03-001-02-local-folder,Q-SL-03-001-02,SL-03-001,local_folder,1,pending,local_source_enabled
R-Q-SL-03-001-02-general-web,Q-SL-03-001-02,SL-03-001,general_web,3,pending,baseline
R-Q-SL-03-001-02-image-search,Q-SL-03-001-02,SL-03-001,image_search,4,pending,baseline
R-Q-SL-03-001-03-local-folder,Q-SL-03-001-03,SL-03-001,local_folder,1,pending,local_source_enabled
R-Q-SL-03-001-03-general-web,Q-SL-03-001-03,SL-03-001,general_web,3,pending,baseline
R-Q-SL-03-001-03-image-search,Q-SL-03-001-03,SL-03-001,image_search,4,pending,baseline
R-Q-SL-03-001-04-local-folder,Q-SL-03-001-04,SL-03-001,local_folder,1,pending,local_source_enabled
R-Q-SL-03-001-04-general-web,Q-SL-03-001-04,SL-03-001,general_web,3,pending,baseline
R-Q-SL-03-001-04-image-search,Q-SL-03-001-04,SL-03-001,image_search,4,pending,baseline
R-Q-SL-03-001-05-local-folder,Q-SL-03-001-05,SL-03-001,local_folder,1,pending,local_source_enabled
R-Q-SL-03-001-05-general-web,Q-SL-03-001-05,SL-03-001,general_web,3,pending,baseline
R-Q-SL-03-001-05-image-search,Q-SL-03-001-05,SL-03-001,image_search,4,pending,baseline
R-Q-SL-03-002-01-local-folder,Q-SL-03-002-01,SL-03-002,local_folder,1,pending,local_source_enabled
R-Q-SL-03-002-01-general-web,Q-SL-03-002-01,SL-03-002,general_web,3,pending,baseline
R-Q-SL-03-002-01-image-search,Q-SL-03-002-01,SL-03-002,image_search,4,pending,baseline
R-Q-SL-03-002-02-local-folder,Q-SL-03-002-02,SL-03-002,local_folder,1,pending,local_source_enabled
R-Q-SL-03-002-02-general-web,Q-SL-03-002-02,SL-03-002,general_web,3,pending,baseline
R-Q-SL-03-002-02-image-search,Q-SL-03-002-02,SL-03-002,image_search,4,pending,baseline
R-Q-SL-03-002-03-local-folder,Q-SL-03-002-03,SL-03-002,local_folder,1,pending,local_source_enabled
R-Q-SL-03-002-03-general-web,Q-SL-03-002-03,SL-03-002,general_web,3,pending,baseline
R-Q-SL-03-002-03-image-search,Q-SL-03-002-03,SL-03-002,image_search,4,pending,baseline
R-Q-SL-03-002-04-local-folder,Q-SL-03-002-04,SL-03-002,local_folder,1,pending,local_source_enabled
R-Q-SL-03-002-04-wikimedia,Q-SL-03-002-04,SL-03-002,wikimedia,2,pending,historical_query
R-Q-SL-03-002-04-general-web,Q-SL-03-002-04,SL-03-002,general_web,3,pending,baseline
R-Q-SL-03-002-04-image-search,Q-SL-03-002-04,SL-03-002,image_search,4,pending,baseline
R-Q-SL-03-002-05-local-folder,Q-SL-03-002-05,SL-03-002,local_folder,1,pending,local_source_enabled
R-Q-SL-03-002-05-general-web,Q-SL-03-002-05,SL-03-002,general_web,3,pending,baseline
R-Q-SL-03-002-05-image-search,Q-SL-03-002-05,SL-03-002,image_search,4,pending,baseline
R-Q-SL-03-003-01-local-folder,Q-SL-03-003-01,SL-03-003,local_folder,1,pending,local_source_enabled
R-Q-SL-03-003-01-wikimedia,Q-SL-03-003-01,SL-03-003,wikimedia,2,pending,historical_query
R-Q-SL-03-003-01-general-web,Q-SL-03-003-01,SL-03-003,general_web,3,pending,baseline
R-Q-SL-03-003-01-image-search,Q-SL-03-003-01,SL-03-003,image_search,4,pending,baseline
R-Q-SL-03-003-02-local-folder,Q-SL-03-003-02,SL-03-003,local_folder,1,pending,local_source_enabled
R-Q-SL-03-003-02-wikimedia,Q-SL-03-003-02,SL-03-003,wikimedia,2,pending,historical_query
R-Q-SL-03-003-02-general-web,Q-SL-03-003-02,SL-03-003,general_web,3,pending,baseline
R-Q-SL-03-003-02-image-search,Q-SL-03-003-02,SL-03-003,image_search,4,pending,baseline
R-Q-SL-03-003-03-local-folder,Q-SL-03-003-03,SL-03-003,local_folder,1,pending,local_source_enabled
R-Q-SL-03-003-03-wikimedia,Q-SL-03-003-03,SL-03-003,wikimedia,2,pending,historical_query
R-Q-SL-03-003-03-general-web,Q-SL-03-003-03,SL-03-003,general_web,3,pending,baseline
R-Q-SL-03-003-03-image-search,Q-SL-03-003-03,SL-03-003,image_search,4,pending,baseline
R-Q-SL-03-003-04-local-folder,Q-SL-03-003-04,SL-03-003,local_folder,1,pending,local_source_enabled
R-Q-SL-03-003-04-wikimedia,Q-SL-03-003-04,SL-03-003,wikimedia,2,pending,historical_query
R-Q-SL-03-003-04-general-web,Q-SL-03-003-04,SL-03-003,general_web,3,pending,baseline
R-Q-SL-03-003-04-image-search,Q-SL-03-003-04,SL-03-003,image_search,4,pending,baseline
R-Q-SL-03-003-05-local-folder,Q-SL-03-003-05,SL-03-003,local_folder,1,pending,local_source_enabled
R-Q-SL-03-003-05-wikimedia,Q-SL-03-003-05,SL-03-003,wikimedia,2,pending,historical_query
R-Q-SL-03-003-05-general-web,Q-SL-03-003-05,SL-03-003,general_web,3,pending,baseline
R-Q-SL-03-003-05-image-search,Q-SL-03-003-05,SL-03-003,image_search,4,pending,baseline
R-Q-SL-03-004-01-local-folder,Q-SL-03-004-01,SL-03-004,local_folder,1,pending,local_source_enabled
R-Q-SL-03-004-01-general-web,Q-SL-03-004-01,SL-03-004,general_web,3,pending,baseline
R-Q-SL-03-004-01-image-search,Q-SL-03-004-01,SL-03-004,image_search,4,pending,baseline
R-Q-SL-03-004-02-local-folder,Q-SL-03-004-02,SL-03-004,local_folder,1,pending,local_source_enabled
R-Q-SL-03-004-02-general-web,Q-SL-03-004-02,SL-03-004,general_web,3,pending,baseline
R-Q-SL-03-004-02-image-search,Q-SL-03-004-02,SL-03-004,image_search,4,pending,baseline
R-Q-SL-03-004-03-local-folder,Q-SL-03-004-03,SL-03-004,local_folder,1,pending,local_source_enabled
R-Q-SL-03-004-03-general-web,Q-SL-03-004-03,SL-03-004,general_web,3,pending,baseline
R-Q-SL-03-004-03-image-search,Q-SL-03-004-03,SL-03-004,image_search,4,pending,baseline
R-Q-SL-03-004-04-local-folder,Q-SL-03-004-04,SL-03-004,local_folder,1,pending,local_source_enabled
R-Q-SL-03-004-04-general-web,Q-SL-03-004-04,SL-03-004,general_web,3,pending,baseline
R-Q-SL-03-004-04-image-search,Q-SL-03-004-04,SL-03-004,image_search,4,pending,baseline
R-Q-SL-03-004-05-local-folder,Q-SL-03-004-05,SL-03-004,local_folder,1,pending,local_source_enabled
R-Q-SL-03-004-05-general-web,Q-SL-03-004-05,SL-03-004,general_web,3,pending,baseline
R-Q-SL-03-004-05-image-search,Q-SL-03-004-05,SL-03-004,image_search,4,pending,baseline
R-Q-SL-03-005-01-local-folder,Q-SL-03-005-01,SL-03-005,local_folder,1,pending,local_source_enabled
R-Q-SL-03-005-01-wikimedia,Q-SL-03-005-01,SL-03-005,wikimedia,2,pending,"category_rule,historical_query"
R-Q-SL-03-005-01-general-web,Q-SL-03-005-01,SL-03-005,general_web,3,pending,baseline
R-Q-SL-03-005-01-image-search,Q-SL-03-005-01,SL-03-005,image_search,4,pending,baseline
R-Q-SL-03-005-02-local-folder,Q-SL-03-005-02,SL-03-005,local_folder,1,pending,local_source_enabled
R-Q-SL-03-005-02-wikimedia,Q-SL-03-005-02,SL-03-005,wikimedia,2,pending,"category_rule,historical_query"
R-Q-SL-03-005-02-general-web,Q-SL-03-005-02,SL-03-005,general_web,3,pending,baseline
R-Q-SL-03-005-02-image-search,Q-SL-03-005-02,SL-03-005,image_search,4,pending,baseline
R-Q-SL-03-005-03-local-folder,Q-SL-03-005-03,SL-03-005,local_folder,1,pending,local_source_enabled
R-Q-SL-03-005-03-wikimedia,Q-SL-03-005-03,SL-03-005,wikimedia,2,pending,"category_rule,historical_query"
R-Q-SL-03-005-03-general-web,Q-SL-03-005-03,SL-03-005,general_web,3,pending,baseline
R-Q-SL-03-005-03-image-search,Q-SL-03-005-03,SL-03-005,image_search,4,pending,baseline
R-Q-SL-03-005-04-local-folder,Q-SL-03-005-04,SL-03-005,local_folder,1,pending,local_source_enabled
R-Q-SL-03-005-04-wikimedia,Q-SL-03-005-04,SL-03-005,wikimedia,2,pending,"category_rule,historical_query"
R-Q-SL-03-005-04-general-web,Q-SL-03-005-04,SL-03-005,general_web,3,pending,baseline
R-Q-SL-03-005-04-image-search,Q-SL-03-005-04,SL-03-005,image_search,4,pending,baseline
R-Q-SL-03-005-05-local-folder,Q-SL-03-005-05,SL-03-005,local_folder,1,pending,local_source_enabled
R-Q-SL-03-005-05-wikimedia,Q-SL-03-005-05,SL-03-005,wikimedia,2,pending,"category_rule,historical_query"
R-Q-SL-03-005-05-general-web,Q-SL-03-005-05,SL-03-005,general_web,3,pending,baseline
R-Q-SL-03-005-05-image-search,Q-SL-03-005-05,SL-03-005,image_search,4,pending,baseline
R-Q-SL-03-006-01-local-folder,Q-SL-03-006-01,SL-03-006,local_folder,1,pending,local_source_enabled
R-Q-SL-03-006-01-general-web,Q-SL-03-006-01,SL-03-006,general_web,3,pending,baseline
R-Q-SL-03-006-01-image-search,Q-SL-03-006-01,SL-03-006,image_search,4,pending,baseline
R-Q-SL-03-006-02-local-folder,Q-SL-03-006-02,SL-03-006,local_folder,1,pending,local_source_enabled
R-Q-SL-03-006-02-general-web,Q-SL-03-006-02,SL-03-006,general_web,3,pending,baseline
R-Q-SL-03-006-02-image-search,Q-SL-03-006-02,SL-03-006,image_search,4,pending,baseline
R-Q-SL-03-006-03-local-folder,Q-SL-03-006-03,SL-03-006,local_folder,1,pending,local_source_enabled
R-Q-SL-03-006-03-general-web,Q-SL-03-006-03,SL-03-006,general_web,3,pending,baseline
R-Q-SL-03-006-03-image-search,Q-SL-03-006-03,SL-03-006,image_search,4,pending,baseline
R-Q-SL-03-006-04-local-folder,Q-SL-03-006-04,SL-03-006,local_folder,1,pending,local_source_enabled
R-Q-SL-03-006-04-general-web,Q-SL-03-006-04,SL-03-006,general_web,3,pending,baseline
R-Q-SL-03-006-04-image-search,Q-SL-03-006-04,SL-03-006,image_search,4,pending,baseline
R-Q-SL-03-006-05-local-folder,Q-SL-03-006-05,SL-03-006,local_folder,1,pending,local_source_enabled
R-Q-SL-03-006-05-general-web,Q-SL-03-006-05,SL-03-006,general_web,3,pending,baseline
R-Q-SL-03-006-05-image-search,Q-SL-03-006-05,SL-03-006,image_search,4,pending,baseline
R-Q-SL-03-007-01-local-folder,Q-SL-03-007-01,SL-03-007,local_folder,1,pending,local_source_enabled
R-Q-SL-03-007-01-wikimedia,Q-SL-03-007-01,SL-03-007,wikimedia,2,pending,category_rule
R-Q-SL-03-007-01-general-web,Q-SL-03-007-01,SL-03-007,general_web,3,pending,baseline
R-Q-SL-03-007-01-image-search,Q-SL-03-007-01,SL-03-007,image_search,4,pending,baseline
R-Q-SL-03-007-02-local-folder,Q-SL-03-007-02,SL-03-007,local_folder,1,pending,local_source_enabled
R-Q-SL-03-007-02-wikimedia,Q-SL-03-007-02,SL-03-007,wikimedia,2,pending,category_rule
R-Q-SL-03-007-02-general-web,Q-SL-03-007-02,SL-03-007,general_web,3,pending,baseline
R-Q-SL-03-007-02-image-search,Q-SL-03-007-02,SL-03-007,image_search,4,pending,baseline
R-Q-SL-03-007-03-local-folder,Q-SL-03-007-03,SL-03-007,local_folder,1,pending,local_source_enabled
R-Q-SL-03-007-03-wikimedia,Q-SL-03-007-03,SL-03-007,wikimedia,2,pending,category_rule
R-Q-SL-03-007-03-general-web,Q-SL-03-007-03,SL-03-007,general_web,3,pending,baseline
R-Q-SL-03-007-03-image-search,Q-SL-03-007-03,SL-03-007,image_search,4,pending,baseline
R-Q-SL-03-007-04-local-folder,Q-SL-03-007-04,SL-03-007,local_folder,1,pending,local_source_enabled
R-Q-SL-03-007-04-wikimedia,Q-SL-03-007-04,SL-03-007,wikimedia,2,pending,"category_rule,historical_query"
R-Q-SL-03-007-04-general-web,Q-SL-03-007-04,SL-03-007,general_web,3,pending,baseline
R-Q-SL-03-007-04-image-search,Q-SL-03-007-04,SL-03-007,image_search,4,pending,baseline
R-Q-SL-03-007-05-local-folder,Q-SL-03-007-05,SL-03-007,local_folder,1,pending,local_source_enabled
R-Q-SL-03-007-05-wikimedia,Q-SL-03-007-05,SL-03-007,wikimedia,2,pending,category_rule
R-Q-SL-03-007-05-general-web,Q-SL-03-007-05,SL-03-007,general_web,3,pending,baseline
R-Q-SL-03-007-05-image-search,Q-SL-03-007-05,SL-03-007,image_search,4,pending,baseline
R-Q-SL-03-008-01-local-folder,Q-SL-03-008-01,SL-03-008,local_folder,1,pending,local_source_enabled
R-Q-SL-03-008-01-general-web,Q-SL-03-008-01,SL-03-008,general_web,3,pending,baseline
R-Q-SL-03-008-01-image-search,Q-SL-03-008-01,SL-03-008,image_search,4,pending,baseline
R-Q-SL-03-008-02-local-folder,Q-SL-03-008-02,SL-03-008,local_folder,1,pending,local_source_enabled
R-Q-SL-03-008-02-general-web,Q-SL-03-008-02,SL-03-008,general_web,3,pending,baseline
R-Q-SL-03-008-02-image-search,Q-SL-03-008-02,SL-03-008,image_search,4,pending,baseline
R-Q-SL-03-008-03-local-folder,Q-SL-03-008-03,SL-03-008,local_folder,1,pending,local_source_enabled
R-Q-SL-03-008-03-general-web,Q-SL-03-008-03,SL-03-008,general_web,3,pending,baseline
R-Q-SL-03-008-03-image-search,Q-SL-03-008-03,SL-03-008,image_search,4,pending,baseline
R-Q-SL-03-008-04-local-folder,Q-SL-03-008-04,SL-03-008,local_folder,1,pending,local_source_enabled
R-Q-SL-03-008-04-general-web,Q-SL-03-008-04,SL-03-008,general_web,3,pending,baseline
R-Q-SL-03-008-04-image-search,Q-SL-03-008-04,SL-03-008,image_search,4,pending,baseline
R-Q-SL-03-008-05-local-folder,Q-SL-03-008-05,SL-03-008,local_folder,1,pending,local_source_enabled
R-Q-SL-03-008-05-general-web,Q-SL-03-008-05,SL-03-008,general_web,3,pending,baseline
R-Q-SL-03-008-05-image-search,Q-SL-03-008-05,SL-03-008,image_search,4,pending,baseline
R-Q-SL-03-009-01-local-folder,Q-SL-03-009-01,SL-03-009,local_folder,1,pending,local_source_enabled
R-Q-SL-03-009-01-general-web,Q-SL-03-009-01,SL-03-009,general_web,3,pending,baseline
R-Q-SL-03-009-01-image-search,Q-SL-03-009-01,SL-03-009,image_search,4,pending,baseline
R-Q-SL-03-009-02-local-folder,Q-SL-03-009-02,SL-03-009,local_folder,1,pending,local_source_enabled
R-Q-SL-03-009-02-general-web,Q-SL-03-009-02,SL-03-009,general_web,3,pending,baseline
R-Q-SL-03-009-02-image-search,Q-SL-03-009-02,SL-03-009,image_search,4,pending,baseline
R-Q-SL-03-009-03-local-folder,Q-SL-03-009-03,SL-03-009,local_folder,1,pending,local_source_enabled
R-Q-SL-03-009-03-general-web,Q-SL-03-009-03,SL-03-009,general_web,3,pending,baseline
R-Q-SL-03-009-03-image-search,Q-SL-03-009-03,SL-03-009,image_search,4,pending,baseline
R-Q-SL-03-009-04-local-folder,Q-SL-03-009-04,SL-03-009,local_folder,1,pending,local_source_enabled
R-Q-SL-03-009-04-wikimedia,Q-SL-03-009-04,SL-03-009,wikimedia,2,pending,historical_query
R-Q-SL-03-009-04-general-web,Q-SL-03-009-04,SL-03-009,general_web,3,pending,baseline
R-Q-SL-03-009-04-image-search,Q-SL-03-009-04,SL-03-009,image_search,4,pending,baseline
R-Q-SL-03-009-05-local-folder,Q-SL-03-009-05,SL-03-009,local_folder,1,pending,local_source_enabled
R-Q-SL-03-009-05-general-web,Q-SL-03-009-05,SL-03-009,general_web,3,pending,baseline
R-Q-SL-03-009-05-image-search,Q-SL-03-009-05,SL-03-009,image_search,4,pending,baseline
R-Q-SL-03-010-01-local-folder,Q-SL-03-010-01,SL-03-010,local_folder,1,pending,local_source_enabled
R-Q-SL-03-010-01-wikimedia,Q-SL-03-010-01,SL-03-010,wikimedia,2,pending,historical_query
R-Q-SL-03-010-01-general-web,Q-SL-03-010-01,SL-03-010,general_web,3,pending,baseline
R-Q-SL-03-010-01-image-search,Q-SL-03-010-01,SL-03-010,image_search,4,pending,baseline
R-Q-SL-03-010-02-local-folder,Q-SL-03-010-02,SL-03-010,local_folder,1,pending,local_source_enabled
R-Q-SL-03-010-02-wikimedia,Q-SL-03-010-02,SL-03-010,wikimedia,2,pending,historical_query
R-Q-SL-03-010-02-general-web,Q-SL-03-010-02,SL-03-010,general_web,3,pending,baseline
R-Q-SL-03-010-02-image-search,Q-SL-03-010-02,SL-03-010,image_search,4,pending,baseline
R-Q-SL-03-010-03-local-folder,Q-SL-03-010-03,SL-03-010,local_folder,1,pending,local_source_enabled
R-Q-SL-03-010-03-wikimedia,Q-SL-03-010-03,SL-03-010,wikimedia,2,pending,historical_query
R-Q-SL-03-010-03-general-web,Q-SL-03-010-03,SL-03-010,general_web,3,pending,baseline
R-Q-SL-03-010-03-image-search,Q-SL-03-010-03,SL-03-010,image_search,4,pending,baseline
R-Q-SL-03-010-04-local-folder,Q-SL-03-010-04,SL-03-010,local_folder,1,pending,local_source_enabled
R-Q-SL-03-010-04-wikimedia,Q-SL-03-010-04,SL-03-010,wikimedia,2,pending,historical_query
R-Q-SL-03-010-04-general-web,Q-SL-03-010-04,SL-03-010,general_web,3,pending,baseline
R-Q-SL-03-010-04-image-search,Q-SL-03-010-04,SL-03-010,image_search,4,pending,baseline
R-Q-SL-03-010-05-local-folder,Q-SL-03-010-05,SL-03-010,local_folder,1,pending,local_source_enabled
R-Q-SL-03-010-05-wikimedia,Q-SL-03-010-05,SL-03-010,wikimedia,2,pending,historical_query
R-Q-SL-03-010-05-general-web,Q-SL-03-010-05,SL-03-010,general_web,3,pending,baseline
R-Q-SL-03-010-05-image-search,Q-SL-03-010-05,SL-03-010,image_search,4,pending,baseline
R-Q-SL-03-011-01-local-folder,Q-SL-03-011-01,SL-03-011,local_folder,1,pending,local_source_enabled
R-Q-SL-03-011-01-wikimedia,Q-SL-03-011-01,SL-03-011,wikimedia,2,pending,historical_query
R-Q-SL-03-011-01-general-web,Q-SL-03-011-01,SL-03-011,general_web,3,pending,baseline
R-Q-SL-03-011-01-image-search,Q-SL-03-011-01,SL-03-011,image_search,4,pending,baseline
R-Q-SL-03-011-02-local-folder,Q-SL-03-011-02,SL-03-011,local_folder,1,pending,local_source_enabled
R-Q-SL-03-011-02-wikimedia,Q-SL-03-011-02,SL-03-011,wikimedia,2,pending,historical_query
R-Q-SL-03-011-02-general-web,Q-SL-03-011-02,SL-03-011,general_web,3,pending,baseline
R-Q-SL-03-011-02-image-search,Q-SL-03-011-02,SL-03-011,image_search,4,pending,baseline
R-Q-SL-03-011-03-local-folder,Q-SL-03-011-03,SL-03-011,local_folder,1,pending,local_source_enabled
R-Q-SL-03-011-03-wikimedia,Q-SL-03-011-03,SL-03-011,wikimedia,2,pending,historical_query
R-Q-SL-03-011-03-general-web,Q-SL-03-011-03,SL-03-011,general_web,3,pending,baseline
R-Q-SL-03-011-03-image-search,Q-SL-03-011-03,SL-03-011,image_search,4,pending,baseline
R-Q-SL-03-011-04-local-folder,Q-SL-03-011-04,SL-03-011,local_folder,1,pending,local_source_enabled
R-Q-SL-03-011-04-wikimedia,Q-SL-03-011-04,SL-03-011,wikimedia,2,pending,historical_query
R-Q-SL-03-011-04-general-web,Q-SL-03-011-04,SL-03-011,general_web,3,pending,baseline
R-Q-SL-03-011-04-image-search,Q-SL-03-011-04,SL-03-011,image_search,4,pending,baseline
R-Q-SL-03-011-05-local-folder,Q-SL-03-011-05,SL-03-011,local_folder,1,pending,local_source_enabled
R-Q-SL-03-011-05-wikimedia,Q-SL-03-011-05,SL-03-011,wikimedia,2,pending,historical_query
R-Q-SL-03-011-05-general-web,Q-SL-03-011-05,SL-03-011,general_web,3,pending,baseline
R-Q-SL-03-011-05-image-search,Q-SL-03-011-05,SL-03-011,image_search,4,pending,baseline
R-Q-SL-03-012-01-local-folder,Q-SL-03-012-01,SL-03-012,local_folder,1,pending,local_source_enabled
R-Q-SL-03-012-01-wikimedia,Q-SL-03-012-01,SL-03-012,wikimedia,2,pending,category_rule
R-Q-SL-03-012-01-general-web,Q-SL-03-012-01,SL-03-012,general_web,3,pending,baseline
R-Q-SL-03-012-01-image-search,Q-SL-03-012-01,SL-03-012,image_search,4,pending,baseline
R-Q-SL-03-012-02-local-folder,Q-SL-03-012-02,SL-03-012,local_folder,1,pending,local_source_enabled
R-Q-SL-03-012-02-wikimedia,Q-SL-03-012-02,SL-03-012,wikimedia,2,pending,category_rule
R-Q-SL-03-012-02-general-web,Q-SL-03-012-02,SL-03-012,general_web,3,pending,baseline
R-Q-SL-03-012-02-image-search,Q-SL-03-012-02,SL-03-012,image_search,4,pending,baseline
R-Q-SL-03-012-03-local-folder,Q-SL-03-012-03,SL-03-012,local_folder,1,pending,local_source_enabled
R-Q-SL-03-012-03-wikimedia,Q-SL-03-012-03,SL-03-012,wikimedia,2,pending,category_rule
R-Q-SL-03-012-03-general-web,Q-SL-03-012-03,SL-03-012,general_web,3,pending,baseline
R-Q-SL-03-012-03-image-search,Q-SL-03-012-03,SL-03-012,image_search,4,pending,baseline
R-Q-SL-03-012-04-local-folder,Q-SL-03-012-04,SL-03-012,local_folder,1,pending,local_source_enabled
R-Q-SL-03-012-04-wikimedia,Q-SL-03-012-04,SL-03-012,wikimedia,2,pending,"category_rule,historical_query"
R-Q-SL-03-012-04-general-web,Q-SL-03-012-04,SL-03-012,general_web,3,pending,baseline
R-Q-SL-03-012-04-image-search,Q-SL-03-012-04,SL-03-012,image_search,4,pending,baseline
R-Q-SL-03-012-05-local-folder,Q-SL-03-012-05,SL-03-012,local_folder,1,pending,local_source_enabled
R-Q-SL-03-012-05-wikimedia,Q-SL-03-012-05,SL-03-012,wikimedia,2,pending,category_rule
R-Q-SL-03-012-05-general-web,Q-SL-03-012-05,SL-03-012,general_web,3,pending,baseline
R-Q-SL-03-012-05-image-search,Q-SL-03-012-05,SL-03-012,image_search,4,pending,baseline
R-Q-SL-03-013-01-local-folder,Q-SL-03-013-01,SL-03-013,local_folder,1,pending,local_source_enabled
R-Q-SL-03-013-01-general-web,Q-SL-03-013-01,SL-03-013,general_web,3,pending,baseline
R-Q-SL-03-013-01-image-search,Q-SL-03-013-01,SL-03-013,image_search,4,pending,baseline
R-Q-SL-03-013-02-local-folder,Q-SL-03-013-02,SL-03-013,local_folder,1,pending,local_source_enabled
R-Q-SL-03-013-02-general-web,Q-SL-03-013-02,SL-03-013,general_web,3,pending,baseline
R-Q-SL-03-013-02-image-search,Q-SL-03-013-02,SL-03-013,image_search,4,pending,baseline
R-Q-SL-03-013-03-local-folder,Q-SL-03-013-03,SL-03-013,local_folder,1,pending,local_source_enabled
R-Q-SL-03-013-03-general-web,Q-SL-03-013-03,SL-03-013,general_web,3,pending,baseline
R-Q-SL-03-013-03-image-search,Q-SL-03-013-03,SL-03-013,image_search,4,pending,baseline
R-Q-SL-03-013-04-local-folder,Q-SL-03-013-04,SL-03-013,local_folder,1,pending,local_source_enabled
R-Q-SL-03-013-04-general-web,Q-SL-03-013-04,SL-03-013,general_web,3,pending,baseline
R-Q-SL-03-013-04-image-search,Q-SL-03-013-04,SL-03-013,image_search,4,pending,baseline
R-Q-SL-03-013-05-local-folder,Q-SL-03-013-05,SL-03-013,local_folder,1,pending,local_source_enabled
R-Q-SL-03-013-05-wikimedia,Q-SL-03-013-05,SL-03-013,wikimedia,2,pending,historical_query
R-Q-SL-03-013-05-general-web,Q-SL-03-013-05,SL-03-013,general_web,3,pending,baseline
R-Q-SL-03-013-05-image-search,Q-SL-03-013-05,SL-03-013,image_search,4,pending,baseline
R-Q-SL-03-014-01-local-folder,Q-SL-03-014-01,SL-03-014,local_folder,1,pending,local_source_enabled
R-Q-SL-03-014-01-wikimedia,Q-SL-03-014-01,SL-03-014,wikimedia,2,pending,historical_query
R-Q-SL-03-014-01-general-web,Q-SL-03-014-01,SL-03-014,general_web,3,pending,baseline
R-Q-SL-03-014-01-image-search,Q-SL-03-014-01,SL-03-014,image_search,4,pending,baseline
R-Q-SL-03-014-02-local-folder,Q-SL-03-014-02,SL-03-014,local_folder,1,pending,local_source_enabled
R-Q-SL-03-014-02-wikimedia,Q-SL-03-014-02,SL-03-014,wikimedia,2,pending,historical_query
R-Q-SL-03-014-02-general-web,Q-SL-03-014-02,SL-03-014,general_web,3,pending,baseline
R-Q-SL-03-014-02-image-search,Q-SL-03-014-02,SL-03-014,image_search,4,pending,baseline
R-Q-SL-03-014-03-local-folder,Q-SL-03-014-03,SL-03-014,local_folder,1,pending,local_source_enabled
R-Q-SL-03-014-03-wikimedia,Q-SL-03-014-03,SL-03-014,wikimedia,2,pending,historical_query
R-Q-SL-03-014-03-general-web,Q-SL-03-014-03,SL-03-014,general_web,3,pending,baseline
R-Q-SL-03-014-03-image-search,Q-SL-03-014-03,SL-03-014,image_search,4,pending,baseline
R-Q-SL-03-014-04-local-folder,Q-SL-03-014-04,SL-03-014,local_folder,1,pending,local_source_enabled
R-Q-SL-03-014-04-wikimedia,Q-SL-03-014-04,SL-03-014,wikimedia,2,pending,historical_query
R-Q-SL-03-014-04-general-web,Q-SL-03-014-04,SL-03-014,general_web,3,pending,baseline
R-Q-SL-03-014-04-image-search,Q-SL-03-014-04,SL-03-014,image_search,4,pending,baseline
R-Q-SL-03-014-05-local-folder,Q-SL-03-014-05,SL-03-014,local_folder,1,pending,local_source_enabled
R-Q-SL-03-014-05-wikimedia,Q-SL-03-014-05,SL-03-014,wikimedia,2,pending,historical_query
R-Q-SL-03-014-05-general-web,Q-SL-03-014-05,SL-03-014,general_web,3,pending,baseline
R-Q-SL-03-014-05-image-search,Q-SL-03-014-05,SL-03-014,image_search,4,pending,baseline
R-Q-SL-03-015-01-local-folder,Q-SL-03-015-01,SL-03-015,local_folder,1,pending,local_source_enabled
R-Q-SL-03-015-01-general-web,Q-SL-03-015-01,SL-03-015,general_web,3,pending,baseline
R-Q-SL-03-015-01-image-search,Q-SL-03-015-01,SL-03-015,image_search,4,pending,baseline
R-Q-SL-03-015-02-local-folder,Q-SL-03-015-02,SL-03-015,local_folder,1,pending,local_source_enabled
R-Q-SL-03-015-02-general-web,Q-SL-03-015-02,SL-03-015,general_web,3,pending,baseline
R-Q-SL-03-015-02-image-search,Q-SL-03-015-02,SL-03-015,image_search,4,pending,baseline
R-Q-SL-03-015-03-local-folder,Q-SL-03-015-03,SL-03-015,local_folder,1,pending,local_source_enabled
R-Q-SL-03-015-03-general-web,Q-SL-03-015-03,SL-03-015,general_web,3,pending,baseline
R-Q-SL-03-015-03-image-search,Q-SL-03-015-03,SL-03-015,image_search,4,pending,baseline
R-Q-SL-03-015-04-local-folder,Q-SL-03-015-04,SL-03-015,local_folder,1,pending,local_source_enabled
R-Q-SL-03-015-04-wikimedia,Q-SL-03-015-04,SL-03-015,wikimedia,2,pending,historical_query
R-Q-SL-03-015-04-general-web,Q-SL-03-015-04,SL-03-015,general_web,3,pending,baseline
R-Q-SL-03-015-04-image-search,Q-SL-03-015-04,SL-03-015,image_search,4,pending,baseline
R-Q-SL-03-015-05-local-folder,Q-SL-03-015-05,SL-03-015,local_folder,1,pending,local_source_enabled
R-Q-SL-03-015-05-general-web,Q-SL-03-015-05,SL-03-015,general_web,3,pending,baseline
R-Q-SL-03-015-05-image-search,Q-SL-03-015-05,SL-03-015,image_search,4,pending,baseline
R-Q-SL-03-016-01-local-folder,Q-SL-03-016-01,SL-03-016,local_folder,1,pending,local_source_enabled
R-Q-SL-03-016-01-general-web,Q-SL-03-016-01,SL-03-016,general_web,3,pending,baseline
R-Q-SL-03-016-01-image-search,Q-SL-03-016-01,SL-03-016,image_search,4,pending,baseline
R-Q-SL-03-016-02-local-folder,Q-SL-03-016-02,SL-03-016,local_folder,1,pending,local_source_enabled
R-Q-SL-03-016-02-general-web,Q-SL-03-016-02,SL-03-016,general_web,3,pending,baseline
R-Q-SL-03-016-02-image-search,Q-SL-03-016-02,SL-03-016,image_search,4,pending,baseline
R-Q-SL-03-016-03-local-folder,Q-SL-03-016-03,SL-03-016,local_folder,1,pending,local_source_enabled
R-Q-SL-03-016-03-general-web,Q-SL-03-016-03,SL-03-016,general_web,3,pending,baseline
R-Q-SL-03-016-03-image-search,Q-SL-03-016-03,SL-03-016,image_search,4,pending,baseline
R-Q-SL-03-016-04-local-folder,Q-SL-03-016-04,SL-03-016,local_folder,1,pending,local_source_enabled
R-Q-SL-03-016-04-general-web,Q-SL-03-016-04,SL-03-016,general_web,3,pending,baseline
R-Q-SL-03-016-04-image-search,Q-SL-03-016-04,SL-03-016,image_search,4,pending,baseline
R-Q-SL-03-016-05-local-folder,Q-SL-03-016-05,SL-03-016,local_folder,1,pending,local_source_enabled
R-Q-SL-03-016-05-wikimedia,Q-SL-03-016-05,SL-03-016,wikimedia,2,pending,historical_query
R-Q-SL-03-016-05-general-web,Q-SL-03-016-05,SL-03-016,general_web,3,pending,baseline
R-Q-SL-03-016-05-image-search,Q-SL-03-016-05,SL-03-016,image_search,4,pending,baseline
R-Q-SL-03-017-01-local-folder,Q-SL-03-017-01,SL-03-017,local_folder,1,pending,local_source_enabled
R-Q-SL-03-017-01-wikimedia,Q-SL-03-017-01,SL-03-017,wikimedia,2,pending,historical_query
R-Q-SL-03-017-01-general-web,Q-SL-03-017-01,SL-03-017,general_web,3,pending,baseline
R-Q-SL-03-017-01-image-search,Q-SL-03-017-01,SL-03-017,image_search,4,pending,baseline
R-Q-SL-03-017-02-local-folder,Q-SL-03-017-02,SL-03-017,local_folder,1,pending,local_source_enabled
R-Q-SL-03-017-02-wikimedia,Q-SL-03-017-02,SL-03-017,wikimedia,2,pending,historical_query
R-Q-SL-03-017-02-general-web,Q-SL-03-017-02,SL-03-017,general_web,3,pending,baseline
R-Q-SL-03-017-02-image-search,Q-SL-03-017-02,SL-03-017,image_search,4,pending,baseline
R-Q-SL-03-017-03-local-folder,Q-SL-03-017-03,SL-03-017,local_folder,1,pending,local_source_enabled
R-Q-SL-03-017-03-wikimedia,Q-SL-03-017-03,SL-03-017,wikimedia,2,pending,historical_query
R-Q-SL-03-017-03-general-web,Q-SL-03-017-03,SL-03-017,general_web,3,pending,baseline
R-Q-SL-03-017-03-image-search,Q-SL-03-017-03,SL-03-017,image_search,4,pending,baseline
R-Q-SL-03-017-04-local-folder,Q-SL-03-017-04,SL-03-017,local_folder,1,pending,local_source_enabled
R-Q-SL-03-017-04-wikimedia,Q-SL-03-017-04,SL-03-017,wikimedia,2,pending,historical_query
R-Q-SL-03-017-04-general-web,Q-SL-03-017-04,SL-03-017,general_web,3,pending,baseline
R-Q-SL-03-017-04-image-search,Q-SL-03-017-04,SL-03-017,image_search,4,pending,baseline
R-Q-SL-03-017-05-local-folder,Q-SL-03-017-05,SL-03-017,local_folder,1,pending,local_source_enabled
R-Q-SL-03-017-05-wikimedia,Q-SL-03-017-05,SL-03-017,wikimedia,2,pending,historical_query
R-Q-SL-03-017-05-general-web,Q-SL-03-017-05,SL-03-017,general_web,3,pending,baseline
R-Q-SL-03-017-05-image-search,Q-SL-03-017-05,SL-03-017,image_search,4,pending,baseline
R-Q-SL-03-018-01-local-folder,Q-SL-03-018-01,SL-03-018,local_folder,1,pending,local_source_enabled
R-Q-SL-03-018-01-general-web,Q-SL-03-018-01,SL-03-018,general_web,3,pending,baseline
R-Q-SL-03-018-01-image-search,Q-SL-03-018-01,SL-03-018,image_search,4,pending,baseline
R-Q-SL-03-018-02-local-folder,Q-SL-03-018-02,SL-03-018,local_folder,1,pending,local_source_enabled
R-Q-SL-03-018-02-general-web,Q-SL-03-018-02,SL-03-018,general_web,3,pending,baseline
R-Q-SL-03-018-02-image-search,Q-SL-03-018-02,SL-03-018,image_search,4,pending,baseline
R-Q-SL-03-018-03-local-folder,Q-SL-03-018-03,SL-03-018,local_folder,1,pending,local_source_enabled
R-Q-SL-03-018-03-general-web,Q-SL-03-018-03,SL-03-018,general_web,3,pending,baseline
R-Q-SL-03-018-03-image-search,Q-SL-03-018-03,SL-03-018,image_search,4,pending,baseline
R-Q-SL-03-018-04-local-folder,Q-SL-03-018-04,SL-03-018,local_folder,1,pending,local_source_enabled
R-Q-SL-03-018-04-wikimedia,Q-SL-03-018-04,SL-03-018,wikimedia,2,pending,historical_query
R-Q-SL-03-018-04-general-web,Q-SL-03-018-04,SL-03-018,general_web,3,pending,baseline
R-Q-SL-03-018-04-image-search,Q-SL-03-018-04,SL-03-018,image_search,4,pending,baseline
R-Q-SL-03-018-05-local-folder,Q-SL-03-018-05,SL-03-018,local_folder,1,pending,local_source_enabled
R-Q-SL-03-018-05-general-web,Q-SL-03-018-05,SL-03-018,general_web,3,pending,baseline
R-Q-SL-03-018-05-image-search,Q-SL-03-018-05,SL-03-018,image_search,4,pending,baseline
R-Q-SL-03-019-01-local-folder,Q-SL-03-019-01,SL-03-019,local_folder,1,pending,local_source_enabled
R-Q-SL-03-019-01-general-web,Q-SL-03-019-01,SL-03-019,general_web,3,pending,baseline
R-Q-SL-03-019-01-image-search,Q-SL-03-019-01,SL-03-019,image_search,4,pending,baseline
R-Q-SL-03-019-02-local-folder,Q-SL-03-019-02,SL-03-019,local_folder,1,pending,local_source_enabled
R-Q-SL-03-019-02-general-web,Q-SL-03-019-02,SL-03-019,general_web,3,pending,baseline
R-Q-SL-03-019-02-image-search,Q-SL-03-019-02,SL-03-019,image_search,4,pending,baseline
R-Q-SL-03-019-03-local-folder,Q-SL-03-019-03,SL-03-019,local_folder,1,pending,local_source_enabled
R-Q-SL-03-019-03-general-web,Q-SL-03-019-03,SL-03-019,general_web,3,pending,baseline
R-Q-SL-03-019-03-image-search,Q-SL-03-019-03,SL-03-019,image_search,4,pending,baseline
R-Q-SL-03-019-04-local-folder,Q-SL-03-019-04,SL-03-019,local_folder,1,pending,local_source_enabled
R-Q-SL-03-019-04-general-web,Q-SL-03-019-04,SL-03-019,general_web,3,pending,baseline
R-Q-SL-03-019-04-image-search,Q-SL-03-019-04,SL-03-019,image_search,4,pending,baseline
R-Q-SL-03-019-05-local-folder,Q-SL-03-019-05,SL-03-019,local_folder,1,pending,local_source_enabled
R-Q-SL-03-019-05-wikimedia,Q-SL-03-019-05,SL-03-019,wikimedia,2,pending,historical_query
R-Q-SL-03-019-05-general-web,Q-SL-03-019-05,SL-03-019,general_web,3,pending,baseline
R-Q-SL-03-019-05-image-search,Q-SL-03-019-05,SL-03-019,image_search,4,pending,baseline
R-Q-SL-03-020-01-local-folder,Q-SL-03-020-01,SL-03-020,local_folder,1,pending,local_source_enabled
R-Q-SL-03-020-01-wikimedia,Q-SL-03-020-01,SL-03-020,wikimedia,2,pending,historical_query
R-Q-SL-03-020-01-general-web,Q-SL-03-020-01,SL-03-020,general_web,3,pending,baseline
R-Q-SL-03-020-01-image-search,Q-SL-03-020-01,SL-03-020,image_search,4,pending,baseline
R-Q-SL-03-020-02-local-folder,Q-SL-03-020-02,SL-03-020,local_folder,1,pending,local_source_enabled
R-Q-SL-03-020-02-wikimedia,Q-SL-03-020-02,SL-03-020,wikimedia,2,pending,historical_query
R-Q-SL-03-020-02-general-web,Q-SL-03-020-02,SL-03-020,general_web,3,pending,baseline
R-Q-SL-03-020-02-image-search,Q-SL-03-020-02,SL-03-020,image_search,4,pending,baseline
R-Q-SL-03-020-03-local-folder,Q-SL-03-020-03,SL-03-020,local_folder,1,pending,local_source_enabled
R-Q-SL-03-020-03-wikimedia,Q-SL-03-020-03,SL-03-020,wikimedia,2,pending,historical_query
R-Q-SL-03-020-03-general-web,Q-SL-03-020-03,SL-03-020,general_web,3,pending,baseline
R-Q-SL-03-020-03-image-search,Q-SL-03-020-03,SL-03-020,image_search,4,pending,baseline
R-Q-SL-03-020-04-local-folder,Q-SL-03-020-04,SL-03-020,local_folder,1,pending,local_source_enabled
R-Q-SL-03-020-04-wikimedia,Q-SL-03-020-04,SL-03-020,wikimedia,2,pending,historical_query
R-Q-SL-03-020-04-general-web,Q-SL-03-020-04,SL-03-020,general_web,3,pending,baseline
R-Q-SL-03-020-04-image-search,Q-SL-03-020-04,SL-03-020,image_search,4,pending,baseline
R-Q-SL-03-020-05-local-folder,Q-SL-03-020-05,SL-03-020,local_folder,1,pending,local_source_enabled
R-Q-SL-03-020-05-wikimedia,Q-SL-03-020-05,SL-03-020,wikimedia,2,pending,historical_query
R-Q-SL-03-020-05-general-web,Q-SL-03-020-05,SL-03-020,general_web,3,pending,baseline
R-Q-SL-03-020-05-image-search,Q-SL-03-020-05,SL-03-020,image_search,4,pending,baseline
R-Q-SL-03-021-01-local-folder,Q-SL-03-021-01,SL-03-021,local_folder,1,pending,local_source_enabled
R-Q-SL-03-021-01-general-web,Q-SL-03-021-01,SL-03-021,general_web,3,pending,baseline
R-Q-SL-03-021-01-image-search,Q-SL-03-021-01,SL-03-021,image_search,4,pending,baseline
R-Q-SL-03-021-02-local-folder,Q-SL-03-021-02,SL-03-021,local_folder,1,pending,local_source_enabled
R-Q-SL-03-021-02-general-web,Q-SL-03-021-02,SL-03-021,general_web,3,pending,baseline
R-Q-SL-03-021-02-image-search,Q-SL-03-021-02,SL-03-021,image_search,4,pending,baseline
R-Q-SL-03-021-03-local-folder,Q-SL-03-021-03,SL-03-021,local_folder,1,pending,local_source_enabled
R-Q-SL-03-021-03-general-web,Q-SL-03-021-03,SL-03-021,general_web,3,pending,baseline
R-Q-SL-03-021-03-image-search,Q-SL-03-021-03,SL-03-021,image_search,4,pending,baseline
R-Q-SL-03-021-04-local-folder,Q-SL-03-021-04,SL-03-021,local_folder,1,pending,local_source_enabled
R-Q-SL-03-021-04-wikimedia,Q-SL-03-021-04,SL-03-021,wikimedia,2,pending,historical_query
R-Q-SL-03-021-04-general-web,Q-SL-03-021-04,SL-03-021,general_web,3,pending,baseline
R-Q-SL-03-021-04-image-search,Q-SL-03-021-04,SL-03-021,image_search,4,pending,baseline
R-Q-SL-03-021-05-local-folder,Q-SL-03-021-05,SL-03-021,local_folder,1,pending,local_source_enabled
R-Q-SL-03-021-05-general-web,Q-SL-03-021-05,SL-03-021,general_web,3,pending,baseline
R-Q-SL-03-021-05-image-search,Q-SL-03-021-05,SL-03-021,image_search,4,pending,baseline
R-Q-SL-03-022-01-local-folder,Q-SL-03-022-01,SL-03-022,local_folder,1,pending,local_source_enabled
R-Q-SL-03-022-01-general-web,Q-SL-03-022-01,SL-03-022,general_web,3,pending,baseline
R-Q-SL-03-022-01-image-search,Q-SL-03-022-01,SL-03-022,image_search,4,pending,baseline
R-Q-SL-03-022-02-local-folder,Q-SL-03-022-02,SL-03-022,local_folder,1,pending,local_source_enabled
R-Q-SL-03-022-02-general-web,Q-SL-03-022-02,SL-03-022,general_web,3,pending,baseline
R-Q-SL-03-022-02-image-search,Q-SL-03-022-02,SL-03-022,image_search,4,pending,baseline
R-Q-SL-03-022-03-local-folder,Q-SL-03-022-03,SL-03-022,local_folder,1,pending,local_source_enabled
R-Q-SL-03-022-03-general-web,Q-SL-03-022-03,SL-03-022,general_web,3,pending,baseline
R-Q-SL-03-022-03-image-search,Q-SL-03-022-03,SL-03-022,image_search,4,pending,baseline
R-Q-SL-03-022-04-local-folder,Q-SL-03-022-04,SL-03-022,local_folder,1,pending,local_source_enabled
R-Q-SL-03-022-04-general-web,Q-SL-03-022-04,SL-03-022,general_web,3,pending,baseline
R-Q-SL-03-022-04-image-search,Q-SL-03-022-04,SL-03-022,image_search,4,pending,baseline
R-Q-SL-03-022-05-local-folder,Q-SL-03-022-05,SL-03-022,local_folder,1,pending,local_source_enabled
R-Q-SL-03-022-05-wikimedia,Q-SL-03-022-05,SL-03-022,wikimedia,2,pending,historical_query
R-Q-SL-03-022-05-general-web,Q-SL-03-022-05,SL-03-022,general_web,3,pending,baseline
R-Q-SL-03-022-05-image-search,Q-SL-03-022-05,SL-03-022,image_search,4,pending,baseline
R-Q-SL-03-023-01-local-folder,Q-SL-03-023-01,SL-03-023,local_folder,1,pending,local_source_enabled
R-Q-SL-03-023-01-wikimedia,Q-SL-03-023-01,SL-03-023,wikimedia,2,pending,historical_query
R-Q-SL-03-023-01-general-web,Q-SL-03-023-01,SL-03-023,general_web,3,pending,baseline
R-Q-SL-03-023-01-image-search,Q-SL-03-023-01,SL-03-023,image_search,4,pending,baseline
R-Q-SL-03-023-02-local-folder,Q-SL-03-023-02,SL-03-023,local_folder,1,pending,local_source_enabled
R-Q-SL-03-023-02-wikimedia,Q-SL-03-023-02,SL-03-023,wikimedia,2,pending,historical_query
R-Q-SL-03-023-02-general-web,Q-SL-03-023-02,SL-03-023,general_web,3,pending,baseline
R-Q-SL-03-023-02-image-search,Q-SL-03-023-02,SL-03-023,image_search,4,pending,baseline
R-Q-SL-03-023-03-local-folder,Q-SL-03-023-03,SL-03-023,local_folder,1,pending,local_source_enabled
R-Q-SL-03-023-03-wikimedia,Q-SL-03-023-03,SL-03-023,wikimedia,2,pending,historical_query
R-Q-SL-03-023-03-general-web,Q-SL-03-023-03,SL-03-023,general_web,3,pending,baseline
R-Q-SL-03-023-03-image-search,Q-SL-03-023-03,SL-03-023,image_search,4,pending,baseline
R-Q-SL-03-023-04-local-folder,Q-SL-03-023-04,SL-03-023,local_folder,1,pending,local_source_enabled
R-Q-SL-03-023-04-wikimedia,Q-SL-03-023-04,SL-03-023,wikimedia,2,pending,historical_query
R-Q-SL-03-023-04-general-web,Q-SL-03-023-04,SL-03-023,general_web,3,pending,baseline
R-Q-SL-03-023-04-image-search,Q-SL-03-023-04,SL-03-023,image_search,4,pending,baseline
R-Q-SL-03-023-05-local-folder,Q-SL-03-023-05,SL-03-023,local_folder,1,pending,local_source_enabled
R-Q-SL-03-023-05-wikimedia,Q-SL-03-023-05,SL-03-023,wikimedia,2,pending,historical_query
R-Q-SL-03-023-05-general-web,Q-SL-03-023-05,SL-03-023,general_web,3,pending,baseline
R-Q-SL-03-023-05-image-search,Q-SL-03-023-05,SL-03-023,image_search,4,pending,baseline
R-Q-SL-03-024-01-local-folder,Q-SL-03-024-01,SL-03-024,local_folder,1,pending,local_source_enabled
R-Q-SL-03-024-01-general-web,Q-SL-03-024-01,SL-03-024,general_web,3,pending,baseline
R-Q-SL-03-024-01-image-search,Q-SL-03-024-01,SL-03-024,image_search,4,pending,baseline
R-Q-SL-03-024-02-local-folder,Q-SL-03-024-02,SL-03-024,local_folder,1,pending,local_source_enabled
R-Q-SL-03-024-02-general-web,Q-SL-03-024-02,SL-03-024,general_web,3,pending,baseline
R-Q-SL-03-024-02-image-search,Q-SL-03-024-02,SL-03-024,image_search,4,pending,baseline
R-Q-SL-03-024-03-local-folder,Q-SL-03-024-03,SL-03-024,local_folder,1,pending,local_source_enabled
R-Q-SL-03-024-03-general-web,Q-SL-03-024-03,SL-03-024,general_web,3,pending,baseline
R-Q-SL-03-024-03-image-search,Q-SL-03-024-03,SL-03-024,image_search,4,pending,baseline
R-Q-SL-03-024-04-local-folder,Q-SL-03-024-04,SL-03-024,local_folder,1,pending,local_source_enabled
R-Q-SL-03-024-04-wikimedia,Q-SL-03-024-04,SL-03-024,wikimedia,2,pending,historical_query
R-Q-SL-03-024-04-general-web,Q-SL-03-024-04,SL-03-024,general_web,3,pending,baseline
R-Q-SL-03-024-04-image-search,Q-SL-03-024-04,SL-03-024,image_search,4,pending,baseline
R-Q-SL-03-024-05-local-folder,Q-SL-03-024-05,SL-03-024,local_folder,1,pending,local_source_enabled
R-Q-SL-03-024-05-general-web,Q-SL-03-024-05,SL-03-024,general_web,3,pending,baseline
R-Q-SL-03-024-05-image-search,Q-SL-03-024-05,SL-03-024,image_search,4,pending,baseline
R-Q-SL-03-025-01-local-folder,Q-SL-03-025-01,SL-03-025,local_folder,1,pending,local_source_enabled
R-Q-SL-03-025-01-general-web,Q-SL-03-025-01,SL-03-025,general_web,3,pending,baseline
R-Q-SL-03-025-01-image-search,Q-SL-03-025-01,SL-03-025,image_search,4,pending,baseline
R-Q-SL-03-025-02-local-folder,Q-SL-03-025-02,SL-03-025,local_folder,1,pending,local_source_enabled
R-Q-SL-03-025-02-general-web,Q-SL-03-025-02,SL-03-025,general_web,3,pending,baseline
R-Q-SL-03-025-02-image-search,Q-SL-03-025-02,SL-03-025,image_search,4,pending,baseline
R-Q-SL-03-025-03-local-folder,Q-SL-03-025-03,SL-03-025,local_folder,1,pending,local_source_enabled
R-Q-SL-03-025-03-general-web,Q-SL-03-025-03,SL-03-025,general_web,3,pending,baseline
R-Q-SL-03-025-03-image-search,Q-SL-03-025-03,SL-03-025,image_search,4,pending,baseline
R-Q-SL-03-025-04-local-folder,Q-SL-03-025-04,SL-03-025,local_folder,1,pending,local_source_enabled
R-Q-SL-03-025-04-general-web,Q-SL-03-025-04,SL-03-025,general_web,3,pending,baseline
R-Q-SL-03-025-04-image-search,Q-SL-03-025-04,SL-03-025,image_search,4,pending,baseline
R-Q-SL-03-025-05-local-folder,Q-SL-03-025-05,SL-03-025,local_folder,1,pending,local_source_enabled
R-Q-SL-03-025-05-wikimedia,Q-SL-03-025-05,SL-03-025,wikimedia,2,pending,historical_query
R-Q-SL-03-025-05-general-web,Q-SL-03-025-05,SL-03-025,general_web,3,pending,baseline
R-Q-SL-03-025-05-image-search,Q-SL-03-025-05,SL-03-025,image_search,4,pending,baseline
R-Q-SL-03-026-01-local-folder,Q-SL-03-026-01,SL-03-026,local_folder,1,pending,local_source_enabled
R-Q-SL-03-026-01-wikimedia,Q-SL-03-026-01,SL-03-026,wikimedia,2,pending,historical_query
R-Q-SL-03-026-01-general-web,Q-SL-03-026-01,SL-03-026,general_web,3,pending,baseline
R-Q-SL-03-026-01-image-search,Q-SL-03-026-01,SL-03-026,image_search,4,pending,baseline
R-Q-SL-03-026-02-local-folder,Q-SL-03-026-02,SL-03-026,local_folder,1,pending,local_source_enabled
R-Q-SL-03-026-02-wikimedia,Q-SL-03-026-02,SL-03-026,wikimedia,2,pending,historical_query
R-Q-SL-03-026-02-general-web,Q-SL-03-026-02,SL-03-026,general_web,3,pending,baseline
R-Q-SL-03-026-02-image-search,Q-SL-03-026-02,SL-03-026,image_search,4,pending,baseline
R-Q-SL-03-026-03-local-folder,Q-SL-03-026-03,SL-03-026,local_folder,1,pending,local_source_enabled
R-Q-SL-03-026-03-wikimedia,Q-SL-03-026-03,SL-03-026,wikimedia,2,pending,historical_query
R-Q-SL-03-026-03-general-web,Q-SL-03-026-03,SL-03-026,general_web,3,pending,baseline
R-Q-SL-03-026-03-image-search,Q-SL-03-026-03,SL-03-026,image_search,4,pending,baseline
R-Q-SL-03-026-04-local-folder,Q-SL-03-026-04,SL-03-026,local_folder,1,pending,local_source_enabled
R-Q-SL-03-026-04-wikimedia,Q-SL-03-026-04,SL-03-026,wikimedia,2,pending,historical_query
R-Q-SL-03-026-04-general-web,Q-SL-03-026-04,SL-03-026,general_web,3,pending,baseline
R-Q-SL-03-026-04-image-search,Q-SL-03-026-04,SL-03-026,image_search,4,pending,baseline
R-Q-SL-03-026-05-local-folder,Q-SL-03-026-05,SL-03-026,local_folder,1,pending,local_source_enabled
R-Q-SL-03-026-05-wikimedia,Q-SL-03-026-05,SL-03-026,wikimedia,2,pending,historical_query
R-Q-SL-03-026-05-general-web,Q-SL-03-026-05,SL-03-026,general_web,3,pending,baseline
R-Q-SL-03-026-05-image-search,Q-SL-03-026-05,SL-03-026,image_search,4,pending,baseline
R-Q-SL-03-027-01-local-folder,Q-SL-03-027-01,SL-03-027,local_folder,1,pending,local_source_enabled
R-Q-SL-03-027-01-general-web,Q-SL-03-027-01,SL-03-027,general_web,3,pending,baseline
R-Q-SL-03-027-01-image-search,Q-SL-03-027-01,SL-03-027,image_search,4,pending,baseline
R-Q-SL-03-027-02-local-folder,Q-SL-03-027-02,SL-03-027,local_folder,1,pending,local_source_enabled
R-Q-SL-03-027-02-general-web,Q-SL-03-027-02,SL-03-027,general_web,3,pending,baseline
R-Q-SL-03-027-02-image-search,Q-SL-03-027-02,SL-03-027,image_search,4,pending,baseline
R-Q-SL-03-027-03-local-folder,Q-SL-03-027-03,SL-03-027,local_folder,1,pending,local_source_enabled
R-Q-SL-03-027-03-general-web,Q-SL-03-027-03,SL-03-027,general_web,3,pending,baseline
R-Q-SL-03-027-03-image-search,Q-SL-03-027-03,SL-03-027,image_search,4,pending,baseline
R-Q-SL-03-027-04-local-folder,Q-SL-03-027-04,SL-03-027,local_folder,1,pending,local_source_enabled
R-Q-SL-03-027-04-wikimedia,Q-SL-03-027-04,SL-03-027,wikimedia,2,pending,historical_query
R-Q-SL-03-027-04-general-web,Q-SL-03-027-04,SL-03-027,general_web,3,pending,baseline
R-Q-SL-03-027-04-image-search,Q-SL-03-027-04,SL-03-027,image_search,4,pending,baseline
R-Q-SL-03-027-05-local-folder,Q-SL-03-027-05,SL-03-027,local_folder,1,pending,local_source_enabled
R-Q-SL-03-027-05-general-web,Q-SL-03-027-05,SL-03-027,general_web,3,pending,baseline
R-Q-SL-03-027-05-image-search,Q-SL-03-027-05,SL-03-027,image_search,4,pending,baseline
R-Q-SL-03-028-01-local-folder,Q-SL-03-028-01,SL-03-028,local_folder,1,pending,local_source_enabled
R-Q-SL-03-028-01-wikimedia,Q-SL-03-028-01,SL-03-028,wikimedia,2,pending,historical_query
R-Q-SL-03-028-01-general-web,Q-SL-03-028-01,SL-03-028,general_web,3,pending,baseline
R-Q-SL-03-028-01-image-search,Q-SL-03-028-01,SL-03-028,image_search,4,pending,baseline
R-Q-SL-03-028-02-local-folder,Q-SL-03-028-02,SL-03-028,local_folder,1,pending,local_source_enabled
R-Q-SL-03-028-02-wikimedia,Q-SL-03-028-02,SL-03-028,wikimedia,2,pending,historical_query
R-Q-SL-03-028-02-general-web,Q-SL-03-028-02,SL-03-028,general_web,3,pending,baseline
R-Q-SL-03-028-02-image-search,Q-SL-03-028-02,SL-03-028,image_search,4,pending,baseline
R-Q-SL-03-028-03-local-folder,Q-SL-03-028-03,SL-03-028,local_folder,1,pending,local_source_enabled
R-Q-SL-03-028-03-wikimedia,Q-SL-03-028-03,SL-03-028,wikimedia,2,pending,historical_query
R-Q-SL-03-028-03-general-web,Q-SL-03-028-03,SL-03-028,general_web,3,pending,baseline
R-Q-SL-03-028-03-image-search,Q-SL-03-028-03,SL-03-028,image_search,4,pending,baseline
R-Q-SL-03-028-04-local-folder,Q-SL-03-028-04,SL-03-028,local_folder,1,pending,local_source_enabled
R-Q-SL-03-028-04-wikimedia,Q-SL-03-028-04,SL-03-028,wikimedia,2,pending,historical_query
R-Q-SL-03-028-04-general-web,Q-SL-03-028-04,SL-03-028,general_web,3,pending,baseline
R-Q-SL-03-028-04-image-search,Q-SL-03-028-04,SL-03-028,image_search,4,pending,baseline
R-Q-SL-03-028-05-local-folder,Q-SL-03-028-05,SL-03-028,local_folder,1,pending,local_source_enabled
R-Q-SL-03-028-05-wikimedia,Q-SL-03-028-05,SL-03-028,wikimedia,2,pending,historical_query
R-Q-SL-03-028-05-general-web,Q-SL-03-028-05,SL-03-028,general_web,3,pending,baseline
R-Q-SL-03-028-05-image-search,Q-SL-03-028-05,SL-03-028,image_search,4,pending,baseline
R-Q-SL-03-029-01-local-folder,Q-SL-03-029-01,SL-03-029,local_folder,1,pending,local_source_enabled
R-Q-SL-03-029-01-wikimedia,Q-SL-03-029-01,SL-03-029,wikimedia,2,pending,historical_query
R-Q-SL-03-029-01-general-web,Q-SL-03-029-01,SL-03-029,general_web,3,pending,baseline
R-Q-SL-03-029-01-image-search,Q-SL-03-029-01,SL-03-029,image_search,4,pending,baseline
R-Q-SL-03-029-02-local-folder,Q-SL-03-029-02,SL-03-029,local_folder,1,pending,local_source_enabled
R-Q-SL-03-029-02-wikimedia,Q-SL-03-029-02,SL-03-029,wikimedia,2,pending,historical_query
R-Q-SL-03-029-02-general-web,Q-SL-03-029-02,SL-03-029,general_web,3,pending,baseline
R-Q-SL-03-029-02-image-search,Q-SL-03-029-02,SL-03-029,image_search,4,pending,baseline
R-Q-SL-03-029-03-local-folder,Q-SL-03-029-03,SL-03-029,local_folder,1,pending,local_source_enabled
R-Q-SL-03-029-03-wikimedia,Q-SL-03-029-03,SL-03-029,wikimedia,2,pending,historical_query
R-Q-SL-03-029-03-general-web,Q-SL-03-029-03,SL-03-029,general_web,3,pending,baseline
R-Q-SL-03-029-03-image-search,Q-SL-03-029-03,SL-03-029,image_search,4,pending,baseline
R-Q-SL-03-029-04-local-folder,Q-SL-03-029-04,SL-03-029,local_folder,1,pending,local_source_enabled
R-Q-SL-03-029-04-wikimedia,Q-SL-03-029-04,SL-03-029,wikimedia,2,pending,historical_query
R-Q-SL-03-029-04-general-web,Q-SL-03-029-04,SL-03-029,general_web,3,pending,baseline
R-Q-SL-03-029-04-image-search,Q-SL-03-029-04,SL-03-029,image_search,4,pending,baseline
R-Q-SL-03-029-05-local-folder,Q-SL-03-029-05,SL-03-029,local_folder,1,pending,local_source_enabled
R-Q-SL-03-029-05-wikimedia,Q-SL-03-029-05,SL-03-029,wikimedia,2,pending,historical_query
R-Q-SL-03-029-05-general-web,Q-SL-03-029-05,SL-03-029,general_web,3,pending,baseline
R-Q-SL-03-029-05-image-search,Q-SL-03-029-05,SL-03-029,image_search,4,pending,baseline
R-Q-SL-03-030-01-local-folder,Q-SL-03-030-01,SL-03-030,local_folder,1,pending,local_source_enabled
R-Q-SL-03-030-01-wikimedia,Q-SL-03-030-01,SL-03-030,wikimedia,2,pending,historical_query
R-Q-SL-03-030-01-general-web,Q-SL-03-030-01,SL-03-030,general_web,3,pending,baseline
R-Q-SL-03-030-01-image-search,Q-SL-03-030-01,SL-03-030,image_search,4,pending,baseline
R-Q-SL-03-030-02-local-folder,Q-SL-03-030-02,SL-03-030,local_folder,1,pending,local_source_enabled
R-Q-SL-03-030-02-wikimedia,Q-SL-03-030-02,SL-03-030,wikimedia,2,pending,historical_query
R-Q-SL-03-030-02-general-web,Q-SL-03-030-02,SL-03-030,general_web,3,pending,baseline
R-Q-SL-03-030-02-image-search,Q-SL-03-030-02,SL-03-030,image_search,4,pending,baseline
R-Q-SL-03-030-03-local-folder,Q-SL-03-030-03,SL-03-030,local_folder,1,pending,local_source_enabled
R-Q-SL-03-030-03-wikimedia,Q-SL-03-030-03,SL-03-030,wikimedia,2,pending,historical_query
R-Q-SL-03-030-03-general-web,Q-SL-03-030-03,SL-03-030,general_web,3,pending,baseline
R-Q-SL-03-030-03-image-search,Q-SL-03-030-03,SL-03-030,image_search,4,pending,baseline
R-Q-SL-03-030-04-local-folder,Q-SL-03-030-04,SL-03-030,local_folder,1,pending,local_source_enabled
R-Q-SL-03-030-04-wikimedia,Q-SL-03-030-04,SL-03-030,wikimedia,2,pending,historical_query
R-Q-SL-03-030-04-general-web,Q-SL-03-030-04,SL-03-030,general_web,3,pending,baseline
R-Q-SL-03-030-04-image-search,Q-SL-03-030-04,SL-03-030,image_search,4,pending,baseline
R-Q-SL-03-030-05-local-folder,Q-SL-03-030-05,SL-03-030,local_folder,1,pending,local_source_enabled
R-Q-SL-03-030-05-wikimedia,Q-SL-03-030-05,SL-03-030,wikimedia,2,pending,historical_query
R-Q-SL-03-030-05-general-web,Q-SL-03-030-05,SL-03-030,general_web,3,pending,baseline
R-Q-SL-03-030-05-image-search,Q-SL-03-030-05,SL-03-030,image_search,4,pending,baseline
R-Q-SL-03-031-01-local-folder,Q-SL-03-031-01,SL-03-031,local_folder,1,pending,local_source_enabled
R-Q-SL-03-031-01-wikimedia,Q-SL-03-031-01,SL-03-031,wikimedia,2,pending,historical_query
R-Q-SL-03-031-01-general-web,Q-SL-03-031-01,SL-03-031,general_web,3,pending,baseline
R-Q-SL-03-031-01-image-search,Q-SL-03-031-01,SL-03-031,image_search,4,pending,baseline
R-Q-SL-03-031-02-local-folder,Q-SL-03-031-02,SL-03-031,local_folder,1,pending,local_source_enabled
R-Q-SL-03-031-02-wikimedia,Q-SL-03-031-02,SL-03-031,wikimedia,2,pending,historical_query
R-Q-SL-03-031-02-general-web,Q-SL-03-031-02,SL-03-031,general_web,3,pending,baseline
R-Q-SL-03-031-02-image-search,Q-SL-03-031-02,SL-03-031,image_search,4,pending,baseline
R-Q-SL-03-031-03-local-folder,Q-SL-03-031-03,SL-03-031,local_folder,1,pending,local_source_enabled
R-Q-SL-03-031-03-wikimedia,Q-SL-03-031-03,SL-03-031,wikimedia,2,pending,historical_query
R-Q-SL-03-031-03-general-web,Q-SL-03-031-03,SL-03-031,general_web,3,pending,baseline
R-Q-SL-03-031-03-image-search,Q-SL-03-031-03,SL-03-031,image_search,4,pending,baseline
R-Q-SL-03-031-04-local-folder,Q-SL-03-031-04,SL-03-031,local_folder,1,pending,local_source_enabled
R-Q-SL-03-031-04-wikimedia,Q-SL-03-031-04,SL-03-031,wikimedia,2,pending,historical_query
R-Q-SL-03-031-04-general-web,Q-SL-03-031-04,SL-03-031,general_web,3,pending,baseline
R-Q-SL-03-031-04-image-search,Q-SL-03-031-04,SL-03-031,image_search,4,pending,baseline
R-Q-SL-03-031-05-local-folder,Q-SL-03-031-05,SL-03-031,local_folder,1,pending,local_source_enabled
R-Q-SL-03-031-05-wikimedia,Q-SL-03-031-05,SL-03-031,wikimedia,2,pending,historical_query
R-Q-SL-03-031-05-general-web,Q-SL-03-031-05,SL-03-031,general_web,3,pending,baseline
R-Q-SL-03-031-05-image-search,Q-SL-03-031-05,SL-03-031,image_search,4,pending,baseline
R-Q-SL-03-032-01-local-folder,Q-SL-03-032-01,SL-03-032,local_folder,1,pending,local_source_enabled
R-Q-SL-03-032-01-wikimedia,Q-SL-03-032-01,SL-03-032,wikimedia,2,pending,historical_query
R-Q-SL-03-032-01-general-web,Q-SL-03-032-01,SL-03-032,general_web,3,pending,baseline
R-Q-SL-03-032-01-image-search,Q-SL-03-032-01,SL-03-032,image_search,4,pending,baseline
R-Q-SL-03-032-02-local-folder,Q-SL-03-032-02,SL-03-032,local_folder,1,pending,local_source_enabled
R-Q-SL-03-032-02-wikimedia,Q-SL-03-032-02,SL-03-032,wikimedia,2,pending,historical_query
R-Q-SL-03-032-02-general-web,Q-SL-03-032-02,SL-03-032,general_web,3,pending,baseline
R-Q-SL-03-032-02-image-search,Q-SL-03-032-02,SL-03-032,image_search,4,pending,baseline
R-Q-SL-03-032-03-local-folder,Q-SL-03-032-03,SL-03-032,local_folder,1,pending,local_source_enabled
R-Q-SL-03-032-03-wikimedia,Q-SL-03-032-03,SL-03-032,wikimedia,2,pending,historical_query
R-Q-SL-03-032-03-general-web,Q-SL-03-032-03,SL-03-032,general_web,3,pending,baseline
R-Q-SL-03-032-03-image-search,Q-SL-03-032-03,SL-03-032,image_search,4,pending,baseline
R-Q-SL-03-032-04-local-folder,Q-SL-03-032-04,SL-03-032,local_folder,1,pending,local_source_enabled
R-Q-SL-03-032-04-wikimedia,Q-SL-03-032-04,SL-03-032,wikimedia,2,pending,historical_query
R-Q-SL-03-032-04-general-web,Q-SL-03-032-04,SL-03-032,general_web,3,pending,baseline
R-Q-SL-03-032-04-image-search,Q-SL-03-032-04,SL-03-032,image_search,4,pending,baseline
R-Q-SL-03-032-05-local-folder,Q-SL-03-032-05,SL-03-032,local_folder,1,pending,local_source_enabled
R-Q-SL-03-032-05-wikimedia,Q-SL-03-032-05,SL-03-032,wikimedia,2,pending,historical_query
R-Q-SL-03-032-05-general-web,Q-SL-03-032-05,SL-03-032,general_web,3,pending,baseline
R-Q-SL-03-032-05-image-search,Q-SL-03-032-05,SL-03-032,image_search,4,pending,baseline
R-Q-SL-03-033-01-local-folder,Q-SL-03-033-01,SL-03-033,local_folder,1,pending,local_source_enabled
R-Q-SL-03-033-01-wikimedia,Q-SL-03-033-01,SL-03-033,wikimedia,2,pending,historical_query
R-Q-SL-03-033-01-general-web,Q-SL-03-033-01,SL-03-033,general_web,3,pending,baseline
R-Q-SL-03-033-01-image-search,Q-SL-03-033-01,SL-03-033,image_search,4,pending,baseline
R-Q-SL-03-033-02-local-folder,Q-SL-03-033-02,SL-03-033,local_folder,1,pending,local_source_enabled
R-Q-SL-03-033-02-wikimedia,Q-SL-03-033-02,SL-03-033,wikimedia,2,pending,historical_query
R-Q-SL-03-033-02-general-web,Q-SL-03-033-02,SL-03-033,general_web,3,pending,baseline
R-Q-SL-03-033-02-image-search,Q-SL-03-033-02,SL-03-033,image_search,4,pending,baseline
R-Q-SL-03-033-03-local-folder,Q-SL-03-033-03,SL-03-033,local_folder,1,pending,local_source_enabled
R-Q-SL-03-033-03-wikimedia,Q-SL-03-033-03,SL-03-033,wikimedia,2,pending,historical_query
R-Q-SL-03-033-03-general-web,Q-SL-03-033-03,SL-03-033,general_web,3,pending,baseline
R-Q-SL-03-033-03-image-search,Q-SL-03-033-03,SL-03-033,image_search,4,pending,baseline
R-Q-SL-03-033-04-local-folder,Q-SL-03-033-04,SL-03-033,local_folder,1,pending,local_source_enabled
R-Q-SL-03-033-04-wikimedia,Q-SL-03-033-04,SL-03-033,wikimedia,2,pending,historical_query
R-Q-SL-03-033-04-general-web,Q-SL-03-033-04,SL-03-033,general_web,3,pending,baseline
R-Q-SL-03-033-04-image-search,Q-SL-03-033-04,SL-03-033,image_search,4,pending,baseline
R-Q-SL-03-033-05-local-folder,Q-SL-03-033-05,SL-03-033,local_folder,1,pending,local_source_enabled
R-Q-SL-03-033-05-wikimedia,Q-SL-03-033-05,SL-03-033,wikimedia,2,pending,historical_query
R-Q-SL-03-033-05-general-web,Q-SL-03-033-05,SL-03-033,general_web,3,pending,baseline
R-Q-SL-03-033-05-image-search,Q-SL-03-033-05,SL-03-033,image_search,4,pending,baseline
R-Q-SL-03-034-01-local-folder,Q-SL-03-034-01,SL-03-034,local_folder,1,pending,local_source_enabled
R-Q-SL-03-034-01-general-web,Q-SL-03-034-01,SL-03-034,general_web,3,pending,baseline
R-Q-SL-03-034-01-image-search,Q-SL-03-034-01,SL-03-034,image_search,4,pending,baseline
R-Q-SL-03-034-02-local-folder,Q-SL-03-034-02,SL-03-034,local_folder,1,pending,local_source_enabled
R-Q-SL-03-034-02-general-web,Q-SL-03-034-02,SL-03-034,general_web,3,pending,baseline
R-Q-SL-03-034-02-image-search,Q-SL-03-034-02,SL-03-034,image_search,4,pending,baseline
R-Q-SL-03-034-03-local-folder,Q-SL-03-034-03,SL-03-034,local_folder,1,pending,local_source_enabled
R-Q-SL-03-034-03-general-web,Q-SL-03-034-03,SL-03-034,general_web,3,pending,baseline
R-Q-SL-03-034-03-image-search,Q-SL-03-034-03,SL-03-034,image_search,4,pending,baseline
R-Q-SL-03-034-04-local-folder,Q-SL-03-034-04,SL-03-034,local_folder,1,pending,local_source_enabled
R-Q-SL-03-034-04-wikimedia,Q-SL-03-034-04,SL-03-034,wikimedia,2,pending,historical_query
R-Q-SL-03-034-04-general-web,Q-SL-03-034-04,SL-03-034,general_web,3,pending,baseline
R-Q-SL-03-034-04-image-search,Q-SL-03-034-04,SL-03-034,image_search,4,pending,baseline
R-Q-SL-03-034-05-local-folder,Q-SL-03-034-05,SL-03-034,local_folder,1,pending,local_source_enabled
R-Q-SL-03-034-05-general-web,Q-SL-03-034-05,SL-03-034,general_web,3,pending,baseline
R-Q-SL-03-034-05-image-search,Q-SL-03-034-05,SL-03-034,image_search,4,pending,baseline
R-Q-SL-03-035-01-local-folder,Q-SL-03-035-01,SL-03-035,local_folder,1,pending,local_source_enabled
R-Q-SL-03-035-01-general-web,Q-SL-03-035-01,SL-03-035,general_web,3,pending,baseline
R-Q-SL-03-035-01-image-search,Q-SL-03-035-01,SL-03-035,image_search,4,pending,baseline
R-Q-SL-03-035-02-local-folder,Q-SL-03-035-02,SL-03-035,local_folder,1,pending,local_source_enabled
R-Q-SL-03-035-02-general-web,Q-SL-03-035-02,SL-03-035,general_web,3,pending,baseline
R-Q-SL-03-035-02-image-search,Q-SL-03-035-02,SL-03-035,image_search,4,pending,baseline
R-Q-SL-03-035-03-local-folder,Q-SL-03-035-03,SL-03-035,local_folder,1,pending,local_source_enabled
R-Q-SL-03-035-03-general-web,Q-SL-03-035-03,SL-03-035,general_web,3,pending,baseline
R-Q-SL-03-035-03-image-search,Q-SL-03-035-03,SL-03-035,image_search,4,pending,baseline
R-Q-SL-03-035-04-local-folder,Q-SL-03-035-04,SL-03-035,local_folder,1,pending,local_source_enabled
R-Q-SL-03-035-04-wikimedia,Q-SL-03-035-04,SL-03-035,wikimedia,2,pending,historical_query
R-Q-SL-03-035-04-general-web,Q-SL-03-035-04,SL-03-035,general_web,3,pending,baseline
R-Q-SL-03-035-04-image-search,Q-SL-03-035-04,SL-03-035,image_search,4,pending,baseline
R-Q-SL-03-035-05-local-folder,Q-SL-03-035-05,SL-03-035,local_folder,1,pending,local_source_enabled
R-Q-SL-03-035-05-general-web,Q-SL-03-035-05,SL-03-035,general_web,3,pending,baseline
R-Q-SL-03-035-05-image-search,Q-SL-03-035-05,SL-03-035,image_search,4,pending,baseline
R-Q-SL-04-001-01-local-folder,Q-SL-04-001-01,SL-04-001,local_folder,1,pending,local_source_enabled
R-Q-SL-04-001-01-general-web,Q-SL-04-001-01,SL-04-001,general_web,3,pending,baseline
R-Q-SL-04-001-01-image-search,Q-SL-04-001-01,SL-04-001,image_search,4,pending,baseline
R-Q-SL-04-001-02-local-folder,Q-SL-04-001-02,SL-04-001,local_folder,1,pending,local_source_enabled
R-Q-SL-04-001-02-general-web,Q-SL-04-001-02,SL-04-001,general_web,3,pending,baseline
R-Q-SL-04-001-02-image-search,Q-SL-04-001-02,SL-04-001,image_search,4,pending,baseline
R-Q-SL-04-001-03-local-folder,Q-SL-04-001-03,SL-04-001,local_folder,1,pending,local_source_enabled
R-Q-SL-04-001-03-general-web,Q-SL-04-001-03,SL-04-001,general_web,3,pending,baseline
R-Q-SL-04-001-03-image-search,Q-SL-04-001-03,SL-04-001,image_search,4,pending,baseline
R-Q-SL-04-001-04-local-folder,Q-SL-04-001-04,SL-04-001,local_folder,1,pending,local_source_enabled
R-Q-SL-04-001-04-general-web,Q-SL-04-001-04,SL-04-001,general_web,3,pending,baseline
R-Q-SL-04-001-04-image-search,Q-SL-04-001-04,SL-04-001,image_search,4,pending,baseline
R-Q-SL-04-001-05-local-folder,Q-SL-04-001-05,SL-04-001,local_folder,1,pending,local_source_enabled
R-Q-SL-04-001-05-general-web,Q-SL-04-001-05,SL-04-001,general_web,3,pending,baseline
R-Q-SL-04-001-05-image-search,Q-SL-04-001-05,SL-04-001,image_search,4,pending,baseline
R-Q-SL-04-002-01-local-folder,Q-SL-04-002-01,SL-04-002,local_folder,1,pending,local_source_enabled
R-Q-SL-04-002-01-general-web,Q-SL-04-002-01,SL-04-002,general_web,3,pending,baseline
R-Q-SL-04-002-01-image-search,Q-SL-04-002-01,SL-04-002,image_search,4,pending,baseline
R-Q-SL-04-002-02-local-folder,Q-SL-04-002-02,SL-04-002,local_folder,1,pending,local_source_enabled
R-Q-SL-04-002-02-general-web,Q-SL-04-002-02,SL-04-002,general_web,3,pending,baseline
R-Q-SL-04-002-02-image-search,Q-SL-04-002-02,SL-04-002,image_search,4,pending,baseline
R-Q-SL-04-002-03-local-folder,Q-SL-04-002-03,SL-04-002,local_folder,1,pending,local_source_enabled
R-Q-SL-04-002-03-general-web,Q-SL-04-002-03,SL-04-002,general_web,3,pending,baseline
R-Q-SL-04-002-03-image-search,Q-SL-04-002-03,SL-04-002,image_search,4,pending,baseline
R-Q-SL-04-002-04-local-folder,Q-SL-04-002-04,SL-04-002,local_folder,1,pending,local_source_enabled
R-Q-SL-04-002-04-general-web,Q-SL-04-002-04,SL-04-002,general_web,3,pending,baseline
R-Q-SL-04-002-04-image-search,Q-SL-04-002-04,SL-04-002,image_search,4,pending,baseline
R-Q-SL-04-002-05-local-folder,Q-SL-04-002-05,SL-04-002,local_folder,1,pending,local_source_enabled
R-Q-SL-04-002-05-general-web,Q-SL-04-002-05,SL-04-002,general_web,3,pending,baseline
R-Q-SL-04-002-05-image-search,Q-SL-04-002-05,SL-04-002,image_search,4,pending,baseline
R-Q-SL-04-003-01-local-folder,Q-SL-04-003-01,SL-04-003,local_folder,1,pending,local_source_enabled
R-Q-SL-04-003-01-general-web,Q-SL-04-003-01,SL-04-003,general_web,3,pending,baseline
R-Q-SL-04-003-01-image-search,Q-SL-04-003-01,SL-04-003,image_search,4,pending,baseline
R-Q-SL-04-003-02-local-folder,Q-SL-04-003-02,SL-04-003,local_folder,1,pending,local_source_enabled
R-Q-SL-04-003-02-general-web,Q-SL-04-003-02,SL-04-003,general_web,3,pending,baseline
R-Q-SL-04-003-02-image-search,Q-SL-04-003-02,SL-04-003,image_search,4,pending,baseline
R-Q-SL-04-003-03-local-folder,Q-SL-04-003-03,SL-04-003,local_folder,1,pending,local_source_enabled
R-Q-SL-04-003-03-general-web,Q-SL-04-003-03,SL-04-003,general_web,3,pending,baseline
R-Q-SL-04-003-03-image-search,Q-SL-04-003-03,SL-04-003,image_search,4,pending,baseline
R-Q-SL-04-003-04-local-folder,Q-SL-04-003-04,SL-04-003,local_folder,1,pending,local_source_enabled
R-Q-SL-04-003-04-general-web,Q-SL-04-003-04,SL-04-003,general_web,3,pending,baseline
R-Q-SL-04-003-04-image-search,Q-SL-04-003-04,SL-04-003,image_search,4,pending,baseline
R-Q-SL-04-003-05-local-folder,Q-SL-04-003-05,SL-04-003,local_folder,1,pending,local_source_enabled
R-Q-SL-04-003-05-wikimedia,Q-SL-04-003-05,SL-04-003,wikimedia,2,pending,historical_query
R-Q-SL-04-003-05-general-web,Q-SL-04-003-05,SL-04-003,general_web,3,pending,baseline
R-Q-SL-04-003-05-image-search,Q-SL-04-003-05,SL-04-003,image_search,4,pending,baseline
R-Q-SL-04-004-01-local-folder,Q-SL-04-004-01,SL-04-004,local_folder,1,pending,local_source_enabled
R-Q-SL-04-004-01-general-web,Q-SL-04-004-01,SL-04-004,general_web,3,pending,baseline
R-Q-SL-04-004-01-image-search,Q-SL-04-004-01,SL-04-004,image_search,4,pending,baseline
R-Q-SL-04-004-02-local-folder,Q-SL-04-004-02,SL-04-004,local_folder,1,pending,local_source_enabled
R-Q-SL-04-004-02-general-web,Q-SL-04-004-02,SL-04-004,general_web,3,pending,baseline
R-Q-SL-04-004-02-image-search,Q-SL-04-004-02,SL-04-004,image_search,4,pending,baseline
R-Q-SL-04-004-03-local-folder,Q-SL-04-004-03,SL-04-004,local_folder,1,pending,local_source_enabled
R-Q-SL-04-004-03-general-web,Q-SL-04-004-03,SL-04-004,general_web,3,pending,baseline
R-Q-SL-04-004-03-image-search,Q-SL-04-004-03,SL-04-004,image_search,4,pending,baseline
R-Q-SL-04-004-04-local-folder,Q-SL-04-004-04,SL-04-004,local_folder,1,pending,local_source_enabled
R-Q-SL-04-004-04-general-web,Q-SL-04-004-04,SL-04-004,general_web,3,pending,baseline
R-Q-SL-04-004-04-image-search,Q-SL-04-004-04,SL-04-004,image_search,4,pending,baseline
R-Q-SL-04-004-05-local-folder,Q-SL-04-004-05,SL-04-004,local_folder,1,pending,local_source_enabled
R-Q-SL-04-004-05-wikimedia,Q-SL-04-004-05,SL-04-004,wikimedia,2,pending,historical_query
R-Q-SL-04-004-05-general-web,Q-SL-04-004-05,SL-04-004,general_web,3,pending,baseline
R-Q-SL-04-004-05-image-search,Q-SL-04-004-05,SL-04-004,image_search,4,pending,baseline
R-Q-SL-04-005-01-local-folder,Q-SL-04-005-01,SL-04-005,local_folder,1,pending,local_source_enabled
R-Q-SL-04-005-01-general-web,Q-SL-04-005-01,SL-04-005,general_web,3,pending,baseline
R-Q-SL-04-005-01-image-search,Q-SL-04-005-01,SL-04-005,image_search,4,pending,baseline
R-Q-SL-04-005-02-local-folder,Q-SL-04-005-02,SL-04-005,local_folder,1,pending,local_source_enabled
R-Q-SL-04-005-02-general-web,Q-SL-04-005-02,SL-04-005,general_web,3,pending,baseline
R-Q-SL-04-005-02-image-search,Q-SL-04-005-02,SL-04-005,image_search,4,pending,baseline
R-Q-SL-04-005-03-local-folder,Q-SL-04-005-03,SL-04-005,local_folder,1,pending,local_source_enabled
R-Q-SL-04-005-03-general-web,Q-SL-04-005-03,SL-04-005,general_web,3,pending,baseline
R-Q-SL-04-005-03-image-search,Q-SL-04-005-03,SL-04-005,image_search,4,pending,baseline
R-Q-SL-04-005-04-local-folder,Q-SL-04-005-04,SL-04-005,local_folder,1,pending,local_source_enabled
R-Q-SL-04-005-04-general-web,Q-SL-04-005-04,SL-04-005,general_web,3,pending,baseline
R-Q-SL-04-005-04-image-search,Q-SL-04-005-04,SL-04-005,image_search,4,pending,baseline
R-Q-SL-04-005-05-local-folder,Q-SL-04-005-05,SL-04-005,local_folder,1,pending,local_source_enabled
R-Q-SL-04-005-05-wikimedia,Q-SL-04-005-05,SL-04-005,wikimedia,2,pending,historical_query
R-Q-SL-04-005-05-general-web,Q-SL-04-005-05,SL-04-005,general_web,3,pending,baseline
R-Q-SL-04-005-05-image-search,Q-SL-04-005-05,SL-04-005,image_search,4,pending,baseline
R-Q-SL-04-006-01-local-folder,Q-SL-04-006-01,SL-04-006,local_folder,1,pending,local_source_enabled
R-Q-SL-04-006-01-general-web,Q-SL-04-006-01,SL-04-006,general_web,3,pending,baseline
R-Q-SL-04-006-01-image-search,Q-SL-04-006-01,SL-04-006,image_search,4,pending,baseline
R-Q-SL-04-006-02-local-folder,Q-SL-04-006-02,SL-04-006,local_folder,1,pending,local_source_enabled
R-Q-SL-04-006-02-general-web,Q-SL-04-006-02,SL-04-006,general_web,3,pending,baseline
R-Q-SL-04-006-02-image-search,Q-SL-04-006-02,SL-04-006,image_search,4,pending,baseline
R-Q-SL-04-006-03-local-folder,Q-SL-04-006-03,SL-04-006,local_folder,1,pending,local_source_enabled
R-Q-SL-04-006-03-general-web,Q-SL-04-006-03,SL-04-006,general_web,3,pending,baseline
R-Q-SL-04-006-03-image-search,Q-SL-04-006-03,SL-04-006,image_search,4,pending,baseline
R-Q-SL-04-006-04-local-folder,Q-SL-04-006-04,SL-04-006,local_folder,1,pending,local_source_enabled
R-Q-SL-04-006-04-general-web,Q-SL-04-006-04,SL-04-006,general_web,3,pending,baseline
R-Q-SL-04-006-04-image-search,Q-SL-04-006-04,SL-04-006,image_search,4,pending,baseline
R-Q-SL-04-006-05-local-folder,Q-SL-04-006-05,SL-04-006,local_folder,1,pending,local_source_enabled
R-Q-SL-04-006-05-general-web,Q-SL-04-006-05,SL-04-006,general_web,3,pending,baseline
R-Q-SL-04-006-05-image-search,Q-SL-04-006-05,SL-04-006,image_search,4,pending,baseline
R-Q-SL-04-007-01-local-folder,Q-SL-04-007-01,SL-04-007,local_folder,1,pending,local_source_enabled
R-Q-SL-04-007-01-general-web,Q-SL-04-007-01,SL-04-007,general_web,3,pending,baseline
R-Q-SL-04-007-01-image-search,Q-SL-04-007-01,SL-04-007,image_search,4,pending,baseline
R-Q-SL-04-007-02-local-folder,Q-SL-04-007-02,SL-04-007,local_folder,1,pending,local_source_enabled
R-Q-SL-04-007-02-general-web,Q-SL-04-007-02,SL-04-007,general_web,3,pending,baseline
R-Q-SL-04-007-02-image-search,Q-SL-04-007-02,SL-04-007,image_search,4,pending,baseline
R-Q-SL-04-007-03-local-folder,Q-SL-04-007-03,SL-04-007,local_folder,1,pending,local_source_enabled
R-Q-SL-04-007-03-general-web,Q-SL-04-007-03,SL-04-007,general_web,3,pending,baseline
R-Q-SL-04-007-03-image-search,Q-SL-04-007-03,SL-04-007,image_search,4,pending,baseline
R-Q-SL-04-007-04-local-folder,Q-SL-04-007-04,SL-04-007,local_folder,1,pending,local_source_enabled
R-Q-SL-04-007-04-wikimedia,Q-SL-04-007-04,SL-04-007,wikimedia,2,pending,historical_query
R-Q-SL-04-007-04-general-web,Q-SL-04-007-04,SL-04-007,general_web,3,pending,baseline
R-Q-SL-04-007-04-image-search,Q-SL-04-007-04,SL-04-007,image_search,4,pending,baseline
R-Q-SL-04-007-05-local-folder,Q-SL-04-007-05,SL-04-007,local_folder,1,pending,local_source_enabled
R-Q-SL-04-007-05-general-web,Q-SL-04-007-05,SL-04-007,general_web,3,pending,baseline
R-Q-SL-04-007-05-image-search,Q-SL-04-007-05,SL-04-007,image_search,4,pending,baseline
R-Q-SL-04-008-01-local-folder,Q-SL-04-008-01,SL-04-008,local_folder,1,pending,local_source_enabled
R-Q-SL-04-008-01-wikimedia,Q-SL-04-008-01,SL-04-008,wikimedia,2,pending,historical_query
R-Q-SL-04-008-01-general-web,Q-SL-04-008-01,SL-04-008,general_web,3,pending,baseline
R-Q-SL-04-008-01-image-search,Q-SL-04-008-01,SL-04-008,image_search,4,pending,baseline
R-Q-SL-04-008-02-local-folder,Q-SL-04-008-02,SL-04-008,local_folder,1,pending,local_source_enabled
R-Q-SL-04-008-02-wikimedia,Q-SL-04-008-02,SL-04-008,wikimedia,2,pending,historical_query
R-Q-SL-04-008-02-general-web,Q-SL-04-008-02,SL-04-008,general_web,3,pending,baseline
R-Q-SL-04-008-02-image-search,Q-SL-04-008-02,SL-04-008,image_search,4,pending,baseline
R-Q-SL-04-008-03-local-folder,Q-SL-04-008-03,SL-04-008,local_folder,1,pending,local_source_enabled
R-Q-SL-04-008-03-wikimedia,Q-SL-04-008-03,SL-04-008,wikimedia,2,pending,historical_query
R-Q-SL-04-008-03-general-web,Q-SL-04-008-03,SL-04-008,general_web,3,pending,baseline
R-Q-SL-04-008-03-image-search,Q-SL-04-008-03,SL-04-008,image_search,4,pending,baseline
R-Q-SL-04-008-04-local-folder,Q-SL-04-008-04,SL-04-008,local_folder,1,pending,local_source_enabled
R-Q-SL-04-008-04-wikimedia,Q-SL-04-008-04,SL-04-008,wikimedia,2,pending,historical_query
R-Q-SL-04-008-04-general-web,Q-SL-04-008-04,SL-04-008,general_web,3,pending,baseline
R-Q-SL-04-008-04-image-search,Q-SL-04-008-04,SL-04-008,image_search,4,pending,baseline
R-Q-SL-04-008-05-local-folder,Q-SL-04-008-05,SL-04-008,local_folder,1,pending,local_source_enabled
R-Q-SL-04-008-05-wikimedia,Q-SL-04-008-05,SL-04-008,wikimedia,2,pending,historical_query
R-Q-SL-04-008-05-general-web,Q-SL-04-008-05,SL-04-008,general_web,3,pending,baseline
R-Q-SL-04-008-05-image-search,Q-SL-04-008-05,SL-04-008,image_search,4,pending,baseline
R-Q-SL-04-009-01-local-folder,Q-SL-04-009-01,SL-04-009,local_folder,1,pending,local_source_enabled
R-Q-SL-04-009-01-wikimedia,Q-SL-04-009-01,SL-04-009,wikimedia,2,pending,historical_query
R-Q-SL-04-009-01-general-web,Q-SL-04-009-01,SL-04-009,general_web,3,pending,baseline
R-Q-SL-04-009-01-image-search,Q-SL-04-009-01,SL-04-009,image_search,4,pending,baseline
R-Q-SL-04-009-02-local-folder,Q-SL-04-009-02,SL-04-009,local_folder,1,pending,local_source_enabled
R-Q-SL-04-009-02-wikimedia,Q-SL-04-009-02,SL-04-009,wikimedia,2,pending,historical_query
R-Q-SL-04-009-02-general-web,Q-SL-04-009-02,SL-04-009,general_web,3,pending,baseline
R-Q-SL-04-009-02-image-search,Q-SL-04-009-02,SL-04-009,image_search,4,pending,baseline
R-Q-SL-04-009-03-local-folder,Q-SL-04-009-03,SL-04-009,local_folder,1,pending,local_source_enabled
R-Q-SL-04-009-03-wikimedia,Q-SL-04-009-03,SL-04-009,wikimedia,2,pending,historical_query
R-Q-SL-04-009-03-general-web,Q-SL-04-009-03,SL-04-009,general_web,3,pending,baseline
R-Q-SL-04-009-03-image-search,Q-SL-04-009-03,SL-04-009,image_search,4,pending,baseline
R-Q-SL-04-009-04-local-folder,Q-SL-04-009-04,SL-04-009,local_folder,1,pending,local_source_enabled
R-Q-SL-04-009-04-wikimedia,Q-SL-04-009-04,SL-04-009,wikimedia,2,pending,historical_query
R-Q-SL-04-009-04-general-web,Q-SL-04-009-04,SL-04-009,general_web,3,pending,baseline
R-Q-SL-04-009-04-image-search,Q-SL-04-009-04,SL-04-009,image_search,4,pending,baseline
R-Q-SL-04-009-05-local-folder,Q-SL-04-009-05,SL-04-009,local_folder,1,pending,local_source_enabled
R-Q-SL-04-009-05-wikimedia,Q-SL-04-009-05,SL-04-009,wikimedia,2,pending,historical_query
R-Q-SL-04-009-05-general-web,Q-SL-04-009-05,SL-04-009,general_web,3,pending,baseline
R-Q-SL-04-009-05-image-search,Q-SL-04-009-05,SL-04-009,image_search,4,pending,baseline
R-Q-SL-04-010-01-local-folder,Q-SL-04-010-01,SL-04-010,local_folder,1,pending,local_source_enabled
R-Q-SL-04-010-01-wikimedia,Q-SL-04-010-01,SL-04-010,wikimedia,2,pending,category_rule
R-Q-SL-04-010-01-general-web,Q-SL-04-010-01,SL-04-010,general_web,3,pending,baseline
R-Q-SL-04-010-01-image-search,Q-SL-04-010-01,SL-04-010,image_search,4,pending,baseline
R-Q-SL-04-010-02-local-folder,Q-SL-04-010-02,SL-04-010,local_folder,1,pending,local_source_enabled
R-Q-SL-04-010-02-wikimedia,Q-SL-04-010-02,SL-04-010,wikimedia,2,pending,category_rule
R-Q-SL-04-010-02-general-web,Q-SL-04-010-02,SL-04-010,general_web,3,pending,baseline
R-Q-SL-04-010-02-image-search,Q-SL-04-010-02,SL-04-010,image_search,4,pending,baseline
R-Q-SL-04-010-03-local-folder,Q-SL-04-010-03,SL-04-010,local_folder,1,pending,local_source_enabled
R-Q-SL-04-010-03-wikimedia,Q-SL-04-010-03,SL-04-010,wikimedia,2,pending,category_rule
R-Q-SL-04-010-03-general-web,Q-SL-04-010-03,SL-04-010,general_web,3,pending,baseline
R-Q-SL-04-010-03-image-search,Q-SL-04-010-03,SL-04-010,image_search,4,pending,baseline
R-Q-SL-04-010-04-local-folder,Q-SL-04-010-04,SL-04-010,local_folder,1,pending,local_source_enabled
R-Q-SL-04-010-04-wikimedia,Q-SL-04-010-04,SL-04-010,wikimedia,2,pending,"category_rule,historical_query"
R-Q-SL-04-010-04-general-web,Q-SL-04-010-04,SL-04-010,general_web,3,pending,baseline
R-Q-SL-04-010-04-image-search,Q-SL-04-010-04,SL-04-010,image_search,4,pending,baseline
R-Q-SL-04-010-05-local-folder,Q-SL-04-010-05,SL-04-010,local_folder,1,pending,local_source_enabled
R-Q-SL-04-010-05-wikimedia,Q-SL-04-010-05,SL-04-010,wikimedia,2,pending,category_rule
R-Q-SL-04-010-05-general-web,Q-SL-04-010-05,SL-04-010,general_web,3,pending,baseline
R-Q-SL-04-010-05-image-search,Q-SL-04-010-05,SL-04-010,image_search,4,pending,baseline
R-Q-SL-04-011-01-local-folder,Q-SL-04-011-01,SL-04-011,local_folder,1,pending,local_source_enabled
R-Q-SL-04-011-01-general-web,Q-SL-04-011-01,SL-04-011,general_web,3,pending,baseline
R-Q-SL-04-011-01-image-search,Q-SL-04-011-01,SL-04-011,image_search,4,pending,baseline
R-Q-SL-04-011-02-local-folder,Q-SL-04-011-02,SL-04-011,local_folder,1,pending,local_source_enabled
R-Q-SL-04-011-02-general-web,Q-SL-04-011-02,SL-04-011,general_web,3,pending,baseline
R-Q-SL-04-011-02-image-search,Q-SL-04-011-02,SL-04-011,image_search,4,pending,baseline
R-Q-SL-04-011-03-local-folder,Q-SL-04-011-03,SL-04-011,local_folder,1,pending,local_source_enabled
R-Q-SL-04-011-03-general-web,Q-SL-04-011-03,SL-04-011,general_web,3,pending,baseline
R-Q-SL-04-011-03-image-search,Q-SL-04-011-03,SL-04-011,image_search,4,pending,baseline
R-Q-SL-04-011-04-local-folder,Q-SL-04-011-04,SL-04-011,local_folder,1,pending,local_source_enabled
R-Q-SL-04-011-04-wikimedia,Q-SL-04-011-04,SL-04-011,wikimedia,2,pending,historical_query
R-Q-SL-04-011-04-general-web,Q-SL-04-011-04,SL-04-011,general_web,3,pending,baseline
R-Q-SL-04-011-04-image-search,Q-SL-04-011-04,SL-04-011,image_search,4,pending,baseline
R-Q-SL-04-011-05-local-folder,Q-SL-04-011-05,SL-04-011,local_folder,1,pending,local_source_enabled
R-Q-SL-04-011-05-wikimedia,Q-SL-04-011-05,SL-04-011,wikimedia,2,pending,historical_query
R-Q-SL-04-011-05-general-web,Q-SL-04-011-05,SL-04-011,general_web,3,pending,baseline
R-Q-SL-04-011-05-image-search,Q-SL-04-011-05,SL-04-011,image_search,4,pending,baseline
R-Q-SL-04-012-01-local-folder,Q-SL-04-012-01,SL-04-012,local_folder,1,pending,local_source_enabled
R-Q-SL-04-012-01-wikimedia,Q-SL-04-012-01,SL-04-012,wikimedia,2,pending,historical_query
R-Q-SL-04-012-01-general-web,Q-SL-04-012-01,SL-04-012,general_web,3,pending,baseline
R-Q-SL-04-012-01-image-search,Q-SL-04-012-01,SL-04-012,image_search,4,pending,baseline
R-Q-SL-04-012-02-local-folder,Q-SL-04-012-02,SL-04-012,local_folder,1,pending,local_source_enabled
R-Q-SL-04-012-02-wikimedia,Q-SL-04-012-02,SL-04-012,wikimedia,2,pending,historical_query
R-Q-SL-04-012-02-general-web,Q-SL-04-012-02,SL-04-012,general_web,3,pending,baseline
R-Q-SL-04-012-02-image-search,Q-SL-04-012-02,SL-04-012,image_search,4,pending,baseline
R-Q-SL-04-012-03-local-folder,Q-SL-04-012-03,SL-04-012,local_folder,1,pending,local_source_enabled
R-Q-SL-04-012-03-wikimedia,Q-SL-04-012-03,SL-04-012,wikimedia,2,pending,historical_query
R-Q-SL-04-012-03-general-web,Q-SL-04-012-03,SL-04-012,general_web,3,pending,baseline
R-Q-SL-04-012-03-image-search,Q-SL-04-012-03,SL-04-012,image_search,4,pending,baseline
R-Q-SL-04-012-04-local-folder,Q-SL-04-012-04,SL-04-012,local_folder,1,pending,local_source_enabled
R-Q-SL-04-012-04-wikimedia,Q-SL-04-012-04,SL-04-012,wikimedia,2,pending,historical_query
R-Q-SL-04-012-04-general-web,Q-SL-04-012-04,SL-04-012,general_web,3,pending,baseline
R-Q-SL-04-012-04-image-search,Q-SL-04-012-04,SL-04-012,image_search,4,pending,baseline
R-Q-SL-04-012-05-local-folder,Q-SL-04-012-05,SL-04-012,local_folder,1,pending,local_source_enabled
R-Q-SL-04-012-05-wikimedia,Q-SL-04-012-05,SL-04-012,wikimedia,2,pending,historical_query
R-Q-SL-04-012-05-general-web,Q-SL-04-012-05,SL-04-012,general_web,3,pending,baseline
R-Q-SL-04-012-05-image-search,Q-SL-04-012-05,SL-04-012,image_search,4,pending,baseline
R-Q-SL-04-013-01-local-folder,Q-SL-04-013-01,SL-04-013,local_folder,1,pending,local_source_enabled
R-Q-SL-04-013-01-general-web,Q-SL-04-013-01,SL-04-013,general_web,3,pending,baseline
R-Q-SL-04-013-01-image-search,Q-SL-04-013-01,SL-04-013,image_search,4,pending,baseline
R-Q-SL-04-013-02-local-folder,Q-SL-04-013-02,SL-04-013,local_folder,1,pending,local_source_enabled
R-Q-SL-04-013-02-general-web,Q-SL-04-013-02,SL-04-013,general_web,3,pending,baseline
R-Q-SL-04-013-02-image-search,Q-SL-04-013-02,SL-04-013,image_search,4,pending,baseline
R-Q-SL-04-013-03-local-folder,Q-SL-04-013-03,SL-04-013,local_folder,1,pending,local_source_enabled
R-Q-SL-04-013-03-general-web,Q-SL-04-013-03,SL-04-013,general_web,3,pending,baseline
R-Q-SL-04-013-03-image-search,Q-SL-04-013-03,SL-04-013,image_search,4,pending,baseline
R-Q-SL-04-013-04-local-folder,Q-SL-04-013-04,SL-04-013,local_folder,1,pending,local_source_enabled
R-Q-SL-04-013-04-wikimedia,Q-SL-04-013-04,SL-04-013,wikimedia,2,pending,historical_query
R-Q-SL-04-013-04-general-web,Q-SL-04-013-04,SL-04-013,general_web,3,pending,baseline
R-Q-SL-04-013-04-image-search,Q-SL-04-013-04,SL-04-013,image_search,4,pending,baseline
R-Q-SL-04-013-05-local-folder,Q-SL-04-013-05,SL-04-013,local_folder,1,pending,local_source_enabled
R-Q-SL-04-013-05-general-web,Q-SL-04-013-05,SL-04-013,general_web,3,pending,baseline
R-Q-SL-04-013-05-image-search,Q-SL-04-013-05,SL-04-013,image_search,4,pending,baseline
R-Q-SL-04-014-01-local-folder,Q-SL-04-014-01,SL-04-014,local_folder,1,pending,local_source_enabled
R-Q-SL-04-014-01-general-web,Q-SL-04-014-01,SL-04-014,general_web,3,pending,baseline
R-Q-SL-04-014-01-image-search,Q-SL-04-014-01,SL-04-014,image_search,4,pending,baseline
R-Q-SL-04-014-02-local-folder,Q-SL-04-014-02,SL-04-014,local_folder,1,pending,local_source_enabled
R-Q-SL-04-014-02-general-web,Q-SL-04-014-02,SL-04-014,general_web,3,pending,baseline
R-Q-SL-04-014-02-image-search,Q-SL-04-014-02,SL-04-014,image_search,4,pending,baseline
R-Q-SL-04-014-03-local-folder,Q-SL-04-014-03,SL-04-014,local_folder,1,pending,local_source_enabled
R-Q-SL-04-014-03-general-web,Q-SL-04-014-03,SL-04-014,general_web,3,pending,baseline
R-Q-SL-04-014-03-image-search,Q-SL-04-014-03,SL-04-014,image_search,4,pending,baseline
R-Q-SL-04-014-04-local-folder,Q-SL-04-014-04,SL-04-014,local_folder,1,pending,local_source_enabled
R-Q-SL-04-014-04-wikimedia,Q-SL-04-014-04,SL-04-014,wikimedia,2,pending,historical_query
R-Q-SL-04-014-04-general-web,Q-SL-04-014-04,SL-04-014,general_web,3,pending,baseline
R-Q-SL-04-014-04-image-search,Q-SL-04-014-04,SL-04-014,image_search,4,pending,baseline
R-Q-SL-04-014-05-local-folder,Q-SL-04-014-05,SL-04-014,local_folder,1,pending,local_source_enabled
R-Q-SL-04-014-05-wikimedia,Q-SL-04-014-05,SL-04-014,wikimedia,2,pending,historical_query
R-Q-SL-04-014-05-general-web,Q-SL-04-014-05,SL-04-014,general_web,3,pending,baseline
R-Q-SL-04-014-05-image-search,Q-SL-04-014-05,SL-04-014,image_search,4,pending,baseline
R-Q-SL-04-015-01-local-folder,Q-SL-04-015-01,SL-04-015,local_folder,1,pending,local_source_enabled
R-Q-SL-04-015-01-wikimedia,Q-SL-04-015-01,SL-04-015,wikimedia,2,pending,historical_query
R-Q-SL-04-015-01-general-web,Q-SL-04-015-01,SL-04-015,general_web,3,pending,baseline
R-Q-SL-04-015-01-image-search,Q-SL-04-015-01,SL-04-015,image_search,4,pending,baseline
R-Q-SL-04-015-02-local-folder,Q-SL-04-015-02,SL-04-015,local_folder,1,pending,local_source_enabled
R-Q-SL-04-015-02-wikimedia,Q-SL-04-015-02,SL-04-015,wikimedia,2,pending,historical_query
R-Q-SL-04-015-02-general-web,Q-SL-04-015-02,SL-04-015,general_web,3,pending,baseline
R-Q-SL-04-015-02-image-search,Q-SL-04-015-02,SL-04-015,image_search,4,pending,baseline
R-Q-SL-04-015-03-local-folder,Q-SL-04-015-03,SL-04-015,local_folder,1,pending,local_source_enabled
R-Q-SL-04-015-03-wikimedia,Q-SL-04-015-03,SL-04-015,wikimedia,2,pending,historical_query
R-Q-SL-04-015-03-general-web,Q-SL-04-015-03,SL-04-015,general_web,3,pending,baseline
R-Q-SL-04-015-03-image-search,Q-SL-04-015-03,SL-04-015,image_search,4,pending,baseline
R-Q-SL-04-015-04-local-folder,Q-SL-04-015-04,SL-04-015,local_folder,1,pending,local_source_enabled
R-Q-SL-04-015-04-wikimedia,Q-SL-04-015-04,SL-04-015,wikimedia,2,pending,historical_query
R-Q-SL-04-015-04-general-web,Q-SL-04-015-04,SL-04-015,general_web,3,pending,baseline
R-Q-SL-04-015-04-image-search,Q-SL-04-015-04,SL-04-015,image_search,4,pending,baseline
R-Q-SL-04-015-05-local-folder,Q-SL-04-015-05,SL-04-015,local_folder,1,pending,local_source_enabled
R-Q-SL-04-015-05-wikimedia,Q-SL-04-015-05,SL-04-015,wikimedia,2,pending,historical_query
R-Q-SL-04-015-05-general-web,Q-SL-04-015-05,SL-04-015,general_web,3,pending,baseline
R-Q-SL-04-015-05-image-search,Q-SL-04-015-05,SL-04-015,image_search,4,pending,baseline
R-Q-SL-04-016-01-local-folder,Q-SL-04-016-01,SL-04-016,local_folder,1,pending,local_source_enabled
R-Q-SL-04-016-01-general-web,Q-SL-04-016-01,SL-04-016,general_web,3,pending,baseline
R-Q-SL-04-016-01-image-search,Q-SL-04-016-01,SL-04-016,image_search,4,pending,baseline
R-Q-SL-04-016-02-local-folder,Q-SL-04-016-02,SL-04-016,local_folder,1,pending,local_source_enabled
R-Q-SL-04-016-02-general-web,Q-SL-04-016-02,SL-04-016,general_web,3,pending,baseline
R-Q-SL-04-016-02-image-search,Q-SL-04-016-02,SL-04-016,image_search,4,pending,baseline
R-Q-SL-04-016-03-local-folder,Q-SL-04-016-03,SL-04-016,local_folder,1,pending,local_source_enabled
R-Q-SL-04-016-03-general-web,Q-SL-04-016-03,SL-04-016,general_web,3,pending,baseline
R-Q-SL-04-016-03-image-search,Q-SL-04-016-03,SL-04-016,image_search,4,pending,baseline
R-Q-SL-04-016-04-local-folder,Q-SL-04-016-04,SL-04-016,local_folder,1,pending,local_source_enabled
R-Q-SL-04-016-04-wikimedia,Q-SL-04-016-04,SL-04-016,wikimedia,2,pending,historical_query
R-Q-SL-04-016-04-general-web,Q-SL-04-016-04,SL-04-016,general_web,3,pending,baseline
R-Q-SL-04-016-04-image-search,Q-SL-04-016-04,SL-04-016,image_search,4,pending,baseline
R-Q-SL-04-016-05-local-folder,Q-SL-04-016-05,SL-04-016,local_folder,1,pending,local_source_enabled
R-Q-SL-04-016-05-general-web,Q-SL-04-016-05,SL-04-016,general_web,3,pending,baseline
R-Q-SL-04-016-05-image-search,Q-SL-04-016-05,SL-04-016,image_search,4,pending,baseline
R-Q-SL-04-017-01-local-folder,Q-SL-04-017-01,SL-04-017,local_folder,1,pending,local_source_enabled
R-Q-SL-04-017-01-general-web,Q-SL-04-017-01,SL-04-017,general_web,3,pending,baseline
R-Q-SL-04-017-01-image-search,Q-SL-04-017-01,SL-04-017,image_search,4,pending,baseline
R-Q-SL-04-017-02-local-folder,Q-SL-04-017-02,SL-04-017,local_folder,1,pending,local_source_enabled
R-Q-SL-04-017-02-general-web,Q-SL-04-017-02,SL-04-017,general_web,3,pending,baseline
R-Q-SL-04-017-02-image-search,Q-SL-04-017-02,SL-04-017,image_search,4,pending,baseline
R-Q-SL-04-017-03-local-folder,Q-SL-04-017-03,SL-04-017,local_folder,1,pending,local_source_enabled
R-Q-SL-04-017-03-general-web,Q-SL-04-017-03,SL-04-017,general_web,3,pending,baseline
R-Q-SL-04-017-03-image-search,Q-SL-04-017-03,SL-04-017,image_search,4,pending,baseline
R-Q-SL-04-017-04-local-folder,Q-SL-04-017-04,SL-04-017,local_folder,1,pending,local_source_enabled
R-Q-SL-04-017-04-wikimedia,Q-SL-04-017-04,SL-04-017,wikimedia,2,pending,historical_query
R-Q-SL-04-017-04-general-web,Q-SL-04-017-04,SL-04-017,general_web,3,pending,baseline
R-Q-SL-04-017-04-image-search,Q-SL-04-017-04,SL-04-017,image_search,4,pending,baseline
R-Q-SL-04-017-05-local-folder,Q-SL-04-017-05,SL-04-017,local_folder,1,pending,local_source_enabled
R-Q-SL-04-017-05-wikimedia,Q-SL-04-017-05,SL-04-017,wikimedia,2,pending,historical_query
R-Q-SL-04-017-05-general-web,Q-SL-04-017-05,SL-04-017,general_web,3,pending,baseline
R-Q-SL-04-017-05-image-search,Q-SL-04-017-05,SL-04-017,image_search,4,pending,baseline
R-Q-SL-04-018-01-local-folder,Q-SL-04-018-01,SL-04-018,local_folder,1,pending,local_source_enabled
R-Q-SL-04-018-01-wikimedia,Q-SL-04-018-01,SL-04-018,wikimedia,2,pending,historical_query
R-Q-SL-04-018-01-general-web,Q-SL-04-018-01,SL-04-018,general_web,3,pending,baseline
R-Q-SL-04-018-01-image-search,Q-SL-04-018-01,SL-04-018,image_search,4,pending,baseline
R-Q-SL-04-018-02-local-folder,Q-SL-04-018-02,SL-04-018,local_folder,1,pending,local_source_enabled
R-Q-SL-04-018-02-wikimedia,Q-SL-04-018-02,SL-04-018,wikimedia,2,pending,historical_query
R-Q-SL-04-018-02-general-web,Q-SL-04-018-02,SL-04-018,general_web,3,pending,baseline
R-Q-SL-04-018-02-image-search,Q-SL-04-018-02,SL-04-018,image_search,4,pending,baseline
R-Q-SL-04-018-03-local-folder,Q-SL-04-018-03,SL-04-018,local_folder,1,pending,local_source_enabled
R-Q-SL-04-018-03-wikimedia,Q-SL-04-018-03,SL-04-018,wikimedia,2,pending,historical_query
R-Q-SL-04-018-03-general-web,Q-SL-04-018-03,SL-04-018,general_web,3,pending,baseline
R-Q-SL-04-018-03-image-search,Q-SL-04-018-03,SL-04-018,image_search,4,pending,baseline
R-Q-SL-04-018-04-local-folder,Q-SL-04-018-04,SL-04-018,local_folder,1,pending,local_source_enabled
R-Q-SL-04-018-04-wikimedia,Q-SL-04-018-04,SL-04-018,wikimedia,2,pending,historical_query
R-Q-SL-04-018-04-general-web,Q-SL-04-018-04,SL-04-018,general_web,3,pending,baseline
R-Q-SL-04-018-04-image-search,Q-SL-04-018-04,SL-04-018,image_search,4,pending,baseline
R-Q-SL-04-018-05-local-folder,Q-SL-04-018-05,SL-04-018,local_folder,1,pending,local_source_enabled
R-Q-SL-04-018-05-wikimedia,Q-SL-04-018-05,SL-04-018,wikimedia,2,pending,historical_query
R-Q-SL-04-018-05-general-web,Q-SL-04-018-05,SL-04-018,general_web,3,pending,baseline
R-Q-SL-04-018-05-image-search,Q-SL-04-018-05,SL-04-018,image_search,4,pending,baseline
R-Q-SL-04-019-01-local-folder,Q-SL-04-019-01,SL-04-019,local_folder,1,pending,local_source_enabled
R-Q-SL-04-019-01-general-web,Q-SL-04-019-01,SL-04-019,general_web,3,pending,baseline
R-Q-SL-04-019-01-image-search,Q-SL-04-019-01,SL-04-019,image_search,4,pending,baseline
R-Q-SL-04-019-02-local-folder,Q-SL-04-019-02,SL-04-019,local_folder,1,pending,local_source_enabled
R-Q-SL-04-019-02-general-web,Q-SL-04-019-02,SL-04-019,general_web,3,pending,baseline
R-Q-SL-04-019-02-image-search,Q-SL-04-019-02,SL-04-019,image_search,4,pending,baseline
R-Q-SL-04-019-03-local-folder,Q-SL-04-019-03,SL-04-019,local_folder,1,pending,local_source_enabled
R-Q-SL-04-019-03-general-web,Q-SL-04-019-03,SL-04-019,general_web,3,pending,baseline
R-Q-SL-04-019-03-image-search,Q-SL-04-019-03,SL-04-019,image_search,4,pending,baseline
R-Q-SL-04-019-04-local-folder,Q-SL-04-019-04,SL-04-019,local_folder,1,pending,local_source_enabled
R-Q-SL-04-019-04-wikimedia,Q-SL-04-019-04,SL-04-019,wikimedia,2,pending,historical_query
R-Q-SL-04-019-04-general-web,Q-SL-04-019-04,SL-04-019,general_web,3,pending,baseline
R-Q-SL-04-019-04-image-search,Q-SL-04-019-04,SL-04-019,image_search,4,pending,baseline
R-Q-SL-04-019-05-local-folder,Q-SL-04-019-05,SL-04-019,local_folder,1,pending,local_source_enabled
R-Q-SL-04-019-05-general-web,Q-SL-04-019-05,SL-04-019,general_web,3,pending,baseline
R-Q-SL-04-019-05-image-search,Q-SL-04-019-05,SL-04-019,image_search,4,pending,baseline
R-Q-SL-04-020-01-local-folder,Q-SL-04-020-01,SL-04-020,local_folder,1,pending,local_source_enabled
R-Q-SL-04-020-01-wikimedia,Q-SL-04-020-01,SL-04-020,wikimedia,2,pending,historical_query
R-Q-SL-04-020-01-general-web,Q-SL-04-020-01,SL-04-020,general_web,3,pending,baseline
R-Q-SL-04-020-01-image-search,Q-SL-04-020-01,SL-04-020,image_search,4,pending,baseline
R-Q-SL-04-020-02-local-folder,Q-SL-04-020-02,SL-04-020,local_folder,1,pending,local_source_enabled
R-Q-SL-04-020-02-wikimedia,Q-SL-04-020-02,SL-04-020,wikimedia,2,pending,historical_query
R-Q-SL-04-020-02-general-web,Q-SL-04-020-02,SL-04-020,general_web,3,pending,baseline
R-Q-SL-04-020-02-image-search,Q-SL-04-020-02,SL-04-020,image_search,4,pending,baseline
R-Q-SL-04-020-03-local-folder,Q-SL-04-020-03,SL-04-020,local_folder,1,pending,local_source_enabled
R-Q-SL-04-020-03-wikimedia,Q-SL-04-020-03,SL-04-020,wikimedia,2,pending,historical_query
R-Q-SL-04-020-03-general-web,Q-SL-04-020-03,SL-04-020,general_web,3,pending,baseline
R-Q-SL-04-020-03-image-search,Q-SL-04-020-03,SL-04-020,image_search,4,pending,baseline
R-Q-SL-04-020-04-local-folder,Q-SL-04-020-04,SL-04-020,local_folder,1,pending,local_source_enabled
R-Q-SL-04-020-04-wikimedia,Q-SL-04-020-04,SL-04-020,wikimedia,2,pending,historical_query
R-Q-SL-04-020-04-general-web,Q-SL-04-020-04,SL-04-020,general_web,3,pending,baseline
R-Q-SL-04-020-04-image-search,Q-SL-04-020-04,SL-04-020,image_search,4,pending,baseline
R-Q-SL-04-020-05-local-folder,Q-SL-04-020-05,SL-04-020,local_folder,1,pending,local_source_enabled
R-Q-SL-04-020-05-wikimedia,Q-SL-04-020-05,SL-04-020,wikimedia,2,pending,historical_query
R-Q-SL-04-020-05-general-web,Q-SL-04-020-05,SL-04-020,general_web,3,pending,baseline
R-Q-SL-04-020-05-image-search,Q-SL-04-020-05,SL-04-020,image_search,4,pending,baseline
R-Q-SL-04-021-01-local-folder,Q-SL-04-021-01,SL-04-021,local_folder,1,pending,local_source_enabled
R-Q-SL-04-021-01-wikimedia,Q-SL-04-021-01,SL-04-021,wikimedia,2,pending,historical_query
R-Q-SL-04-021-01-general-web,Q-SL-04-021-01,SL-04-021,general_web,3,pending,baseline
R-Q-SL-04-021-01-image-search,Q-SL-04-021-01,SL-04-021,image_search,4,pending,baseline
R-Q-SL-04-021-02-local-folder,Q-SL-04-021-02,SL-04-021,local_folder,1,pending,local_source_enabled
R-Q-SL-04-021-02-wikimedia,Q-SL-04-021-02,SL-04-021,wikimedia,2,pending,historical_query
R-Q-SL-04-021-02-general-web,Q-SL-04-021-02,SL-04-021,general_web,3,pending,baseline
R-Q-SL-04-021-02-image-search,Q-SL-04-021-02,SL-04-021,image_search,4,pending,baseline
R-Q-SL-04-021-03-local-folder,Q-SL-04-021-03,SL-04-021,local_folder,1,pending,local_source_enabled
R-Q-SL-04-021-03-wikimedia,Q-SL-04-021-03,SL-04-021,wikimedia,2,pending,historical_query
R-Q-SL-04-021-03-general-web,Q-SL-04-021-03,SL-04-021,general_web,3,pending,baseline
R-Q-SL-04-021-03-image-search,Q-SL-04-021-03,SL-04-021,image_search,4,pending,baseline
R-Q-SL-04-021-04-local-folder,Q-SL-04-021-04,SL-04-021,local_folder,1,pending,local_source_enabled
R-Q-SL-04-021-04-wikimedia,Q-SL-04-021-04,SL-04-021,wikimedia,2,pending,historical_query
R-Q-SL-04-021-04-general-web,Q-SL-04-021-04,SL-04-021,general_web,3,pending,baseline
R-Q-SL-04-021-04-image-search,Q-SL-04-021-04,SL-04-021,image_search,4,pending,baseline
R-Q-SL-04-021-05-local-folder,Q-SL-04-021-05,SL-04-021,local_folder,1,pending,local_source_enabled
R-Q-SL-04-021-05-wikimedia,Q-SL-04-021-05,SL-04-021,wikimedia,2,pending,historical_query
R-Q-SL-04-021-05-general-web,Q-SL-04-021-05,SL-04-021,general_web,3,pending,baseline
R-Q-SL-04-021-05-image-search,Q-SL-04-021-05,SL-04-021,image_search,4,pending,baseline
R-Q-SL-04-022-01-local-folder,Q-SL-04-022-01,SL-04-022,local_folder,1,pending,local_source_enabled
R-Q-SL-04-022-01-wikimedia,Q-SL-04-022-01,SL-04-022,wikimedia,2,pending,historical_query
R-Q-SL-04-022-01-general-web,Q-SL-04-022-01,SL-04-022,general_web,3,pending,baseline
R-Q-SL-04-022-01-image-search,Q-SL-04-022-01,SL-04-022,image_search,4,pending,baseline
R-Q-SL-04-022-02-local-folder,Q-SL-04-022-02,SL-04-022,local_folder,1,pending,local_source_enabled
R-Q-SL-04-022-02-wikimedia,Q-SL-04-022-02,SL-04-022,wikimedia,2,pending,historical_query
R-Q-SL-04-022-02-general-web,Q-SL-04-022-02,SL-04-022,general_web,3,pending,baseline
R-Q-SL-04-022-02-image-search,Q-SL-04-022-02,SL-04-022,image_search,4,pending,baseline
R-Q-SL-04-022-03-local-folder,Q-SL-04-022-03,SL-04-022,local_folder,1,pending,local_source_enabled
R-Q-SL-04-022-03-wikimedia,Q-SL-04-022-03,SL-04-022,wikimedia,2,pending,historical_query
R-Q-SL-04-022-03-general-web,Q-SL-04-022-03,SL-04-022,general_web,3,pending,baseline
R-Q-SL-04-022-03-image-search,Q-SL-04-022-03,SL-04-022,image_search,4,pending,baseline
R-Q-SL-04-022-04-local-folder,Q-SL-04-022-04,SL-04-022,local_folder,1,pending,local_source_enabled
R-Q-SL-04-022-04-wikimedia,Q-SL-04-022-04,SL-04-022,wikimedia,2,pending,historical_query
R-Q-SL-04-022-04-general-web,Q-SL-04-022-04,SL-04-022,general_web,3,pending,baseline
R-Q-SL-04-022-04-image-search,Q-SL-04-022-04,SL-04-022,image_search,4,pending,baseline
R-Q-SL-04-022-05-local-folder,Q-SL-04-022-05,SL-04-022,local_folder,1,pending,local_source_enabled
R-Q-SL-04-022-05-wikimedia,Q-SL-04-022-05,SL-04-022,wikimedia,2,pending,historical_query
R-Q-SL-04-022-05-general-web,Q-SL-04-022-05,SL-04-022,general_web,3,pending,baseline
R-Q-SL-04-022-05-image-search,Q-SL-04-022-05,SL-04-022,image_search,4,pending,baseline
R-Q-SL-04-023-01-local-folder,Q-SL-04-023-01,SL-04-023,local_folder,1,pending,local_source_enabled
R-Q-SL-04-023-01-wikimedia,Q-SL-04-023-01,SL-04-023,wikimedia,2,pending,historical_query
R-Q-SL-04-023-01-general-web,Q-SL-04-023-01,SL-04-023,general_web,3,pending,baseline
R-Q-SL-04-023-01-image-search,Q-SL-04-023-01,SL-04-023,image_search,4,pending,baseline
R-Q-SL-04-023-02-local-folder,Q-SL-04-023-02,SL-04-023,local_folder,1,pending,local_source_enabled
R-Q-SL-04-023-02-wikimedia,Q-SL-04-023-02,SL-04-023,wikimedia,2,pending,historical_query
R-Q-SL-04-023-02-general-web,Q-SL-04-023-02,SL-04-023,general_web,3,pending,baseline
R-Q-SL-04-023-02-image-search,Q-SL-04-023-02,SL-04-023,image_search,4,pending,baseline
R-Q-SL-04-023-03-local-folder,Q-SL-04-023-03,SL-04-023,local_folder,1,pending,local_source_enabled
R-Q-SL-04-023-03-wikimedia,Q-SL-04-023-03,SL-04-023,wikimedia,2,pending,historical_query
R-Q-SL-04-023-03-general-web,Q-SL-04-023-03,SL-04-023,general_web,3,pending,baseline
R-Q-SL-04-023-03-image-search,Q-SL-04-023-03,SL-04-023,image_search,4,pending,baseline
R-Q-SL-04-023-04-local-folder,Q-SL-04-023-04,SL-04-023,local_folder,1,pending,local_source_enabled
R-Q-SL-04-023-04-wikimedia,Q-SL-04-023-04,SL-04-023,wikimedia,2,pending,historical_query
R-Q-SL-04-023-04-general-web,Q-SL-04-023-04,SL-04-023,general_web,3,pending,baseline
R-Q-SL-04-023-04-image-search,Q-SL-04-023-04,SL-04-023,image_search,4,pending,baseline
R-Q-SL-04-023-05-local-folder,Q-SL-04-023-05,SL-04-023,local_folder,1,pending,local_source_enabled
R-Q-SL-04-023-05-wikimedia,Q-SL-04-023-05,SL-04-023,wikimedia,2,pending,historical_query
R-Q-SL-04-023-05-general-web,Q-SL-04-023-05,SL-04-023,general_web,3,pending,baseline
R-Q-SL-04-023-05-image-search,Q-SL-04-023-05,SL-04-023,image_search,4,pending,baseline
R-Q-SL-04-024-01-local-folder,Q-SL-04-024-01,SL-04-024,local_folder,1,pending,local_source_enabled
R-Q-SL-04-024-01-wikimedia,Q-SL-04-024-01,SL-04-024,wikimedia,2,pending,historical_query
R-Q-SL-04-024-01-general-web,Q-SL-04-024-01,SL-04-024,general_web,3,pending,baseline
R-Q-SL-04-024-01-image-search,Q-SL-04-024-01,SL-04-024,image_search,4,pending,baseline
R-Q-SL-04-024-02-local-folder,Q-SL-04-024-02,SL-04-024,local_folder,1,pending,local_source_enabled
R-Q-SL-04-024-02-wikimedia,Q-SL-04-024-02,SL-04-024,wikimedia,2,pending,historical_query
R-Q-SL-04-024-02-general-web,Q-SL-04-024-02,SL-04-024,general_web,3,pending,baseline
R-Q-SL-04-024-02-image-search,Q-SL-04-024-02,SL-04-024,image_search,4,pending,baseline
R-Q-SL-04-024-03-local-folder,Q-SL-04-024-03,SL-04-024,local_folder,1,pending,local_source_enabled
R-Q-SL-04-024-03-wikimedia,Q-SL-04-024-03,SL-04-024,wikimedia,2,pending,historical_query
R-Q-SL-04-024-03-general-web,Q-SL-04-024-03,SL-04-024,general_web,3,pending,baseline
R-Q-SL-04-024-03-image-search,Q-SL-04-024-03,SL-04-024,image_search,4,pending,baseline
R-Q-SL-04-024-04-local-folder,Q-SL-04-024-04,SL-04-024,local_folder,1,pending,local_source_enabled
R-Q-SL-04-024-04-wikimedia,Q-SL-04-024-04,SL-04-024,wikimedia,2,pending,historical_query
R-Q-SL-04-024-04-general-web,Q-SL-04-024-04,SL-04-024,general_web,3,pending,baseline
R-Q-SL-04-024-04-image-search,Q-SL-04-024-04,SL-04-024,image_search,4,pending,baseline
R-Q-SL-04-024-05-local-folder,Q-SL-04-024-05,SL-04-024,local_folder,1,pending,local_source_enabled
R-Q-SL-04-024-05-wikimedia,Q-SL-04-024-05,SL-04-024,wikimedia,2,pending,historical_query
R-Q-SL-04-024-05-general-web,Q-SL-04-024-05,SL-04-024,general_web,3,pending,baseline
R-Q-SL-04-024-05-image-search,Q-SL-04-024-05,SL-04-024,image_search,4,pending,baseline
R-Q-SL-04-025-01-local-folder,Q-SL-04-025-01,SL-04-025,local_folder,1,pending,local_source_enabled
R-Q-SL-04-025-01-wikimedia,Q-SL-04-025-01,SL-04-025,wikimedia,2,pending,historical_query
R-Q-SL-04-025-01-general-web,Q-SL-04-025-01,SL-04-025,general_web,3,pending,baseline
R-Q-SL-04-025-01-image-search,Q-SL-04-025-01,SL-04-025,image_search,4,pending,baseline
R-Q-SL-04-025-02-local-folder,Q-SL-04-025-02,SL-04-025,local_folder,1,pending,local_source_enabled
R-Q-SL-04-025-02-wikimedia,Q-SL-04-025-02,SL-04-025,wikimedia,2,pending,historical_query
R-Q-SL-04-025-02-general-web,Q-SL-04-025-02,SL-04-025,general_web,3,pending,baseline
R-Q-SL-04-025-02-image-search,Q-SL-04-025-02,SL-04-025,image_search,4,pending,baseline
R-Q-SL-04-025-03-local-folder,Q-SL-04-025-03,SL-04-025,local_folder,1,pending,local_source_enabled
R-Q-SL-04-025-03-wikimedia,Q-SL-04-025-03,SL-04-025,wikimedia,2,pending,historical_query
R-Q-SL-04-025-03-general-web,Q-SL-04-025-03,SL-04-025,general_web,3,pending,baseline
R-Q-SL-04-025-03-image-search,Q-SL-04-025-03,SL-04-025,image_search,4,pending,baseline
R-Q-SL-04-025-04-local-folder,Q-SL-04-025-04,SL-04-025,local_folder,1,pending,local_source_enabled
R-Q-SL-04-025-04-wikimedia,Q-SL-04-025-04,SL-04-025,wikimedia,2,pending,historical_query
R-Q-SL-04-025-04-general-web,Q-SL-04-025-04,SL-04-025,general_web,3,pending,baseline
R-Q-SL-04-025-04-image-search,Q-SL-04-025-04,SL-04-025,image_search,4,pending,baseline
R-Q-SL-04-025-05-local-folder,Q-SL-04-025-05,SL-04-025,local_folder,1,pending,local_source_enabled
R-Q-SL-04-025-05-wikimedia,Q-SL-04-025-05,SL-04-025,wikimedia,2,pending,historical_query
R-Q-SL-04-025-05-general-web,Q-SL-04-025-05,SL-04-025,general_web,3,pending,baseline
R-Q-SL-04-025-05-image-search,Q-SL-04-025-05,SL-04-025,image_search,4,pending,baseline
R-Q-SL-05-001-01-local-folder,Q-SL-05-001-01,SL-05-001,local_folder,1,pending,local_source_enabled
R-Q-SL-05-001-01-general-web,Q-SL-05-001-01,SL-05-001,general_web,3,pending,baseline
R-Q-SL-05-001-01-image-search,Q-SL-05-001-01,SL-05-001,image_search,4,pending,baseline
R-Q-SL-05-001-02-local-folder,Q-SL-05-001-02,SL-05-001,local_folder,1,pending,local_source_enabled
R-Q-SL-05-001-02-general-web,Q-SL-05-001-02,SL-05-001,general_web,3,pending,baseline
R-Q-SL-05-001-02-image-search,Q-SL-05-001-02,SL-05-001,image_search,4,pending,baseline
R-Q-SL-05-001-03-local-folder,Q-SL-05-001-03,SL-05-001,local_folder,1,pending,local_source_enabled
R-Q-SL-05-001-03-general-web,Q-SL-05-001-03,SL-05-001,general_web,3,pending,baseline
R-Q-SL-05-001-03-image-search,Q-SL-05-001-03,SL-05-001,image_search,4,pending,baseline
R-Q-SL-05-001-04-local-folder,Q-SL-05-001-04,SL-05-001,local_folder,1,pending,local_source_enabled
R-Q-SL-05-001-04-general-web,Q-SL-05-001-04,SL-05-001,general_web,3,pending,baseline
R-Q-SL-05-001-04-image-search,Q-SL-05-001-04,SL-05-001,image_search,4,pending,baseline
R-Q-SL-05-001-05-local-folder,Q-SL-05-001-05,SL-05-001,local_folder,1,pending,local_source_enabled
R-Q-SL-05-001-05-general-web,Q-SL-05-001-05,SL-05-001,general_web,3,pending,baseline
R-Q-SL-05-001-05-image-search,Q-SL-05-001-05,SL-05-001,image_search,4,pending,baseline
R-Q-SL-05-002-01-local-folder,Q-SL-05-002-01,SL-05-002,local_folder,1,pending,local_source_enabled
R-Q-SL-05-002-01-general-web,Q-SL-05-002-01,SL-05-002,general_web,3,pending,baseline
R-Q-SL-05-002-01-image-search,Q-SL-05-002-01,SL-05-002,image_search,4,pending,baseline
R-Q-SL-05-002-02-local-folder,Q-SL-05-002-02,SL-05-002,local_folder,1,pending,local_source_enabled
R-Q-SL-05-002-02-general-web,Q-SL-05-002-02,SL-05-002,general_web,3,pending,baseline
R-Q-SL-05-002-02-image-search,Q-SL-05-002-02,SL-05-002,image_search,4,pending,baseline
R-Q-SL-05-002-03-local-folder,Q-SL-05-002-03,SL-05-002,local_folder,1,pending,local_source_enabled
R-Q-SL-05-002-03-general-web,Q-SL-05-002-03,SL-05-002,general_web,3,pending,baseline
R-Q-SL-05-002-03-image-search,Q-SL-05-002-03,SL-05-002,image_search,4,pending,baseline
R-Q-SL-05-002-04-local-folder,Q-SL-05-002-04,SL-05-002,local_folder,1,pending,local_source_enabled
R-Q-SL-05-002-04-general-web,Q-SL-05-002-04,SL-05-002,general_web,3,pending,baseline
R-Q-SL-05-002-04-image-search,Q-SL-05-002-04,SL-05-002,image_search,4,pending,baseline
R-Q-SL-05-002-05-local-folder,Q-SL-05-002-05,SL-05-002,local_folder,1,pending,local_source_enabled
R-Q-SL-05-002-05-wikimedia,Q-SL-05-002-05,SL-05-002,wikimedia,2,pending,historical_query
R-Q-SL-05-002-05-general-web,Q-SL-05-002-05,SL-05-002,general_web,3,pending,baseline
R-Q-SL-05-002-05-image-search,Q-SL-05-002-05,SL-05-002,image_search,4,pending,baseline
R-Q-SL-05-003-01-local-folder,Q-SL-05-003-01,SL-05-003,local_folder,1,pending,local_source_enabled
R-Q-SL-05-003-01-general-web,Q-SL-05-003-01,SL-05-003,general_web,3,pending,baseline
R-Q-SL-05-003-01-image-search,Q-SL-05-003-01,SL-05-003,image_search,4,pending,baseline
R-Q-SL-05-003-02-local-folder,Q-SL-05-003-02,SL-05-003,local_folder,1,pending,local_source_enabled
R-Q-SL-05-003-02-general-web,Q-SL-05-003-02,SL-05-003,general_web,3,pending,baseline
R-Q-SL-05-003-02-image-search,Q-SL-05-003-02,SL-05-003,image_search,4,pending,baseline
R-Q-SL-05-003-03-local-folder,Q-SL-05-003-03,SL-05-003,local_folder,1,pending,local_source_enabled
R-Q-SL-05-003-03-general-web,Q-SL-05-003-03,SL-05-003,general_web,3,pending,baseline
R-Q-SL-05-003-03-image-search,Q-SL-05-003-03,SL-05-003,image_search,4,pending,baseline
R-Q-SL-05-003-04-local-folder,Q-SL-05-003-04,SL-05-003,local_folder,1,pending,local_source_enabled
R-Q-SL-05-003-04-general-web,Q-SL-05-003-04,SL-05-003,general_web,3,pending,baseline
R-Q-SL-05-003-04-image-search,Q-SL-05-003-04,SL-05-003,image_search,4,pending,baseline
R-Q-SL-05-003-05-local-folder,Q-SL-05-003-05,SL-05-003,local_folder,1,pending,local_source_enabled
R-Q-SL-05-003-05-wikimedia,Q-SL-05-003-05,SL-05-003,wikimedia,2,pending,historical_query
R-Q-SL-05-003-05-general-web,Q-SL-05-003-05,SL-05-003,general_web,3,pending,baseline
R-Q-SL-05-003-05-image-search,Q-SL-05-003-05,SL-05-003,image_search,4,pending,baseline
R-Q-SL-05-004-01-local-folder,Q-SL-05-004-01,SL-05-004,local_folder,1,pending,local_source_enabled
R-Q-SL-05-004-01-general-web,Q-SL-05-004-01,SL-05-004,general_web,3,pending,baseline
R-Q-SL-05-004-01-image-search,Q-SL-05-004-01,SL-05-004,image_search,4,pending,baseline
R-Q-SL-05-004-02-local-folder,Q-SL-05-004-02,SL-05-004,local_folder,1,pending,local_source_enabled
R-Q-SL-05-004-02-general-web,Q-SL-05-004-02,SL-05-004,general_web,3,pending,baseline
R-Q-SL-05-004-02-image-search,Q-SL-05-004-02,SL-05-004,image_search,4,pending,baseline
R-Q-SL-05-004-03-local-folder,Q-SL-05-004-03,SL-05-004,local_folder,1,pending,local_source_enabled
R-Q-SL-05-004-03-general-web,Q-SL-05-004-03,SL-05-004,general_web,3,pending,baseline
R-Q-SL-05-004-03-image-search,Q-SL-05-004-03,SL-05-004,image_search,4,pending,baseline
R-Q-SL-05-004-04-local-folder,Q-SL-05-004-04,SL-05-004,local_folder,1,pending,local_source_enabled
R-Q-SL-05-004-04-general-web,Q-SL-05-004-04,SL-05-004,general_web,3,pending,baseline
R-Q-SL-05-004-04-image-search,Q-SL-05-004-04,SL-05-004,image_search,4,pending,baseline
R-Q-SL-05-004-05-local-folder,Q-SL-05-004-05,SL-05-004,local_folder,1,pending,local_source_enabled
R-Q-SL-05-004-05-wikimedia,Q-SL-05-004-05,SL-05-004,wikimedia,2,pending,historical_query
R-Q-SL-05-004-05-general-web,Q-SL-05-004-05,SL-05-004,general_web,3,pending,baseline
R-Q-SL-05-004-05-image-search,Q-SL-05-004-05,SL-05-004,image_search,4,pending,baseline
R-Q-SL-05-005-01-local-folder,Q-SL-05-005-01,SL-05-005,local_folder,1,pending,local_source_enabled
R-Q-SL-05-005-01-general-web,Q-SL-05-005-01,SL-05-005,general_web,3,pending,baseline
R-Q-SL-05-005-01-image-search,Q-SL-05-005-01,SL-05-005,image_search,4,pending,baseline
R-Q-SL-05-005-02-local-folder,Q-SL-05-005-02,SL-05-005,local_folder,1,pending,local_source_enabled
R-Q-SL-05-005-02-general-web,Q-SL-05-005-02,SL-05-005,general_web,3,pending,baseline
R-Q-SL-05-005-02-image-search,Q-SL-05-005-02,SL-05-005,image_search,4,pending,baseline
R-Q-SL-05-005-03-local-folder,Q-SL-05-005-03,SL-05-005,local_folder,1,pending,local_source_enabled
R-Q-SL-05-005-03-general-web,Q-SL-05-005-03,SL-05-005,general_web,3,pending,baseline
R-Q-SL-05-005-03-image-search,Q-SL-05-005-03,SL-05-005,image_search,4,pending,baseline
R-Q-SL-05-005-04-local-folder,Q-SL-05-005-04,SL-05-005,local_folder,1,pending,local_source_enabled
R-Q-SL-05-005-04-general-web,Q-SL-05-005-04,SL-05-005,general_web,3,pending,baseline
R-Q-SL-05-005-04-image-search,Q-SL-05-005-04,SL-05-005,image_search,4,pending,baseline
R-Q-SL-05-005-05-local-folder,Q-SL-05-005-05,SL-05-005,local_folder,1,pending,local_source_enabled
R-Q-SL-05-005-05-wikimedia,Q-SL-05-005-05,SL-05-005,wikimedia,2,pending,historical_query
R-Q-SL-05-005-05-general-web,Q-SL-05-005-05,SL-05-005,general_web,3,pending,baseline
R-Q-SL-05-005-05-image-search,Q-SL-05-005-05,SL-05-005,image_search,4,pending,baseline
R-Q-SL-05-006-01-local-folder,Q-SL-05-006-01,SL-05-006,local_folder,1,pending,local_source_enabled
R-Q-SL-05-006-01-general-web,Q-SL-05-006-01,SL-05-006,general_web,3,pending,baseline
R-Q-SL-05-006-01-image-search,Q-SL-05-006-01,SL-05-006,image_search,4,pending,baseline
R-Q-SL-05-006-02-local-folder,Q-SL-05-006-02,SL-05-006,local_folder,1,pending,local_source_enabled
R-Q-SL-05-006-02-general-web,Q-SL-05-006-02,SL-05-006,general_web,3,pending,baseline
R-Q-SL-05-006-02-image-search,Q-SL-05-006-02,SL-05-006,image_search,4,pending,baseline
R-Q-SL-05-006-03-local-folder,Q-SL-05-006-03,SL-05-006,local_folder,1,pending,local_source_enabled
R-Q-SL-05-006-03-general-web,Q-SL-05-006-03,SL-05-006,general_web,3,pending,baseline
R-Q-SL-05-006-03-image-search,Q-SL-05-006-03,SL-05-006,image_search,4,pending,baseline
R-Q-SL-05-006-04-local-folder,Q-SL-05-006-04,SL-05-006,local_folder,1,pending,local_source_enabled
R-Q-SL-05-006-04-general-web,Q-SL-05-006-04,SL-05-006,general_web,3,pending,baseline
R-Q-SL-05-006-04-image-search,Q-SL-05-006-04,SL-05-006,image_search,4,pending,baseline
R-Q-SL-05-006-05-local-folder,Q-SL-05-006-05,SL-05-006,local_folder,1,pending,local_source_enabled
R-Q-SL-05-006-05-wikimedia,Q-SL-05-006-05,SL-05-006,wikimedia,2,pending,historical_query
R-Q-SL-05-006-05-general-web,Q-SL-05-006-05,SL-05-006,general_web,3,pending,baseline
R-Q-SL-05-006-05-image-search,Q-SL-05-006-05,SL-05-006,image_search,4,pending,baseline
R-Q-SL-05-007-01-local-folder,Q-SL-05-007-01,SL-05-007,local_folder,1,pending,local_source_enabled
R-Q-SL-05-007-01-wikimedia,Q-SL-05-007-01,SL-05-007,wikimedia,2,pending,"category_rule,historical_query"
R-Q-SL-05-007-01-general-web,Q-SL-05-007-01,SL-05-007,general_web,3,pending,baseline
R-Q-SL-05-007-01-image-search,Q-SL-05-007-01,SL-05-007,image_search,4,pending,baseline
R-Q-SL-05-007-02-local-folder,Q-SL-05-007-02,SL-05-007,local_folder,1,pending,local_source_enabled
R-Q-SL-05-007-02-wikimedia,Q-SL-05-007-02,SL-05-007,wikimedia,2,pending,"category_rule,historical_query"
R-Q-SL-05-007-02-general-web,Q-SL-05-007-02,SL-05-007,general_web,3,pending,baseline
R-Q-SL-05-007-02-image-search,Q-SL-05-007-02,SL-05-007,image_search,4,pending,baseline
R-Q-SL-05-007-03-local-folder,Q-SL-05-007-03,SL-05-007,local_folder,1,pending,local_source_enabled
R-Q-SL-05-007-03-wikimedia,Q-SL-05-007-03,SL-05-007,wikimedia,2,pending,"category_rule,historical_query"
R-Q-SL-05-007-03-general-web,Q-SL-05-007-03,SL-05-007,general_web,3,pending,baseline
R-Q-SL-05-007-03-image-search,Q-SL-05-007-03,SL-05-007,image_search,4,pending,baseline
R-Q-SL-05-007-04-local-folder,Q-SL-05-007-04,SL-05-007,local_folder,1,pending,local_source_enabled
R-Q-SL-05-007-04-wikimedia,Q-SL-05-007-04,SL-05-007,wikimedia,2,pending,"category_rule,historical_query"
R-Q-SL-05-007-04-general-web,Q-SL-05-007-04,SL-05-007,general_web,3,pending,baseline
R-Q-SL-05-007-04-image-search,Q-SL-05-007-04,SL-05-007,image_search,4,pending,baseline
R-Q-SL-05-007-05-local-folder,Q-SL-05-007-05,SL-05-007,local_folder,1,pending,local_source_enabled
R-Q-SL-05-007-05-wikimedia,Q-SL-05-007-05,SL-05-007,wikimedia,2,pending,"category_rule,historical_query"
R-Q-SL-05-007-05-general-web,Q-SL-05-007-05,SL-05-007,general_web,3,pending,baseline
R-Q-SL-05-007-05-image-search,Q-SL-05-007-05,SL-05-007,image_search,4,pending,baseline
R-Q-SL-05-008-01-local-folder,Q-SL-05-008-01,SL-05-008,local_folder,1,pending,local_source_enabled
R-Q-SL-05-008-01-general-web,Q-SL-05-008-01,SL-05-008,general_web,3,pending,baseline
R-Q-SL-05-008-01-image-search,Q-SL-05-008-01,SL-05-008,image_search,4,pending,baseline
R-Q-SL-05-008-02-local-folder,Q-SL-05-008-02,SL-05-008,local_folder,1,pending,local_source_enabled
R-Q-SL-05-008-02-general-web,Q-SL-05-008-02,SL-05-008,general_web,3,pending,baseline
R-Q-SL-05-008-02-image-search,Q-SL-05-008-02,SL-05-008,image_search,4,pending,baseline
R-Q-SL-05-008-03-local-folder,Q-SL-05-008-03,SL-05-008,local_folder,1,pending,local_source_enabled
R-Q-SL-05-008-03-general-web,Q-SL-05-008-03,SL-05-008,general_web,3,pending,baseline
R-Q-SL-05-008-03-image-search,Q-SL-05-008-03,SL-05-008,image_search,4,pending,baseline
R-Q-SL-05-008-04-local-folder,Q-SL-05-008-04,SL-05-008,local_folder,1,pending,local_source_enabled
R-Q-SL-05-008-04-wikimedia,Q-SL-05-008-04,SL-05-008,wikimedia,2,pending,historical_query
R-Q-SL-05-008-04-general-web,Q-SL-05-008-04,SL-05-008,general_web,3,pending,baseline
R-Q-SL-05-008-04-image-search,Q-SL-05-008-04,SL-05-008,image_search,4,pending,baseline
R-Q-SL-05-008-05-local-folder,Q-SL-05-008-05,SL-05-008,local_folder,1,pending,local_source_enabled
R-Q-SL-05-008-05-general-web,Q-SL-05-008-05,SL-05-008,general_web,3,pending,baseline
R-Q-SL-05-008-05-image-search,Q-SL-05-008-05,SL-05-008,image_search,4,pending,baseline
R-Q-SL-05-009-01-local-folder,Q-SL-05-009-01,SL-05-009,local_folder,1,pending,local_source_enabled
R-Q-SL-05-009-01-general-web,Q-SL-05-009-01,SL-05-009,general_web,3,pending,baseline
R-Q-SL-05-009-01-image-search,Q-SL-05-009-01,SL-05-009,image_search,4,pending,baseline
R-Q-SL-05-009-02-local-folder,Q-SL-05-009-02,SL-05-009,local_folder,1,pending,local_source_enabled
R-Q-SL-05-009-02-general-web,Q-SL-05-009-02,SL-05-009,general_web,3,pending,baseline
R-Q-SL-05-009-02-image-search,Q-SL-05-009-02,SL-05-009,image_search,4,pending,baseline
R-Q-SL-05-009-03-local-folder,Q-SL-05-009-03,SL-05-009,local_folder,1,pending,local_source_enabled
R-Q-SL-05-009-03-general-web,Q-SL-05-009-03,SL-05-009,general_web,3,pending,baseline
R-Q-SL-05-009-03-image-search,Q-SL-05-009-03,SL-05-009,image_search,4,pending,baseline
R-Q-SL-05-009-04-local-folder,Q-SL-05-009-04,SL-05-009,local_folder,1,pending,local_source_enabled
R-Q-SL-05-009-04-wikimedia,Q-SL-05-009-04,SL-05-009,wikimedia,2,pending,historical_query
R-Q-SL-05-009-04-general-web,Q-SL-05-009-04,SL-05-009,general_web,3,pending,baseline
R-Q-SL-05-009-04-image-search,Q-SL-05-009-04,SL-05-009,image_search,4,pending,baseline
R-Q-SL-05-009-05-local-folder,Q-SL-05-009-05,SL-05-009,local_folder,1,pending,local_source_enabled
R-Q-SL-05-009-05-general-web,Q-SL-05-009-05,SL-05-009,general_web,3,pending,baseline
R-Q-SL-05-009-05-image-search,Q-SL-05-009-05,SL-05-009,image_search,4,pending,baseline
R-Q-SL-05-010-01-local-folder,Q-SL-05-010-01,SL-05-010,local_folder,1,pending,local_source_enabled
R-Q-SL-05-010-01-wikimedia,Q-SL-05-010-01,SL-05-010,wikimedia,2,pending,category_rule
R-Q-SL-05-010-01-general-web,Q-SL-05-010-01,SL-05-010,general_web,3,pending,baseline
R-Q-SL-05-010-01-image-search,Q-SL-05-010-01,SL-05-010,image_search,4,pending,baseline
R-Q-SL-05-010-02-local-folder,Q-SL-05-010-02,SL-05-010,local_folder,1,pending,local_source_enabled
R-Q-SL-05-010-02-wikimedia,Q-SL-05-010-02,SL-05-010,wikimedia,2,pending,category_rule
R-Q-SL-05-010-02-general-web,Q-SL-05-010-02,SL-05-010,general_web,3,pending,baseline
R-Q-SL-05-010-02-image-search,Q-SL-05-010-02,SL-05-010,image_search,4,pending,baseline
R-Q-SL-05-010-03-local-folder,Q-SL-05-010-03,SL-05-010,local_folder,1,pending,local_source_enabled
R-Q-SL-05-010-03-wikimedia,Q-SL-05-010-03,SL-05-010,wikimedia,2,pending,category_rule
R-Q-SL-05-010-03-general-web,Q-SL-05-010-03,SL-05-010,general_web,3,pending,baseline
R-Q-SL-05-010-03-image-search,Q-SL-05-010-03,SL-05-010,image_search,4,pending,baseline
R-Q-SL-05-010-04-local-folder,Q-SL-05-010-04,SL-05-010,local_folder,1,pending,local_source_enabled
R-Q-SL-05-010-04-wikimedia,Q-SL-05-010-04,SL-05-010,wikimedia,2,pending,category_rule
R-Q-SL-05-010-04-general-web,Q-SL-05-010-04,SL-05-010,general_web,3,pending,baseline
R-Q-SL-05-010-04-image-search,Q-SL-05-010-04,SL-05-010,image_search,4,pending,baseline
R-Q-SL-05-010-05-local-folder,Q-SL-05-010-05,SL-05-010,local_folder,1,pending,local_source_enabled
R-Q-SL-05-010-05-wikimedia,Q-SL-05-010-05,SL-05-010,wikimedia,2,pending,"category_rule,historical_query"
R-Q-SL-05-010-05-general-web,Q-SL-05-010-05,SL-05-010,general_web,3,pending,baseline
R-Q-SL-05-010-05-image-search,Q-SL-05-010-05,SL-05-010,image_search,4,pending,baseline
R-Q-SL-05-011-01-local-folder,Q-SL-05-011-01,SL-05-011,local_folder,1,pending,local_source_enabled
R-Q-SL-05-011-01-general-web,Q-SL-05-011-01,SL-05-011,general_web,3,pending,baseline
R-Q-SL-05-011-01-image-search,Q-SL-05-011-01,SL-05-011,image_search,4,pending,baseline
R-Q-SL-05-011-02-local-folder,Q-SL-05-011-02,SL-05-011,local_folder,1,pending,local_source_enabled
R-Q-SL-05-011-02-general-web,Q-SL-05-011-02,SL-05-011,general_web,3,pending,baseline
R-Q-SL-05-011-02-image-search,Q-SL-05-011-02,SL-05-011,image_search,4,pending,baseline
R-Q-SL-05-011-03-local-folder,Q-SL-05-011-03,SL-05-011,local_folder,1,pending,local_source_enabled
R-Q-SL-05-011-03-general-web,Q-SL-05-011-03,SL-05-011,general_web,3,pending,baseline
R-Q-SL-05-011-03-image-search,Q-SL-05-011-03,SL-05-011,image_search,4,pending,baseline
R-Q-SL-05-011-04-local-folder,Q-SL-05-011-04,SL-05-011,local_folder,1,pending,local_source_enabled
R-Q-SL-05-011-04-wikimedia,Q-SL-05-011-04,SL-05-011,wikimedia,2,pending,historical_query
R-Q-SL-05-011-04-general-web,Q-SL-05-011-04,SL-05-011,general_web,3,pending,baseline
R-Q-SL-05-011-04-image-search,Q-SL-05-011-04,SL-05-011,image_search,4,pending,baseline
R-Q-SL-05-011-05-local-folder,Q-SL-05-011-05,SL-05-011,local_folder,1,pending,local_source_enabled
R-Q-SL-05-011-05-wikimedia,Q-SL-05-011-05,SL-05-011,wikimedia,2,pending,historical_query
R-Q-SL-05-011-05-general-web,Q-SL-05-011-05,SL-05-011,general_web,3,pending,baseline
R-Q-SL-05-011-05-image-search,Q-SL-05-011-05,SL-05-011,image_search,4,pending,baseline
R-Q-SL-05-012-01-local-folder,Q-SL-05-012-01,SL-05-012,local_folder,1,pending,local_source_enabled
R-Q-SL-05-012-01-wikimedia,Q-SL-05-012-01,SL-05-012,wikimedia,2,pending,historical_query
R-Q-SL-05-012-01-general-web,Q-SL-05-012-01,SL-05-012,general_web,3,pending,baseline
R-Q-SL-05-012-01-image-search,Q-SL-05-012-01,SL-05-012,image_search,4,pending,baseline
R-Q-SL-05-012-02-local-folder,Q-SL-05-012-02,SL-05-012,local_folder,1,pending,local_source_enabled
R-Q-SL-05-012-02-wikimedia,Q-SL-05-012-02,SL-05-012,wikimedia,2,pending,historical_query
R-Q-SL-05-012-02-general-web,Q-SL-05-012-02,SL-05-012,general_web,3,pending,baseline
R-Q-SL-05-012-02-image-search,Q-SL-05-012-02,SL-05-012,image_search,4,pending,baseline
R-Q-SL-05-012-03-local-folder,Q-SL-05-012-03,SL-05-012,local_folder,1,pending,local_source_enabled
R-Q-SL-05-012-03-wikimedia,Q-SL-05-012-03,SL-05-012,wikimedia,2,pending,historical_query
R-Q-SL-05-012-03-general-web,Q-SL-05-012-03,SL-05-012,general_web,3,pending,baseline
R-Q-SL-05-012-03-image-search,Q-SL-05-012-03,SL-05-012,image_search,4,pending,baseline
R-Q-SL-05-012-04-local-folder,Q-SL-05-012-04,SL-05-012,local_folder,1,pending,local_source_enabled
R-Q-SL-05-012-04-wikimedia,Q-SL-05-012-04,SL-05-012,wikimedia,2,pending,historical_query
R-Q-SL-05-012-04-general-web,Q-SL-05-012-04,SL-05-012,general_web,3,pending,baseline
R-Q-SL-05-012-04-image-search,Q-SL-05-012-04,SL-05-012,image_search,4,pending,baseline
R-Q-SL-05-012-05-local-folder,Q-SL-05-012-05,SL-05-012,local_folder,1,pending,local_source_enabled
R-Q-SL-05-012-05-wikimedia,Q-SL-05-012-05,SL-05-012,wikimedia,2,pending,historical_query
R-Q-SL-05-012-05-general-web,Q-SL-05-012-05,SL-05-012,general_web,3,pending,baseline
R-Q-SL-05-012-05-image-search,Q-SL-05-012-05,SL-05-012,image_search,4,pending,baseline
R-Q-SL-05-013-01-local-folder,Q-SL-05-013-01,SL-05-013,local_folder,1,pending,local_source_enabled
R-Q-SL-05-013-01-general-web,Q-SL-05-013-01,SL-05-013,general_web,3,pending,baseline
R-Q-SL-05-013-01-image-search,Q-SL-05-013-01,SL-05-013,image_search,4,pending,baseline
R-Q-SL-05-013-02-local-folder,Q-SL-05-013-02,SL-05-013,local_folder,1,pending,local_source_enabled
R-Q-SL-05-013-02-general-web,Q-SL-05-013-02,SL-05-013,general_web,3,pending,baseline
R-Q-SL-05-013-02-image-search,Q-SL-05-013-02,SL-05-013,image_search,4,pending,baseline
R-Q-SL-05-013-03-local-folder,Q-SL-05-013-03,SL-05-013,local_folder,1,pending,local_source_enabled
R-Q-SL-05-013-03-general-web,Q-SL-05-013-03,SL-05-013,general_web,3,pending,baseline
R-Q-SL-05-013-03-image-search,Q-SL-05-013-03,SL-05-013,image_search,4,pending,baseline
R-Q-SL-05-013-04-local-folder,Q-SL-05-013-04,SL-05-013,local_folder,1,pending,local_source_enabled
R-Q-SL-05-013-04-wikimedia,Q-SL-05-013-04,SL-05-013,wikimedia,2,pending,historical_query
R-Q-SL-05-013-04-general-web,Q-SL-05-013-04,SL-05-013,general_web,3,pending,baseline
R-Q-SL-05-013-04-image-search,Q-SL-05-013-04,SL-05-013,image_search,4,pending,baseline
R-Q-SL-05-013-05-local-folder,Q-SL-05-013-05,SL-05-013,local_folder,1,pending,local_source_enabled
R-Q-SL-05-013-05-general-web,Q-SL-05-013-05,SL-05-013,general_web,3,pending,baseline
R-Q-SL-05-013-05-image-search,Q-SL-05-013-05,SL-05-013,image_search,4,pending,baseline
R-Q-SL-05-014-01-local-folder,Q-SL-05-014-01,SL-05-014,local_folder,1,pending,local_source_enabled
R-Q-SL-05-014-01-general-web,Q-SL-05-014-01,SL-05-014,general_web,3,pending,baseline
R-Q-SL-05-014-01-image-search,Q-SL-05-014-01,SL-05-014,image_search,4,pending,baseline
R-Q-SL-05-014-02-local-folder,Q-SL-05-014-02,SL-05-014,local_folder,1,pending,local_source_enabled
R-Q-SL-05-014-02-general-web,Q-SL-05-014-02,SL-05-014,general_web,3,pending,baseline
R-Q-SL-05-014-02-image-search,Q-SL-05-014-02,SL-05-014,image_search,4,pending,baseline
R-Q-SL-05-014-03-local-folder,Q-SL-05-014-03,SL-05-014,local_folder,1,pending,local_source_enabled
R-Q-SL-05-014-03-general-web,Q-SL-05-014-03,SL-05-014,general_web,3,pending,baseline
R-Q-SL-05-014-03-image-search,Q-SL-05-014-03,SL-05-014,image_search,4,pending,baseline
R-Q-SL-05-014-04-local-folder,Q-SL-05-014-04,SL-05-014,local_folder,1,pending,local_source_enabled
R-Q-SL-05-014-04-wikimedia,Q-SL-05-014-04,SL-05-014,wikimedia,2,pending,historical_query
R-Q-SL-05-014-04-general-web,Q-SL-05-014-04,SL-05-014,general_web,3,pending,baseline
R-Q-SL-05-014-04-image-search,Q-SL-05-014-04,SL-05-014,image_search,4,pending,baseline
R-Q-SL-05-014-05-local-folder,Q-SL-05-014-05,SL-05-014,local_folder,1,pending,local_source_enabled
R-Q-SL-05-014-05-wikimedia,Q-SL-05-014-05,SL-05-014,wikimedia,2,pending,historical_query
R-Q-SL-05-014-05-general-web,Q-SL-05-014-05,SL-05-014,general_web,3,pending,baseline
R-Q-SL-05-014-05-image-search,Q-SL-05-014-05,SL-05-014,image_search,4,pending,baseline
R-Q-SL-05-015-01-local-folder,Q-SL-05-015-01,SL-05-015,local_folder,1,pending,local_source_enabled
R-Q-SL-05-015-01-wikimedia,Q-SL-05-015-01,SL-05-015,wikimedia,2,pending,historical_query
R-Q-SL-05-015-01-general-web,Q-SL-05-015-01,SL-05-015,general_web,3,pending,baseline
R-Q-SL-05-015-01-image-search,Q-SL-05-015-01,SL-05-015,image_search,4,pending,baseline
R-Q-SL-05-015-02-local-folder,Q-SL-05-015-02,SL-05-015,local_folder,1,pending,local_source_enabled
R-Q-SL-05-015-02-wikimedia,Q-SL-05-015-02,SL-05-015,wikimedia,2,pending,historical_query
R-Q-SL-05-015-02-general-web,Q-SL-05-015-02,SL-05-015,general_web,3,pending,baseline
R-Q-SL-05-015-02-image-search,Q-SL-05-015-02,SL-05-015,image_search,4,pending,baseline
R-Q-SL-05-015-03-local-folder,Q-SL-05-015-03,SL-05-015,local_folder,1,pending,local_source_enabled
R-Q-SL-05-015-03-wikimedia,Q-SL-05-015-03,SL-05-015,wikimedia,2,pending,historical_query
R-Q-SL-05-015-03-general-web,Q-SL-05-015-03,SL-05-015,general_web,3,pending,baseline
R-Q-SL-05-015-03-image-search,Q-SL-05-015-03,SL-05-015,image_search,4,pending,baseline
R-Q-SL-05-015-04-local-folder,Q-SL-05-015-04,SL-05-015,local_folder,1,pending,local_source_enabled
R-Q-SL-05-015-04-wikimedia,Q-SL-05-015-04,SL-05-015,wikimedia,2,pending,historical_query
R-Q-SL-05-015-04-general-web,Q-SL-05-015-04,SL-05-015,general_web,3,pending,baseline
R-Q-SL-05-015-04-image-search,Q-SL-05-015-04,SL-05-015,image_search,4,pending,baseline
R-Q-SL-05-015-05-local-folder,Q-SL-05-015-05,SL-05-015,local_folder,1,pending,local_source_enabled
R-Q-SL-05-015-05-wikimedia,Q-SL-05-015-05,SL-05-015,wikimedia,2,pending,historical_query
R-Q-SL-05-015-05-general-web,Q-SL-05-015-05,SL-05-015,general_web,3,pending,baseline
R-Q-SL-05-015-05-image-search,Q-SL-05-015-05,SL-05-015,image_search,4,pending,baseline
R-Q-SL-05-016-01-local-folder,Q-SL-05-016-01,SL-05-016,local_folder,1,pending,local_source_enabled
R-Q-SL-05-016-01-general-web,Q-SL-05-016-01,SL-05-016,general_web,3,pending,baseline
R-Q-SL-05-016-01-image-search,Q-SL-05-016-01,SL-05-016,image_search,4,pending,baseline
R-Q-SL-05-016-02-local-folder,Q-SL-05-016-02,SL-05-016,local_folder,1,pending,local_source_enabled
R-Q-SL-05-016-02-general-web,Q-SL-05-016-02,SL-05-016,general_web,3,pending,baseline
R-Q-SL-05-016-02-image-search,Q-SL-05-016-02,SL-05-016,image_search,4,pending,baseline
R-Q-SL-05-016-03-local-folder,Q-SL-05-016-03,SL-05-016,local_folder,1,pending,local_source_enabled
R-Q-SL-05-016-03-general-web,Q-SL-05-016-03,SL-05-016,general_web,3,pending,baseline
R-Q-SL-05-016-03-image-search,Q-SL-05-016-03,SL-05-016,image_search,4,pending,baseline
R-Q-SL-05-016-04-local-folder,Q-SL-05-016-04,SL-05-016,local_folder,1,pending,local_source_enabled
R-Q-SL-05-016-04-wikimedia,Q-SL-05-016-04,SL-05-016,wikimedia,2,pending,historical_query
R-Q-SL-05-016-04-general-web,Q-SL-05-016-04,SL-05-016,general_web,3,pending,baseline
R-Q-SL-05-016-04-image-search,Q-SL-05-016-04,SL-05-016,image_search,4,pending,baseline
R-Q-SL-05-016-05-local-folder,Q-SL-05-016-05,SL-05-016,local_folder,1,pending,local_source_enabled
R-Q-SL-05-016-05-general-web,Q-SL-05-016-05,SL-05-016,general_web,3,pending,baseline
R-Q-SL-05-016-05-image-search,Q-SL-05-016-05,SL-05-016,image_search,4,pending,baseline
R-Q-SL-05-017-01-local-folder,Q-SL-05-017-01,SL-05-017,local_folder,1,pending,local_source_enabled
R-Q-SL-05-017-01-general-web,Q-SL-05-017-01,SL-05-017,general_web,3,pending,baseline
R-Q-SL-05-017-01-image-search,Q-SL-05-017-01,SL-05-017,image_search,4,pending,baseline
R-Q-SL-05-017-02-local-folder,Q-SL-05-017-02,SL-05-017,local_folder,1,pending,local_source_enabled
R-Q-SL-05-017-02-general-web,Q-SL-05-017-02,SL-05-017,general_web,3,pending,baseline
R-Q-SL-05-017-02-image-search,Q-SL-05-017-02,SL-05-017,image_search,4,pending,baseline
R-Q-SL-05-017-03-local-folder,Q-SL-05-017-03,SL-05-017,local_folder,1,pending,local_source_enabled
R-Q-SL-05-017-03-general-web,Q-SL-05-017-03,SL-05-017,general_web,3,pending,baseline
R-Q-SL-05-017-03-image-search,Q-SL-05-017-03,SL-05-017,image_search,4,pending,baseline
R-Q-SL-05-017-04-local-folder,Q-SL-05-017-04,SL-05-017,local_folder,1,pending,local_source_enabled
R-Q-SL-05-017-04-wikimedia,Q-SL-05-017-04,SL-05-017,wikimedia,2,pending,historical_query
R-Q-SL-05-017-04-general-web,Q-SL-05-017-04,SL-05-017,general_web,3,pending,baseline
R-Q-SL-05-017-04-image-search,Q-SL-05-017-04,SL-05-017,image_search,4,pending,baseline
R-Q-SL-05-017-05-local-folder,Q-SL-05-017-05,SL-05-017,local_folder,1,pending,local_source_enabled
R-Q-SL-05-017-05-wikimedia,Q-SL-05-017-05,SL-05-017,wikimedia,2,pending,historical_query
R-Q-SL-05-017-05-general-web,Q-SL-05-017-05,SL-05-017,general_web,3,pending,baseline
R-Q-SL-05-017-05-image-search,Q-SL-05-017-05,SL-05-017,image_search,4,pending,baseline
R-Q-SL-05-018-01-local-folder,Q-SL-05-018-01,SL-05-018,local_folder,1,pending,local_source_enabled
R-Q-SL-05-018-01-wikimedia,Q-SL-05-018-01,SL-05-018,wikimedia,2,pending,historical_query
R-Q-SL-05-018-01-general-web,Q-SL-05-018-01,SL-05-018,general_web,3,pending,baseline
R-Q-SL-05-018-01-image-search,Q-SL-05-018-01,SL-05-018,image_search,4,pending,baseline
R-Q-SL-05-018-02-local-folder,Q-SL-05-018-02,SL-05-018,local_folder,1,pending,local_source_enabled
R-Q-SL-05-018-02-wikimedia,Q-SL-05-018-02,SL-05-018,wikimedia,2,pending,historical_query
R-Q-SL-05-018-02-general-web,Q-SL-05-018-02,SL-05-018,general_web,3,pending,baseline
R-Q-SL-05-018-02-image-search,Q-SL-05-018-02,SL-05-018,image_search,4,pending,baseline
R-Q-SL-05-018-03-local-folder,Q-SL-05-018-03,SL-05-018,local_folder,1,pending,local_source_enabled
R-Q-SL-05-018-03-wikimedia,Q-SL-05-018-03,SL-05-018,wikimedia,2,pending,historical_query
R-Q-SL-05-018-03-general-web,Q-SL-05-018-03,SL-05-018,general_web,3,pending,baseline
R-Q-SL-05-018-03-image-search,Q-SL-05-018-03,SL-05-018,image_search,4,pending,baseline
R-Q-SL-05-018-04-local-folder,Q-SL-05-018-04,SL-05-018,local_folder,1,pending,local_source_enabled
R-Q-SL-05-018-04-wikimedia,Q-SL-05-018-04,SL-05-018,wikimedia,2,pending,historical_query
R-Q-SL-05-018-04-general-web,Q-SL-05-018-04,SL-05-018,general_web,3,pending,baseline
R-Q-SL-05-018-04-image-search,Q-SL-05-018-04,SL-05-018,image_search,4,pending,baseline
R-Q-SL-05-018-05-local-folder,Q-SL-05-018-05,SL-05-018,local_folder,1,pending,local_source_enabled
R-Q-SL-05-018-05-wikimedia,Q-SL-05-018-05,SL-05-018,wikimedia,2,pending,historical_query
R-Q-SL-05-018-05-general-web,Q-SL-05-018-05,SL-05-018,general_web,3,pending,baseline
R-Q-SL-05-018-05-image-search,Q-SL-05-018-05,SL-05-018,image_search,4,pending,baseline
R-Q-SL-05-019-01-local-folder,Q-SL-05-019-01,SL-05-019,local_folder,1,pending,local_source_enabled
R-Q-SL-05-019-01-general-web,Q-SL-05-019-01,SL-05-019,general_web,3,pending,baseline
R-Q-SL-05-019-01-image-search,Q-SL-05-019-01,SL-05-019,image_search,4,pending,baseline
R-Q-SL-05-019-02-local-folder,Q-SL-05-019-02,SL-05-019,local_folder,1,pending,local_source_enabled
R-Q-SL-05-019-02-general-web,Q-SL-05-019-02,SL-05-019,general_web,3,pending,baseline
R-Q-SL-05-019-02-image-search,Q-SL-05-019-02,SL-05-019,image_search,4,pending,baseline
R-Q-SL-05-019-03-local-folder,Q-SL-05-019-03,SL-05-019,local_folder,1,pending,local_source_enabled
R-Q-SL-05-019-03-general-web,Q-SL-05-019-03,SL-05-019,general_web,3,pending,baseline
R-Q-SL-05-019-03-image-search,Q-SL-05-019-03,SL-05-019,image_search,4,pending,baseline
R-Q-SL-05-019-04-local-folder,Q-SL-05-019-04,SL-05-019,local_folder,1,pending,local_source_enabled
R-Q-SL-05-019-04-wikimedia,Q-SL-05-019-04,SL-05-019,wikimedia,2,pending,historical_query
R-Q-SL-05-019-04-general-web,Q-SL-05-019-04,SL-05-019,general_web,3,pending,baseline
R-Q-SL-05-019-04-image-search,Q-SL-05-019-04,SL-05-019,image_search,4,pending,baseline
R-Q-SL-05-019-05-local-folder,Q-SL-05-019-05,SL-05-019,local_folder,1,pending,local_source_enabled
R-Q-SL-05-019-05-general-web,Q-SL-05-019-05,SL-05-019,general_web,3,pending,baseline
R-Q-SL-05-019-05-image-search,Q-SL-05-019-05,SL-05-019,image_search,4,pending,baseline
R-Q-SL-05-020-01-local-folder,Q-SL-05-020-01,SL-05-020,local_folder,1,pending,local_source_enabled
R-Q-SL-05-020-01-general-web,Q-SL-05-020-01,SL-05-020,general_web,3,pending,baseline
R-Q-SL-05-020-01-image-search,Q-SL-05-020-01,SL-05-020,image_search,4,pending,baseline
R-Q-SL-05-020-02-local-folder,Q-SL-05-020-02,SL-05-020,local_folder,1,pending,local_source_enabled
R-Q-SL-05-020-02-general-web,Q-SL-05-020-02,SL-05-020,general_web,3,pending,baseline
R-Q-SL-05-020-02-image-search,Q-SL-05-020-02,SL-05-020,image_search,4,pending,baseline
R-Q-SL-05-020-03-local-folder,Q-SL-05-020-03,SL-05-020,local_folder,1,pending,local_source_enabled
R-Q-SL-05-020-03-general-web,Q-SL-05-020-03,SL-05-020,general_web,3,pending,baseline
R-Q-SL-05-020-03-image-search,Q-SL-05-020-03,SL-05-020,image_search,4,pending,baseline
R-Q-SL-05-020-04-local-folder,Q-SL-05-020-04,SL-05-020,local_folder,1,pending,local_source_enabled
R-Q-SL-05-020-04-wikimedia,Q-SL-05-020-04,SL-05-020,wikimedia,2,pending,historical_query
R-Q-SL-05-020-04-general-web,Q-SL-05-020-04,SL-05-020,general_web,3,pending,baseline
R-Q-SL-05-020-04-image-search,Q-SL-05-020-04,SL-05-020,image_search,4,pending,baseline
R-Q-SL-05-020-05-local-folder,Q-SL-05-020-05,SL-05-020,local_folder,1,pending,local_source_enabled
R-Q-SL-05-020-05-wikimedia,Q-SL-05-020-05,SL-05-020,wikimedia,2,pending,historical_query
R-Q-SL-05-020-05-general-web,Q-SL-05-020-05,SL-05-020,general_web,3,pending,baseline
R-Q-SL-05-020-05-image-search,Q-SL-05-020-05,SL-05-020,image_search,4,pending,baseline
R-Q-SL-05-021-01-local-folder,Q-SL-05-021-01,SL-05-021,local_folder,1,pending,local_source_enabled
R-Q-SL-05-021-01-wikimedia,Q-SL-05-021-01,SL-05-021,wikimedia,2,pending,historical_query
R-Q-SL-05-021-01-general-web,Q-SL-05-021-01,SL-05-021,general_web,3,pending,baseline
R-Q-SL-05-021-01-image-search,Q-SL-05-021-01,SL-05-021,image_search,4,pending,baseline
R-Q-SL-05-021-02-local-folder,Q-SL-05-021-02,SL-05-021,local_folder,1,pending,local_source_enabled
R-Q-SL-05-021-02-wikimedia,Q-SL-05-021-02,SL-05-021,wikimedia,2,pending,historical_query
R-Q-SL-05-021-02-general-web,Q-SL-05-021-02,SL-05-021,general_web,3,pending,baseline
R-Q-SL-05-021-02-image-search,Q-SL-05-021-02,SL-05-021,image_search,4,pending,baseline
R-Q-SL-05-021-03-local-folder,Q-SL-05-021-03,SL-05-021,local_folder,1,pending,local_source_enabled
R-Q-SL-05-021-03-wikimedia,Q-SL-05-021-03,SL-05-021,wikimedia,2,pending,historical_query
R-Q-SL-05-021-03-general-web,Q-SL-05-021-03,SL-05-021,general_web,3,pending,baseline
R-Q-SL-05-021-03-image-search,Q-SL-05-021-03,SL-05-021,image_search,4,pending,baseline
R-Q-SL-05-021-04-local-folder,Q-SL-05-021-04,SL-05-021,local_folder,1,pending,local_source_enabled
R-Q-SL-05-021-04-wikimedia,Q-SL-05-021-04,SL-05-021,wikimedia,2,pending,historical_query
R-Q-SL-05-021-04-general-web,Q-SL-05-021-04,SL-05-021,general_web,3,pending,baseline
R-Q-SL-05-021-04-image-search,Q-SL-05-021-04,SL-05-021,image_search,4,pending,baseline
R-Q-SL-05-021-05-local-folder,Q-SL-05-021-05,SL-05-021,local_folder,1,pending,local_source_enabled
R-Q-SL-05-021-05-wikimedia,Q-SL-05-021-05,SL-05-021,wikimedia,2,pending,historical_query
R-Q-SL-05-021-05-general-web,Q-SL-05-021-05,SL-05-021,general_web,3,pending,baseline
R-Q-SL-05-021-05-image-search,Q-SL-05-021-05,SL-05-021,image_search,4,pending,baseline
R-Q-SL-05-022-01-local-folder,Q-SL-05-022-01,SL-05-022,local_folder,1,pending,local_source_enabled
R-Q-SL-05-022-01-general-web,Q-SL-05-022-01,SL-05-022,general_web,3,pending,baseline
R-Q-SL-05-022-01-image-search,Q-SL-05-022-01,SL-05-022,image_search,4,pending,baseline
R-Q-SL-05-022-02-local-folder,Q-SL-05-022-02,SL-05-022,local_folder,1,pending,local_source_enabled
R-Q-SL-05-022-02-general-web,Q-SL-05-022-02,SL-05-022,general_web,3,pending,baseline
R-Q-SL-05-022-02-image-search,Q-SL-05-022-02,SL-05-022,image_search,4,pending,baseline
R-Q-SL-05-022-03-local-folder,Q-SL-05-022-03,SL-05-022,local_folder,1,pending,local_source_enabled
R-Q-SL-05-022-03-general-web,Q-SL-05-022-03,SL-05-022,general_web,3,pending,baseline
R-Q-SL-05-022-03-image-search,Q-SL-05-022-03,SL-05-022,image_search,4,pending,baseline
R-Q-SL-05-022-04-local-folder,Q-SL-05-022-04,SL-05-022,local_folder,1,pending,local_source_enabled
R-Q-SL-05-022-04-wikimedia,Q-SL-05-022-04,SL-05-022,wikimedia,2,pending,historical_query
R-Q-SL-05-022-04-general-web,Q-SL-05-022-04,SL-05-022,general_web,3,pending,baseline
R-Q-SL-05-022-04-image-search,Q-SL-05-022-04,SL-05-022,image_search,4,pending,baseline
R-Q-SL-05-022-05-local-folder,Q-SL-05-022-05,SL-05-022,local_folder,1,pending,local_source_enabled
R-Q-SL-05-022-05-general-web,Q-SL-05-022-05,SL-05-022,general_web,3,pending,baseline
R-Q-SL-05-022-05-image-search,Q-SL-05-022-05,SL-05-022,image_search,4,pending,baseline
R-Q-SL-05-023-01-local-folder,Q-SL-05-023-01,SL-05-023,local_folder,1,pending,local_source_enabled
R-Q-SL-05-023-01-wikimedia,Q-SL-05-023-01,SL-05-023,wikimedia,2,pending,historical_query
R-Q-SL-05-023-01-general-web,Q-SL-05-023-01,SL-05-023,general_web,3,pending,baseline
R-Q-SL-05-023-01-image-search,Q-SL-05-023-01,SL-05-023,image_search,4,pending,baseline
R-Q-SL-05-023-02-local-folder,Q-SL-05-023-02,SL-05-023,local_folder,1,pending,local_source_enabled
R-Q-SL-05-023-02-wikimedia,Q-SL-05-023-02,SL-05-023,wikimedia,2,pending,historical_query
R-Q-SL-05-023-02-general-web,Q-SL-05-023-02,SL-05-023,general_web,3,pending,baseline
R-Q-SL-05-023-02-image-search,Q-SL-05-023-02,SL-05-023,image_search,4,pending,baseline
R-Q-SL-05-023-03-local-folder,Q-SL-05-023-03,SL-05-023,local_folder,1,pending,local_source_enabled
R-Q-SL-05-023-03-wikimedia,Q-SL-05-023-03,SL-05-023,wikimedia,2,pending,historical_query
R-Q-SL-05-023-03-general-web,Q-SL-05-023-03,SL-05-023,general_web,3,pending,baseline
R-Q-SL-05-023-03-image-search,Q-SL-05-023-03,SL-05-023,image_search,4,pending,baseline
R-Q-SL-05-023-04-local-folder,Q-SL-05-023-04,SL-05-023,local_folder,1,pending,local_source_enabled
R-Q-SL-05-023-04-wikimedia,Q-SL-05-023-04,SL-05-023,wikimedia,2,pending,historical_query
R-Q-SL-05-023-04-general-web,Q-SL-05-023-04,SL-05-023,general_web,3,pending,baseline
R-Q-SL-05-023-04-image-search,Q-SL-05-023-04,SL-05-023,image_search,4,pending,baseline
R-Q-SL-05-023-05-local-folder,Q-SL-05-023-05,SL-05-023,local_folder,1,pending,local_source_enabled
R-Q-SL-05-023-05-wikimedia,Q-SL-05-023-05,SL-05-023,wikimedia,2,pending,historical_query
R-Q-SL-05-023-05-general-web,Q-SL-05-023-05,SL-05-023,general_web,3,pending,baseline
R-Q-SL-05-023-05-image-search,Q-SL-05-023-05,SL-05-023,image_search,4,pending,baseline
R-Q-SL-05-024-01-local-folder,Q-SL-05-024-01,SL-05-024,local_folder,1,pending,local_source_enabled
R-Q-SL-05-024-01-general-web,Q-SL-05-024-01,SL-05-024,general_web,3,pending,baseline
R-Q-SL-05-024-01-image-search,Q-SL-05-024-01,SL-05-024,image_search,4,pending,baseline
R-Q-SL-05-024-02-local-folder,Q-SL-05-024-02,SL-05-024,local_folder,1,pending,local_source_enabled
R-Q-SL-05-024-02-general-web,Q-SL-05-024-02,SL-05-024,general_web,3,pending,baseline
R-Q-SL-05-024-02-image-search,Q-SL-05-024-02,SL-05-024,image_search,4,pending,baseline
R-Q-SL-05-024-03-local-folder,Q-SL-05-024-03,SL-05-024,local_folder,1,pending,local_source_enabled
R-Q-SL-05-024-03-general-web,Q-SL-05-024-03,SL-05-024,general_web,3,pending,baseline
R-Q-SL-05-024-03-image-search,Q-SL-05-024-03,SL-05-024,image_search,4,pending,baseline
R-Q-SL-05-024-04-local-folder,Q-SL-05-024-04,SL-05-024,local_folder,1,pending,local_source_enabled
R-Q-SL-05-024-04-general-web,Q-SL-05-024-04,SL-05-024,general_web,3,pending,baseline
R-Q-SL-05-024-04-image-search,Q-SL-05-024-04,SL-05-024,image_search,4,pending,baseline
R-Q-SL-05-024-05-local-folder,Q-SL-05-024-05,SL-05-024,local_folder,1,pending,local_source_enabled
R-Q-SL-05-024-05-general-web,Q-SL-05-024-05,SL-05-024,general_web,3,pending,baseline
R-Q-SL-05-024-05-image-search,Q-SL-05-024-05,SL-05-024,image_search,4,pending,baseline
R-Q-SL-05-025-01-local-folder,Q-SL-05-025-01,SL-05-025,local_folder,1,pending,local_source_enabled
R-Q-SL-05-025-01-general-web,Q-SL-05-025-01,SL-05-025,general_web,3,pending,baseline
R-Q-SL-05-025-01-image-search,Q-SL-05-025-01,SL-05-025,image_search,4,pending,baseline
R-Q-SL-05-025-02-local-folder,Q-SL-05-025-02,SL-05-025,local_folder,1,pending,local_source_enabled
R-Q-SL-05-025-02-general-web,Q-SL-05-025-02,SL-05-025,general_web,3,pending,baseline
R-Q-SL-05-025-02-image-search,Q-SL-05-025-02,SL-05-025,image_search,4,pending,baseline
R-Q-SL-05-025-03-local-folder,Q-SL-05-025-03,SL-05-025,local_folder,1,pending,local_source_enabled
R-Q-SL-05-025-03-general-web,Q-SL-05-025-03,SL-05-025,general_web,3,pending,baseline
R-Q-SL-05-025-03-image-search,Q-SL-05-025-03,SL-05-025,image_search,4,pending,baseline
R-Q-SL-05-025-04-local-folder,Q-SL-05-025-04,SL-05-025,local_folder,1,pending,local_source_enabled
R-Q-SL-05-025-04-general-web,Q-SL-05-025-04,SL-05-025,general_web,3,pending,baseline
R-Q-SL-05-025-04-image-search,Q-SL-05-025-04,SL-05-025,image_search,4,pending,baseline
R-Q-SL-05-025-05-local-folder,Q-SL-05-025-05,SL-05-025,local_folder,1,pending,local_source_enabled
R-Q-SL-05-025-05-general-web,Q-SL-05-025-05,SL-05-025,general_web,3,pending,baseline
R-Q-SL-05-025-05-image-search,Q-SL-05-025-05,SL-05-025,image_search,4,pending,baseline
R-Q-SL-06-001-01-local-folder,Q-SL-06-001-01,SL-06-001,local_folder,1,pending,local_source_enabled
R-Q-SL-06-001-01-general-web,Q-SL-06-001-01,SL-06-001,general_web,3,pending,baseline
R-Q-SL-06-001-01-image-search,Q-SL-06-001-01,SL-06-001,image_search,4,pending,baseline
R-Q-SL-06-001-02-local-folder,Q-SL-06-001-02,SL-06-001,local_folder,1,pending,local_source_enabled
R-Q-SL-06-001-02-general-web,Q-SL-06-001-02,SL-06-001,general_web,3,pending,baseline
R-Q-SL-06-001-02-image-search,Q-SL-06-001-02,SL-06-001,image_search,4,pending,baseline
R-Q-SL-06-001-03-local-folder,Q-SL-06-001-03,SL-06-001,local_folder,1,pending,local_source_enabled
R-Q-SL-06-001-03-general-web,Q-SL-06-001-03,SL-06-001,general_web,3,pending,baseline
R-Q-SL-06-001-03-image-search,Q-SL-06-001-03,SL-06-001,image_search,4,pending,baseline
R-Q-SL-06-001-04-local-folder,Q-SL-06-001-04,SL-06-001,local_folder,1,pending,local_source_enabled
R-Q-SL-06-001-04-general-web,Q-SL-06-001-04,SL-06-001,general_web,3,pending,baseline
R-Q-SL-06-001-04-image-search,Q-SL-06-001-04,SL-06-001,image_search,4,pending,baseline
R-Q-SL-06-001-05-local-folder,Q-SL-06-001-05,SL-06-001,local_folder,1,pending,local_source_enabled
R-Q-SL-06-001-05-general-web,Q-SL-06-001-05,SL-06-001,general_web,3,pending,baseline
R-Q-SL-06-001-05-image-search,Q-SL-06-001-05,SL-06-001,image_search,4,pending,baseline
R-Q-SL-06-002-01-local-folder,Q-SL-06-002-01,SL-06-002,local_folder,1,pending,local_source_enabled
R-Q-SL-06-002-01-general-web,Q-SL-06-002-01,SL-06-002,general_web,3,pending,baseline
R-Q-SL-06-002-01-image-search,Q-SL-06-002-01,SL-06-002,image_search,4,pending,baseline
R-Q-SL-06-002-02-local-folder,Q-SL-06-002-02,SL-06-002,local_folder,1,pending,local_source_enabled
R-Q-SL-06-002-02-general-web,Q-SL-06-002-02,SL-06-002,general_web,3,pending,baseline
R-Q-SL-06-002-02-image-search,Q-SL-06-002-02,SL-06-002,image_search,4,pending,baseline
R-Q-SL-06-002-03-local-folder,Q-SL-06-002-03,SL-06-002,local_folder,1,pending,local_source_enabled
R-Q-SL-06-002-03-general-web,Q-SL-06-002-03,SL-06-002,general_web,3,pending,baseline
R-Q-SL-06-002-03-image-search,Q-SL-06-002-03,SL-06-002,image_search,4,pending,baseline
R-Q-SL-06-002-04-local-folder,Q-SL-06-002-04,SL-06-002,local_folder,1,pending,local_source_enabled
R-Q-SL-06-002-04-general-web,Q-SL-06-002-04,SL-06-002,general_web,3,pending,baseline
R-Q-SL-06-002-04-image-search,Q-SL-06-002-04,SL-06-002,image_search,4,pending,baseline
R-Q-SL-06-002-05-local-folder,Q-SL-06-002-05,SL-06-002,local_folder,1,pending,local_source_enabled
R-Q-SL-06-002-05-general-web,Q-SL-06-002-05,SL-06-002,general_web,3,pending,baseline
R-Q-SL-06-002-05-image-search,Q-SL-06-002-05,SL-06-002,image_search,4,pending,baseline
R-Q-SL-06-003-01-local-folder,Q-SL-06-003-01,SL-06-003,local_folder,1,pending,local_source_enabled
R-Q-SL-06-003-01-general-web,Q-SL-06-003-01,SL-06-003,general_web,3,pending,baseline
R-Q-SL-06-003-01-image-search,Q-SL-06-003-01,SL-06-003,image_search,4,pending,baseline
R-Q-SL-06-003-02-local-folder,Q-SL-06-003-02,SL-06-003,local_folder,1,pending,local_source_enabled
R-Q-SL-06-003-02-general-web,Q-SL-06-003-02,SL-06-003,general_web,3,pending,baseline
R-Q-SL-06-003-02-image-search,Q-SL-06-003-02,SL-06-003,image_search,4,pending,baseline
R-Q-SL-06-003-03-local-folder,Q-SL-06-003-03,SL-06-003,local_folder,1,pending,local_source_enabled
R-Q-SL-06-003-03-general-web,Q-SL-06-003-03,SL-06-003,general_web,3,pending,baseline
R-Q-SL-06-003-03-image-search,Q-SL-06-003-03,SL-06-003,image_search,4,pending,baseline
R-Q-SL-06-003-04-local-folder,Q-SL-06-003-04,SL-06-003,local_folder,1,pending,local_source_enabled
R-Q-SL-06-003-04-general-web,Q-SL-06-003-04,SL-06-003,general_web,3,pending,baseline
R-Q-SL-06-003-04-image-search,Q-SL-06-003-04,SL-06-003,image_search,4,pending,baseline
R-Q-SL-06-003-05-local-folder,Q-SL-06-003-05,SL-06-003,local_folder,1,pending,local_source_enabled
R-Q-SL-06-003-05-wikimedia,Q-SL-06-003-05,SL-06-003,wikimedia,2,pending,historical_query
R-Q-SL-06-003-05-general-web,Q-SL-06-003-05,SL-06-003,general_web,3,pending,baseline
R-Q-SL-06-003-05-image-search,Q-SL-06-003-05,SL-06-003,image_search,4,pending,baseline
R-Q-SL-06-004-01-local-folder,Q-SL-06-004-01,SL-06-004,local_folder,1,pending,local_source_enabled
R-Q-SL-06-004-01-general-web,Q-SL-06-004-01,SL-06-004,general_web,3,pending,baseline
R-Q-SL-06-004-01-image-search,Q-SL-06-004-01,SL-06-004,image_search,4,pending,baseline
R-Q-SL-06-004-02-local-folder,Q-SL-06-004-02,SL-06-004,local_folder,1,pending,local_source_enabled
R-Q-SL-06-004-02-general-web,Q-SL-06-004-02,SL-06-004,general_web,3,pending,baseline
R-Q-SL-06-004-02-image-search,Q-SL-06-004-02,SL-06-004,image_search,4,pending,baseline
R-Q-SL-06-004-03-local-folder,Q-SL-06-004-03,SL-06-004,local_folder,1,pending,local_source_enabled
R-Q-SL-06-004-03-general-web,Q-SL-06-004-03,SL-06-004,general_web,3,pending,baseline
R-Q-SL-06-004-03-image-search,Q-SL-06-004-03,SL-06-004,image_search,4,pending,baseline
R-Q-SL-06-004-04-local-folder,Q-SL-06-004-04,SL-06-004,local_folder,1,pending,local_source_enabled
R-Q-SL-06-004-04-general-web,Q-SL-06-004-04,SL-06-004,general_web,3,pending,baseline
R-Q-SL-06-004-04-image-search,Q-SL-06-004-04,SL-06-004,image_search,4,pending,baseline
R-Q-SL-06-004-05-local-folder,Q-SL-06-004-05,SL-06-004,local_folder,1,pending,local_source_enabled
R-Q-SL-06-004-05-wikimedia,Q-SL-06-004-05,SL-06-004,wikimedia,2,pending,historical_query
R-Q-SL-06-004-05-general-web,Q-SL-06-004-05,SL-06-004,general_web,3,pending,baseline
R-Q-SL-06-004-05-image-search,Q-SL-06-004-05,SL-06-004,image_search,4,pending,baseline
R-Q-SL-06-005-01-local-folder,Q-SL-06-005-01,SL-06-005,local_folder,1,pending,local_source_enabled
R-Q-SL-06-005-01-general-web,Q-SL-06-005-01,SL-06-005,general_web,3,pending,baseline
R-Q-SL-06-005-01-image-search,Q-SL-06-005-01,SL-06-005,image_search,4,pending,baseline
R-Q-SL-06-005-02-local-folder,Q-SL-06-005-02,SL-06-005,local_folder,1,pending,local_source_enabled
R-Q-SL-06-005-02-general-web,Q-SL-06-005-02,SL-06-005,general_web,3,pending,baseline
R-Q-SL-06-005-02-image-search,Q-SL-06-005-02,SL-06-005,image_search,4,pending,baseline
R-Q-SL-06-005-03-local-folder,Q-SL-06-005-03,SL-06-005,local_folder,1,pending,local_source_enabled
R-Q-SL-06-005-03-general-web,Q-SL-06-005-03,SL-06-005,general_web,3,pending,baseline
R-Q-SL-06-005-03-image-search,Q-SL-06-005-03,SL-06-005,image_search,4,pending,baseline
R-Q-SL-06-005-04-local-folder,Q-SL-06-005-04,SL-06-005,local_folder,1,pending,local_source_enabled
R-Q-SL-06-005-04-general-web,Q-SL-06-005-04,SL-06-005,general_web,3,pending,baseline
R-Q-SL-06-005-04-image-search,Q-SL-06-005-04,SL-06-005,image_search,4,pending,baseline
R-Q-SL-06-005-05-local-folder,Q-SL-06-005-05,SL-06-005,local_folder,1,pending,local_source_enabled
R-Q-SL-06-005-05-wikimedia,Q-SL-06-005-05,SL-06-005,wikimedia,2,pending,historical_query
R-Q-SL-06-005-05-general-web,Q-SL-06-005-05,SL-06-005,general_web,3,pending,baseline
R-Q-SL-06-005-05-image-search,Q-SL-06-005-05,SL-06-005,image_search,4,pending,baseline
R-Q-SL-06-006-01-local-folder,Q-SL-06-006-01,SL-06-006,local_folder,1,pending,local_source_enabled
R-Q-SL-06-006-01-general-web,Q-SL-06-006-01,SL-06-006,general_web,3,pending,baseline
R-Q-SL-06-006-01-image-search,Q-SL-06-006-01,SL-06-006,image_search,4,pending,baseline
R-Q-SL-06-006-02-local-folder,Q-SL-06-006-02,SL-06-006,local_folder,1,pending,local_source_enabled
R-Q-SL-06-006-02-general-web,Q-SL-06-006-02,SL-06-006,general_web,3,pending,baseline
R-Q-SL-06-006-02-image-search,Q-SL-06-006-02,SL-06-006,image_search,4,pending,baseline
R-Q-SL-06-006-03-local-folder,Q-SL-06-006-03,SL-06-006,local_folder,1,pending,local_source_enabled
R-Q-SL-06-006-03-general-web,Q-SL-06-006-03,SL-06-006,general_web,3,pending,baseline
R-Q-SL-06-006-03-image-search,Q-SL-06-006-03,SL-06-006,image_search,4,pending,baseline
R-Q-SL-06-006-04-local-folder,Q-SL-06-006-04,SL-06-006,local_folder,1,pending,local_source_enabled
R-Q-SL-06-006-04-general-web,Q-SL-06-006-04,SL-06-006,general_web,3,pending,baseline
R-Q-SL-06-006-04-image-search,Q-SL-06-006-04,SL-06-006,image_search,4,pending,baseline
R-Q-SL-06-006-05-local-folder,Q-SL-06-006-05,SL-06-006,local_folder,1,pending,local_source_enabled
R-Q-SL-06-006-05-wikimedia,Q-SL-06-006-05,SL-06-006,wikimedia,2,pending,historical_query
R-Q-SL-06-006-05-general-web,Q-SL-06-006-05,SL-06-006,general_web,3,pending,baseline
R-Q-SL-06-006-05-image-search,Q-SL-06-006-05,SL-06-006,image_search,4,pending,baseline
R-Q-SL-06-007-01-local-folder,Q-SL-06-007-01,SL-06-007,local_folder,1,pending,local_source_enabled
R-Q-SL-06-007-01-general-web,Q-SL-06-007-01,SL-06-007,general_web,3,pending,baseline
R-Q-SL-06-007-01-image-search,Q-SL-06-007-01,SL-06-007,image_search,4,pending,baseline
R-Q-SL-06-007-02-local-folder,Q-SL-06-007-02,SL-06-007,local_folder,1,pending,local_source_enabled
R-Q-SL-06-007-02-general-web,Q-SL-06-007-02,SL-06-007,general_web,3,pending,baseline
R-Q-SL-06-007-02-image-search,Q-SL-06-007-02,SL-06-007,image_search,4,pending,baseline
R-Q-SL-06-007-03-local-folder,Q-SL-06-007-03,SL-06-007,local_folder,1,pending,local_source_enabled
R-Q-SL-06-007-03-general-web,Q-SL-06-007-03,SL-06-007,general_web,3,pending,baseline
R-Q-SL-06-007-03-image-search,Q-SL-06-007-03,SL-06-007,image_search,4,pending,baseline
R-Q-SL-06-007-04-local-folder,Q-SL-06-007-04,SL-06-007,local_folder,1,pending,local_source_enabled
R-Q-SL-06-007-04-wikimedia,Q-SL-06-007-04,SL-06-007,wikimedia,2,pending,historical_query
R-Q-SL-06-007-04-general-web,Q-SL-06-007-04,SL-06-007,general_web,3,pending,baseline
R-Q-SL-06-007-04-image-search,Q-SL-06-007-04,SL-06-007,image_search,4,pending,baseline
R-Q-SL-06-007-05-local-folder,Q-SL-06-007-05,SL-06-007,local_folder,1,pending,local_source_enabled
R-Q-SL-06-007-05-general-web,Q-SL-06-007-05,SL-06-007,general_web,3,pending,baseline
R-Q-SL-06-007-05-image-search,Q-SL-06-007-05,SL-06-007,image_search,4,pending,baseline
R-Q-SL-06-008-01-local-folder,Q-SL-06-008-01,SL-06-008,local_folder,1,pending,local_source_enabled
R-Q-SL-06-008-01-general-web,Q-SL-06-008-01,SL-06-008,general_web,3,pending,baseline
R-Q-SL-06-008-01-image-search,Q-SL-06-008-01,SL-06-008,image_search,4,pending,baseline
R-Q-SL-06-008-02-local-folder,Q-SL-06-008-02,SL-06-008,local_folder,1,pending,local_source_enabled
R-Q-SL-06-008-02-general-web,Q-SL-06-008-02,SL-06-008,general_web,3,pending,baseline
R-Q-SL-06-008-02-image-search,Q-SL-06-008-02,SL-06-008,image_search,4,pending,baseline
R-Q-SL-06-008-03-local-folder,Q-SL-06-008-03,SL-06-008,local_folder,1,pending,local_source_enabled
R-Q-SL-06-008-03-general-web,Q-SL-06-008-03,SL-06-008,general_web,3,pending,baseline
R-Q-SL-06-008-03-image-search,Q-SL-06-008-03,SL-06-008,image_search,4,pending,baseline
R-Q-SL-06-008-04-local-folder,Q-SL-06-008-04,SL-06-008,local_folder,1,pending,local_source_enabled
R-Q-SL-06-008-04-general-web,Q-SL-06-008-04,SL-06-008,general_web,3,pending,baseline
R-Q-SL-06-008-04-image-search,Q-SL-06-008-04,SL-06-008,image_search,4,pending,baseline
R-Q-SL-06-008-05-local-folder,Q-SL-06-008-05,SL-06-008,local_folder,1,pending,local_source_enabled
R-Q-SL-06-008-05-general-web,Q-SL-06-008-05,SL-06-008,general_web,3,pending,baseline
R-Q-SL-06-008-05-image-search,Q-SL-06-008-05,SL-06-008,image_search,4,pending,baseline
R-Q-SL-06-009-01-local-folder,Q-SL-06-009-01,SL-06-009,local_folder,1,pending,local_source_enabled
R-Q-SL-06-009-01-wikimedia,Q-SL-06-009-01,SL-06-009,wikimedia,2,pending,category_rule
R-Q-SL-06-009-01-general-web,Q-SL-06-009-01,SL-06-009,general_web,3,pending,baseline
R-Q-SL-06-009-01-image-search,Q-SL-06-009-01,SL-06-009,image_search,4,pending,baseline
R-Q-SL-06-009-02-local-folder,Q-SL-06-009-02,SL-06-009,local_folder,1,pending,local_source_enabled
R-Q-SL-06-009-02-wikimedia,Q-SL-06-009-02,SL-06-009,wikimedia,2,pending,category_rule
R-Q-SL-06-009-02-general-web,Q-SL-06-009-02,SL-06-009,general_web,3,pending,baseline
R-Q-SL-06-009-02-image-search,Q-SL-06-009-02,SL-06-009,image_search,4,pending,baseline
R-Q-SL-06-009-03-local-folder,Q-SL-06-009-03,SL-06-009,local_folder,1,pending,local_source_enabled
R-Q-SL-06-009-03-wikimedia,Q-SL-06-009-03,SL-06-009,wikimedia,2,pending,category_rule
R-Q-SL-06-009-03-general-web,Q-SL-06-009-03,SL-06-009,general_web,3,pending,baseline
R-Q-SL-06-009-03-image-search,Q-SL-06-009-03,SL-06-009,image_search,4,pending,baseline
R-Q-SL-06-009-04-local-folder,Q-SL-06-009-04,SL-06-009,local_folder,1,pending,local_source_enabled
R-Q-SL-06-009-04-wikimedia,Q-SL-06-009-04,SL-06-009,wikimedia,2,pending,category_rule
R-Q-SL-06-009-04-general-web,Q-SL-06-009-04,SL-06-009,general_web,3,pending,baseline
R-Q-SL-06-009-04-image-search,Q-SL-06-009-04,SL-06-009,image_search,4,pending,baseline
R-Q-SL-06-009-05-local-folder,Q-SL-06-009-05,SL-06-009,local_folder,1,pending,local_source_enabled
R-Q-SL-06-009-05-wikimedia,Q-SL-06-009-05,SL-06-009,wikimedia,2,pending,"category_rule,historical_query"
R-Q-SL-06-009-05-general-web,Q-SL-06-009-05,SL-06-009,general_web,3,pending,baseline
R-Q-SL-06-009-05-image-search,Q-SL-06-009-05,SL-06-009,image_search,4,pending,baseline
R-Q-SL-06-010-01-local-folder,Q-SL-06-010-01,SL-06-010,local_folder,1,pending,local_source_enabled
R-Q-SL-06-010-01-general-web,Q-SL-06-010-01,SL-06-010,general_web,3,pending,baseline
R-Q-SL-06-010-01-image-search,Q-SL-06-010-01,SL-06-010,image_search,4,pending,baseline
R-Q-SL-06-010-02-local-folder,Q-SL-06-010-02,SL-06-010,local_folder,1,pending,local_source_enabled
R-Q-SL-06-010-02-general-web,Q-SL-06-010-02,SL-06-010,general_web,3,pending,baseline
R-Q-SL-06-010-02-image-search,Q-SL-06-010-02,SL-06-010,image_search,4,pending,baseline
R-Q-SL-06-010-03-local-folder,Q-SL-06-010-03,SL-06-010,local_folder,1,pending,local_source_enabled
R-Q-SL-06-010-03-general-web,Q-SL-06-010-03,SL-06-010,general_web,3,pending,baseline
R-Q-SL-06-010-03-image-search,Q-SL-06-010-03,SL-06-010,image_search,4,pending,baseline
R-Q-SL-06-010-04-local-folder,Q-SL-06-010-04,SL-06-010,local_folder,1,pending,local_source_enabled
R-Q-SL-06-010-04-wikimedia,Q-SL-06-010-04,SL-06-010,wikimedia,2,pending,historical_query
R-Q-SL-06-010-04-general-web,Q-SL-06-010-04,SL-06-010,general_web,3,pending,baseline
R-Q-SL-06-010-04-image-search,Q-SL-06-010-04,SL-06-010,image_search,4,pending,baseline
R-Q-SL-06-010-05-local-folder,Q-SL-06-010-05,SL-06-010,local_folder,1,pending,local_source_enabled
R-Q-SL-06-010-05-general-web,Q-SL-06-010-05,SL-06-010,general_web,3,pending,baseline
R-Q-SL-06-010-05-image-search,Q-SL-06-010-05,SL-06-010,image_search,4,pending,baseline
R-Q-SL-06-011-01-local-folder,Q-SL-06-011-01,SL-06-011,local_folder,1,pending,local_source_enabled
R-Q-SL-06-011-01-wikimedia,Q-SL-06-011-01,SL-06-011,wikimedia,2,pending,category_rule
R-Q-SL-06-011-01-general-web,Q-SL-06-011-01,SL-06-011,general_web,3,pending,baseline
R-Q-SL-06-011-01-image-search,Q-SL-06-011-01,SL-06-011,image_search,4,pending,baseline
R-Q-SL-06-011-02-local-folder,Q-SL-06-011-02,SL-06-011,local_folder,1,pending,local_source_enabled
R-Q-SL-06-011-02-wikimedia,Q-SL-06-011-02,SL-06-011,wikimedia,2,pending,category_rule
R-Q-SL-06-011-02-general-web,Q-SL-06-011-02,SL-06-011,general_web,3,pending,baseline
R-Q-SL-06-011-02-image-search,Q-SL-06-011-02,SL-06-011,image_search,4,pending,baseline
R-Q-SL-06-011-03-local-folder,Q-SL-06-011-03,SL-06-011,local_folder,1,pending,local_source_enabled
R-Q-SL-06-011-03-wikimedia,Q-SL-06-011-03,SL-06-011,wikimedia,2,pending,category_rule
R-Q-SL-06-011-03-general-web,Q-SL-06-011-03,SL-06-011,general_web,3,pending,baseline
R-Q-SL-06-011-03-image-search,Q-SL-06-011-03,SL-06-011,image_search,4,pending,baseline
R-Q-SL-06-011-04-local-folder,Q-SL-06-011-04,SL-06-011,local_folder,1,pending,local_source_enabled
R-Q-SL-06-011-04-wikimedia,Q-SL-06-011-04,SL-06-011,wikimedia,2,pending,"category_rule,historical_query"
R-Q-SL-06-011-04-general-web,Q-SL-06-011-04,SL-06-011,general_web,3,pending,baseline
R-Q-SL-06-011-04-image-search,Q-SL-06-011-04,SL-06-011,image_search,4,pending,baseline
R-Q-SL-06-011-05-local-folder,Q-SL-06-011-05,SL-06-011,local_folder,1,pending,local_source_enabled
R-Q-SL-06-011-05-wikimedia,Q-SL-06-011-05,SL-06-011,wikimedia,2,pending,category_rule
R-Q-SL-06-011-05-general-web,Q-SL-06-011-05,SL-06-011,general_web,3,pending,baseline
R-Q-SL-06-011-05-image-search,Q-SL-06-011-05,SL-06-011,image_search,4,pending,baseline
R-Q-SL-06-012-01-local-folder,Q-SL-06-012-01,SL-06-012,local_folder,1,pending,local_source_enabled
R-Q-SL-06-012-01-general-web,Q-SL-06-012-01,SL-06-012,general_web,3,pending,baseline
R-Q-SL-06-012-01-image-search,Q-SL-06-012-01,SL-06-012,image_search,4,pending,baseline
R-Q-SL-06-012-02-local-folder,Q-SL-06-012-02,SL-06-012,local_folder,1,pending,local_source_enabled
R-Q-SL-06-012-02-general-web,Q-SL-06-012-02,SL-06-012,general_web,3,pending,baseline
R-Q-SL-06-012-02-image-search,Q-SL-06-012-02,SL-06-012,image_search,4,pending,baseline
R-Q-SL-06-012-03-local-folder,Q-SL-06-012-03,SL-06-012,local_folder,1,pending,local_source_enabled
R-Q-SL-06-012-03-general-web,Q-SL-06-012-03,SL-06-012,general_web,3,pending,baseline
R-Q-SL-06-012-03-image-search,Q-SL-06-012-03,SL-06-012,image_search,4,pending,baseline
R-Q-SL-06-012-04-local-folder,Q-SL-06-012-04,SL-06-012,local_folder,1,pending,local_source_enabled
R-Q-SL-06-012-04-general-web,Q-SL-06-012-04,SL-06-012,general_web,3,pending,baseline
R-Q-SL-06-012-04-image-search,Q-SL-06-012-04,SL-06-012,image_search,4,pending,baseline
R-Q-SL-06-012-05-local-folder,Q-SL-06-012-05,SL-06-012,local_folder,1,pending,local_source_enabled
R-Q-SL-06-012-05-general-web,Q-SL-06-012-05,SL-06-012,general_web,3,pending,baseline
R-Q-SL-06-012-05-image-search,Q-SL-06-012-05,SL-06-012,image_search,4,pending,baseline
R-Q-SL-06-013-01-local-folder,Q-SL-06-013-01,SL-06-013,local_folder,1,pending,local_source_enabled
R-Q-SL-06-013-01-general-web,Q-SL-06-013-01,SL-06-013,general_web,3,pending,baseline
R-Q-SL-06-013-01-image-search,Q-SL-06-013-01,SL-06-013,image_search,4,pending,baseline
R-Q-SL-06-013-02-local-folder,Q-SL-06-013-02,SL-06-013,local_folder,1,pending,local_source_enabled
R-Q-SL-06-013-02-general-web,Q-SL-06-013-02,SL-06-013,general_web,3,pending,baseline
R-Q-SL-06-013-02-image-search,Q-SL-06-013-02,SL-06-013,image_search,4,pending,baseline
R-Q-SL-06-013-03-local-folder,Q-SL-06-013-03,SL-06-013,local_folder,1,pending,local_source_enabled
R-Q-SL-06-013-03-general-web,Q-SL-06-013-03,SL-06-013,general_web,3,pending,baseline
R-Q-SL-06-013-03-image-search,Q-SL-06-013-03,SL-06-013,image_search,4,pending,baseline
R-Q-SL-06-013-04-local-folder,Q-SL-06-013-04,SL-06-013,local_folder,1,pending,local_source_enabled
R-Q-SL-06-013-04-wikimedia,Q-SL-06-013-04,SL-06-013,wikimedia,2,pending,historical_query
R-Q-SL-06-013-04-general-web,Q-SL-06-013-04,SL-06-013,general_web,3,pending,baseline
R-Q-SL-06-013-04-image-search,Q-SL-06-013-04,SL-06-013,image_search,4,pending,baseline
R-Q-SL-06-013-05-local-folder,Q-SL-06-013-05,SL-06-013,local_folder,1,pending,local_source_enabled
R-Q-SL-06-013-05-wikimedia,Q-SL-06-013-05,SL-06-013,wikimedia,2,pending,historical_query
R-Q-SL-06-013-05-general-web,Q-SL-06-013-05,SL-06-013,general_web,3,pending,baseline
R-Q-SL-06-013-05-image-search,Q-SL-06-013-05,SL-06-013,image_search,4,pending,baseline
R-Q-SL-06-014-01-local-folder,Q-SL-06-014-01,SL-06-014,local_folder,1,pending,local_source_enabled
R-Q-SL-06-014-01-wikimedia,Q-SL-06-014-01,SL-06-014,wikimedia,2,pending,historical_query
R-Q-SL-06-014-01-general-web,Q-SL-06-014-01,SL-06-014,general_web,3,pending,baseline
R-Q-SL-06-014-01-image-search,Q-SL-06-014-01,SL-06-014,image_search,4,pending,baseline
R-Q-SL-06-014-02-local-folder,Q-SL-06-014-02,SL-06-014,local_folder,1,pending,local_source_enabled
R-Q-SL-06-014-02-wikimedia,Q-SL-06-014-02,SL-06-014,wikimedia,2,pending,historical_query
R-Q-SL-06-014-02-general-web,Q-SL-06-014-02,SL-06-014,general_web,3,pending,baseline
R-Q-SL-06-014-02-image-search,Q-SL-06-014-02,SL-06-014,image_search,4,pending,baseline
R-Q-SL-06-014-03-local-folder,Q-SL-06-014-03,SL-06-014,local_folder,1,pending,local_source_enabled
R-Q-SL-06-014-03-wikimedia,Q-SL-06-014-03,SL-06-014,wikimedia,2,pending,historical_query
R-Q-SL-06-014-03-general-web,Q-SL-06-014-03,SL-06-014,general_web,3,pending,baseline
R-Q-SL-06-014-03-image-search,Q-SL-06-014-03,SL-06-014,image_search,4,pending,baseline
R-Q-SL-06-014-04-local-folder,Q-SL-06-014-04,SL-06-014,local_folder,1,pending,local_source_enabled
R-Q-SL-06-014-04-wikimedia,Q-SL-06-014-04,SL-06-014,wikimedia,2,pending,historical_query
R-Q-SL-06-014-04-general-web,Q-SL-06-014-04,SL-06-014,general_web,3,pending,baseline
R-Q-SL-06-014-04-image-search,Q-SL-06-014-04,SL-06-014,image_search,4,pending,baseline
R-Q-SL-06-014-05-local-folder,Q-SL-06-014-05,SL-06-014,local_folder,1,pending,local_source_enabled
R-Q-SL-06-014-05-wikimedia,Q-SL-06-014-05,SL-06-014,wikimedia,2,pending,historical_query
R-Q-SL-06-014-05-general-web,Q-SL-06-014-05,SL-06-014,general_web,3,pending,baseline
R-Q-SL-06-014-05-image-search,Q-SL-06-014-05,SL-06-014,image_search,4,pending,baseline
R-Q-SL-06-015-01-local-folder,Q-SL-06-015-01,SL-06-015,local_folder,1,pending,local_source_enabled
R-Q-SL-06-015-01-general-web,Q-SL-06-015-01,SL-06-015,general_web,3,pending,baseline
R-Q-SL-06-015-01-image-search,Q-SL-06-015-01,SL-06-015,image_search,4,pending,baseline
R-Q-SL-06-015-02-local-folder,Q-SL-06-015-02,SL-06-015,local_folder,1,pending,local_source_enabled
R-Q-SL-06-015-02-general-web,Q-SL-06-015-02,SL-06-015,general_web,3,pending,baseline
R-Q-SL-06-015-02-image-search,Q-SL-06-015-02,SL-06-015,image_search,4,pending,baseline
R-Q-SL-06-015-03-local-folder,Q-SL-06-015-03,SL-06-015,local_folder,1,pending,local_source_enabled
R-Q-SL-06-015-03-general-web,Q-SL-06-015-03,SL-06-015,general_web,3,pending,baseline
R-Q-SL-06-015-03-image-search,Q-SL-06-015-03,SL-06-015,image_search,4,pending,baseline
R-Q-SL-06-015-04-local-folder,Q-SL-06-015-04,SL-06-015,local_folder,1,pending,local_source_enabled
R-Q-SL-06-015-04-wikimedia,Q-SL-06-015-04,SL-06-015,wikimedia,2,pending,historical_query
R-Q-SL-06-015-04-general-web,Q-SL-06-015-04,SL-06-015,general_web,3,pending,baseline
R-Q-SL-06-015-04-image-search,Q-SL-06-015-04,SL-06-015,image_search,4,pending,baseline
R-Q-SL-06-015-05-local-folder,Q-SL-06-015-05,SL-06-015,local_folder,1,pending,local_source_enabled
R-Q-SL-06-015-05-general-web,Q-SL-06-015-05,SL-06-015,general_web,3,pending,baseline
R-Q-SL-06-015-05-image-search,Q-SL-06-015-05,SL-06-015,image_search,4,pending,baseline
R-Q-SL-06-016-01-local-folder,Q-SL-06-016-01,SL-06-016,local_folder,1,pending,local_source_enabled
R-Q-SL-06-016-01-general-web,Q-SL-06-016-01,SL-06-016,general_web,3,pending,baseline
R-Q-SL-06-016-01-image-search,Q-SL-06-016-01,SL-06-016,image_search,4,pending,baseline
R-Q-SL-06-016-02-local-folder,Q-SL-06-016-02,SL-06-016,local_folder,1,pending,local_source_enabled
R-Q-SL-06-016-02-general-web,Q-SL-06-016-02,SL-06-016,general_web,3,pending,baseline
R-Q-SL-06-016-02-image-search,Q-SL-06-016-02,SL-06-016,image_search,4,pending,baseline
R-Q-SL-06-016-03-local-folder,Q-SL-06-016-03,SL-06-016,local_folder,1,pending,local_source_enabled
R-Q-SL-06-016-03-general-web,Q-SL-06-016-03,SL-06-016,general_web,3,pending,baseline
R-Q-SL-06-016-03-image-search,Q-SL-06-016-03,SL-06-016,image_search,4,pending,baseline
R-Q-SL-06-016-04-local-folder,Q-SL-06-016-04,SL-06-016,local_folder,1,pending,local_source_enabled
R-Q-SL-06-016-04-wikimedia,Q-SL-06-016-04,SL-06-016,wikimedia,2,pending,historical_query
R-Q-SL-06-016-04-general-web,Q-SL-06-016-04,SL-06-016,general_web,3,pending,baseline
R-Q-SL-06-016-04-image-search,Q-SL-06-016-04,SL-06-016,image_search,4,pending,baseline
R-Q-SL-06-016-05-local-folder,Q-SL-06-016-05,SL-06-016,local_folder,1,pending,local_source_enabled
R-Q-SL-06-016-05-wikimedia,Q-SL-06-016-05,SL-06-016,wikimedia,2,pending,historical_query
R-Q-SL-06-016-05-general-web,Q-SL-06-016-05,SL-06-016,general_web,3,pending,baseline
R-Q-SL-06-016-05-image-search,Q-SL-06-016-05,SL-06-016,image_search,4,pending,baseline
R-Q-SL-06-017-01-local-folder,Q-SL-06-017-01,SL-06-017,local_folder,1,pending,local_source_enabled
R-Q-SL-06-017-01-wikimedia,Q-SL-06-017-01,SL-06-017,wikimedia,2,pending,historical_query
R-Q-SL-06-017-01-general-web,Q-SL-06-017-01,SL-06-017,general_web,3,pending,baseline
R-Q-SL-06-017-01-image-search,Q-SL-06-017-01,SL-06-017,image_search,4,pending,baseline
R-Q-SL-06-017-02-local-folder,Q-SL-06-017-02,SL-06-017,local_folder,1,pending,local_source_enabled
R-Q-SL-06-017-02-wikimedia,Q-SL-06-017-02,SL-06-017,wikimedia,2,pending,historical_query
R-Q-SL-06-017-02-general-web,Q-SL-06-017-02,SL-06-017,general_web,3,pending,baseline
R-Q-SL-06-017-02-image-search,Q-SL-06-017-02,SL-06-017,image_search,4,pending,baseline
R-Q-SL-06-017-03-local-folder,Q-SL-06-017-03,SL-06-017,local_folder,1,pending,local_source_enabled
R-Q-SL-06-017-03-wikimedia,Q-SL-06-017-03,SL-06-017,wikimedia,2,pending,historical_query
R-Q-SL-06-017-03-general-web,Q-SL-06-017-03,SL-06-017,general_web,3,pending,baseline
R-Q-SL-06-017-03-image-search,Q-SL-06-017-03,SL-06-017,image_search,4,pending,baseline
R-Q-SL-06-017-04-local-folder,Q-SL-06-017-04,SL-06-017,local_folder,1,pending,local_source_enabled
R-Q-SL-06-017-04-wikimedia,Q-SL-06-017-04,SL-06-017,wikimedia,2,pending,historical_query
R-Q-SL-06-017-04-general-web,Q-SL-06-017-04,SL-06-017,general_web,3,pending,baseline
R-Q-SL-06-017-04-image-search,Q-SL-06-017-04,SL-06-017,image_search,4,pending,baseline
R-Q-SL-06-017-05-local-folder,Q-SL-06-017-05,SL-06-017,local_folder,1,pending,local_source_enabled
R-Q-SL-06-017-05-wikimedia,Q-SL-06-017-05,SL-06-017,wikimedia,2,pending,historical_query
R-Q-SL-06-017-05-general-web,Q-SL-06-017-05,SL-06-017,general_web,3,pending,baseline
R-Q-SL-06-017-05-image-search,Q-SL-06-017-05,SL-06-017,image_search,4,pending,baseline
R-Q-SL-06-018-01-local-folder,Q-SL-06-018-01,SL-06-018,local_folder,1,pending,local_source_enabled
R-Q-SL-06-018-01-general-web,Q-SL-06-018-01,SL-06-018,general_web,3,pending,baseline
R-Q-SL-06-018-01-image-search,Q-SL-06-018-01,SL-06-018,image_search,4,pending,baseline
R-Q-SL-06-018-02-local-folder,Q-SL-06-018-02,SL-06-018,local_folder,1,pending,local_source_enabled
R-Q-SL-06-018-02-general-web,Q-SL-06-018-02,SL-06-018,general_web,3,pending,baseline
R-Q-SL-06-018-02-image-search,Q-SL-06-018-02,SL-06-018,image_search,4,pending,baseline
R-Q-SL-06-018-03-local-folder,Q-SL-06-018-03,SL-06-018,local_folder,1,pending,local_source_enabled
R-Q-SL-06-018-03-general-web,Q-SL-06-018-03,SL-06-018,general_web,3,pending,baseline
R-Q-SL-06-018-03-image-search,Q-SL-06-018-03,SL-06-018,image_search,4,pending,baseline
R-Q-SL-06-018-04-local-folder,Q-SL-06-018-04,SL-06-018,local_folder,1,pending,local_source_enabled
R-Q-SL-06-018-04-wikimedia,Q-SL-06-018-04,SL-06-018,wikimedia,2,pending,historical_query
R-Q-SL-06-018-04-general-web,Q-SL-06-018-04,SL-06-018,general_web,3,pending,baseline
R-Q-SL-06-018-04-image-search,Q-SL-06-018-04,SL-06-018,image_search,4,pending,baseline
R-Q-SL-06-018-05-local-folder,Q-SL-06-018-05,SL-06-018,local_folder,1,pending,local_source_enabled
R-Q-SL-06-018-05-general-web,Q-SL-06-018-05,SL-06-018,general_web,3,pending,baseline
R-Q-SL-06-018-05-image-search,Q-SL-06-018-05,SL-06-018,image_search,4,pending,baseline
R-Q-SL-06-019-01-local-folder,Q-SL-06-019-01,SL-06-019,local_folder,1,pending,local_source_enabled
R-Q-SL-06-019-01-general-web,Q-SL-06-019-01,SL-06-019,general_web,3,pending,baseline
R-Q-SL-06-019-01-image-search,Q-SL-06-019-01,SL-06-019,image_search,4,pending,baseline
R-Q-SL-06-019-02-local-folder,Q-SL-06-019-02,SL-06-019,local_folder,1,pending,local_source_enabled
R-Q-SL-06-019-02-general-web,Q-SL-06-019-02,SL-06-019,general_web,3,pending,baseline
R-Q-SL-06-019-02-image-search,Q-SL-06-019-02,SL-06-019,image_search,4,pending,baseline
R-Q-SL-06-019-03-local-folder,Q-SL-06-019-03,SL-06-019,local_folder,1,pending,local_source_enabled
R-Q-SL-06-019-03-general-web,Q-SL-06-019-03,SL-06-019,general_web,3,pending,baseline
R-Q-SL-06-019-03-image-search,Q-SL-06-019-03,SL-06-019,image_search,4,pending,baseline
R-Q-SL-06-019-04-local-folder,Q-SL-06-019-04,SL-06-019,local_folder,1,pending,local_source_enabled
R-Q-SL-06-019-04-wikimedia,Q-SL-06-019-04,SL-06-019,wikimedia,2,pending,historical_query
R-Q-SL-06-019-04-general-web,Q-SL-06-019-04,SL-06-019,general_web,3,pending,baseline
R-Q-SL-06-019-04-image-search,Q-SL-06-019-04,SL-06-019,image_search,4,pending,baseline
R-Q-SL-06-019-05-local-folder,Q-SL-06-019-05,SL-06-019,local_folder,1,pending,local_source_enabled
R-Q-SL-06-019-05-wikimedia,Q-SL-06-019-05,SL-06-019,wikimedia,2,pending,historical_query
R-Q-SL-06-019-05-general-web,Q-SL-06-019-05,SL-06-019,general_web,3,pending,baseline
R-Q-SL-06-019-05-image-search,Q-SL-06-019-05,SL-06-019,image_search,4,pending,baseline
R-Q-SL-06-020-01-local-folder,Q-SL-06-020-01,SL-06-020,local_folder,1,pending,local_source_enabled
R-Q-SL-06-020-01-wikimedia,Q-SL-06-020-01,SL-06-020,wikimedia,2,pending,historical_query
R-Q-SL-06-020-01-general-web,Q-SL-06-020-01,SL-06-020,general_web,3,pending,baseline
R-Q-SL-06-020-01-image-search,Q-SL-06-020-01,SL-06-020,image_search,4,pending,baseline
R-Q-SL-06-020-02-local-folder,Q-SL-06-020-02,SL-06-020,local_folder,1,pending,local_source_enabled
R-Q-SL-06-020-02-wikimedia,Q-SL-06-020-02,SL-06-020,wikimedia,2,pending,historical_query
R-Q-SL-06-020-02-general-web,Q-SL-06-020-02,SL-06-020,general_web,3,pending,baseline
R-Q-SL-06-020-02-image-search,Q-SL-06-020-02,SL-06-020,image_search,4,pending,baseline
R-Q-SL-06-020-03-local-folder,Q-SL-06-020-03,SL-06-020,local_folder,1,pending,local_source_enabled
R-Q-SL-06-020-03-wikimedia,Q-SL-06-020-03,SL-06-020,wikimedia,2,pending,historical_query
R-Q-SL-06-020-03-general-web,Q-SL-06-020-03,SL-06-020,general_web,3,pending,baseline
R-Q-SL-06-020-03-image-search,Q-SL-06-020-03,SL-06-020,image_search,4,pending,baseline
R-Q-SL-06-020-04-local-folder,Q-SL-06-020-04,SL-06-020,local_folder,1,pending,local_source_enabled
R-Q-SL-06-020-04-wikimedia,Q-SL-06-020-04,SL-06-020,wikimedia,2,pending,historical_query
R-Q-SL-06-020-04-general-web,Q-SL-06-020-04,SL-06-020,general_web,3,pending,baseline
R-Q-SL-06-020-04-image-search,Q-SL-06-020-04,SL-06-020,image_search,4,pending,baseline
R-Q-SL-06-020-05-local-folder,Q-SL-06-020-05,SL-06-020,local_folder,1,pending,local_source_enabled
R-Q-SL-06-020-05-wikimedia,Q-SL-06-020-05,SL-06-020,wikimedia,2,pending,historical_query
R-Q-SL-06-020-05-general-web,Q-SL-06-020-05,SL-06-020,general_web,3,pending,baseline
R-Q-SL-06-020-05-image-search,Q-SL-06-020-05,SL-06-020,image_search,4,pending,baseline
R-Q-SL-06-021-01-local-folder,Q-SL-06-021-01,SL-06-021,local_folder,1,pending,local_source_enabled
R-Q-SL-06-021-01-general-web,Q-SL-06-021-01,SL-06-021,general_web,3,pending,baseline
R-Q-SL-06-021-01-image-search,Q-SL-06-021-01,SL-06-021,image_search,4,pending,baseline
R-Q-SL-06-021-02-local-folder,Q-SL-06-021-02,SL-06-021,local_folder,1,pending,local_source_enabled
R-Q-SL-06-021-02-general-web,Q-SL-06-021-02,SL-06-021,general_web,3,pending,baseline
R-Q-SL-06-021-02-image-search,Q-SL-06-021-02,SL-06-021,image_search,4,pending,baseline
R-Q-SL-06-021-03-local-folder,Q-SL-06-021-03,SL-06-021,local_folder,1,pending,local_source_enabled
R-Q-SL-06-021-03-general-web,Q-SL-06-021-03,SL-06-021,general_web,3,pending,baseline
R-Q-SL-06-021-03-image-search,Q-SL-06-021-03,SL-06-021,image_search,4,pending,baseline
R-Q-SL-06-021-04-local-folder,Q-SL-06-021-04,SL-06-021,local_folder,1,pending,local_source_enabled
R-Q-SL-06-021-04-wikimedia,Q-SL-06-021-04,SL-06-021,wikimedia,2,pending,historical_query
R-Q-SL-06-021-04-general-web,Q-SL-06-021-04,SL-06-021,general_web,3,pending,baseline
R-Q-SL-06-021-04-image-search,Q-SL-06-021-04,SL-06-021,image_search,4,pending,baseline
R-Q-SL-06-021-05-local-folder,Q-SL-06-021-05,SL-06-021,local_folder,1,pending,local_source_enabled
R-Q-SL-06-021-05-general-web,Q-SL-06-021-05,SL-06-021,general_web,3,pending,baseline
R-Q-SL-06-021-05-image-search,Q-SL-06-021-05,SL-06-021,image_search,4,pending,baseline
R-Q-SL-06-022-01-local-folder,Q-SL-06-022-01,SL-06-022,local_folder,1,pending,local_source_enabled
R-Q-SL-06-022-01-general-web,Q-SL-06-022-01,SL-06-022,general_web,3,pending,baseline
R-Q-SL-06-022-01-image-search,Q-SL-06-022-01,SL-06-022,image_search,4,pending,baseline
R-Q-SL-06-022-02-local-folder,Q-SL-06-022-02,SL-06-022,local_folder,1,pending,local_source_enabled
R-Q-SL-06-022-02-general-web,Q-SL-06-022-02,SL-06-022,general_web,3,pending,baseline
R-Q-SL-06-022-02-image-search,Q-SL-06-022-02,SL-06-022,image_search,4,pending,baseline
R-Q-SL-06-022-03-local-folder,Q-SL-06-022-03,SL-06-022,local_folder,1,pending,local_source_enabled
R-Q-SL-06-022-03-general-web,Q-SL-06-022-03,SL-06-022,general_web,3,pending,baseline
R-Q-SL-06-022-03-image-search,Q-SL-06-022-03,SL-06-022,image_search,4,pending,baseline
R-Q-SL-06-022-04-local-folder,Q-SL-06-022-04,SL-06-022,local_folder,1,pending,local_source_enabled
R-Q-SL-06-022-04-wikimedia,Q-SL-06-022-04,SL-06-022,wikimedia,2,pending,historical_query
R-Q-SL-06-022-04-general-web,Q-SL-06-022-04,SL-06-022,general_web,3,pending,baseline
R-Q-SL-06-022-04-image-search,Q-SL-06-022-04,SL-06-022,image_search,4,pending,baseline
R-Q-SL-06-022-05-local-folder,Q-SL-06-022-05,SL-06-022,local_folder,1,pending,local_source_enabled
R-Q-SL-06-022-05-wikimedia,Q-SL-06-022-05,SL-06-022,wikimedia,2,pending,historical_query
R-Q-SL-06-022-05-general-web,Q-SL-06-022-05,SL-06-022,general_web,3,pending,baseline
R-Q-SL-06-022-05-image-search,Q-SL-06-022-05,SL-06-022,image_search,4,pending,baseline
R-Q-SL-06-023-01-local-folder,Q-SL-06-023-01,SL-06-023,local_folder,1,pending,local_source_enabled
R-Q-SL-06-023-01-wikimedia,Q-SL-06-023-01,SL-06-023,wikimedia,2,pending,historical_query
R-Q-SL-06-023-01-general-web,Q-SL-06-023-01,SL-06-023,general_web,3,pending,baseline
R-Q-SL-06-023-01-image-search,Q-SL-06-023-01,SL-06-023,image_search,4,pending,baseline
R-Q-SL-06-023-02-local-folder,Q-SL-06-023-02,SL-06-023,local_folder,1,pending,local_source_enabled
R-Q-SL-06-023-02-wikimedia,Q-SL-06-023-02,SL-06-023,wikimedia,2,pending,historical_query
R-Q-SL-06-023-02-general-web,Q-SL-06-023-02,SL-06-023,general_web,3,pending,baseline
R-Q-SL-06-023-02-image-search,Q-SL-06-023-02,SL-06-023,image_search,4,pending,baseline
R-Q-SL-06-023-03-local-folder,Q-SL-06-023-03,SL-06-023,local_folder,1,pending,local_source_enabled
R-Q-SL-06-023-03-wikimedia,Q-SL-06-023-03,SL-06-023,wikimedia,2,pending,historical_query
R-Q-SL-06-023-03-general-web,Q-SL-06-023-03,SL-06-023,general_web,3,pending,baseline
R-Q-SL-06-023-03-image-search,Q-SL-06-023-03,SL-06-023,image_search,4,pending,baseline
R-Q-SL-06-023-04-local-folder,Q-SL-06-023-04,SL-06-023,local_folder,1,pending,local_source_enabled
R-Q-SL-06-023-04-wikimedia,Q-SL-06-023-04,SL-06-023,wikimedia,2,pending,historical_query
R-Q-SL-06-023-04-general-web,Q-SL-06-023-04,SL-06-023,general_web,3,pending,baseline
R-Q-SL-06-023-04-image-search,Q-SL-06-023-04,SL-06-023,image_search,4,pending,baseline
R-Q-SL-06-023-05-local-folder,Q-SL-06-023-05,SL-06-023,local_folder,1,pending,local_source_enabled
R-Q-SL-06-023-05-wikimedia,Q-SL-06-023-05,SL-06-023,wikimedia,2,pending,historical_query
R-Q-SL-06-023-05-general-web,Q-SL-06-023-05,SL-06-023,general_web,3,pending,baseline
R-Q-SL-06-023-05-image-search,Q-SL-06-023-05,SL-06-023,image_search,4,pending,baseline
R-Q-SL-06-024-01-local-folder,Q-SL-06-024-01,SL-06-024,local_folder,1,pending,local_source_enabled
R-Q-SL-06-024-01-general-web,Q-SL-06-024-01,SL-06-024,general_web,3,pending,baseline
R-Q-SL-06-024-01-image-search,Q-SL-06-024-01,SL-06-024,image_search,4,pending,baseline
R-Q-SL-06-024-02-local-folder,Q-SL-06-024-02,SL-06-024,local_folder,1,pending,local_source_enabled
R-Q-SL-06-024-02-general-web,Q-SL-06-024-02,SL-06-024,general_web,3,pending,baseline
R-Q-SL-06-024-02-image-search,Q-SL-06-024-02,SL-06-024,image_search,4,pending,baseline
R-Q-SL-06-024-03-local-folder,Q-SL-06-024-03,SL-06-024,local_folder,1,pending,local_source_enabled
R-Q-SL-06-024-03-general-web,Q-SL-06-024-03,SL-06-024,general_web,3,pending,baseline
R-Q-SL-06-024-03-image-search,Q-SL-06-024-03,SL-06-024,image_search,4,pending,baseline
R-Q-SL-06-024-04-local-folder,Q-SL-06-024-04,SL-06-024,local_folder,1,pending,local_source_enabled
R-Q-SL-06-024-04-wikimedia,Q-SL-06-024-04,SL-06-024,wikimedia,2,pending,historical_query
R-Q-SL-06-024-04-general-web,Q-SL-06-024-04,SL-06-024,general_web,3,pending,baseline
R-Q-SL-06-024-04-image-search,Q-SL-06-024-04,SL-06-024,image_search,4,pending,baseline
R-Q-SL-06-024-05-local-folder,Q-SL-06-024-05,SL-06-024,local_folder,1,pending,local_source_enabled
R-Q-SL-06-024-05-general-web,Q-SL-06-024-05,SL-06-024,general_web,3,pending,baseline
R-Q-SL-06-024-05-image-search,Q-SL-06-024-05,SL-06-024,image_search,4,pending,baseline
R-Q-SL-06-025-01-local-folder,Q-SL-06-025-01,SL-06-025,local_folder,1,pending,local_source_enabled
R-Q-SL-06-025-01-general-web,Q-SL-06-025-01,SL-06-025,general_web,3,pending,baseline
R-Q-SL-06-025-01-image-search,Q-SL-06-025-01,SL-06-025,image_search,4,pending,baseline
R-Q-SL-06-025-02-local-folder,Q-SL-06-025-02,SL-06-025,local_folder,1,pending,local_source_enabled
R-Q-SL-06-025-02-general-web,Q-SL-06-025-02,SL-06-025,general_web,3,pending,baseline
R-Q-SL-06-025-02-image-search,Q-SL-06-025-02,SL-06-025,image_search,4,pending,baseline
R-Q-SL-06-025-03-local-folder,Q-SL-06-025-03,SL-06-025,local_folder,1,pending,local_source_enabled
R-Q-SL-06-025-03-general-web,Q-SL-06-025-03,SL-06-025,general_web,3,pending,baseline
R-Q-SL-06-025-03-image-search,Q-SL-06-025-03,SL-06-025,image_search,4,pending,baseline
R-Q-SL-06-025-04-local-folder,Q-SL-06-025-04,SL-06-025,local_folder,1,pending,local_source_enabled
R-Q-SL-06-025-04-general-web,Q-SL-06-025-04,SL-06-025,general_web,3,pending,baseline
R-Q-SL-06-025-04-image-search,Q-SL-06-025-04,SL-06-025,image_search,4,pending,baseline
R-Q-SL-06-025-05-local-folder,Q-SL-06-025-05,SL-06-025,local_folder,1,pending,local_source_enabled
R-Q-SL-06-025-05-wikimedia,Q-SL-06-025-05,SL-06-025,wikimedia,2,pending,historical_query
R-Q-SL-06-025-05-general-web,Q-SL-06-025-05,SL-06-025,general_web,3,pending,baseline
R-Q-SL-06-025-05-image-search,Q-SL-06-025-05,SL-06-025,image_search,4,pending,baseline
R-Q-SL-06-026-01-local-folder,Q-SL-06-026-01,SL-06-026,local_folder,1,pending,local_source_enabled
R-Q-SL-06-026-01-wikimedia,Q-SL-06-026-01,SL-06-026,wikimedia,2,pending,historical_query
R-Q-SL-06-026-01-general-web,Q-SL-06-026-01,SL-06-026,general_web,3,pending,baseline
R-Q-SL-06-026-01-image-search,Q-SL-06-026-01,SL-06-026,image_search,4,pending,baseline
R-Q-SL-06-026-02-local-folder,Q-SL-06-026-02,SL-06-026,local_folder,1,pending,local_source_enabled
R-Q-SL-06-026-02-wikimedia,Q-SL-06-026-02,SL-06-026,wikimedia,2,pending,historical_query
R-Q-SL-06-026-02-general-web,Q-SL-06-026-02,SL-06-026,general_web,3,pending,baseline
R-Q-SL-06-026-02-image-search,Q-SL-06-026-02,SL-06-026,image_search,4,pending,baseline
R-Q-SL-06-026-03-local-folder,Q-SL-06-026-03,SL-06-026,local_folder,1,pending,local_source_enabled
R-Q-SL-06-026-03-wikimedia,Q-SL-06-026-03,SL-06-026,wikimedia,2,pending,historical_query
R-Q-SL-06-026-03-general-web,Q-SL-06-026-03,SL-06-026,general_web,3,pending,baseline
R-Q-SL-06-026-03-image-search,Q-SL-06-026-03,SL-06-026,image_search,4,pending,baseline
R-Q-SL-06-026-04-local-folder,Q-SL-06-026-04,SL-06-026,local_folder,1,pending,local_source_enabled
R-Q-SL-06-026-04-wikimedia,Q-SL-06-026-04,SL-06-026,wikimedia,2,pending,historical_query
R-Q-SL-06-026-04-general-web,Q-SL-06-026-04,SL-06-026,general_web,3,pending,baseline
R-Q-SL-06-026-04-image-search,Q-SL-06-026-04,SL-06-026,image_search,4,pending,baseline
R-Q-SL-06-026-05-local-folder,Q-SL-06-026-05,SL-06-026,local_folder,1,pending,local_source_enabled
R-Q-SL-06-026-05-wikimedia,Q-SL-06-026-05,SL-06-026,wikimedia,2,pending,historical_query
R-Q-SL-06-026-05-general-web,Q-SL-06-026-05,SL-06-026,general_web,3,pending,baseline
R-Q-SL-06-026-05-image-search,Q-SL-06-026-05,SL-06-026,image_search,4,pending,baseline
R-Q-SL-06-027-01-local-folder,Q-SL-06-027-01,SL-06-027,local_folder,1,pending,local_source_enabled
R-Q-SL-06-027-01-general-web,Q-SL-06-027-01,SL-06-027,general_web,3,pending,baseline
R-Q-SL-06-027-01-image-search,Q-SL-06-027-01,SL-06-027,image_search,4,pending,baseline
R-Q-SL-06-027-02-local-folder,Q-SL-06-027-02,SL-06-027,local_folder,1,pending,local_source_enabled
R-Q-SL-06-027-02-general-web,Q-SL-06-027-02,SL-06-027,general_web,3,pending,baseline
R-Q-SL-06-027-02-image-search,Q-SL-06-027-02,SL-06-027,image_search,4,pending,baseline
R-Q-SL-06-027-03-local-folder,Q-SL-06-027-03,SL-06-027,local_folder,1,pending,local_source_enabled
R-Q-SL-06-027-03-general-web,Q-SL-06-027-03,SL-06-027,general_web,3,pending,baseline
R-Q-SL-06-027-03-image-search,Q-SL-06-027-03,SL-06-027,image_search,4,pending,baseline
R-Q-SL-06-027-04-local-folder,Q-SL-06-027-04,SL-06-027,local_folder,1,pending,local_source_enabled
R-Q-SL-06-027-04-wikimedia,Q-SL-06-027-04,SL-06-027,wikimedia,2,pending,historical_query
R-Q-SL-06-027-04-general-web,Q-SL-06-027-04,SL-06-027,general_web,3,pending,baseline
R-Q-SL-06-027-04-image-search,Q-SL-06-027-04,SL-06-027,image_search,4,pending,baseline
R-Q-SL-06-027-05-local-folder,Q-SL-06-027-05,SL-06-027,local_folder,1,pending,local_source_enabled
R-Q-SL-06-027-05-general-web,Q-SL-06-027-05,SL-06-027,general_web,3,pending,baseline
R-Q-SL-06-027-05-image-search,Q-SL-06-027-05,SL-06-027,image_search,4,pending,baseline
R-Q-SL-06-028-01-local-folder,Q-SL-06-028-01,SL-06-028,local_folder,1,pending,local_source_enabled
R-Q-SL-06-028-01-general-web,Q-SL-06-028-01,SL-06-028,general_web,3,pending,baseline
R-Q-SL-06-028-01-image-search,Q-SL-06-028-01,SL-06-028,image_search,4,pending,baseline
R-Q-SL-06-028-02-local-folder,Q-SL-06-028-02,SL-06-028,local_folder,1,pending,local_source_enabled
R-Q-SL-06-028-02-general-web,Q-SL-06-028-02,SL-06-028,general_web,3,pending,baseline
R-Q-SL-06-028-02-image-search,Q-SL-06-028-02,SL-06-028,image_search,4,pending,baseline
R-Q-SL-06-028-03-local-folder,Q-SL-06-028-03,SL-06-028,local_folder,1,pending,local_source_enabled
R-Q-SL-06-028-03-general-web,Q-SL-06-028-03,SL-06-028,general_web,3,pending,baseline
R-Q-SL-06-028-03-image-search,Q-SL-06-028-03,SL-06-028,image_search,4,pending,baseline
R-Q-SL-06-028-04-local-folder,Q-SL-06-028-04,SL-06-028,local_folder,1,pending,local_source_enabled
R-Q-SL-06-028-04-wikimedia,Q-SL-06-028-04,SL-06-028,wikimedia,2,pending,historical_query
R-Q-SL-06-028-04-general-web,Q-SL-06-028-04,SL-06-028,general_web,3,pending,baseline
R-Q-SL-06-028-04-image-search,Q-SL-06-028-04,SL-06-028,image_search,4,pending,baseline
R-Q-SL-06-028-05-local-folder,Q-SL-06-028-05,SL-06-028,local_folder,1,pending,local_source_enabled
R-Q-SL-06-028-05-general-web,Q-SL-06-028-05,SL-06-028,general_web,3,pending,baseline
R-Q-SL-06-028-05-image-search,Q-SL-06-028-05,SL-06-028,image_search,4,pending,baseline
R-Q-SL-06-029-01-local-folder,Q-SL-06-029-01,SL-06-029,local_folder,1,pending,local_source_enabled
R-Q-SL-06-029-01-wikimedia,Q-SL-06-029-01,SL-06-029,wikimedia,2,pending,historical_query
R-Q-SL-06-029-01-general-web,Q-SL-06-029-01,SL-06-029,general_web,3,pending,baseline
R-Q-SL-06-029-01-image-search,Q-SL-06-029-01,SL-06-029,image_search,4,pending,baseline
R-Q-SL-06-029-02-local-folder,Q-SL-06-029-02,SL-06-029,local_folder,1,pending,local_source_enabled
R-Q-SL-06-029-02-wikimedia,Q-SL-06-029-02,SL-06-029,wikimedia,2,pending,historical_query
R-Q-SL-06-029-02-general-web,Q-SL-06-029-02,SL-06-029,general_web,3,pending,baseline
R-Q-SL-06-029-02-image-search,Q-SL-06-029-02,SL-06-029,image_search,4,pending,baseline
R-Q-SL-06-029-03-local-folder,Q-SL-06-029-03,SL-06-029,local_folder,1,pending,local_source_enabled
R-Q-SL-06-029-03-wikimedia,Q-SL-06-029-03,SL-06-029,wikimedia,2,pending,historical_query
R-Q-SL-06-029-03-general-web,Q-SL-06-029-03,SL-06-029,general_web,3,pending,baseline
R-Q-SL-06-029-03-image-search,Q-SL-06-029-03,SL-06-029,image_search,4,pending,baseline
R-Q-SL-06-029-04-local-folder,Q-SL-06-029-04,SL-06-029,local_folder,1,pending,local_source_enabled
R-Q-SL-06-029-04-wikimedia,Q-SL-06-029-04,SL-06-029,wikimedia,2,pending,historical_query
R-Q-SL-06-029-04-general-web,Q-SL-06-029-04,SL-06-029,general_web,3,pending,baseline
R-Q-SL-06-029-04-image-search,Q-SL-06-029-04,SL-06-029,image_search,4,pending,baseline
R-Q-SL-06-029-05-local-folder,Q-SL-06-029-05,SL-06-029,local_folder,1,pending,local_source_enabled
R-Q-SL-06-029-05-wikimedia,Q-SL-06-029-05,SL-06-029,wikimedia,2,pending,historical_query
R-Q-SL-06-029-05-general-web,Q-SL-06-029-05,SL-06-029,general_web,3,pending,baseline
R-Q-SL-06-029-05-image-search,Q-SL-06-029-05,SL-06-029,image_search,4,pending,baseline
R-Q-SL-06-030-01-local-folder,Q-SL-06-030-01,SL-06-030,local_folder,1,pending,local_source_enabled
R-Q-SL-06-030-01-general-web,Q-SL-06-030-01,SL-06-030,general_web,3,pending,baseline
R-Q-SL-06-030-01-image-search,Q-SL-06-030-01,SL-06-030,image_search,4,pending,baseline
R-Q-SL-06-030-02-local-folder,Q-SL-06-030-02,SL-06-030,local_folder,1,pending,local_source_enabled
R-Q-SL-06-030-02-general-web,Q-SL-06-030-02,SL-06-030,general_web,3,pending,baseline
R-Q-SL-06-030-02-image-search,Q-SL-06-030-02,SL-06-030,image_search,4,pending,baseline
R-Q-SL-06-030-03-local-folder,Q-SL-06-030-03,SL-06-030,local_folder,1,pending,local_source_enabled
R-Q-SL-06-030-03-general-web,Q-SL-06-030-03,SL-06-030,general_web,3,pending,baseline
R-Q-SL-06-030-03-image-search,Q-SL-06-030-03,SL-06-030,image_search,4,pending,baseline
R-Q-SL-06-030-04-local-folder,Q-SL-06-030-04,SL-06-030,local_folder,1,pending,local_source_enabled
R-Q-SL-06-030-04-wikimedia,Q-SL-06-030-04,SL-06-030,wikimedia,2,pending,historical_query
R-Q-SL-06-030-04-general-web,Q-SL-06-030-04,SL-06-030,general_web,3,pending,baseline
R-Q-SL-06-030-04-image-search,Q-SL-06-030-04,SL-06-030,image_search,4,pending,baseline
R-Q-SL-06-030-05-local-folder,Q-SL-06-030-05,SL-06-030,local_folder,1,pending,local_source_enabled
R-Q-SL-06-030-05-general-web,Q-SL-06-030-05,SL-06-030,general_web,3,pending,baseline
R-Q-SL-06-030-05-image-search,Q-SL-06-030-05,SL-06-030,image_search,4,pending,baseline
R-Q-SL-06-031-01-local-folder,Q-SL-06-031-01,SL-06-031,local_folder,1,pending,local_source_enabled
R-Q-SL-06-031-01-wikimedia,Q-SL-06-031-01,SL-06-031,wikimedia,2,pending,historical_query
R-Q-SL-06-031-01-general-web,Q-SL-06-031-01,SL-06-031,general_web,3,pending,baseline
R-Q-SL-06-031-01-image-search,Q-SL-06-031-01,SL-06-031,image_search,4,pending,baseline
R-Q-SL-06-031-02-local-folder,Q-SL-06-031-02,SL-06-031,local_folder,1,pending,local_source_enabled
R-Q-SL-06-031-02-wikimedia,Q-SL-06-031-02,SL-06-031,wikimedia,2,pending,historical_query
R-Q-SL-06-031-02-general-web,Q-SL-06-031-02,SL-06-031,general_web,3,pending,baseline
R-Q-SL-06-031-02-image-search,Q-SL-06-031-02,SL-06-031,image_search,4,pending,baseline
R-Q-SL-06-031-03-local-folder,Q-SL-06-031-03,SL-06-031,local_folder,1,pending,local_source_enabled
R-Q-SL-06-031-03-wikimedia,Q-SL-06-031-03,SL-06-031,wikimedia,2,pending,historical_query
R-Q-SL-06-031-03-general-web,Q-SL-06-031-03,SL-06-031,general_web,3,pending,baseline
R-Q-SL-06-031-03-image-search,Q-SL-06-031-03,SL-06-031,image_search,4,pending,baseline
R-Q-SL-06-031-04-local-folder,Q-SL-06-031-04,SL-06-031,local_folder,1,pending,local_source_enabled
R-Q-SL-06-031-04-wikimedia,Q-SL-06-031-04,SL-06-031,wikimedia,2,pending,historical_query
R-Q-SL-06-031-04-general-web,Q-SL-06-031-04,SL-06-031,general_web,3,pending,baseline
R-Q-SL-06-031-04-image-search,Q-SL-06-031-04,SL-06-031,image_search,4,pending,baseline
R-Q-SL-06-031-05-local-folder,Q-SL-06-031-05,SL-06-031,local_folder,1,pending,local_source_enabled
R-Q-SL-06-031-05-wikimedia,Q-SL-06-031-05,SL-06-031,wikimedia,2,pending,historical_query
R-Q-SL-06-031-05-general-web,Q-SL-06-031-05,SL-06-031,general_web,3,pending,baseline
R-Q-SL-06-031-05-image-search,Q-SL-06-031-05,SL-06-031,image_search,4,pending,baseline
R-Q-SL-06-032-01-local-folder,Q-SL-06-032-01,SL-06-032,local_folder,1,pending,local_source_enabled
R-Q-SL-06-032-01-general-web,Q-SL-06-032-01,SL-06-032,general_web,3,pending,baseline
R-Q-SL-06-032-01-image-search,Q-SL-06-032-01,SL-06-032,image_search,4,pending,baseline
R-Q-SL-06-032-02-local-folder,Q-SL-06-032-02,SL-06-032,local_folder,1,pending,local_source_enabled
R-Q-SL-06-032-02-general-web,Q-SL-06-032-02,SL-06-032,general_web,3,pending,baseline
R-Q-SL-06-032-02-image-search,Q-SL-06-032-02,SL-06-032,image_search,4,pending,baseline
R-Q-SL-06-032-03-local-folder,Q-SL-06-032-03,SL-06-032,local_folder,1,pending,local_source_enabled
R-Q-SL-06-032-03-general-web,Q-SL-06-032-03,SL-06-032,general_web,3,pending,baseline
R-Q-SL-06-032-03-image-search,Q-SL-06-032-03,SL-06-032,image_search,4,pending,baseline
R-Q-SL-06-032-04-local-folder,Q-SL-06-032-04,SL-06-032,local_folder,1,pending,local_source_enabled
R-Q-SL-06-032-04-general-web,Q-SL-06-032-04,SL-06-032,general_web,3,pending,baseline
R-Q-SL-06-032-04-image-search,Q-SL-06-032-04,SL-06-032,image_search,4,pending,baseline
R-Q-SL-06-032-05-local-folder,Q-SL-06-032-05,SL-06-032,local_folder,1,pending,local_source_enabled
R-Q-SL-06-032-05-general-web,Q-SL-06-032-05,SL-06-032,general_web,3,pending,baseline
R-Q-SL-06-032-05-image-search,Q-SL-06-032-05,SL-06-032,image_search,4,pending,baseline
R-Q-SL-06-033-01-local-folder,Q-SL-06-033-01,SL-06-033,local_folder,1,pending,local_source_enabled
R-Q-SL-06-033-01-general-web,Q-SL-06-033-01,SL-06-033,general_web,3,pending,baseline
R-Q-SL-06-033-01-image-search,Q-SL-06-033-01,SL-06-033,image_search,4,pending,baseline
R-Q-SL-06-033-02-local-folder,Q-SL-06-033-02,SL-06-033,local_folder,1,pending,local_source_enabled
R-Q-SL-06-033-02-general-web,Q-SL-06-033-02,SL-06-033,general_web,3,pending,baseline
R-Q-SL-06-033-02-image-search,Q-SL-06-033-02,SL-06-033,image_search,4,pending,baseline
R-Q-SL-06-033-03-local-folder,Q-SL-06-033-03,SL-06-033,local_folder,1,pending,local_source_enabled
R-Q-SL-06-033-03-general-web,Q-SL-06-033-03,SL-06-033,general_web,3,pending,baseline
R-Q-SL-06-033-03-image-search,Q-SL-06-033-03,SL-06-033,image_search,4,pending,baseline
R-Q-SL-06-033-04-local-folder,Q-SL-06-033-04,SL-06-033,local_folder,1,pending,local_source_enabled
R-Q-SL-06-033-04-general-web,Q-SL-06-033-04,SL-06-033,general_web,3,pending,baseline
R-Q-SL-06-033-04-image-search,Q-SL-06-033-04,SL-06-033,image_search,4,pending,baseline
R-Q-SL-06-033-05-local-folder,Q-SL-06-033-05,SL-06-033,local_folder,1,pending,local_source_enabled
R-Q-SL-06-033-05-general-web,Q-SL-06-033-05,SL-06-033,general_web,3,pending,baseline
R-Q-SL-06-033-05-image-search,Q-SL-06-033-05,SL-06-033,image_search,4,pending,baseline
R-Q-SL-06-034-01-local-folder,Q-SL-06-034-01,SL-06-034,local_folder,1,pending,local_source_enabled
R-Q-SL-06-034-01-general-web,Q-SL-06-034-01,SL-06-034,general_web,3,pending,baseline
R-Q-SL-06-034-01-image-search,Q-SL-06-034-01,SL-06-034,image_search,4,pending,baseline
R-Q-SL-06-034-02-local-folder,Q-SL-06-034-02,SL-06-034,local_folder,1,pending,local_source_enabled
R-Q-SL-06-034-02-general-web,Q-SL-06-034-02,SL-06-034,general_web,3,pending,baseline
R-Q-SL-06-034-02-image-search,Q-SL-06-034-02,SL-06-034,image_search,4,pending,baseline
R-Q-SL-06-034-03-local-folder,Q-SL-06-034-03,SL-06-034,local_folder,1,pending,local_source_enabled
R-Q-SL-06-034-03-general-web,Q-SL-06-034-03,SL-06-034,general_web,3,pending,baseline
R-Q-SL-06-034-03-image-search,Q-SL-06-034-03,SL-06-034,image_search,4,pending,baseline
R-Q-SL-06-034-04-local-folder,Q-SL-06-034-04,SL-06-034,local_folder,1,pending,local_source_enabled
R-Q-SL-06-034-04-general-web,Q-SL-06-034-04,SL-06-034,general_web,3,pending,baseline
R-Q-SL-06-034-04-image-search,Q-SL-06-034-04,SL-06-034,image_search,4,pending,baseline
R-Q-SL-06-034-05-local-folder,Q-SL-06-034-05,SL-06-034,local_folder,1,pending,local_source_enabled
R-Q-SL-06-034-05-general-web,Q-SL-06-034-05,SL-06-034,general_web,3,pending,baseline
R-Q-SL-06-034-05-image-search,Q-SL-06-034-05,SL-06-034,image_search,4,pending,baseline
R-Q-SL-06-035-01-local-folder,Q-SL-06-035-01,SL-06-035,local_folder,1,pending,local_source_enabled
R-Q-SL-06-035-01-general-web,Q-SL-06-035-01,SL-06-035,general_web,3,pending,baseline
R-Q-SL-06-035-01-image-search,Q-SL-06-035-01,SL-06-035,image_search,4,pending,baseline
R-Q-SL-06-035-02-local-folder,Q-SL-06-035-02,SL-06-035,local_folder,1,pending,local_source_enabled
R-Q-SL-06-035-02-general-web,Q-SL-06-035-02,SL-06-035,general_web,3,pending,baseline
R-Q-SL-06-035-02-image-search,Q-SL-06-035-02,SL-06-035,image_search,4,pending,baseline
R-Q-SL-06-035-03-local-folder,Q-SL-06-035-03,SL-06-035,local_folder,1,pending,local_source_enabled
R-Q-SL-06-035-03-general-web,Q-SL-06-035-03,SL-06-035,general_web,3,pending,baseline
R-Q-SL-06-035-03-image-search,Q-SL-06-035-03,SL-06-035,image_search,4,pending,baseline
R-Q-SL-06-035-04-local-folder,Q-SL-06-035-04,SL-06-035,local_folder,1,pending,local_source_enabled
R-Q-SL-06-035-04-general-web,Q-SL-06-035-04,SL-06-035,general_web,3,pending,baseline
R-Q-SL-06-035-04-image-search,Q-SL-06-035-04,SL-06-035,image_search,4,pending,baseline
R-Q-SL-06-035-05-local-folder,Q-SL-06-035-05,SL-06-035,local_folder,1,pending,local_source_enabled
R-Q-SL-06-035-05-general-web,Q-SL-06-035-05,SL-06-035,general_web,3,pending,baseline
R-Q-SL-06-035-05-image-search,Q-SL-06-035-05,SL-06-035,image_search,4,pending,baseline
R-Q-SL-07-001-01-local-folder,Q-SL-07-001-01,SL-07-001,local_folder,1,pending,local_source_enabled
R-Q-SL-07-001-01-general-web,Q-SL-07-001-01,SL-07-001,general_web,3,pending,baseline
R-Q-SL-07-001-01-image-search,Q-SL-07-001-01,SL-07-001,image_search,4,pending,baseline
R-Q-SL-07-001-02-local-folder,Q-SL-07-001-02,SL-07-001,local_folder,1,pending,local_source_enabled
R-Q-SL-07-001-02-general-web,Q-SL-07-001-02,SL-07-001,general_web,3,pending,baseline
R-Q-SL-07-001-02-image-search,Q-SL-07-001-02,SL-07-001,image_search,4,pending,baseline
R-Q-SL-07-001-03-local-folder,Q-SL-07-001-03,SL-07-001,local_folder,1,pending,local_source_enabled
R-Q-SL-07-001-03-general-web,Q-SL-07-001-03,SL-07-001,general_web,3,pending,baseline
R-Q-SL-07-001-03-image-search,Q-SL-07-001-03,SL-07-001,image_search,4,pending,baseline
R-Q-SL-07-001-04-local-folder,Q-SL-07-001-04,SL-07-001,local_folder,1,pending,local_source_enabled
R-Q-SL-07-001-04-general-web,Q-SL-07-001-04,SL-07-001,general_web,3,pending,baseline
R-Q-SL-07-001-04-image-search,Q-SL-07-001-04,SL-07-001,image_search,4,pending,baseline
R-Q-SL-07-001-05-local-folder,Q-SL-07-001-05,SL-07-001,local_folder,1,pending,local_source_enabled
R-Q-SL-07-001-05-general-web,Q-SL-07-001-05,SL-07-001,general_web,3,pending,baseline
R-Q-SL-07-001-05-image-search,Q-SL-07-001-05,SL-07-001,image_search,4,pending,baseline
R-Q-SL-07-002-01-local-folder,Q-SL-07-002-01,SL-07-002,local_folder,1,pending,local_source_enabled
R-Q-SL-07-002-01-general-web,Q-SL-07-002-01,SL-07-002,general_web,3,pending,baseline
R-Q-SL-07-002-01-image-search,Q-SL-07-002-01,SL-07-002,image_search,4,pending,baseline
R-Q-SL-07-002-02-local-folder,Q-SL-07-002-02,SL-07-002,local_folder,1,pending,local_source_enabled
R-Q-SL-07-002-02-general-web,Q-SL-07-002-02,SL-07-002,general_web,3,pending,baseline
R-Q-SL-07-002-02-image-search,Q-SL-07-002-02,SL-07-002,image_search,4,pending,baseline
R-Q-SL-07-002-03-local-folder,Q-SL-07-002-03,SL-07-002,local_folder,1,pending,local_source_enabled
R-Q-SL-07-002-03-general-web,Q-SL-07-002-03,SL-07-002,general_web,3,pending,baseline
R-Q-SL-07-002-03-image-search,Q-SL-07-002-03,SL-07-002,image_search,4,pending,baseline
R-Q-SL-07-002-04-local-folder,Q-SL-07-002-04,SL-07-002,local_folder,1,pending,local_source_enabled
R-Q-SL-07-002-04-general-web,Q-SL-07-002-04,SL-07-002,general_web,3,pending,baseline
R-Q-SL-07-002-04-image-search,Q-SL-07-002-04,SL-07-002,image_search,4,pending,baseline
R-Q-SL-07-002-05-local-folder,Q-SL-07-002-05,SL-07-002,local_folder,1,pending,local_source_enabled
R-Q-SL-07-002-05-general-web,Q-SL-07-002-05,SL-07-002,general_web,3,pending,baseline
R-Q-SL-07-002-05-image-search,Q-SL-07-002-05,SL-07-002,image_search,4,pending,baseline
R-Q-SL-07-003-01-local-folder,Q-SL-07-003-01,SL-07-003,local_folder,1,pending,local_source_enabled
R-Q-SL-07-003-01-general-web,Q-SL-07-003-01,SL-07-003,general_web,3,pending,baseline
R-Q-SL-07-003-01-image-search,Q-SL-07-003-01,SL-07-003,image_search,4,pending,baseline
R-Q-SL-07-003-02-local-folder,Q-SL-07-003-02,SL-07-003,local_folder,1,pending,local_source_enabled
R-Q-SL-07-003-02-general-web,Q-SL-07-003-02,SL-07-003,general_web,3,pending,baseline
R-Q-SL-07-003-02-image-search,Q-SL-07-003-02,SL-07-003,image_search,4,pending,baseline
R-Q-SL-07-003-03-local-folder,Q-SL-07-003-03,SL-07-003,local_folder,1,pending,local_source_enabled
R-Q-SL-07-003-03-general-web,Q-SL-07-003-03,SL-07-003,general_web,3,pending,baseline
R-Q-SL-07-003-03-image-search,Q-SL-07-003-03,SL-07-003,image_search,4,pending,baseline
R-Q-SL-07-003-04-local-folder,Q-SL-07-003-04,SL-07-003,local_folder,1,pending,local_source_enabled
R-Q-SL-07-003-04-general-web,Q-SL-07-003-04,SL-07-003,general_web,3,pending,baseline
R-Q-SL-07-003-04-image-search,Q-SL-07-003-04,SL-07-003,image_search,4,pending,baseline
R-Q-SL-07-003-05-local-folder,Q-SL-07-003-05,SL-07-003,local_folder,1,pending,local_source_enabled
R-Q-SL-07-003-05-general-web,Q-SL-07-003-05,SL-07-003,general_web,3,pending,baseline
R-Q-SL-07-003-05-image-search,Q-SL-07-003-05,SL-07-003,image_search,4,pending,baseline
R-Q-SL-07-004-01-local-folder,Q-SL-07-004-01,SL-07-004,local_folder,1,pending,local_source_enabled
R-Q-SL-07-004-01-general-web,Q-SL-07-004-01,SL-07-004,general_web,3,pending,baseline
R-Q-SL-07-004-01-image-search,Q-SL-07-004-01,SL-07-004,image_search,4,pending,baseline
R-Q-SL-07-004-02-local-folder,Q-SL-07-004-02,SL-07-004,local_folder,1,pending,local_source_enabled
R-Q-SL-07-004-02-general-web,Q-SL-07-004-02,SL-07-004,general_web,3,pending,baseline
R-Q-SL-07-004-02-image-search,Q-SL-07-004-02,SL-07-004,image_search,4,pending,baseline
R-Q-SL-07-004-03-local-folder,Q-SL-07-004-03,SL-07-004,local_folder,1,pending,local_source_enabled
R-Q-SL-07-004-03-general-web,Q-SL-07-004-03,SL-07-004,general_web,3,pending,baseline
R-Q-SL-07-004-03-image-search,Q-SL-07-004-03,SL-07-004,image_search,4,pending,baseline
R-Q-SL-07-004-04-local-folder,Q-SL-07-004-04,SL-07-004,local_folder,1,pending,local_source_enabled
R-Q-SL-07-004-04-wikimedia,Q-SL-07-004-04,SL-07-004,wikimedia,2,pending,historical_query
R-Q-SL-07-004-04-general-web,Q-SL-07-004-04,SL-07-004,general_web,3,pending,baseline
R-Q-SL-07-004-04-image-search,Q-SL-07-004-04,SL-07-004,image_search,4,pending,baseline
R-Q-SL-07-004-05-local-folder,Q-SL-07-004-05,SL-07-004,local_folder,1,pending,local_source_enabled
R-Q-SL-07-004-05-general-web,Q-SL-07-004-05,SL-07-004,general_web,3,pending,baseline
R-Q-SL-07-004-05-image-search,Q-SL-07-004-05,SL-07-004,image_search,4,pending,baseline
R-Q-SL-07-005-01-local-folder,Q-SL-07-005-01,SL-07-005,local_folder,1,pending,local_source_enabled
R-Q-SL-07-005-01-general-web,Q-SL-07-005-01,SL-07-005,general_web,3,pending,baseline
R-Q-SL-07-005-01-image-search,Q-SL-07-005-01,SL-07-005,image_search,4,pending,baseline
R-Q-SL-07-005-02-local-folder,Q-SL-07-005-02,SL-07-005,local_folder,1,pending,local_source_enabled
R-Q-SL-07-005-02-general-web,Q-SL-07-005-02,SL-07-005,general_web,3,pending,baseline
R-Q-SL-07-005-02-image-search,Q-SL-07-005-02,SL-07-005,image_search,4,pending,baseline
R-Q-SL-07-005-03-local-folder,Q-SL-07-005-03,SL-07-005,local_folder,1,pending,local_source_enabled
R-Q-SL-07-005-03-general-web,Q-SL-07-005-03,SL-07-005,general_web,3,pending,baseline
R-Q-SL-07-005-03-image-search,Q-SL-07-005-03,SL-07-005,image_search,4,pending,baseline
R-Q-SL-07-005-04-local-folder,Q-SL-07-005-04,SL-07-005,local_folder,1,pending,local_source_enabled
R-Q-SL-07-005-04-wikimedia,Q-SL-07-005-04,SL-07-005,wikimedia,2,pending,historical_query
R-Q-SL-07-005-04-general-web,Q-SL-07-005-04,SL-07-005,general_web,3,pending,baseline
R-Q-SL-07-005-04-image-search,Q-SL-07-005-04,SL-07-005,image_search,4,pending,baseline
R-Q-SL-07-005-05-local-folder,Q-SL-07-005-05,SL-07-005,local_folder,1,pending,local_source_enabled
R-Q-SL-07-005-05-general-web,Q-SL-07-005-05,SL-07-005,general_web,3,pending,baseline
R-Q-SL-07-005-05-image-search,Q-SL-07-005-05,SL-07-005,image_search,4,pending,baseline
R-Q-SL-07-006-01-local-folder,Q-SL-07-006-01,SL-07-006,local_folder,1,pending,local_source_enabled
R-Q-SL-07-006-01-general-web,Q-SL-07-006-01,SL-07-006,general_web,3,pending,baseline
R-Q-SL-07-006-01-image-search,Q-SL-07-006-01,SL-07-006,image_search,4,pending,baseline
R-Q-SL-07-006-02-local-folder,Q-SL-07-006-02,SL-07-006,local_folder,1,pending,local_source_enabled
R-Q-SL-07-006-02-general-web,Q-SL-07-006-02,SL-07-006,general_web,3,pending,baseline
R-Q-SL-07-006-02-image-search,Q-SL-07-006-02,SL-07-006,image_search,4,pending,baseline
R-Q-SL-07-006-03-local-folder,Q-SL-07-006-03,SL-07-006,local_folder,1,pending,local_source_enabled
R-Q-SL-07-006-03-general-web,Q-SL-07-006-03,SL-07-006,general_web,3,pending,baseline
R-Q-SL-07-006-03-image-search,Q-SL-07-006-03,SL-07-006,image_search,4,pending,baseline
R-Q-SL-07-006-04-local-folder,Q-SL-07-006-04,SL-07-006,local_folder,1,pending,local_source_enabled
R-Q-SL-07-006-04-general-web,Q-SL-07-006-04,SL-07-006,general_web,3,pending,baseline
R-Q-SL-07-006-04-image-search,Q-SL-07-006-04,SL-07-006,image_search,4,pending,baseline
R-Q-SL-07-006-05-local-folder,Q-SL-07-006-05,SL-07-006,local_folder,1,pending,local_source_enabled
R-Q-SL-07-006-05-general-web,Q-SL-07-006-05,SL-07-006,general_web,3,pending,baseline
R-Q-SL-07-006-05-image-search,Q-SL-07-006-05,SL-07-006,image_search,4,pending,baseline
R-Q-SL-07-007-01-local-folder,Q-SL-07-007-01,SL-07-007,local_folder,1,pending,local_source_enabled
R-Q-SL-07-007-01-wikimedia,Q-SL-07-007-01,SL-07-007,wikimedia,2,pending,category_rule
R-Q-SL-07-007-01-general-web,Q-SL-07-007-01,SL-07-007,general_web,3,pending,baseline
R-Q-SL-07-007-01-image-search,Q-SL-07-007-01,SL-07-007,image_search,4,pending,baseline
R-Q-SL-07-007-02-local-folder,Q-SL-07-007-02,SL-07-007,local_folder,1,pending,local_source_enabled
R-Q-SL-07-007-02-wikimedia,Q-SL-07-007-02,SL-07-007,wikimedia,2,pending,category_rule
R-Q-SL-07-007-02-general-web,Q-SL-07-007-02,SL-07-007,general_web,3,pending,baseline
R-Q-SL-07-007-02-image-search,Q-SL-07-007-02,SL-07-007,image_search,4,pending,baseline
R-Q-SL-07-007-03-local-folder,Q-SL-07-007-03,SL-07-007,local_folder,1,pending,local_source_enabled
R-Q-SL-07-007-03-wikimedia,Q-SL-07-007-03,SL-07-007,wikimedia,2,pending,category_rule
R-Q-SL-07-007-03-general-web,Q-SL-07-007-03,SL-07-007,general_web,3,pending,baseline
R-Q-SL-07-007-03-image-search,Q-SL-07-007-03,SL-07-007,image_search,4,pending,baseline
R-Q-SL-07-007-04-local-folder,Q-SL-07-007-04,SL-07-007,local_folder,1,pending,local_source_enabled
R-Q-SL-07-007-04-wikimedia,Q-SL-07-007-04,SL-07-007,wikimedia,2,pending,category_rule
R-Q-SL-07-007-04-general-web,Q-SL-07-007-04,SL-07-007,general_web,3,pending,baseline
R-Q-SL-07-007-04-image-search,Q-SL-07-007-04,SL-07-007,image_search,4,pending,baseline
R-Q-SL-07-007-05-local-folder,Q-SL-07-007-05,SL-07-007,local_folder,1,pending,local_source_enabled
R-Q-SL-07-007-05-wikimedia,Q-SL-07-007-05,SL-07-007,wikimedia,2,pending,"category_rule,historical_query"
R-Q-SL-07-007-05-general-web,Q-SL-07-007-05,SL-07-007,general_web,3,pending,baseline
R-Q-SL-07-007-05-image-search,Q-SL-07-007-05,SL-07-007,image_search,4,pending,baseline
R-Q-SL-07-008-01-local-folder,Q-SL-07-008-01,SL-07-008,local_folder,1,pending,local_source_enabled
R-Q-SL-07-008-01-wikimedia,Q-SL-07-008-01,SL-07-008,wikimedia,2,pending,"category_rule,historical_query"
R-Q-SL-07-008-01-general-web,Q-SL-07-008-01,SL-07-008,general_web,3,pending,baseline
R-Q-SL-07-008-01-image-search,Q-SL-07-008-01,SL-07-008,image_search,4,pending,baseline
R-Q-SL-07-008-02-local-folder,Q-SL-07-008-02,SL-07-008,local_folder,1,pending,local_source_enabled
R-Q-SL-07-008-02-wikimedia,Q-SL-07-008-02,SL-07-008,wikimedia,2,pending,"category_rule,historical_query"
R-Q-SL-07-008-02-general-web,Q-SL-07-008-02,SL-07-008,general_web,3,pending,baseline
R-Q-SL-07-008-02-image-search,Q-SL-07-008-02,SL-07-008,image_search,4,pending,baseline
R-Q-SL-07-008-03-local-folder,Q-SL-07-008-03,SL-07-008,local_folder,1,pending,local_source_enabled
R-Q-SL-07-008-03-wikimedia,Q-SL-07-008-03,SL-07-008,wikimedia,2,pending,"category_rule,historical_query"
R-Q-SL-07-008-03-general-web,Q-SL-07-008-03,SL-07-008,general_web,3,pending,baseline
R-Q-SL-07-008-03-image-search,Q-SL-07-008-03,SL-07-008,image_search,4,pending,baseline
R-Q-SL-07-008-04-local-folder,Q-SL-07-008-04,SL-07-008,local_folder,1,pending,local_source_enabled
R-Q-SL-07-008-04-wikimedia,Q-SL-07-008-04,SL-07-008,wikimedia,2,pending,"category_rule,historical_query"
R-Q-SL-07-008-04-general-web,Q-SL-07-008-04,SL-07-008,general_web,3,pending,baseline
R-Q-SL-07-008-04-image-search,Q-SL-07-008-04,SL-07-008,image_search,4,pending,baseline
R-Q-SL-07-008-05-local-folder,Q-SL-07-008-05,SL-07-008,local_folder,1,pending,local_source_enabled
R-Q-SL-07-008-05-wikimedia,Q-SL-07-008-05,SL-07-008,wikimedia,2,pending,"category_rule,historical_query"
R-Q-SL-07-008-05-general-web,Q-SL-07-008-05,SL-07-008,general_web,3,pending,baseline
R-Q-SL-07-008-05-image-search,Q-SL-07-008-05,SL-07-008,image_search,4,pending,baseline
R-Q-SL-07-009-01-local-folder,Q-SL-07-009-01,SL-07-009,local_folder,1,pending,local_source_enabled
R-Q-SL-07-009-01-general-web,Q-SL-07-009-01,SL-07-009,general_web,3,pending,baseline
R-Q-SL-07-009-01-image-search,Q-SL-07-009-01,SL-07-009,image_search,4,pending,baseline
R-Q-SL-07-009-02-local-folder,Q-SL-07-009-02,SL-07-009,local_folder,1,pending,local_source_enabled
R-Q-SL-07-009-02-general-web,Q-SL-07-009-02,SL-07-009,general_web,3,pending,baseline
R-Q-SL-07-009-02-image-search,Q-SL-07-009-02,SL-07-009,image_search,4,pending,baseline
R-Q-SL-07-009-03-local-folder,Q-SL-07-009-03,SL-07-009,local_folder,1,pending,local_source_enabled
R-Q-SL-07-009-03-general-web,Q-SL-07-009-03,SL-07-009,general_web,3,pending,baseline
R-Q-SL-07-009-03-image-search,Q-SL-07-009-03,SL-07-009,image_search,4,pending,baseline
R-Q-SL-07-009-04-local-folder,Q-SL-07-009-04,SL-07-009,local_folder,1,pending,local_source_enabled
R-Q-SL-07-009-04-general-web,Q-SL-07-009-04,SL-07-009,general_web,3,pending,baseline
R-Q-SL-07-009-04-image-search,Q-SL-07-009-04,SL-07-009,image_search,4,pending,baseline
R-Q-SL-07-009-05-local-folder,Q-SL-07-009-05,SL-07-009,local_folder,1,pending,local_source_enabled
R-Q-SL-07-009-05-general-web,Q-SL-07-009-05,SL-07-009,general_web,3,pending,baseline
R-Q-SL-07-009-05-image-search,Q-SL-07-009-05,SL-07-009,image_search,4,pending,baseline
R-Q-SL-07-010-01-local-folder,Q-SL-07-010-01,SL-07-010,local_folder,1,pending,local_source_enabled
R-Q-SL-07-010-01-general-web,Q-SL-07-010-01,SL-07-010,general_web,3,pending,baseline
R-Q-SL-07-010-01-image-search,Q-SL-07-010-01,SL-07-010,image_search,4,pending,baseline
R-Q-SL-07-010-02-local-folder,Q-SL-07-010-02,SL-07-010,local_folder,1,pending,local_source_enabled
R-Q-SL-07-010-02-general-web,Q-SL-07-010-02,SL-07-010,general_web,3,pending,baseline
R-Q-SL-07-010-02-image-search,Q-SL-07-010-02,SL-07-010,image_search,4,pending,baseline
R-Q-SL-07-010-03-local-folder,Q-SL-07-010-03,SL-07-010,local_folder,1,pending,local_source_enabled
R-Q-SL-07-010-03-general-web,Q-SL-07-010-03,SL-07-010,general_web,3,pending,baseline
R-Q-SL-07-010-03-image-search,Q-SL-07-010-03,SL-07-010,image_search,4,pending,baseline
R-Q-SL-07-010-04-local-folder,Q-SL-07-010-04,SL-07-010,local_folder,1,pending,local_source_enabled
R-Q-SL-07-010-04-wikimedia,Q-SL-07-010-04,SL-07-010,wikimedia,2,pending,historical_query
R-Q-SL-07-010-04-general-web,Q-SL-07-010-04,SL-07-010,general_web,3,pending,baseline
R-Q-SL-07-010-04-image-search,Q-SL-07-010-04,SL-07-010,image_search,4,pending,baseline
R-Q-SL-07-010-05-local-folder,Q-SL-07-010-05,SL-07-010,local_folder,1,pending,local_source_enabled
R-Q-SL-07-010-05-general-web,Q-SL-07-010-05,SL-07-010,general_web,3,pending,baseline
R-Q-SL-07-010-05-image-search,Q-SL-07-010-05,SL-07-010,image_search,4,pending,baseline
R-Q-SL-07-011-01-local-folder,Q-SL-07-011-01,SL-07-011,local_folder,1,pending,local_source_enabled
R-Q-SL-07-011-01-general-web,Q-SL-07-011-01,SL-07-011,general_web,3,pending,baseline
R-Q-SL-07-011-01-image-search,Q-SL-07-011-01,SL-07-011,image_search,4,pending,baseline
R-Q-SL-07-011-02-local-folder,Q-SL-07-011-02,SL-07-011,local_folder,1,pending,local_source_enabled
R-Q-SL-07-011-02-general-web,Q-SL-07-011-02,SL-07-011,general_web,3,pending,baseline
R-Q-SL-07-011-02-image-search,Q-SL-07-011-02,SL-07-011,image_search,4,pending,baseline
R-Q-SL-07-011-03-local-folder,Q-SL-07-011-03,SL-07-011,local_folder,1,pending,local_source_enabled
R-Q-SL-07-011-03-general-web,Q-SL-07-011-03,SL-07-011,general_web,3,pending,baseline
R-Q-SL-07-011-03-image-search,Q-SL-07-011-03,SL-07-011,image_search,4,pending,baseline
R-Q-SL-07-011-04-local-folder,Q-SL-07-011-04,SL-07-011,local_folder,1,pending,local_source_enabled
R-Q-SL-07-011-04-general-web,Q-SL-07-011-04,SL-07-011,general_web,3,pending,baseline
R-Q-SL-07-011-04-image-search,Q-SL-07-011-04,SL-07-011,image_search,4,pending,baseline
R-Q-SL-07-011-05-local-folder,Q-SL-07-011-05,SL-07-011,local_folder,1,pending,local_source_enabled
R-Q-SL-07-011-05-wikimedia,Q-SL-07-011-05,SL-07-011,wikimedia,2,pending,historical_query
R-Q-SL-07-011-05-general-web,Q-SL-07-011-05,SL-07-011,general_web,3,pending,baseline
R-Q-SL-07-011-05-image-search,Q-SL-07-011-05,SL-07-011,image_search,4,pending,baseline
R-Q-SL-07-012-01-local-folder,Q-SL-07-012-01,SL-07-012,local_folder,1,pending,local_source_enabled
R-Q-SL-07-012-01-wikimedia,Q-SL-07-012-01,SL-07-012,wikimedia,2,pending,historical_query
R-Q-SL-07-012-01-general-web,Q-SL-07-012-01,SL-07-012,general_web,3,pending,baseline
R-Q-SL-07-012-01-image-search,Q-SL-07-012-01,SL-07-012,image_search,4,pending,baseline
R-Q-SL-07-012-02-local-folder,Q-SL-07-012-02,SL-07-012,local_folder,1,pending,local_source_enabled
R-Q-SL-07-012-02-wikimedia,Q-SL-07-012-02,SL-07-012,wikimedia,2,pending,historical_query
R-Q-SL-07-012-02-general-web,Q-SL-07-012-02,SL-07-012,general_web,3,pending,baseline
R-Q-SL-07-012-02-image-search,Q-SL-07-012-02,SL-07-012,image_search,4,pending,baseline
R-Q-SL-07-012-03-local-folder,Q-SL-07-012-03,SL-07-012,local_folder,1,pending,local_source_enabled
R-Q-SL-07-012-03-wikimedia,Q-SL-07-012-03,SL-07-012,wikimedia,2,pending,historical_query
R-Q-SL-07-012-03-general-web,Q-SL-07-012-03,SL-07-012,general_web,3,pending,baseline
R-Q-SL-07-012-03-image-search,Q-SL-07-012-03,SL-07-012,image_search,4,pending,baseline
R-Q-SL-07-012-04-local-folder,Q-SL-07-012-04,SL-07-012,local_folder,1,pending,local_source_enabled
R-Q-SL-07-012-04-wikimedia,Q-SL-07-012-04,SL-07-012,wikimedia,2,pending,historical_query
R-Q-SL-07-012-04-general-web,Q-SL-07-012-04,SL-07-012,general_web,3,pending,baseline
R-Q-SL-07-012-04-image-search,Q-SL-07-012-04,SL-07-012,image_search,4,pending,baseline
R-Q-SL-07-012-05-local-folder,Q-SL-07-012-05,SL-07-012,local_folder,1,pending,local_source_enabled
R-Q-SL-07-012-05-wikimedia,Q-SL-07-012-05,SL-07-012,wikimedia,2,pending,historical_query
R-Q-SL-07-012-05-general-web,Q-SL-07-012-05,SL-07-012,general_web,3,pending,baseline
R-Q-SL-07-012-05-image-search,Q-SL-07-012-05,SL-07-012,image_search,4,pending,baseline
R-Q-SL-07-013-01-local-folder,Q-SL-07-013-01,SL-07-013,local_folder,1,pending,local_source_enabled
R-Q-SL-07-013-01-general-web,Q-SL-07-013-01,SL-07-013,general_web,3,pending,baseline
R-Q-SL-07-013-01-image-search,Q-SL-07-013-01,SL-07-013,image_search,4,pending,baseline
R-Q-SL-07-013-02-local-folder,Q-SL-07-013-02,SL-07-013,local_folder,1,pending,local_source_enabled
R-Q-SL-07-013-02-general-web,Q-SL-07-013-02,SL-07-013,general_web,3,pending,baseline
R-Q-SL-07-013-02-image-search,Q-SL-07-013-02,SL-07-013,image_search,4,pending,baseline
R-Q-SL-07-013-03-local-folder,Q-SL-07-013-03,SL-07-013,local_folder,1,pending,local_source_enabled
R-Q-SL-07-013-03-general-web,Q-SL-07-013-03,SL-07-013,general_web,3,pending,baseline
R-Q-SL-07-013-03-image-search,Q-SL-07-013-03,SL-07-013,image_search,4,pending,baseline
R-Q-SL-07-013-04-local-folder,Q-SL-07-013-04,SL-07-013,local_folder,1,pending,local_source_enabled
R-Q-SL-07-013-04-wikimedia,Q-SL-07-013-04,SL-07-013,wikimedia,2,pending,historical_query
R-Q-SL-07-013-04-general-web,Q-SL-07-013-04,SL-07-013,general_web,3,pending,baseline
R-Q-SL-07-013-04-image-search,Q-SL-07-013-04,SL-07-013,image_search,4,pending,baseline
R-Q-SL-07-013-05-local-folder,Q-SL-07-013-05,SL-07-013,local_folder,1,pending,local_source_enabled
R-Q-SL-07-013-05-general-web,Q-SL-07-013-05,SL-07-013,general_web,3,pending,baseline
R-Q-SL-07-013-05-image-search,Q-SL-07-013-05,SL-07-013,image_search,4,pending,baseline
R-Q-SL-07-014-01-local-folder,Q-SL-07-014-01,SL-07-014,local_folder,1,pending,local_source_enabled
R-Q-SL-07-014-01-general-web,Q-SL-07-014-01,SL-07-014,general_web,3,pending,baseline
R-Q-SL-07-014-01-image-search,Q-SL-07-014-01,SL-07-014,image_search,4,pending,baseline
R-Q-SL-07-014-02-local-folder,Q-SL-07-014-02,SL-07-014,local_folder,1,pending,local_source_enabled
R-Q-SL-07-014-02-general-web,Q-SL-07-014-02,SL-07-014,general_web,3,pending,baseline
R-Q-SL-07-014-02-image-search,Q-SL-07-014-02,SL-07-014,image_search,4,pending,baseline
R-Q-SL-07-014-03-local-folder,Q-SL-07-014-03,SL-07-014,local_folder,1,pending,local_source_enabled
R-Q-SL-07-014-03-general-web,Q-SL-07-014-03,SL-07-014,general_web,3,pending,baseline
R-Q-SL-07-014-03-image-search,Q-SL-07-014-03,SL-07-014,image_search,4,pending,baseline
R-Q-SL-07-014-04-local-folder,Q-SL-07-014-04,SL-07-014,local_folder,1,pending,local_source_enabled
R-Q-SL-07-014-04-wikimedia,Q-SL-07-014-04,SL-07-014,wikimedia,2,pending,historical_query
R-Q-SL-07-014-04-general-web,Q-SL-07-014-04,SL-07-014,general_web,3,pending,baseline
R-Q-SL-07-014-04-image-search,Q-SL-07-014-04,SL-07-014,image_search,4,pending,baseline
R-Q-SL-07-014-05-local-folder,Q-SL-07-014-05,SL-07-014,local_folder,1,pending,local_source_enabled
R-Q-SL-07-014-05-wikimedia,Q-SL-07-014-05,SL-07-014,wikimedia,2,pending,historical_query
R-Q-SL-07-014-05-general-web,Q-SL-07-014-05,SL-07-014,general_web,3,pending,baseline
R-Q-SL-07-014-05-image-search,Q-SL-07-014-05,SL-07-014,image_search,4,pending,baseline
R-Q-SL-07-015-01-local-folder,Q-SL-07-015-01,SL-07-015,local_folder,1,pending,local_source_enabled
R-Q-SL-07-015-01-wikimedia,Q-SL-07-015-01,SL-07-015,wikimedia,2,pending,historical_query
R-Q-SL-07-015-01-general-web,Q-SL-07-015-01,SL-07-015,general_web,3,pending,baseline
R-Q-SL-07-015-01-image-search,Q-SL-07-015-01,SL-07-015,image_search,4,pending,baseline
R-Q-SL-07-015-02-local-folder,Q-SL-07-015-02,SL-07-015,local_folder,1,pending,local_source_enabled
R-Q-SL-07-015-02-wikimedia,Q-SL-07-015-02,SL-07-015,wikimedia,2,pending,historical_query
R-Q-SL-07-015-02-general-web,Q-SL-07-015-02,SL-07-015,general_web,3,pending,baseline
R-Q-SL-07-015-02-image-search,Q-SL-07-015-02,SL-07-015,image_search,4,pending,baseline
R-Q-SL-07-015-03-local-folder,Q-SL-07-015-03,SL-07-015,local_folder,1,pending,local_source_enabled
R-Q-SL-07-015-03-wikimedia,Q-SL-07-015-03,SL-07-015,wikimedia,2,pending,historical_query
R-Q-SL-07-015-03-general-web,Q-SL-07-015-03,SL-07-015,general_web,3,pending,baseline
R-Q-SL-07-015-03-image-search,Q-SL-07-015-03,SL-07-015,image_search,4,pending,baseline
R-Q-SL-07-015-04-local-folder,Q-SL-07-015-04,SL-07-015,local_folder,1,pending,local_source_enabled
R-Q-SL-07-015-04-wikimedia,Q-SL-07-015-04,SL-07-015,wikimedia,2,pending,historical_query
R-Q-SL-07-015-04-general-web,Q-SL-07-015-04,SL-07-015,general_web,3,pending,baseline
R-Q-SL-07-015-04-image-search,Q-SL-07-015-04,SL-07-015,image_search,4,pending,baseline
R-Q-SL-07-015-05-local-folder,Q-SL-07-015-05,SL-07-015,local_folder,1,pending,local_source_enabled
R-Q-SL-07-015-05-wikimedia,Q-SL-07-015-05,SL-07-015,wikimedia,2,pending,historical_query
R-Q-SL-07-015-05-general-web,Q-SL-07-015-05,SL-07-015,general_web,3,pending,baseline
R-Q-SL-07-015-05-image-search,Q-SL-07-015-05,SL-07-015,image_search,4,pending,baseline
R-Q-SL-07-016-01-local-folder,Q-SL-07-016-01,SL-07-016,local_folder,1,pending,local_source_enabled
R-Q-SL-07-016-01-general-web,Q-SL-07-016-01,SL-07-016,general_web,3,pending,baseline
R-Q-SL-07-016-01-image-search,Q-SL-07-016-01,SL-07-016,image_search,4,pending,baseline
R-Q-SL-07-016-02-local-folder,Q-SL-07-016-02,SL-07-016,local_folder,1,pending,local_source_enabled
R-Q-SL-07-016-02-general-web,Q-SL-07-016-02,SL-07-016,general_web,3,pending,baseline
R-Q-SL-07-016-02-image-search,Q-SL-07-016-02,SL-07-016,image_search,4,pending,baseline
R-Q-SL-07-016-03-local-folder,Q-SL-07-016-03,SL-07-016,local_folder,1,pending,local_source_enabled
R-Q-SL-07-016-03-general-web,Q-SL-07-016-03,SL-07-016,general_web,3,pending,baseline
R-Q-SL-07-016-03-image-search,Q-SL-07-016-03,SL-07-016,image_search,4,pending,baseline
R-Q-SL-07-016-04-local-folder,Q-SL-07-016-04,SL-07-016,local_folder,1,pending,local_source_enabled
R-Q-SL-07-016-04-wikimedia,Q-SL-07-016-04,SL-07-016,wikimedia,2,pending,historical_query
R-Q-SL-07-016-04-general-web,Q-SL-07-016-04,SL-07-016,general_web,3,pending,baseline
R-Q-SL-07-016-04-image-search,Q-SL-07-016-04,SL-07-016,image_search,4,pending,baseline
R-Q-SL-07-016-05-local-folder,Q-SL-07-016-05,SL-07-016,local_folder,1,pending,local_source_enabled
R-Q-SL-07-016-05-general-web,Q-SL-07-016-05,SL-07-016,general_web,3,pending,baseline
R-Q-SL-07-016-05-image-search,Q-SL-07-016-05,SL-07-016,image_search,4,pending,baseline
R-Q-SL-07-017-01-local-folder,Q-SL-07-017-01,SL-07-017,local_folder,1,pending,local_source_enabled
R-Q-SL-07-017-01-general-web,Q-SL-07-017-01,SL-07-017,general_web,3,pending,baseline
R-Q-SL-07-017-01-image-search,Q-SL-07-017-01,SL-07-017,image_search,4,pending,baseline
R-Q-SL-07-017-02-local-folder,Q-SL-07-017-02,SL-07-017,local_folder,1,pending,local_source_enabled
R-Q-SL-07-017-02-general-web,Q-SL-07-017-02,SL-07-017,general_web,3,pending,baseline
R-Q-SL-07-017-02-image-search,Q-SL-07-017-02,SL-07-017,image_search,4,pending,baseline
R-Q-SL-07-017-03-local-folder,Q-SL-07-017-03,SL-07-017,local_folder,1,pending,local_source_enabled
R-Q-SL-07-017-03-general-web,Q-SL-07-017-03,SL-07-017,general_web,3,pending,baseline
R-Q-SL-07-017-03-image-search,Q-SL-07-017-03,SL-07-017,image_search,4,pending,baseline
R-Q-SL-07-017-04-local-folder,Q-SL-07-017-04,SL-07-017,local_folder,1,pending,local_source_enabled
R-Q-SL-07-017-04-general-web,Q-SL-07-017-04,SL-07-017,general_web,3,pending,baseline
R-Q-SL-07-017-04-image-search,Q-SL-07-017-04,SL-07-017,image_search,4,pending,baseline
R-Q-SL-07-017-05-local-folder,Q-SL-07-017-05,SL-07-017,local_folder,1,pending,local_source_enabled
R-Q-SL-07-017-05-wikimedia,Q-SL-07-017-05,SL-07-017,wikimedia,2,pending,historical_query
R-Q-SL-07-017-05-general-web,Q-SL-07-017-05,SL-07-017,general_web,3,pending,baseline
R-Q-SL-07-017-05-image-search,Q-SL-07-017-05,SL-07-017,image_search,4,pending,baseline
R-Q-SL-07-018-01-local-folder,Q-SL-07-018-01,SL-07-018,local_folder,1,pending,local_source_enabled
R-Q-SL-07-018-01-wikimedia,Q-SL-07-018-01,SL-07-018,wikimedia,2,pending,historical_query
R-Q-SL-07-018-01-general-web,Q-SL-07-018-01,SL-07-018,general_web,3,pending,baseline
R-Q-SL-07-018-01-image-search,Q-SL-07-018-01,SL-07-018,image_search,4,pending,baseline
R-Q-SL-07-018-02-local-folder,Q-SL-07-018-02,SL-07-018,local_folder,1,pending,local_source_enabled
R-Q-SL-07-018-02-wikimedia,Q-SL-07-018-02,SL-07-018,wikimedia,2,pending,historical_query
R-Q-SL-07-018-02-general-web,Q-SL-07-018-02,SL-07-018,general_web,3,pending,baseline
R-Q-SL-07-018-02-image-search,Q-SL-07-018-02,SL-07-018,image_search,4,pending,baseline
R-Q-SL-07-018-03-local-folder,Q-SL-07-018-03,SL-07-018,local_folder,1,pending,local_source_enabled
R-Q-SL-07-018-03-wikimedia,Q-SL-07-018-03,SL-07-018,wikimedia,2,pending,historical_query
R-Q-SL-07-018-03-general-web,Q-SL-07-018-03,SL-07-018,general_web,3,pending,baseline
R-Q-SL-07-018-03-image-search,Q-SL-07-018-03,SL-07-018,image_search,4,pending,baseline
R-Q-SL-07-018-04-local-folder,Q-SL-07-018-04,SL-07-018,local_folder,1,pending,local_source_enabled
R-Q-SL-07-018-04-wikimedia,Q-SL-07-018-04,SL-07-018,wikimedia,2,pending,historical_query
R-Q-SL-07-018-04-general-web,Q-SL-07-018-04,SL-07-018,general_web,3,pending,baseline
R-Q-SL-07-018-04-image-search,Q-SL-07-018-04,SL-07-018,image_search,4,pending,baseline
R-Q-SL-07-018-05-local-folder,Q-SL-07-018-05,SL-07-018,local_folder,1,pending,local_source_enabled
R-Q-SL-07-018-05-wikimedia,Q-SL-07-018-05,SL-07-018,wikimedia,2,pending,historical_query
R-Q-SL-07-018-05-general-web,Q-SL-07-018-05,SL-07-018,general_web,3,pending,baseline
R-Q-SL-07-018-05-image-search,Q-SL-07-018-05,SL-07-018,image_search,4,pending,baseline
R-Q-SL-07-019-01-local-folder,Q-SL-07-019-01,SL-07-019,local_folder,1,pending,local_source_enabled
R-Q-SL-07-019-01-general-web,Q-SL-07-019-01,SL-07-019,general_web,3,pending,baseline
R-Q-SL-07-019-01-image-search,Q-SL-07-019-01,SL-07-019,image_search,4,pending,baseline
R-Q-SL-07-019-02-local-folder,Q-SL-07-019-02,SL-07-019,local_folder,1,pending,local_source_enabled
R-Q-SL-07-019-02-general-web,Q-SL-07-019-02,SL-07-019,general_web,3,pending,baseline
R-Q-SL-07-019-02-image-search,Q-SL-07-019-02,SL-07-019,image_search,4,pending,baseline
R-Q-SL-07-019-03-local-folder,Q-SL-07-019-03,SL-07-019,local_folder,1,pending,local_source_enabled
R-Q-SL-07-019-03-general-web,Q-SL-07-019-03,SL-07-019,general_web,3,pending,baseline
R-Q-SL-07-019-03-image-search,Q-SL-07-019-03,SL-07-019,image_search,4,pending,baseline
R-Q-SL-07-019-04-local-folder,Q-SL-07-019-04,SL-07-019,local_folder,1,pending,local_source_enabled
R-Q-SL-07-019-04-wikimedia,Q-SL-07-019-04,SL-07-019,wikimedia,2,pending,historical_query
R-Q-SL-07-019-04-general-web,Q-SL-07-019-04,SL-07-019,general_web,3,pending,baseline
R-Q-SL-07-019-04-image-search,Q-SL-07-019-04,SL-07-019,image_search,4,pending,baseline
R-Q-SL-07-019-05-local-folder,Q-SL-07-019-05,SL-07-019,local_folder,1,pending,local_source_enabled
R-Q-SL-07-019-05-general-web,Q-SL-07-019-05,SL-07-019,general_web,3,pending,baseline
R-Q-SL-07-019-05-image-search,Q-SL-07-019-05,SL-07-019,image_search,4,pending,baseline
R-Q-SL-07-020-01-local-folder,Q-SL-07-020-01,SL-07-020,local_folder,1,pending,local_source_enabled
R-Q-SL-07-020-01-general-web,Q-SL-07-020-01,SL-07-020,general_web,3,pending,baseline
R-Q-SL-07-020-01-image-search,Q-SL-07-020-01,SL-07-020,image_search,4,pending,baseline
R-Q-SL-07-020-02-local-folder,Q-SL-07-020-02,SL-07-020,local_folder,1,pending,local_source_enabled
R-Q-SL-07-020-02-general-web,Q-SL-07-020-02,SL-07-020,general_web,3,pending,baseline
R-Q-SL-07-020-02-image-search,Q-SL-07-020-02,SL-07-020,image_search,4,pending,baseline
R-Q-SL-07-020-03-local-folder,Q-SL-07-020-03,SL-07-020,local_folder,1,pending,local_source_enabled
R-Q-SL-07-020-03-general-web,Q-SL-07-020-03,SL-07-020,general_web,3,pending,baseline
R-Q-SL-07-020-03-image-search,Q-SL-07-020-03,SL-07-020,image_search,4,pending,baseline
R-Q-SL-07-020-04-local-folder,Q-SL-07-020-04,SL-07-020,local_folder,1,pending,local_source_enabled
R-Q-SL-07-020-04-general-web,Q-SL-07-020-04,SL-07-020,general_web,3,pending,baseline
R-Q-SL-07-020-04-image-search,Q-SL-07-020-04,SL-07-020,image_search,4,pending,baseline
R-Q-SL-07-020-05-local-folder,Q-SL-07-020-05,SL-07-020,local_folder,1,pending,local_source_enabled
R-Q-SL-07-020-05-wikimedia,Q-SL-07-020-05,SL-07-020,wikimedia,2,pending,historical_query
R-Q-SL-07-020-05-general-web,Q-SL-07-020-05,SL-07-020,general_web,3,pending,baseline
R-Q-SL-07-020-05-image-search,Q-SL-07-020-05,SL-07-020,image_search,4,pending,baseline
R-Q-SL-07-021-01-local-folder,Q-SL-07-021-01,SL-07-021,local_folder,1,pending,local_source_enabled
R-Q-SL-07-021-01-wikimedia,Q-SL-07-021-01,SL-07-021,wikimedia,2,pending,historical_query
R-Q-SL-07-021-01-general-web,Q-SL-07-021-01,SL-07-021,general_web,3,pending,baseline
R-Q-SL-07-021-01-image-search,Q-SL-07-021-01,SL-07-021,image_search,4,pending,baseline
R-Q-SL-07-021-02-local-folder,Q-SL-07-021-02,SL-07-021,local_folder,1,pending,local_source_enabled
R-Q-SL-07-021-02-wikimedia,Q-SL-07-021-02,SL-07-021,wikimedia,2,pending,historical_query
R-Q-SL-07-021-02-general-web,Q-SL-07-021-02,SL-07-021,general_web,3,pending,baseline
R-Q-SL-07-021-02-image-search,Q-SL-07-021-02,SL-07-021,image_search,4,pending,baseline
R-Q-SL-07-021-03-local-folder,Q-SL-07-021-03,SL-07-021,local_folder,1,pending,local_source_enabled
R-Q-SL-07-021-03-wikimedia,Q-SL-07-021-03,SL-07-021,wikimedia,2,pending,historical_query
R-Q-SL-07-021-03-general-web,Q-SL-07-021-03,SL-07-021,general_web,3,pending,baseline
R-Q-SL-07-021-03-image-search,Q-SL-07-021-03,SL-07-021,image_search,4,pending,baseline
R-Q-SL-07-021-04-local-folder,Q-SL-07-021-04,SL-07-021,local_folder,1,pending,local_source_enabled
R-Q-SL-07-021-04-wikimedia,Q-SL-07-021-04,SL-07-021,wikimedia,2,pending,historical_query
R-Q-SL-07-021-04-general-web,Q-SL-07-021-04,SL-07-021,general_web,3,pending,baseline
R-Q-SL-07-021-04-image-search,Q-SL-07-021-04,SL-07-021,image_search,4,pending,baseline
R-Q-SL-07-021-05-local-folder,Q-SL-07-021-05,SL-07-021,local_folder,1,pending,local_source_enabled
R-Q-SL-07-021-05-wikimedia,Q-SL-07-021-05,SL-07-021,wikimedia,2,pending,historical_query
R-Q-SL-07-021-05-general-web,Q-SL-07-021-05,SL-07-021,general_web,3,pending,baseline
R-Q-SL-07-021-05-image-search,Q-SL-07-021-05,SL-07-021,image_search,4,pending,baseline
R-Q-SL-07-022-01-local-folder,Q-SL-07-022-01,SL-07-022,local_folder,1,pending,local_source_enabled
R-Q-SL-07-022-01-general-web,Q-SL-07-022-01,SL-07-022,general_web,3,pending,baseline
R-Q-SL-07-022-01-image-search,Q-SL-07-022-01,SL-07-022,image_search,4,pending,baseline
R-Q-SL-07-022-02-local-folder,Q-SL-07-022-02,SL-07-022,local_folder,1,pending,local_source_enabled
R-Q-SL-07-022-02-general-web,Q-SL-07-022-02,SL-07-022,general_web,3,pending,baseline
R-Q-SL-07-022-02-image-search,Q-SL-07-022-02,SL-07-022,image_search,4,pending,baseline
R-Q-SL-07-022-03-local-folder,Q-SL-07-022-03,SL-07-022,local_folder,1,pending,local_source_enabled
R-Q-SL-07-022-03-general-web,Q-SL-07-022-03,SL-07-022,general_web,3,pending,baseline
R-Q-SL-07-022-03-image-search,Q-SL-07-022-03,SL-07-022,image_search,4,pending,baseline
R-Q-SL-07-022-04-local-folder,Q-SL-07-022-04,SL-07-022,local_folder,1,pending,local_source_enabled
R-Q-SL-07-022-04-wikimedia,Q-SL-07-022-04,SL-07-022,wikimedia,2,pending,historical_query
R-Q-SL-07-022-04-general-web,Q-SL-07-022-04,SL-07-022,general_web,3,pending,baseline
R-Q-SL-07-022-04-image-search,Q-SL-07-022-04,SL-07-022,image_search,4,pending,baseline
R-Q-SL-07-022-05-local-folder,Q-SL-07-022-05,SL-07-022,local_folder,1,pending,local_source_enabled
R-Q-SL-07-022-05-general-web,Q-SL-07-022-05,SL-07-022,general_web,3,pending,baseline
R-Q-SL-07-022-05-image-search,Q-SL-07-022-05,SL-07-022,image_search,4,pending,baseline
R-Q-SL-07-023-01-local-folder,Q-SL-07-023-01,SL-07-023,local_folder,1,pending,local_source_enabled
R-Q-SL-07-023-01-general-web,Q-SL-07-023-01,SL-07-023,general_web,3,pending,baseline
R-Q-SL-07-023-01-image-search,Q-SL-07-023-01,SL-07-023,image_search,4,pending,baseline
R-Q-SL-07-023-02-local-folder,Q-SL-07-023-02,SL-07-023,local_folder,1,pending,local_source_enabled
R-Q-SL-07-023-02-general-web,Q-SL-07-023-02,SL-07-023,general_web,3,pending,baseline
R-Q-SL-07-023-02-image-search,Q-SL-07-023-02,SL-07-023,image_search,4,pending,baseline
R-Q-SL-07-023-03-local-folder,Q-SL-07-023-03,SL-07-023,local_folder,1,pending,local_source_enabled
R-Q-SL-07-023-03-general-web,Q-SL-07-023-03,SL-07-023,general_web,3,pending,baseline
R-Q-SL-07-023-03-image-search,Q-SL-07-023-03,SL-07-023,image_search,4,pending,baseline
R-Q-SL-07-023-04-local-folder,Q-SL-07-023-04,SL-07-023,local_folder,1,pending,local_source_enabled
R-Q-SL-07-023-04-wikimedia,Q-SL-07-023-04,SL-07-023,wikimedia,2,pending,historical_query
R-Q-SL-07-023-04-general-web,Q-SL-07-023-04,SL-07-023,general_web,3,pending,baseline
R-Q-SL-07-023-04-image-search,Q-SL-07-023-04,SL-07-023,image_search,4,pending,baseline
R-Q-SL-07-023-05-local-folder,Q-SL-07-023-05,SL-07-023,local_folder,1,pending,local_source_enabled
R-Q-SL-07-023-05-wikimedia,Q-SL-07-023-05,SL-07-023,wikimedia,2,pending,historical_query
R-Q-SL-07-023-05-general-web,Q-SL-07-023-05,SL-07-023,general_web,3,pending,baseline
R-Q-SL-07-023-05-image-search,Q-SL-07-023-05,SL-07-023,image_search,4,pending,baseline
R-Q-SL-07-024-01-local-folder,Q-SL-07-024-01,SL-07-024,local_folder,1,pending,local_source_enabled
R-Q-SL-07-024-01-wikimedia,Q-SL-07-024-01,SL-07-024,wikimedia,2,pending,historical_query
R-Q-SL-07-024-01-general-web,Q-SL-07-024-01,SL-07-024,general_web,3,pending,baseline
R-Q-SL-07-024-01-image-search,Q-SL-07-024-01,SL-07-024,image_search,4,pending,baseline
R-Q-SL-07-024-02-local-folder,Q-SL-07-024-02,SL-07-024,local_folder,1,pending,local_source_enabled
R-Q-SL-07-024-02-wikimedia,Q-SL-07-024-02,SL-07-024,wikimedia,2,pending,historical_query
R-Q-SL-07-024-02-general-web,Q-SL-07-024-02,SL-07-024,general_web,3,pending,baseline
R-Q-SL-07-024-02-image-search,Q-SL-07-024-02,SL-07-024,image_search,4,pending,baseline
R-Q-SL-07-024-03-local-folder,Q-SL-07-024-03,SL-07-024,local_folder,1,pending,local_source_enabled
R-Q-SL-07-024-03-wikimedia,Q-SL-07-024-03,SL-07-024,wikimedia,2,pending,historical_query
R-Q-SL-07-024-03-general-web,Q-SL-07-024-03,SL-07-024,general_web,3,pending,baseline
R-Q-SL-07-024-03-image-search,Q-SL-07-024-03,SL-07-024,image_search,4,pending,baseline
R-Q-SL-07-024-04-local-folder,Q-SL-07-024-04,SL-07-024,local_folder,1,pending,local_source_enabled
R-Q-SL-07-024-04-wikimedia,Q-SL-07-024-04,SL-07-024,wikimedia,2,pending,historical_query
R-Q-SL-07-024-04-general-web,Q-SL-07-024-04,SL-07-024,general_web,3,pending,baseline
R-Q-SL-07-024-04-image-search,Q-SL-07-024-04,SL-07-024,image_search,4,pending,baseline
R-Q-SL-07-024-05-local-folder,Q-SL-07-024-05,SL-07-024,local_folder,1,pending,local_source_enabled
R-Q-SL-07-024-05-wikimedia,Q-SL-07-024-05,SL-07-024,wikimedia,2,pending,historical_query
R-Q-SL-07-024-05-general-web,Q-SL-07-024-05,SL-07-024,general_web,3,pending,baseline
R-Q-SL-07-024-05-image-search,Q-SL-07-024-05,SL-07-024,image_search,4,pending,baseline
R-Q-SL-07-025-01-local-folder,Q-SL-07-025-01,SL-07-025,local_folder,1,pending,local_source_enabled
R-Q-SL-07-025-01-general-web,Q-SL-07-025-01,SL-07-025,general_web,3,pending,baseline
R-Q-SL-07-025-01-image-search,Q-SL-07-025-01,SL-07-025,image_search,4,pending,baseline
R-Q-SL-07-025-02-local-folder,Q-SL-07-025-02,SL-07-025,local_folder,1,pending,local_source_enabled
R-Q-SL-07-025-02-general-web,Q-SL-07-025-02,SL-07-025,general_web,3,pending,baseline
R-Q-SL-07-025-02-image-search,Q-SL-07-025-02,SL-07-025,image_search,4,pending,baseline
R-Q-SL-07-025-03-local-folder,Q-SL-07-025-03,SL-07-025,local_folder,1,pending,local_source_enabled
R-Q-SL-07-025-03-general-web,Q-SL-07-025-03,SL-07-025,general_web,3,pending,baseline
R-Q-SL-07-025-03-image-search,Q-SL-07-025-03,SL-07-025,image_search,4,pending,baseline
R-Q-SL-07-025-04-local-folder,Q-SL-07-025-04,SL-07-025,local_folder,1,pending,local_source_enabled
R-Q-SL-07-025-04-wikimedia,Q-SL-07-025-04,SL-07-025,wikimedia,2,pending,historical_query
R-Q-SL-07-025-04-general-web,Q-SL-07-025-04,SL-07-025,general_web,3,pending,baseline
R-Q-SL-07-025-04-image-search,Q-SL-07-025-04,SL-07-025,image_search,4,pending,baseline
R-Q-SL-07-025-05-local-folder,Q-SL-07-025-05,SL-07-025,local_folder,1,pending,local_source_enabled
R-Q-SL-07-025-05-general-web,Q-SL-07-025-05,SL-07-025,general_web,3,pending,baseline
R-Q-SL-07-025-05-image-search,Q-SL-07-025-05,SL-07-025,image_search,4,pending,baseline
R-Q-SL-07-026-01-local-folder,Q-SL-07-026-01,SL-07-026,local_folder,1,pending,local_source_enabled
R-Q-SL-07-026-01-wikimedia,Q-SL-07-026-01,SL-07-026,wikimedia,2,pending,historical_query
R-Q-SL-07-026-01-general-web,Q-SL-07-026-01,SL-07-026,general_web,3,pending,baseline
R-Q-SL-07-026-01-image-search,Q-SL-07-026-01,SL-07-026,image_search,4,pending,baseline
R-Q-SL-07-026-02-local-folder,Q-SL-07-026-02,SL-07-026,local_folder,1,pending,local_source_enabled
R-Q-SL-07-026-02-wikimedia,Q-SL-07-026-02,SL-07-026,wikimedia,2,pending,historical_query
R-Q-SL-07-026-02-general-web,Q-SL-07-026-02,SL-07-026,general_web,3,pending,baseline
R-Q-SL-07-026-02-image-search,Q-SL-07-026-02,SL-07-026,image_search,4,pending,baseline
R-Q-SL-07-026-03-local-folder,Q-SL-07-026-03,SL-07-026,local_folder,1,pending,local_source_enabled
R-Q-SL-07-026-03-wikimedia,Q-SL-07-026-03,SL-07-026,wikimedia,2,pending,historical_query
R-Q-SL-07-026-03-general-web,Q-SL-07-026-03,SL-07-026,general_web,3,pending,baseline
R-Q-SL-07-026-03-image-search,Q-SL-07-026-03,SL-07-026,image_search,4,pending,baseline
R-Q-SL-07-026-04-local-folder,Q-SL-07-026-04,SL-07-026,local_folder,1,pending,local_source_enabled
R-Q-SL-07-026-04-wikimedia,Q-SL-07-026-04,SL-07-026,wikimedia,2,pending,historical_query
R-Q-SL-07-026-04-general-web,Q-SL-07-026-04,SL-07-026,general_web,3,pending,baseline
R-Q-SL-07-026-04-image-search,Q-SL-07-026-04,SL-07-026,image_search,4,pending,baseline
R-Q-SL-07-026-05-local-folder,Q-SL-07-026-05,SL-07-026,local_folder,1,pending,local_source_enabled
R-Q-SL-07-026-05-wikimedia,Q-SL-07-026-05,SL-07-026,wikimedia,2,pending,historical_query
R-Q-SL-07-026-05-general-web,Q-SL-07-026-05,SL-07-026,general_web,3,pending,baseline
R-Q-SL-07-026-05-image-search,Q-SL-07-026-05,SL-07-026,image_search,4,pending,baseline
R-Q-SL-07-027-01-local-folder,Q-SL-07-027-01,SL-07-027,local_folder,1,pending,local_source_enabled
R-Q-SL-07-027-01-general-web,Q-SL-07-027-01,SL-07-027,general_web,3,pending,baseline
R-Q-SL-07-027-01-image-search,Q-SL-07-027-01,SL-07-027,image_search,4,pending,baseline
R-Q-SL-07-027-02-local-folder,Q-SL-07-027-02,SL-07-027,local_folder,1,pending,local_source_enabled
R-Q-SL-07-027-02-general-web,Q-SL-07-027-02,SL-07-027,general_web,3,pending,baseline
R-Q-SL-07-027-02-image-search,Q-SL-07-027-02,SL-07-027,image_search,4,pending,baseline
R-Q-SL-07-027-03-local-folder,Q-SL-07-027-03,SL-07-027,local_folder,1,pending,local_source_enabled
R-Q-SL-07-027-03-general-web,Q-SL-07-027-03,SL-07-027,general_web,3,pending,baseline
R-Q-SL-07-027-03-image-search,Q-SL-07-027-03,SL-07-027,image_search,4,pending,baseline
R-Q-SL-07-027-04-local-folder,Q-SL-07-027-04,SL-07-027,local_folder,1,pending,local_source_enabled
R-Q-SL-07-027-04-wikimedia,Q-SL-07-027-04,SL-07-027,wikimedia,2,pending,historical_query
R-Q-SL-07-027-04-general-web,Q-SL-07-027-04,SL-07-027,general_web,3,pending,baseline
R-Q-SL-07-027-04-image-search,Q-SL-07-027-04,SL-07-027,image_search,4,pending,baseline
R-Q-SL-07-027-05-local-folder,Q-SL-07-027-05,SL-07-027,local_folder,1,pending,local_source_enabled
R-Q-SL-07-027-05-general-web,Q-SL-07-027-05,SL-07-027,general_web,3,pending,baseline
R-Q-SL-07-027-05-image-search,Q-SL-07-027-05,SL-07-027,image_search,4,pending,baseline
R-Q-SL-07-028-01-local-folder,Q-SL-07-028-01,SL-07-028,local_folder,1,pending,local_source_enabled
R-Q-SL-07-028-01-general-web,Q-SL-07-028-01,SL-07-028,general_web,3,pending,baseline
R-Q-SL-07-028-01-image-search,Q-SL-07-028-01,SL-07-028,image_search,4,pending,baseline
R-Q-SL-07-028-02-local-folder,Q-SL-07-028-02,SL-07-028,local_folder,1,pending,local_source_enabled
R-Q-SL-07-028-02-general-web,Q-SL-07-028-02,SL-07-028,general_web,3,pending,baseline
R-Q-SL-07-028-02-image-search,Q-SL-07-028-02,SL-07-028,image_search,4,pending,baseline
R-Q-SL-07-028-03-local-folder,Q-SL-07-028-03,SL-07-028,local_folder,1,pending,local_source_enabled
R-Q-SL-07-028-03-general-web,Q-SL-07-028-03,SL-07-028,general_web,3,pending,baseline
R-Q-SL-07-028-03-image-search,Q-SL-07-028-03,SL-07-028,image_search,4,pending,baseline
R-Q-SL-07-028-04-local-folder,Q-SL-07-028-04,SL-07-028,local_folder,1,pending,local_source_enabled
R-Q-SL-07-028-04-wikimedia,Q-SL-07-028-04,SL-07-028,wikimedia,2,pending,historical_query
R-Q-SL-07-028-04-general-web,Q-SL-07-028-04,SL-07-028,general_web,3,pending,baseline
R-Q-SL-07-028-04-image-search,Q-SL-07-028-04,SL-07-028,image_search,4,pending,baseline
R-Q-SL-07-028-05-local-folder,Q-SL-07-028-05,SL-07-028,local_folder,1,pending,local_source_enabled
R-Q-SL-07-028-05-general-web,Q-SL-07-028-05,SL-07-028,general_web,3,pending,baseline
R-Q-SL-07-028-05-image-search,Q-SL-07-028-05,SL-07-028,image_search,4,pending,baseline
R-Q-SL-07-029-01-local-folder,Q-SL-07-029-01,SL-07-029,local_folder,1,pending,local_source_enabled
R-Q-SL-07-029-01-general-web,Q-SL-07-029-01,SL-07-029,general_web,3,pending,baseline
R-Q-SL-07-029-01-image-search,Q-SL-07-029-01,SL-07-029,image_search,4,pending,baseline
R-Q-SL-07-029-02-local-folder,Q-SL-07-029-02,SL-07-029,local_folder,1,pending,local_source_enabled
R-Q-SL-07-029-02-general-web,Q-SL-07-029-02,SL-07-029,general_web,3,pending,baseline
R-Q-SL-07-029-02-image-search,Q-SL-07-029-02,SL-07-029,image_search,4,pending,baseline
R-Q-SL-07-029-03-local-folder,Q-SL-07-029-03,SL-07-029,local_folder,1,pending,local_source_enabled
R-Q-SL-07-029-03-general-web,Q-SL-07-029-03,SL-07-029,general_web,3,pending,baseline
R-Q-SL-07-029-03-image-search,Q-SL-07-029-03,SL-07-029,image_search,4,pending,baseline
R-Q-SL-07-029-04-local-folder,Q-SL-07-029-04,SL-07-029,local_folder,1,pending,local_source_enabled
R-Q-SL-07-029-04-wikimedia,Q-SL-07-029-04,SL-07-029,wikimedia,2,pending,historical_query
R-Q-SL-07-029-04-general-web,Q-SL-07-029-04,SL-07-029,general_web,3,pending,baseline
R-Q-SL-07-029-04-image-search,Q-SL-07-029-04,SL-07-029,image_search,4,pending,baseline
R-Q-SL-07-029-05-local-folder,Q-SL-07-029-05,SL-07-029,local_folder,1,pending,local_source_enabled
R-Q-SL-07-029-05-general-web,Q-SL-07-029-05,SL-07-029,general_web,3,pending,baseline
R-Q-SL-07-029-05-image-search,Q-SL-07-029-05,SL-07-029,image_search,4,pending,baseline
R-Q-SL-07-030-01-local-folder,Q-SL-07-030-01,SL-07-030,local_folder,1,pending,local_source_enabled
R-Q-SL-07-030-01-general-web,Q-SL-07-030-01,SL-07-030,general_web,3,pending,baseline
R-Q-SL-07-030-01-image-search,Q-SL-07-030-01,SL-07-030,image_search,4,pending,baseline
R-Q-SL-07-030-02-local-folder,Q-SL-07-030-02,SL-07-030,local_folder,1,pending,local_source_enabled
R-Q-SL-07-030-02-general-web,Q-SL-07-030-02,SL-07-030,general_web,3,pending,baseline
R-Q-SL-07-030-02-image-search,Q-SL-07-030-02,SL-07-030,image_search,4,pending,baseline
R-Q-SL-07-030-03-local-folder,Q-SL-07-030-03,SL-07-030,local_folder,1,pending,local_source_enabled
R-Q-SL-07-030-03-general-web,Q-SL-07-030-03,SL-07-030,general_web,3,pending,baseline
R-Q-SL-07-030-03-image-search,Q-SL-07-030-03,SL-07-030,image_search,4,pending,baseline
R-Q-SL-07-030-04-local-folder,Q-SL-07-030-04,SL-07-030,local_folder,1,pending,local_source_enabled
R-Q-SL-07-030-04-wikimedia,Q-SL-07-030-04,SL-07-030,wikimedia,2,pending,historical_query
R-Q-SL-07-030-04-general-web,Q-SL-07-030-04,SL-07-030,general_web,3,pending,baseline
R-Q-SL-07-030-04-image-search,Q-SL-07-030-04,SL-07-030,image_search,4,pending,baseline
R-Q-SL-07-030-05-local-folder,Q-SL-07-030-05,SL-07-030,local_folder,1,pending,local_source_enabled
R-Q-SL-07-030-05-general-web,Q-SL-07-030-05,SL-07-030,general_web,3,pending,baseline
R-Q-SL-07-030-05-image-search,Q-SL-07-030-05,SL-07-030,image_search,4,pending,baseline
R-Q-SL-07-031-01-local-folder,Q-SL-07-031-01,SL-07-031,local_folder,1,pending,local_source_enabled
R-Q-SL-07-031-01-wikimedia,Q-SL-07-031-01,SL-07-031,wikimedia,2,pending,historical_query
R-Q-SL-07-031-01-general-web,Q-SL-07-031-01,SL-07-031,general_web,3,pending,baseline
R-Q-SL-07-031-01-image-search,Q-SL-07-031-01,SL-07-031,image_search,4,pending,baseline
R-Q-SL-07-031-02-local-folder,Q-SL-07-031-02,SL-07-031,local_folder,1,pending,local_source_enabled
R-Q-SL-07-031-02-wikimedia,Q-SL-07-031-02,SL-07-031,wikimedia,2,pending,historical_query
R-Q-SL-07-031-02-general-web,Q-SL-07-031-02,SL-07-031,general_web,3,pending,baseline
R-Q-SL-07-031-02-image-search,Q-SL-07-031-02,SL-07-031,image_search,4,pending,baseline
R-Q-SL-07-031-03-local-folder,Q-SL-07-031-03,SL-07-031,local_folder,1,pending,local_source_enabled
R-Q-SL-07-031-03-wikimedia,Q-SL-07-031-03,SL-07-031,wikimedia,2,pending,historical_query
R-Q-SL-07-031-03-general-web,Q-SL-07-031-03,SL-07-031,general_web,3,pending,baseline
R-Q-SL-07-031-03-image-search,Q-SL-07-031-03,SL-07-031,image_search,4,pending,baseline
R-Q-SL-07-031-04-local-folder,Q-SL-07-031-04,SL-07-031,local_folder,1,pending,local_source_enabled
R-Q-SL-07-031-04-wikimedia,Q-SL-07-031-04,SL-07-031,wikimedia,2,pending,historical_query
R-Q-SL-07-031-04-general-web,Q-SL-07-031-04,SL-07-031,general_web,3,pending,baseline
R-Q-SL-07-031-04-image-search,Q-SL-07-031-04,SL-07-031,image_search,4,pending,baseline
R-Q-SL-07-031-05-local-folder,Q-SL-07-031-05,SL-07-031,local_folder,1,pending,local_source_enabled
R-Q-SL-07-031-05-wikimedia,Q-SL-07-031-05,SL-07-031,wikimedia,2,pending,historical_query
R-Q-SL-07-031-05-general-web,Q-SL-07-031-05,SL-07-031,general_web,3,pending,baseline
R-Q-SL-07-031-05-image-search,Q-SL-07-031-05,SL-07-031,image_search,4,pending,baseline
R-Q-SL-07-032-01-local-folder,Q-SL-07-032-01,SL-07-032,local_folder,1,pending,local_source_enabled
R-Q-SL-07-032-01-wikimedia,Q-SL-07-032-01,SL-07-032,wikimedia,2,pending,historical_query
R-Q-SL-07-032-01-general-web,Q-SL-07-032-01,SL-07-032,general_web,3,pending,baseline
R-Q-SL-07-032-01-image-search,Q-SL-07-032-01,SL-07-032,image_search,4,pending,baseline
R-Q-SL-07-032-02-local-folder,Q-SL-07-032-02,SL-07-032,local_folder,1,pending,local_source_enabled
R-Q-SL-07-032-02-wikimedia,Q-SL-07-032-02,SL-07-032,wikimedia,2,pending,historical_query
R-Q-SL-07-032-02-general-web,Q-SL-07-032-02,SL-07-032,general_web,3,pending,baseline
R-Q-SL-07-032-02-image-search,Q-SL-07-032-02,SL-07-032,image_search,4,pending,baseline
R-Q-SL-07-032-03-local-folder,Q-SL-07-032-03,SL-07-032,local_folder,1,pending,local_source_enabled
R-Q-SL-07-032-03-wikimedia,Q-SL-07-032-03,SL-07-032,wikimedia,2,pending,historical_query
R-Q-SL-07-032-03-general-web,Q-SL-07-032-03,SL-07-032,general_web,3,pending,baseline
R-Q-SL-07-032-03-image-search,Q-SL-07-032-03,SL-07-032,image_search,4,pending,baseline
R-Q-SL-07-032-04-local-folder,Q-SL-07-032-04,SL-07-032,local_folder,1,pending,local_source_enabled
R-Q-SL-07-032-04-wikimedia,Q-SL-07-032-04,SL-07-032,wikimedia,2,pending,historical_query
R-Q-SL-07-032-04-general-web,Q-SL-07-032-04,SL-07-032,general_web,3,pending,baseline
R-Q-SL-07-032-04-image-search,Q-SL-07-032-04,SL-07-032,image_search,4,pending,baseline
R-Q-SL-07-032-05-local-folder,Q-SL-07-032-05,SL-07-032,local_folder,1,pending,local_source_enabled
R-Q-SL-07-032-05-wikimedia,Q-SL-07-032-05,SL-07-032,wikimedia,2,pending,historical_query
R-Q-SL-07-032-05-general-web,Q-SL-07-032-05,SL-07-032,general_web,3,pending,baseline
R-Q-SL-07-032-05-image-search,Q-SL-07-032-05,SL-07-032,image_search,4,pending,baseline
R-Q-SL-07-033-01-local-folder,Q-SL-07-033-01,SL-07-033,local_folder,1,pending,local_source_enabled
R-Q-SL-07-033-01-wikimedia,Q-SL-07-033-01,SL-07-033,wikimedia,2,pending,historical_query
R-Q-SL-07-033-01-general-web,Q-SL-07-033-01,SL-07-033,general_web,3,pending,baseline
R-Q-SL-07-033-01-image-search,Q-SL-07-033-01,SL-07-033,image_search,4,pending,baseline
R-Q-SL-07-033-02-local-folder,Q-SL-07-033-02,SL-07-033,local_folder,1,pending,local_source_enabled
R-Q-SL-07-033-02-wikimedia,Q-SL-07-033-02,SL-07-033,wikimedia,2,pending,historical_query
R-Q-SL-07-033-02-general-web,Q-SL-07-033-02,SL-07-033,general_web,3,pending,baseline
R-Q-SL-07-033-02-image-search,Q-SL-07-033-02,SL-07-033,image_search,4,pending,baseline
R-Q-SL-07-033-03-local-folder,Q-SL-07-033-03,SL-07-033,local_folder,1,pending,local_source_enabled
R-Q-SL-07-033-03-wikimedia,Q-SL-07-033-03,SL-07-033,wikimedia,2,pending,historical_query
R-Q-SL-07-033-03-general-web,Q-SL-07-033-03,SL-07-033,general_web,3,pending,baseline
R-Q-SL-07-033-03-image-search,Q-SL-07-033-03,SL-07-033,image_search,4,pending,baseline
R-Q-SL-07-033-04-local-folder,Q-SL-07-033-04,SL-07-033,local_folder,1,pending,local_source_enabled
R-Q-SL-07-033-04-wikimedia,Q-SL-07-033-04,SL-07-033,wikimedia,2,pending,historical_query
R-Q-SL-07-033-04-general-web,Q-SL-07-033-04,SL-07-033,general_web,3,pending,baseline
R-Q-SL-07-033-04-image-search,Q-SL-07-033-04,SL-07-033,image_search,4,pending,baseline
R-Q-SL-07-033-05-local-folder,Q-SL-07-033-05,SL-07-033,local_folder,1,pending,local_source_enabled
R-Q-SL-07-033-05-wikimedia,Q-SL-07-033-05,SL-07-033,wikimedia,2,pending,historical_query
R-Q-SL-07-033-05-general-web,Q-SL-07-033-05,SL-07-033,general_web,3,pending,baseline
R-Q-SL-07-033-05-image-search,Q-SL-07-033-05,SL-07-033,image_search,4,pending,baseline
R-Q-SL-07-034-01-local-folder,Q-SL-07-034-01,SL-07-034,local_folder,1,pending,local_source_enabled
R-Q-SL-07-034-01-wikimedia,Q-SL-07-034-01,SL-07-034,wikimedia,2,pending,historical_query
R-Q-SL-07-034-01-general-web,Q-SL-07-034-01,SL-07-034,general_web,3,pending,baseline
R-Q-SL-07-034-01-image-search,Q-SL-07-034-01,SL-07-034,image_search,4,pending,baseline
R-Q-SL-07-034-02-local-folder,Q-SL-07-034-02,SL-07-034,local_folder,1,pending,local_source_enabled
R-Q-SL-07-034-02-wikimedia,Q-SL-07-034-02,SL-07-034,wikimedia,2,pending,historical_query
R-Q-SL-07-034-02-general-web,Q-SL-07-034-02,SL-07-034,general_web,3,pending,baseline
R-Q-SL-07-034-02-image-search,Q-SL-07-034-02,SL-07-034,image_search,4,pending,baseline
R-Q-SL-07-034-03-local-folder,Q-SL-07-034-03,SL-07-034,local_folder,1,pending,local_source_enabled
R-Q-SL-07-034-03-wikimedia,Q-SL-07-034-03,SL-07-034,wikimedia,2,pending,historical_query
R-Q-SL-07-034-03-general-web,Q-SL-07-034-03,SL-07-034,general_web,3,pending,baseline
R-Q-SL-07-034-03-image-search,Q-SL-07-034-03,SL-07-034,image_search,4,pending,baseline
R-Q-SL-07-034-04-local-folder,Q-SL-07-034-04,SL-07-034,local_folder,1,pending,local_source_enabled
R-Q-SL-07-034-04-wikimedia,Q-SL-07-034-04,SL-07-034,wikimedia,2,pending,historical_query
R-Q-SL-07-034-04-general-web,Q-SL-07-034-04,SL-07-034,general_web,3,pending,baseline
R-Q-SL-07-034-04-image-search,Q-SL-07-034-04,SL-07-034,image_search,4,pending,baseline
R-Q-SL-07-034-05-local-folder,Q-SL-07-034-05,SL-07-034,local_folder,1,pending,local_source_enabled
R-Q-SL-07-034-05-wikimedia,Q-SL-07-034-05,SL-07-034,wikimedia,2,pending,historical_query
R-Q-SL-07-034-05-general-web,Q-SL-07-034-05,SL-07-034,general_web,3,pending,baseline
R-Q-SL-07-034-05-image-search,Q-SL-07-034-05,SL-07-034,image_search,4,pending,baseline
R-Q-SL-07-035-01-local-folder,Q-SL-07-035-01,SL-07-035,local_folder,1,pending,local_source_enabled
R-Q-SL-07-035-01-wikimedia,Q-SL-07-035-01,SL-07-035,wikimedia,2,pending,historical_query
R-Q-SL-07-035-01-general-web,Q-SL-07-035-01,SL-07-035,general_web,3,pending,baseline
R-Q-SL-07-035-01-image-search,Q-SL-07-035-01,SL-07-035,image_search,4,pending,baseline
R-Q-SL-07-035-02-local-folder,Q-SL-07-035-02,SL-07-035,local_folder,1,pending,local_source_enabled
R-Q-SL-07-035-02-wikimedia,Q-SL-07-035-02,SL-07-035,wikimedia,2,pending,historical_query
R-Q-SL-07-035-02-general-web,Q-SL-07-035-02,SL-07-035,general_web,3,pending,baseline
R-Q-SL-07-035-02-image-search,Q-SL-07-035-02,SL-07-035,image_search,4,pending,baseline
R-Q-SL-07-035-03-local-folder,Q-SL-07-035-03,SL-07-035,local_folder,1,pending,local_source_enabled
R-Q-SL-07-035-03-wikimedia,Q-SL-07-035-03,SL-07-035,wikimedia,2,pending,historical_query
R-Q-SL-07-035-03-general-web,Q-SL-07-035-03,SL-07-035,general_web,3,pending,baseline
R-Q-SL-07-035-03-image-search,Q-SL-07-035-03,SL-07-035,image_search,4,pending,baseline
R-Q-SL-07-035-04-local-folder,Q-SL-07-035-04,SL-07-035,local_folder,1,pending,local_source_enabled
R-Q-SL-07-035-04-wikimedia,Q-SL-07-035-04,SL-07-035,wikimedia,2,pending,historical_query
R-Q-SL-07-035-04-general-web,Q-SL-07-035-04,SL-07-035,general_web,3,pending,baseline
R-Q-SL-07-035-04-image-search,Q-SL-07-035-04,SL-07-035,image_search,4,pending,baseline
R-Q-SL-07-035-05-local-folder,Q-SL-07-035-05,SL-07-035,local_folder,1,pending,local_source_enabled
R-Q-SL-07-035-05-wikimedia,Q-SL-07-035-05,SL-07-035,wikimedia,2,pending,historical_query
R-Q-SL-07-035-05-general-web,Q-SL-07-035-05,SL-07-035,general_web,3,pending,baseline
R-Q-SL-07-035-05-image-search,Q-SL-07-035-05,SL-07-035,image_search,4,pending,baseline
R-Q-SL-08-001-01-local-folder,Q-SL-08-001-01,SL-08-001,local_folder,1,pending,local_source_enabled
R-Q-SL-08-001-01-general-web,Q-SL-08-001-01,SL-08-001,general_web,3,pending,baseline
R-Q-SL-08-001-01-image-search,Q-SL-08-001-01,SL-08-001,image_search,4,pending,baseline
R-Q-SL-08-001-02-local-folder,Q-SL-08-001-02,SL-08-001,local_folder,1,pending,local_source_enabled
R-Q-SL-08-001-02-general-web,Q-SL-08-001-02,SL-08-001,general_web,3,pending,baseline
R-Q-SL-08-001-02-image-search,Q-SL-08-001-02,SL-08-001,image_search,4,pending,baseline
R-Q-SL-08-001-03-local-folder,Q-SL-08-001-03,SL-08-001,local_folder,1,pending,local_source_enabled
R-Q-SL-08-001-03-general-web,Q-SL-08-001-03,SL-08-001,general_web,3,pending,baseline
R-Q-SL-08-001-03-image-search,Q-SL-08-001-03,SL-08-001,image_search,4,pending,baseline
R-Q-SL-08-001-04-local-folder,Q-SL-08-001-04,SL-08-001,local_folder,1,pending,local_source_enabled
R-Q-SL-08-001-04-general-web,Q-SL-08-001-04,SL-08-001,general_web,3,pending,baseline
R-Q-SL-08-001-04-image-search,Q-SL-08-001-04,SL-08-001,image_search,4,pending,baseline
R-Q-SL-08-001-05-local-folder,Q-SL-08-001-05,SL-08-001,local_folder,1,pending,local_source_enabled
R-Q-SL-08-001-05-general-web,Q-SL-08-001-05,SL-08-001,general_web,3,pending,baseline
R-Q-SL-08-001-05-image-search,Q-SL-08-001-05,SL-08-001,image_search,4,pending,baseline
R-Q-SL-08-002-01-local-folder,Q-SL-08-002-01,SL-08-002,local_folder,1,pending,local_source_enabled
R-Q-SL-08-002-01-general-web,Q-SL-08-002-01,SL-08-002,general_web,3,pending,baseline
R-Q-SL-08-002-01-image-search,Q-SL-08-002-01,SL-08-002,image_search,4,pending,baseline
R-Q-SL-08-002-02-local-folder,Q-SL-08-002-02,SL-08-002,local_folder,1,pending,local_source_enabled
R-Q-SL-08-002-02-general-web,Q-SL-08-002-02,SL-08-002,general_web,3,pending,baseline
R-Q-SL-08-002-02-image-search,Q-SL-08-002-02,SL-08-002,image_search,4,pending,baseline
R-Q-SL-08-002-03-local-folder,Q-SL-08-002-03,SL-08-002,local_folder,1,pending,local_source_enabled
R-Q-SL-08-002-03-general-web,Q-SL-08-002-03,SL-08-002,general_web,3,pending,baseline
R-Q-SL-08-002-03-image-search,Q-SL-08-002-03,SL-08-002,image_search,4,pending,baseline
R-Q-SL-08-002-04-local-folder,Q-SL-08-002-04,SL-08-002,local_folder,1,pending,local_source_enabled
R-Q-SL-08-002-04-wikimedia,Q-SL-08-002-04,SL-08-002,wikimedia,2,pending,historical_query
R-Q-SL-08-002-04-general-web,Q-SL-08-002-04,SL-08-002,general_web,3,pending,baseline
R-Q-SL-08-002-04-image-search,Q-SL-08-002-04,SL-08-002,image_search,4,pending,baseline
R-Q-SL-08-002-05-local-folder,Q-SL-08-002-05,SL-08-002,local_folder,1,pending,local_source_enabled
R-Q-SL-08-002-05-wikimedia,Q-SL-08-002-05,SL-08-002,wikimedia,2,pending,historical_query
R-Q-SL-08-002-05-general-web,Q-SL-08-002-05,SL-08-002,general_web,3,pending,baseline
R-Q-SL-08-002-05-image-search,Q-SL-08-002-05,SL-08-002,image_search,4,pending,baseline
R-Q-SL-08-003-01-local-folder,Q-SL-08-003-01,SL-08-003,local_folder,1,pending,local_source_enabled
R-Q-SL-08-003-01-general-web,Q-SL-08-003-01,SL-08-003,general_web,3,pending,baseline
R-Q-SL-08-003-01-image-search,Q-SL-08-003-01,SL-08-003,image_search,4,pending,baseline
R-Q-SL-08-003-02-local-folder,Q-SL-08-003-02,SL-08-003,local_folder,1,pending,local_source_enabled
R-Q-SL-08-003-02-general-web,Q-SL-08-003-02,SL-08-003,general_web,3,pending,baseline
R-Q-SL-08-003-02-image-search,Q-SL-08-003-02,SL-08-003,image_search,4,pending,baseline
R-Q-SL-08-003-03-local-folder,Q-SL-08-003-03,SL-08-003,local_folder,1,pending,local_source_enabled
R-Q-SL-08-003-03-general-web,Q-SL-08-003-03,SL-08-003,general_web,3,pending,baseline
R-Q-SL-08-003-03-image-search,Q-SL-08-003-03,SL-08-003,image_search,4,pending,baseline
R-Q-SL-08-003-04-local-folder,Q-SL-08-003-04,SL-08-003,local_folder,1,pending,local_source_enabled
R-Q-SL-08-003-04-general-web,Q-SL-08-003-04,SL-08-003,general_web,3,pending,baseline
R-Q-SL-08-003-04-image-search,Q-SL-08-003-04,SL-08-003,image_search,4,pending,baseline
R-Q-SL-08-003-05-local-folder,Q-SL-08-003-05,SL-08-003,local_folder,1,pending,local_source_enabled
R-Q-SL-08-003-05-general-web,Q-SL-08-003-05,SL-08-003,general_web,3,pending,baseline
R-Q-SL-08-003-05-image-search,Q-SL-08-003-05,SL-08-003,image_search,4,pending,baseline
R-Q-SL-08-004-01-local-folder,Q-SL-08-004-01,SL-08-004,local_folder,1,pending,local_source_enabled
R-Q-SL-08-004-01-wikimedia,Q-SL-08-004-01,SL-08-004,wikimedia,2,pending,historical_query
R-Q-SL-08-004-01-general-web,Q-SL-08-004-01,SL-08-004,general_web,3,pending,baseline
R-Q-SL-08-004-01-image-search,Q-SL-08-004-01,SL-08-004,image_search,4,pending,baseline
R-Q-SL-08-004-02-local-folder,Q-SL-08-004-02,SL-08-004,local_folder,1,pending,local_source_enabled
R-Q-SL-08-004-02-wikimedia,Q-SL-08-004-02,SL-08-004,wikimedia,2,pending,historical_query
R-Q-SL-08-004-02-general-web,Q-SL-08-004-02,SL-08-004,general_web,3,pending,baseline
R-Q-SL-08-004-02-image-search,Q-SL-08-004-02,SL-08-004,image_search,4,pending,baseline
R-Q-SL-08-004-03-local-folder,Q-SL-08-004-03,SL-08-004,local_folder,1,pending,local_source_enabled
R-Q-SL-08-004-03-wikimedia,Q-SL-08-004-03,SL-08-004,wikimedia,2,pending,historical_query
R-Q-SL-08-004-03-general-web,Q-SL-08-004-03,SL-08-004,general_web,3,pending,baseline
R-Q-SL-08-004-03-image-search,Q-SL-08-004-03,SL-08-004,image_search,4,pending,baseline
R-Q-SL-08-004-04-local-folder,Q-SL-08-004-04,SL-08-004,local_folder,1,pending,local_source_enabled
R-Q-SL-08-004-04-wikimedia,Q-SL-08-004-04,SL-08-004,wikimedia,2,pending,historical_query
R-Q-SL-08-004-04-general-web,Q-SL-08-004-04,SL-08-004,general_web,3,pending,baseline
R-Q-SL-08-004-04-image-search,Q-SL-08-004-04,SL-08-004,image_search,4,pending,baseline
R-Q-SL-08-004-05-local-folder,Q-SL-08-004-05,SL-08-004,local_folder,1,pending,local_source_enabled
R-Q-SL-08-004-05-wikimedia,Q-SL-08-004-05,SL-08-004,wikimedia,2,pending,historical_query
R-Q-SL-08-004-05-general-web,Q-SL-08-004-05,SL-08-004,general_web,3,pending,baseline
R-Q-SL-08-004-05-image-search,Q-SL-08-004-05,SL-08-004,image_search,4,pending,baseline
R-Q-SL-08-005-01-local-folder,Q-SL-08-005-01,SL-08-005,local_folder,1,pending,local_source_enabled
R-Q-SL-08-005-01-general-web,Q-SL-08-005-01,SL-08-005,general_web,3,pending,baseline
R-Q-SL-08-005-01-image-search,Q-SL-08-005-01,SL-08-005,image_search,4,pending,baseline
R-Q-SL-08-005-02-local-folder,Q-SL-08-005-02,SL-08-005,local_folder,1,pending,local_source_enabled
R-Q-SL-08-005-02-general-web,Q-SL-08-005-02,SL-08-005,general_web,3,pending,baseline
R-Q-SL-08-005-02-image-search,Q-SL-08-005-02,SL-08-005,image_search,4,pending,baseline
R-Q-SL-08-005-03-local-folder,Q-SL-08-005-03,SL-08-005,local_folder,1,pending,local_source_enabled
R-Q-SL-08-005-03-general-web,Q-SL-08-005-03,SL-08-005,general_web,3,pending,baseline
R-Q-SL-08-005-03-image-search,Q-SL-08-005-03,SL-08-005,image_search,4,pending,baseline
R-Q-SL-08-005-04-local-folder,Q-SL-08-005-04,SL-08-005,local_folder,1,pending,local_source_enabled
R-Q-SL-08-005-04-wikimedia,Q-SL-08-005-04,SL-08-005,wikimedia,2,pending,historical_query
R-Q-SL-08-005-04-general-web,Q-SL-08-005-04,SL-08-005,general_web,3,pending,baseline
R-Q-SL-08-005-04-image-search,Q-SL-08-005-04,SL-08-005,image_search,4,pending,baseline
R-Q-SL-08-005-05-local-folder,Q-SL-08-005-05,SL-08-005,local_folder,1,pending,local_source_enabled
R-Q-SL-08-005-05-wikimedia,Q-SL-08-005-05,SL-08-005,wikimedia,2,pending,historical_query
R-Q-SL-08-005-05-general-web,Q-SL-08-005-05,SL-08-005,general_web,3,pending,baseline
R-Q-SL-08-005-05-image-search,Q-SL-08-005-05,SL-08-005,image_search,4,pending,baseline
R-Q-SL-08-006-01-local-folder,Q-SL-08-006-01,SL-08-006,local_folder,1,pending,local_source_enabled
R-Q-SL-08-006-01-general-web,Q-SL-08-006-01,SL-08-006,general_web,3,pending,baseline
R-Q-SL-08-006-01-image-search,Q-SL-08-006-01,SL-08-006,image_search,4,pending,baseline
R-Q-SL-08-006-02-local-folder,Q-SL-08-006-02,SL-08-006,local_folder,1,pending,local_source_enabled
R-Q-SL-08-006-02-general-web,Q-SL-08-006-02,SL-08-006,general_web,3,pending,baseline
R-Q-SL-08-006-02-image-search,Q-SL-08-006-02,SL-08-006,image_search,4,pending,baseline
R-Q-SL-08-006-03-local-folder,Q-SL-08-006-03,SL-08-006,local_folder,1,pending,local_source_enabled
R-Q-SL-08-006-03-general-web,Q-SL-08-006-03,SL-08-006,general_web,3,pending,baseline
R-Q-SL-08-006-03-image-search,Q-SL-08-006-03,SL-08-006,image_search,4,pending,baseline
R-Q-SL-08-006-04-local-folder,Q-SL-08-006-04,SL-08-006,local_folder,1,pending,local_source_enabled
R-Q-SL-08-006-04-general-web,Q-SL-08-006-04,SL-08-006,general_web,3,pending,baseline
R-Q-SL-08-006-04-image-search,Q-SL-08-006-04,SL-08-006,image_search,4,pending,baseline
R-Q-SL-08-006-05-local-folder,Q-SL-08-006-05,SL-08-006,local_folder,1,pending,local_source_enabled
R-Q-SL-08-006-05-wikimedia,Q-SL-08-006-05,SL-08-006,wikimedia,2,pending,historical_query
R-Q-SL-08-006-05-general-web,Q-SL-08-006-05,SL-08-006,general_web,3,pending,baseline
R-Q-SL-08-006-05-image-search,Q-SL-08-006-05,SL-08-006,image_search,4,pending,baseline
R-Q-SL-08-007-01-local-folder,Q-SL-08-007-01,SL-08-007,local_folder,1,pending,local_source_enabled
R-Q-SL-08-007-01-general-web,Q-SL-08-007-01,SL-08-007,general_web,3,pending,baseline
R-Q-SL-08-007-01-image-search,Q-SL-08-007-01,SL-08-007,image_search,4,pending,baseline
R-Q-SL-08-007-02-local-folder,Q-SL-08-007-02,SL-08-007,local_folder,1,pending,local_source_enabled
R-Q-SL-08-007-02-general-web,Q-SL-08-007-02,SL-08-007,general_web,3,pending,baseline
R-Q-SL-08-007-02-image-search,Q-SL-08-007-02,SL-08-007,image_search,4,pending,baseline
R-Q-SL-08-007-03-local-folder,Q-SL-08-007-03,SL-08-007,local_folder,1,pending,local_source_enabled
R-Q-SL-08-007-03-general-web,Q-SL-08-007-03,SL-08-007,general_web,3,pending,baseline
R-Q-SL-08-007-03-image-search,Q-SL-08-007-03,SL-08-007,image_search,4,pending,baseline
R-Q-SL-08-007-04-local-folder,Q-SL-08-007-04,SL-08-007,local_folder,1,pending,local_source_enabled
R-Q-SL-08-007-04-wikimedia,Q-SL-08-007-04,SL-08-007,wikimedia,2,pending,historical_query
R-Q-SL-08-007-04-general-web,Q-SL-08-007-04,SL-08-007,general_web,3,pending,baseline
R-Q-SL-08-007-04-image-search,Q-SL-08-007-04,SL-08-007,image_search,4,pending,baseline
R-Q-SL-08-007-05-local-folder,Q-SL-08-007-05,SL-08-007,local_folder,1,pending,local_source_enabled
R-Q-SL-08-007-05-general-web,Q-SL-08-007-05,SL-08-007,general_web,3,pending,baseline
R-Q-SL-08-007-05-image-search,Q-SL-08-007-05,SL-08-007,image_search,4,pending,baseline
R-Q-SL-08-008-01-local-folder,Q-SL-08-008-01,SL-08-008,local_folder,1,pending,local_source_enabled
R-Q-SL-08-008-01-general-web,Q-SL-08-008-01,SL-08-008,general_web,3,pending,baseline
R-Q-SL-08-008-01-image-search,Q-SL-08-008-01,SL-08-008,image_search,4,pending,baseline
R-Q-SL-08-008-02-local-folder,Q-SL-08-008-02,SL-08-008,local_folder,1,pending,local_source_enabled
R-Q-SL-08-008-02-general-web,Q-SL-08-008-02,SL-08-008,general_web,3,pending,baseline
R-Q-SL-08-008-02-image-search,Q-SL-08-008-02,SL-08-008,image_search,4,pending,baseline
R-Q-SL-08-008-03-local-folder,Q-SL-08-008-03,SL-08-008,local_folder,1,pending,local_source_enabled
R-Q-SL-08-008-03-general-web,Q-SL-08-008-03,SL-08-008,general_web,3,pending,baseline
R-Q-SL-08-008-03-image-search,Q-SL-08-008-03,SL-08-008,image_search,4,pending,baseline
R-Q-SL-08-008-04-local-folder,Q-SL-08-008-04,SL-08-008,local_folder,1,pending,local_source_enabled
R-Q-SL-08-008-04-general-web,Q-SL-08-008-04,SL-08-008,general_web,3,pending,baseline
R-Q-SL-08-008-04-image-search,Q-SL-08-008-04,SL-08-008,image_search,4,pending,baseline
R-Q-SL-08-008-05-local-folder,Q-SL-08-008-05,SL-08-008,local_folder,1,pending,local_source_enabled
R-Q-SL-08-008-05-general-web,Q-SL-08-008-05,SL-08-008,general_web,3,pending,baseline
R-Q-SL-08-008-05-image-search,Q-SL-08-008-05,SL-08-008,image_search,4,pending,baseline
R-Q-SL-08-009-01-local-folder,Q-SL-08-009-01,SL-08-009,local_folder,1,pending,local_source_enabled
R-Q-SL-08-009-01-general-web,Q-SL-08-009-01,SL-08-009,general_web,3,pending,baseline
R-Q-SL-08-009-01-image-search,Q-SL-08-009-01,SL-08-009,image_search,4,pending,baseline
R-Q-SL-08-009-02-local-folder,Q-SL-08-009-02,SL-08-009,local_folder,1,pending,local_source_enabled
R-Q-SL-08-009-02-general-web,Q-SL-08-009-02,SL-08-009,general_web,3,pending,baseline
R-Q-SL-08-009-02-image-search,Q-SL-08-009-02,SL-08-009,image_search,4,pending,baseline
R-Q-SL-08-009-03-local-folder,Q-SL-08-009-03,SL-08-009,local_folder,1,pending,local_source_enabled
R-Q-SL-08-009-03-general-web,Q-SL-08-009-03,SL-08-009,general_web,3,pending,baseline
R-Q-SL-08-009-03-image-search,Q-SL-08-009-03,SL-08-009,image_search,4,pending,baseline
R-Q-SL-08-009-04-local-folder,Q-SL-08-009-04,SL-08-009,local_folder,1,pending,local_source_enabled
R-Q-SL-08-009-04-general-web,Q-SL-08-009-04,SL-08-009,general_web,3,pending,baseline
R-Q-SL-08-009-04-image-search,Q-SL-08-009-04,SL-08-009,image_search,4,pending,baseline
R-Q-SL-08-009-05-local-folder,Q-SL-08-009-05,SL-08-009,local_folder,1,pending,local_source_enabled
R-Q-SL-08-009-05-general-web,Q-SL-08-009-05,SL-08-009,general_web,3,pending,baseline
R-Q-SL-08-009-05-image-search,Q-SL-08-009-05,SL-08-009,image_search,4,pending,baseline
R-Q-SL-08-010-01-local-folder,Q-SL-08-010-01,SL-08-010,local_folder,1,pending,local_source_enabled
R-Q-SL-08-010-01-wikimedia,Q-SL-08-010-01,SL-08-010,wikimedia,2,pending,category_rule
R-Q-SL-08-010-01-general-web,Q-SL-08-010-01,SL-08-010,general_web,3,pending,baseline
R-Q-SL-08-010-01-image-search,Q-SL-08-010-01,SL-08-010,image_search,4,pending,baseline
R-Q-SL-08-010-02-local-folder,Q-SL-08-010-02,SL-08-010,local_folder,1,pending,local_source_enabled
R-Q-SL-08-010-02-wikimedia,Q-SL-08-010-02,SL-08-010,wikimedia,2,pending,category_rule
R-Q-SL-08-010-02-general-web,Q-SL-08-010-02,SL-08-010,general_web,3,pending,baseline
R-Q-SL-08-010-02-image-search,Q-SL-08-010-02,SL-08-010,image_search,4,pending,baseline
R-Q-SL-08-010-03-local-folder,Q-SL-08-010-03,SL-08-010,local_folder,1,pending,local_source_enabled
R-Q-SL-08-010-03-wikimedia,Q-SL-08-010-03,SL-08-010,wikimedia,2,pending,category_rule
R-Q-SL-08-010-03-general-web,Q-SL-08-010-03,SL-08-010,general_web,3,pending,baseline
R-Q-SL-08-010-03-image-search,Q-SL-08-010-03,SL-08-010,image_search,4,pending,baseline
R-Q-SL-08-010-04-local-folder,Q-SL-08-010-04,SL-08-010,local_folder,1,pending,local_source_enabled
R-Q-SL-08-010-04-wikimedia,Q-SL-08-010-04,SL-08-010,wikimedia,2,pending,category_rule
R-Q-SL-08-010-04-general-web,Q-SL-08-010-04,SL-08-010,general_web,3,pending,baseline
R-Q-SL-08-010-04-image-search,Q-SL-08-010-04,SL-08-010,image_search,4,pending,baseline
R-Q-SL-08-010-05-local-folder,Q-SL-08-010-05,SL-08-010,local_folder,1,pending,local_source_enabled
R-Q-SL-08-010-05-wikimedia,Q-SL-08-010-05,SL-08-010,wikimedia,2,pending,"category_rule,historical_query"
R-Q-SL-08-010-05-general-web,Q-SL-08-010-05,SL-08-010,general_web,3,pending,baseline
R-Q-SL-08-010-05-image-search,Q-SL-08-010-05,SL-08-010,image_search,4,pending,baseline
R-Q-SL-08-011-01-local-folder,Q-SL-08-011-01,SL-08-011,local_folder,1,pending,local_source_enabled
R-Q-SL-08-011-01-general-web,Q-SL-08-011-01,SL-08-011,general_web,3,pending,baseline
R-Q-SL-08-011-01-image-search,Q-SL-08-011-01,SL-08-011,image_search,4,pending,baseline
R-Q-SL-08-011-02-local-folder,Q-SL-08-011-02,SL-08-011,local_folder,1,pending,local_source_enabled
R-Q-SL-08-011-02-general-web,Q-SL-08-011-02,SL-08-011,general_web,3,pending,baseline
R-Q-SL-08-011-02-image-search,Q-SL-08-011-02,SL-08-011,image_search,4,pending,baseline
R-Q-SL-08-011-03-local-folder,Q-SL-08-011-03,SL-08-011,local_folder,1,pending,local_source_enabled
R-Q-SL-08-011-03-general-web,Q-SL-08-011-03,SL-08-011,general_web,3,pending,baseline
R-Q-SL-08-011-03-image-search,Q-SL-08-011-03,SL-08-011,image_search,4,pending,baseline
R-Q-SL-08-011-04-local-folder,Q-SL-08-011-04,SL-08-011,local_folder,1,pending,local_source_enabled
R-Q-SL-08-011-04-wikimedia,Q-SL-08-011-04,SL-08-011,wikimedia,2,pending,historical_query
R-Q-SL-08-011-04-general-web,Q-SL-08-011-04,SL-08-011,general_web,3,pending,baseline
R-Q-SL-08-011-04-image-search,Q-SL-08-011-04,SL-08-011,image_search,4,pending,baseline
R-Q-SL-08-011-05-local-folder,Q-SL-08-011-05,SL-08-011,local_folder,1,pending,local_source_enabled
R-Q-SL-08-011-05-wikimedia,Q-SL-08-011-05,SL-08-011,wikimedia,2,pending,historical_query
R-Q-SL-08-011-05-general-web,Q-SL-08-011-05,SL-08-011,general_web,3,pending,baseline
R-Q-SL-08-011-05-image-search,Q-SL-08-011-05,SL-08-011,image_search,4,pending,baseline
R-Q-SL-08-012-01-local-folder,Q-SL-08-012-01,SL-08-012,local_folder,1,pending,local_source_enabled
R-Q-SL-08-012-01-wikimedia,Q-SL-08-012-01,SL-08-012,wikimedia,2,pending,historical_query
R-Q-SL-08-012-01-general-web,Q-SL-08-012-01,SL-08-012,general_web,3,pending,baseline
R-Q-SL-08-012-01-image-search,Q-SL-08-012-01,SL-08-012,image_search,4,pending,baseline
R-Q-SL-08-012-02-local-folder,Q-SL-08-012-02,SL-08-012,local_folder,1,pending,local_source_enabled
R-Q-SL-08-012-02-wikimedia,Q-SL-08-012-02,SL-08-012,wikimedia,2,pending,historical_query
R-Q-SL-08-012-02-general-web,Q-SL-08-012-02,SL-08-012,general_web,3,pending,baseline
R-Q-SL-08-012-02-image-search,Q-SL-08-012-02,SL-08-012,image_search,4,pending,baseline
R-Q-SL-08-012-03-local-folder,Q-SL-08-012-03,SL-08-012,local_folder,1,pending,local_source_enabled
R-Q-SL-08-012-03-wikimedia,Q-SL-08-012-03,SL-08-012,wikimedia,2,pending,historical_query
R-Q-SL-08-012-03-general-web,Q-SL-08-012-03,SL-08-012,general_web,3,pending,baseline
R-Q-SL-08-012-03-image-search,Q-SL-08-012-03,SL-08-012,image_search,4,pending,baseline
R-Q-SL-08-012-04-local-folder,Q-SL-08-012-04,SL-08-012,local_folder,1,pending,local_source_enabled
R-Q-SL-08-012-04-wikimedia,Q-SL-08-012-04,SL-08-012,wikimedia,2,pending,historical_query
R-Q-SL-08-012-04-general-web,Q-SL-08-012-04,SL-08-012,general_web,3,pending,baseline
R-Q-SL-08-012-04-image-search,Q-SL-08-012-04,SL-08-012,image_search,4,pending,baseline
R-Q-SL-08-012-05-local-folder,Q-SL-08-012-05,SL-08-012,local_folder,1,pending,local_source_enabled
R-Q-SL-08-012-05-wikimedia,Q-SL-08-012-05,SL-08-012,wikimedia,2,pending,historical_query
R-Q-SL-08-012-05-general-web,Q-SL-08-012-05,SL-08-012,general_web,3,pending,baseline
R-Q-SL-08-012-05-image-search,Q-SL-08-012-05,SL-08-012,image_search,4,pending,baseline
R-Q-SL-08-013-01-local-folder,Q-SL-08-013-01,SL-08-013,local_folder,1,pending,local_source_enabled
R-Q-SL-08-013-01-general-web,Q-SL-08-013-01,SL-08-013,general_web,3,pending,baseline
R-Q-SL-08-013-01-image-search,Q-SL-08-013-01,SL-08-013,image_search,4,pending,baseline
R-Q-SL-08-013-02-local-folder,Q-SL-08-013-02,SL-08-013,local_folder,1,pending,local_source_enabled
R-Q-SL-08-013-02-general-web,Q-SL-08-013-02,SL-08-013,general_web,3,pending,baseline
R-Q-SL-08-013-02-image-search,Q-SL-08-013-02,SL-08-013,image_search,4,pending,baseline
R-Q-SL-08-013-03-local-folder,Q-SL-08-013-03,SL-08-013,local_folder,1,pending,local_source_enabled
R-Q-SL-08-013-03-general-web,Q-SL-08-013-03,SL-08-013,general_web,3,pending,baseline
R-Q-SL-08-013-03-image-search,Q-SL-08-013-03,SL-08-013,image_search,4,pending,baseline
R-Q-SL-08-013-04-local-folder,Q-SL-08-013-04,SL-08-013,local_folder,1,pending,local_source_enabled
R-Q-SL-08-013-04-wikimedia,Q-SL-08-013-04,SL-08-013,wikimedia,2,pending,historical_query
R-Q-SL-08-013-04-general-web,Q-SL-08-013-04,SL-08-013,general_web,3,pending,baseline
R-Q-SL-08-013-04-image-search,Q-SL-08-013-04,SL-08-013,image_search,4,pending,baseline
R-Q-SL-08-013-05-local-folder,Q-SL-08-013-05,SL-08-013,local_folder,1,pending,local_source_enabled
R-Q-SL-08-013-05-general-web,Q-SL-08-013-05,SL-08-013,general_web,3,pending,baseline
R-Q-SL-08-013-05-image-search,Q-SL-08-013-05,SL-08-013,image_search,4,pending,baseline
R-Q-SL-08-014-01-local-folder,Q-SL-08-014-01,SL-08-014,local_folder,1,pending,local_source_enabled
R-Q-SL-08-014-01-general-web,Q-SL-08-014-01,SL-08-014,general_web,3,pending,baseline
R-Q-SL-08-014-01-image-search,Q-SL-08-014-01,SL-08-014,image_search,4,pending,baseline
R-Q-SL-08-014-02-local-folder,Q-SL-08-014-02,SL-08-014,local_folder,1,pending,local_source_enabled
R-Q-SL-08-014-02-general-web,Q-SL-08-014-02,SL-08-014,general_web,3,pending,baseline
R-Q-SL-08-014-02-image-search,Q-SL-08-014-02,SL-08-014,image_search,4,pending,baseline
R-Q-SL-08-014-03-local-folder,Q-SL-08-014-03,SL-08-014,local_folder,1,pending,local_source_enabled
R-Q-SL-08-014-03-general-web,Q-SL-08-014-03,SL-08-014,general_web,3,pending,baseline
R-Q-SL-08-014-03-image-search,Q-SL-08-014-03,SL-08-014,image_search,4,pending,baseline
R-Q-SL-08-014-04-local-folder,Q-SL-08-014-04,SL-08-014,local_folder,1,pending,local_source_enabled
R-Q-SL-08-014-04-wikimedia,Q-SL-08-014-04,SL-08-014,wikimedia,2,pending,historical_query
R-Q-SL-08-014-04-general-web,Q-SL-08-014-04,SL-08-014,general_web,3,pending,baseline
R-Q-SL-08-014-04-image-search,Q-SL-08-014-04,SL-08-014,image_search,4,pending,baseline
R-Q-SL-08-014-05-local-folder,Q-SL-08-014-05,SL-08-014,local_folder,1,pending,local_source_enabled
R-Q-SL-08-014-05-wikimedia,Q-SL-08-014-05,SL-08-014,wikimedia,2,pending,historical_query
R-Q-SL-08-014-05-general-web,Q-SL-08-014-05,SL-08-014,general_web,3,pending,baseline
R-Q-SL-08-014-05-image-search,Q-SL-08-014-05,SL-08-014,image_search,4,pending,baseline
R-Q-SL-08-015-01-local-folder,Q-SL-08-015-01,SL-08-015,local_folder,1,pending,local_source_enabled
R-Q-SL-08-015-01-wikimedia,Q-SL-08-015-01,SL-08-015,wikimedia,2,pending,historical_query
R-Q-SL-08-015-01-general-web,Q-SL-08-015-01,SL-08-015,general_web,3,pending,baseline
R-Q-SL-08-015-01-image-search,Q-SL-08-015-01,SL-08-015,image_search,4,pending,baseline
R-Q-SL-08-015-02-local-folder,Q-SL-08-015-02,SL-08-015,local_folder,1,pending,local_source_enabled
R-Q-SL-08-015-02-wikimedia,Q-SL-08-015-02,SL-08-015,wikimedia,2,pending,historical_query
R-Q-SL-08-015-02-general-web,Q-SL-08-015-02,SL-08-015,general_web,3,pending,baseline
R-Q-SL-08-015-02-image-search,Q-SL-08-015-02,SL-08-015,image_search,4,pending,baseline
R-Q-SL-08-015-03-local-folder,Q-SL-08-015-03,SL-08-015,local_folder,1,pending,local_source_enabled
R-Q-SL-08-015-03-wikimedia,Q-SL-08-015-03,SL-08-015,wikimedia,2,pending,historical_query
R-Q-SL-08-015-03-general-web,Q-SL-08-015-03,SL-08-015,general_web,3,pending,baseline
R-Q-SL-08-015-03-image-search,Q-SL-08-015-03,SL-08-015,image_search,4,pending,baseline
R-Q-SL-08-015-04-local-folder,Q-SL-08-015-04,SL-08-015,local_folder,1,pending,local_source_enabled
R-Q-SL-08-015-04-wikimedia,Q-SL-08-015-04,SL-08-015,wikimedia,2,pending,historical_query
R-Q-SL-08-015-04-general-web,Q-SL-08-015-04,SL-08-015,general_web,3,pending,baseline
R-Q-SL-08-015-04-image-search,Q-SL-08-015-04,SL-08-015,image_search,4,pending,baseline
R-Q-SL-08-015-05-local-folder,Q-SL-08-015-05,SL-08-015,local_folder,1,pending,local_source_enabled
R-Q-SL-08-015-05-wikimedia,Q-SL-08-015-05,SL-08-015,wikimedia,2,pending,historical_query
R-Q-SL-08-015-05-general-web,Q-SL-08-015-05,SL-08-015,general_web,3,pending,baseline
R-Q-SL-08-015-05-image-search,Q-SL-08-015-05,SL-08-015,image_search,4,pending,baseline
R-Q-SL-08-016-01-local-folder,Q-SL-08-016-01,SL-08-016,local_folder,1,pending,local_source_enabled
R-Q-SL-08-016-01-general-web,Q-SL-08-016-01,SL-08-016,general_web,3,pending,baseline
R-Q-SL-08-016-01-image-search,Q-SL-08-016-01,SL-08-016,image_search,4,pending,baseline
R-Q-SL-08-016-02-local-folder,Q-SL-08-016-02,SL-08-016,local_folder,1,pending,local_source_enabled
R-Q-SL-08-016-02-general-web,Q-SL-08-016-02,SL-08-016,general_web,3,pending,baseline
R-Q-SL-08-016-02-image-search,Q-SL-08-016-02,SL-08-016,image_search,4,pending,baseline
R-Q-SL-08-016-03-local-folder,Q-SL-08-016-03,SL-08-016,local_folder,1,pending,local_source_enabled
R-Q-SL-08-016-03-general-web,Q-SL-08-016-03,SL-08-016,general_web,3,pending,baseline
R-Q-SL-08-016-03-image-search,Q-SL-08-016-03,SL-08-016,image_search,4,pending,baseline
R-Q-SL-08-016-04-local-folder,Q-SL-08-016-04,SL-08-016,local_folder,1,pending,local_source_enabled
R-Q-SL-08-016-04-wikimedia,Q-SL-08-016-04,SL-08-016,wikimedia,2,pending,historical_query
R-Q-SL-08-016-04-general-web,Q-SL-08-016-04,SL-08-016,general_web,3,pending,baseline
R-Q-SL-08-016-04-image-search,Q-SL-08-016-04,SL-08-016,image_search,4,pending,baseline
R-Q-SL-08-016-05-local-folder,Q-SL-08-016-05,SL-08-016,local_folder,1,pending,local_source_enabled
R-Q-SL-08-016-05-general-web,Q-SL-08-016-05,SL-08-016,general_web,3,pending,baseline
R-Q-SL-08-016-05-image-search,Q-SL-08-016-05,SL-08-016,image_search,4,pending,baseline
R-Q-SL-08-017-01-local-folder,Q-SL-08-017-01,SL-08-017,local_folder,1,pending,local_source_enabled
R-Q-SL-08-017-01-general-web,Q-SL-08-017-01,SL-08-017,general_web,3,pending,baseline
R-Q-SL-08-017-01-image-search,Q-SL-08-017-01,SL-08-017,image_search,4,pending,baseline
R-Q-SL-08-017-02-local-folder,Q-SL-08-017-02,SL-08-017,local_folder,1,pending,local_source_enabled
R-Q-SL-08-017-02-general-web,Q-SL-08-017-02,SL-08-017,general_web,3,pending,baseline
R-Q-SL-08-017-02-image-search,Q-SL-08-017-02,SL-08-017,image_search,4,pending,baseline
R-Q-SL-08-017-03-local-folder,Q-SL-08-017-03,SL-08-017,local_folder,1,pending,local_source_enabled
R-Q-SL-08-017-03-general-web,Q-SL-08-017-03,SL-08-017,general_web,3,pending,baseline
R-Q-SL-08-017-03-image-search,Q-SL-08-017-03,SL-08-017,image_search,4,pending,baseline
R-Q-SL-08-017-04-local-folder,Q-SL-08-017-04,SL-08-017,local_folder,1,pending,local_source_enabled
R-Q-SL-08-017-04-general-web,Q-SL-08-017-04,SL-08-017,general_web,3,pending,baseline
R-Q-SL-08-017-04-image-search,Q-SL-08-017-04,SL-08-017,image_search,4,pending,baseline
R-Q-SL-08-017-05-local-folder,Q-SL-08-017-05,SL-08-017,local_folder,1,pending,local_source_enabled
R-Q-SL-08-017-05-wikimedia,Q-SL-08-017-05,SL-08-017,wikimedia,2,pending,historical_query
R-Q-SL-08-017-05-general-web,Q-SL-08-017-05,SL-08-017,general_web,3,pending,baseline
R-Q-SL-08-017-05-image-search,Q-SL-08-017-05,SL-08-017,image_search,4,pending,baseline
R-Q-SL-08-018-01-local-folder,Q-SL-08-018-01,SL-08-018,local_folder,1,pending,local_source_enabled
R-Q-SL-08-018-01-wikimedia,Q-SL-08-018-01,SL-08-018,wikimedia,2,pending,historical_query
R-Q-SL-08-018-01-general-web,Q-SL-08-018-01,SL-08-018,general_web,3,pending,baseline
R-Q-SL-08-018-01-image-search,Q-SL-08-018-01,SL-08-018,image_search,4,pending,baseline
R-Q-SL-08-018-02-local-folder,Q-SL-08-018-02,SL-08-018,local_folder,1,pending,local_source_enabled
R-Q-SL-08-018-02-wikimedia,Q-SL-08-018-02,SL-08-018,wikimedia,2,pending,historical_query
R-Q-SL-08-018-02-general-web,Q-SL-08-018-02,SL-08-018,general_web,3,pending,baseline
R-Q-SL-08-018-02-image-search,Q-SL-08-018-02,SL-08-018,image_search,4,pending,baseline
R-Q-SL-08-018-03-local-folder,Q-SL-08-018-03,SL-08-018,local_folder,1,pending,local_source_enabled
R-Q-SL-08-018-03-wikimedia,Q-SL-08-018-03,SL-08-018,wikimedia,2,pending,historical_query
R-Q-SL-08-018-03-general-web,Q-SL-08-018-03,SL-08-018,general_web,3,pending,baseline
R-Q-SL-08-018-03-image-search,Q-SL-08-018-03,SL-08-018,image_search,4,pending,baseline
R-Q-SL-08-018-04-local-folder,Q-SL-08-018-04,SL-08-018,local_folder,1,pending,local_source_enabled
R-Q-SL-08-018-04-wikimedia,Q-SL-08-018-04,SL-08-018,wikimedia,2,pending,historical_query
R-Q-SL-08-018-04-general-web,Q-SL-08-018-04,SL-08-018,general_web,3,pending,baseline
R-Q-SL-08-018-04-image-search,Q-SL-08-018-04,SL-08-018,image_search,4,pending,baseline
R-Q-SL-08-018-05-local-folder,Q-SL-08-018-05,SL-08-018,local_folder,1,pending,local_source_enabled
R-Q-SL-08-018-05-wikimedia,Q-SL-08-018-05,SL-08-018,wikimedia,2,pending,historical_query
R-Q-SL-08-018-05-general-web,Q-SL-08-018-05,SL-08-018,general_web,3,pending,baseline
R-Q-SL-08-018-05-image-search,Q-SL-08-018-05,SL-08-018,image_search,4,pending,baseline
R-Q-SL-08-019-01-local-folder,Q-SL-08-019-01,SL-08-019,local_folder,1,pending,local_source_enabled
R-Q-SL-08-019-01-general-web,Q-SL-08-019-01,SL-08-019,general_web,3,pending,baseline
R-Q-SL-08-019-01-image-search,Q-SL-08-019-01,SL-08-019,image_search,4,pending,baseline
R-Q-SL-08-019-02-local-folder,Q-SL-08-019-02,SL-08-019,local_folder,1,pending,local_source_enabled
R-Q-SL-08-019-02-general-web,Q-SL-08-019-02,SL-08-019,general_web,3,pending,baseline
R-Q-SL-08-019-02-image-search,Q-SL-08-019-02,SL-08-019,image_search,4,pending,baseline
R-Q-SL-08-019-03-local-folder,Q-SL-08-019-03,SL-08-019,local_folder,1,pending,local_source_enabled
R-Q-SL-08-019-03-general-web,Q-SL-08-019-03,SL-08-019,general_web,3,pending,baseline
R-Q-SL-08-019-03-image-search,Q-SL-08-019-03,SL-08-019,image_search,4,pending,baseline
R-Q-SL-08-019-04-local-folder,Q-SL-08-019-04,SL-08-019,local_folder,1,pending,local_source_enabled
R-Q-SL-08-019-04-wikimedia,Q-SL-08-019-04,SL-08-019,wikimedia,2,pending,historical_query
R-Q-SL-08-019-04-general-web,Q-SL-08-019-04,SL-08-019,general_web,3,pending,baseline
R-Q-SL-08-019-04-image-search,Q-SL-08-019-04,SL-08-019,image_search,4,pending,baseline
R-Q-SL-08-019-05-local-folder,Q-SL-08-019-05,SL-08-019,local_folder,1,pending,local_source_enabled
R-Q-SL-08-019-05-general-web,Q-SL-08-019-05,SL-08-019,general_web,3,pending,baseline
R-Q-SL-08-019-05-image-search,Q-SL-08-019-05,SL-08-019,image_search,4,pending,baseline
R-Q-SL-08-020-01-local-folder,Q-SL-08-020-01,SL-08-020,local_folder,1,pending,local_source_enabled
R-Q-SL-08-020-01-general-web,Q-SL-08-020-01,SL-08-020,general_web,3,pending,baseline
R-Q-SL-08-020-01-image-search,Q-SL-08-020-01,SL-08-020,image_search,4,pending,baseline
R-Q-SL-08-020-02-local-folder,Q-SL-08-020-02,SL-08-020,local_folder,1,pending,local_source_enabled
R-Q-SL-08-020-02-general-web,Q-SL-08-020-02,SL-08-020,general_web,3,pending,baseline
R-Q-SL-08-020-02-image-search,Q-SL-08-020-02,SL-08-020,image_search,4,pending,baseline
R-Q-SL-08-020-03-local-folder,Q-SL-08-020-03,SL-08-020,local_folder,1,pending,local_source_enabled
R-Q-SL-08-020-03-general-web,Q-SL-08-020-03,SL-08-020,general_web,3,pending,baseline
R-Q-SL-08-020-03-image-search,Q-SL-08-020-03,SL-08-020,image_search,4,pending,baseline
R-Q-SL-08-020-04-local-folder,Q-SL-08-020-04,SL-08-020,local_folder,1,pending,local_source_enabled
R-Q-SL-08-020-04-general-web,Q-SL-08-020-04,SL-08-020,general_web,3,pending,baseline
R-Q-SL-08-020-04-image-search,Q-SL-08-020-04,SL-08-020,image_search,4,pending,baseline
R-Q-SL-08-020-05-local-folder,Q-SL-08-020-05,SL-08-020,local_folder,1,pending,local_source_enabled
R-Q-SL-08-020-05-wikimedia,Q-SL-08-020-05,SL-08-020,wikimedia,2,pending,historical_query
R-Q-SL-08-020-05-general-web,Q-SL-08-020-05,SL-08-020,general_web,3,pending,baseline
R-Q-SL-08-020-05-image-search,Q-SL-08-020-05,SL-08-020,image_search,4,pending,baseline
R-Q-SL-08-021-01-local-folder,Q-SL-08-021-01,SL-08-021,local_folder,1,pending,local_source_enabled
R-Q-SL-08-021-01-wikimedia,Q-SL-08-021-01,SL-08-021,wikimedia,2,pending,historical_query
R-Q-SL-08-021-01-general-web,Q-SL-08-021-01,SL-08-021,general_web,3,pending,baseline
R-Q-SL-08-021-01-image-search,Q-SL-08-021-01,SL-08-021,image_search,4,pending,baseline
R-Q-SL-08-021-02-local-folder,Q-SL-08-021-02,SL-08-021,local_folder,1,pending,local_source_enabled
R-Q-SL-08-021-02-wikimedia,Q-SL-08-021-02,SL-08-021,wikimedia,2,pending,historical_query
R-Q-SL-08-021-02-general-web,Q-SL-08-021-02,SL-08-021,general_web,3,pending,baseline
R-Q-SL-08-021-02-image-search,Q-SL-08-021-02,SL-08-021,image_search,4,pending,baseline
R-Q-SL-08-021-03-local-folder,Q-SL-08-021-03,SL-08-021,local_folder,1,pending,local_source_enabled
R-Q-SL-08-021-03-wikimedia,Q-SL-08-021-03,SL-08-021,wikimedia,2,pending,historical_query
R-Q-SL-08-021-03-general-web,Q-SL-08-021-03,SL-08-021,general_web,3,pending,baseline
R-Q-SL-08-021-03-image-search,Q-SL-08-021-03,SL-08-021,image_search,4,pending,baseline
R-Q-SL-08-021-04-local-folder,Q-SL-08-021-04,SL-08-021,local_folder,1,pending,local_source_enabled
R-Q-SL-08-021-04-wikimedia,Q-SL-08-021-04,SL-08-021,wikimedia,2,pending,historical_query
R-Q-SL-08-021-04-general-web,Q-SL-08-021-04,SL-08-021,general_web,3,pending,baseline
R-Q-SL-08-021-04-image-search,Q-SL-08-021-04,SL-08-021,image_search,4,pending,baseline
R-Q-SL-08-021-05-local-folder,Q-SL-08-021-05,SL-08-021,local_folder,1,pending,local_source_enabled
R-Q-SL-08-021-05-wikimedia,Q-SL-08-021-05,SL-08-021,wikimedia,2,pending,historical_query
R-Q-SL-08-021-05-general-web,Q-SL-08-021-05,SL-08-021,general_web,3,pending,baseline
R-Q-SL-08-021-05-image-search,Q-SL-08-021-05,SL-08-021,image_search,4,pending,baseline
R-Q-SL-08-022-01-local-folder,Q-SL-08-022-01,SL-08-022,local_folder,1,pending,local_source_enabled
R-Q-SL-08-022-01-general-web,Q-SL-08-022-01,SL-08-022,general_web,3,pending,baseline
R-Q-SL-08-022-01-image-search,Q-SL-08-022-01,SL-08-022,image_search,4,pending,baseline
R-Q-SL-08-022-02-local-folder,Q-SL-08-022-02,SL-08-022,local_folder,1,pending,local_source_enabled
R-Q-SL-08-022-02-general-web,Q-SL-08-022-02,SL-08-022,general_web,3,pending,baseline
R-Q-SL-08-022-02-image-search,Q-SL-08-022-02,SL-08-022,image_search,4,pending,baseline
R-Q-SL-08-022-03-local-folder,Q-SL-08-022-03,SL-08-022,local_folder,1,pending,local_source_enabled
R-Q-SL-08-022-03-general-web,Q-SL-08-022-03,SL-08-022,general_web,3,pending,baseline
R-Q-SL-08-022-03-image-search,Q-SL-08-022-03,SL-08-022,image_search,4,pending,baseline
R-Q-SL-08-022-04-local-folder,Q-SL-08-022-04,SL-08-022,local_folder,1,pending,local_source_enabled
R-Q-SL-08-022-04-wikimedia,Q-SL-08-022-04,SL-08-022,wikimedia,2,pending,historical_query
R-Q-SL-08-022-04-general-web,Q-SL-08-022-04,SL-08-022,general_web,3,pending,baseline
R-Q-SL-08-022-04-image-search,Q-SL-08-022-04,SL-08-022,image_search,4,pending,baseline
R-Q-SL-08-022-05-local-folder,Q-SL-08-022-05,SL-08-022,local_folder,1,pending,local_source_enabled
R-Q-SL-08-022-05-general-web,Q-SL-08-022-05,SL-08-022,general_web,3,pending,baseline
R-Q-SL-08-022-05-image-search,Q-SL-08-022-05,SL-08-022,image_search,4,pending,baseline
R-Q-SL-08-023-01-local-folder,Q-SL-08-023-01,SL-08-023,local_folder,1,pending,local_source_enabled
R-Q-SL-08-023-01-general-web,Q-SL-08-023-01,SL-08-023,general_web,3,pending,baseline
R-Q-SL-08-023-01-image-search,Q-SL-08-023-01,SL-08-023,image_search,4,pending,baseline
R-Q-SL-08-023-02-local-folder,Q-SL-08-023-02,SL-08-023,local_folder,1,pending,local_source_enabled
R-Q-SL-08-023-02-general-web,Q-SL-08-023-02,SL-08-023,general_web,3,pending,baseline
R-Q-SL-08-023-02-image-search,Q-SL-08-023-02,SL-08-023,image_search,4,pending,baseline
R-Q-SL-08-023-03-local-folder,Q-SL-08-023-03,SL-08-023,local_folder,1,pending,local_source_enabled
R-Q-SL-08-023-03-general-web,Q-SL-08-023-03,SL-08-023,general_web,3,pending,baseline
R-Q-SL-08-023-03-image-search,Q-SL-08-023-03,SL-08-023,image_search,4,pending,baseline
R-Q-SL-08-023-04-local-folder,Q-SL-08-023-04,SL-08-023,local_folder,1,pending,local_source_enabled
R-Q-SL-08-023-04-general-web,Q-SL-08-023-04,SL-08-023,general_web,3,pending,baseline
R-Q-SL-08-023-04-image-search,Q-SL-08-023-04,SL-08-023,image_search,4,pending,baseline
R-Q-SL-08-023-05-local-folder,Q-SL-08-023-05,SL-08-023,local_folder,1,pending,local_source_enabled
R-Q-SL-08-023-05-wikimedia,Q-SL-08-023-05,SL-08-023,wikimedia,2,pending,historical_query
R-Q-SL-08-023-05-general-web,Q-SL-08-023-05,SL-08-023,general_web,3,pending,baseline
R-Q-SL-08-023-05-image-search,Q-SL-08-023-05,SL-08-023,image_search,4,pending,baseline
R-Q-SL-08-024-01-local-folder,Q-SL-08-024-01,SL-08-024,local_folder,1,pending,local_source_enabled
R-Q-SL-08-024-01-wikimedia,Q-SL-08-024-01,SL-08-024,wikimedia,2,pending,historical_query
R-Q-SL-08-024-01-general-web,Q-SL-08-024-01,SL-08-024,general_web,3,pending,baseline
R-Q-SL-08-024-01-image-search,Q-SL-08-024-01,SL-08-024,image_search,4,pending,baseline
R-Q-SL-08-024-02-local-folder,Q-SL-08-024-02,SL-08-024,local_folder,1,pending,local_source_enabled
R-Q-SL-08-024-02-wikimedia,Q-SL-08-024-02,SL-08-024,wikimedia,2,pending,historical_query
R-Q-SL-08-024-02-general-web,Q-SL-08-024-02,SL-08-024,general_web,3,pending,baseline
R-Q-SL-08-024-02-image-search,Q-SL-08-024-02,SL-08-024,image_search,4,pending,baseline
R-Q-SL-08-024-03-local-folder,Q-SL-08-024-03,SL-08-024,local_folder,1,pending,local_source_enabled
R-Q-SL-08-024-03-wikimedia,Q-SL-08-024-03,SL-08-024,wikimedia,2,pending,historical_query
R-Q-SL-08-024-03-general-web,Q-SL-08-024-03,SL-08-024,general_web,3,pending,baseline
R-Q-SL-08-024-03-image-search,Q-SL-08-024-03,SL-08-024,image_search,4,pending,baseline
R-Q-SL-08-024-04-local-folder,Q-SL-08-024-04,SL-08-024,local_folder,1,pending,local_source_enabled
R-Q-SL-08-024-04-wikimedia,Q-SL-08-024-04,SL-08-024,wikimedia,2,pending,historical_query
R-Q-SL-08-024-04-general-web,Q-SL-08-024-04,SL-08-024,general_web,3,pending,baseline
R-Q-SL-08-024-04-image-search,Q-SL-08-024-04,SL-08-024,image_search,4,pending,baseline
R-Q-SL-08-024-05-local-folder,Q-SL-08-024-05,SL-08-024,local_folder,1,pending,local_source_enabled
R-Q-SL-08-024-05-wikimedia,Q-SL-08-024-05,SL-08-024,wikimedia,2,pending,historical_query
R-Q-SL-08-024-05-general-web,Q-SL-08-024-05,SL-08-024,general_web,3,pending,baseline
R-Q-SL-08-024-05-image-search,Q-SL-08-024-05,SL-08-024,image_search,4,pending,baseline
R-Q-SL-08-025-01-local-folder,Q-SL-08-025-01,SL-08-025,local_folder,1,pending,local_source_enabled
R-Q-SL-08-025-01-general-web,Q-SL-08-025-01,SL-08-025,general_web,3,pending,baseline
R-Q-SL-08-025-01-image-search,Q-SL-08-025-01,SL-08-025,image_search,4,pending,baseline
R-Q-SL-08-025-02-local-folder,Q-SL-08-025-02,SL-08-025,local_folder,1,pending,local_source_enabled
R-Q-SL-08-025-02-general-web,Q-SL-08-025-02,SL-08-025,general_web,3,pending,baseline
R-Q-SL-08-025-02-image-search,Q-SL-08-025-02,SL-08-025,image_search,4,pending,baseline
R-Q-SL-08-025-03-local-folder,Q-SL-08-025-03,SL-08-025,local_folder,1,pending,local_source_enabled
R-Q-SL-08-025-03-general-web,Q-SL-08-025-03,SL-08-025,general_web,3,pending,baseline
R-Q-SL-08-025-03-image-search,Q-SL-08-025-03,SL-08-025,image_search,4,pending,baseline
R-Q-SL-08-025-04-local-folder,Q-SL-08-025-04,SL-08-025,local_folder,1,pending,local_source_enabled
R-Q-SL-08-025-04-wikimedia,Q-SL-08-025-04,SL-08-025,wikimedia,2,pending,historical_query
R-Q-SL-08-025-04-general-web,Q-SL-08-025-04,SL-08-025,general_web,3,pending,baseline
R-Q-SL-08-025-04-image-search,Q-SL-08-025-04,SL-08-025,image_search,4,pending,baseline
R-Q-SL-08-025-05-local-folder,Q-SL-08-025-05,SL-08-025,local_folder,1,pending,local_source_enabled
R-Q-SL-08-025-05-general-web,Q-SL-08-025-05,SL-08-025,general_web,3,pending,baseline
R-Q-SL-08-025-05-image-search,Q-SL-08-025-05,SL-08-025,image_search,4,pending,baseline
R-Q-SL-08-026-01-local-folder,Q-SL-08-026-01,SL-08-026,local_folder,1,pending,local_source_enabled
R-Q-SL-08-026-01-wikimedia,Q-SL-08-026-01,SL-08-026,wikimedia,2,pending,historical_query
R-Q-SL-08-026-01-general-web,Q-SL-08-026-01,SL-08-026,general_web,3,pending,baseline
R-Q-SL-08-026-01-image-search,Q-SL-08-026-01,SL-08-026,image_search,4,pending,baseline
R-Q-SL-08-026-02-local-folder,Q-SL-08-026-02,SL-08-026,local_folder,1,pending,local_source_enabled
R-Q-SL-08-026-02-wikimedia,Q-SL-08-026-02,SL-08-026,wikimedia,2,pending,historical_query
R-Q-SL-08-026-02-general-web,Q-SL-08-026-02,SL-08-026,general_web,3,pending,baseline
R-Q-SL-08-026-02-image-search,Q-SL-08-026-02,SL-08-026,image_search,4,pending,baseline
R-Q-SL-08-026-03-local-folder,Q-SL-08-026-03,SL-08-026,local_folder,1,pending,local_source_enabled
R-Q-SL-08-026-03-wikimedia,Q-SL-08-026-03,SL-08-026,wikimedia,2,pending,historical_query
R-Q-SL-08-026-03-general-web,Q-SL-08-026-03,SL-08-026,general_web,3,pending,baseline
R-Q-SL-08-026-03-image-search,Q-SL-08-026-03,SL-08-026,image_search,4,pending,baseline
R-Q-SL-08-026-04-local-folder,Q-SL-08-026-04,SL-08-026,local_folder,1,pending,local_source_enabled
R-Q-SL-08-026-04-wikimedia,Q-SL-08-026-04,SL-08-026,wikimedia,2,pending,historical_query
R-Q-SL-08-026-04-general-web,Q-SL-08-026-04,SL-08-026,general_web,3,pending,baseline
R-Q-SL-08-026-04-image-search,Q-SL-08-026-04,SL-08-026,image_search,4,pending,baseline
R-Q-SL-08-026-05-local-folder,Q-SL-08-026-05,SL-08-026,local_folder,1,pending,local_source_enabled
R-Q-SL-08-026-05-wikimedia,Q-SL-08-026-05,SL-08-026,wikimedia,2,pending,historical_query
R-Q-SL-08-026-05-general-web,Q-SL-08-026-05,SL-08-026,general_web,3,pending,baseline
R-Q-SL-08-026-05-image-search,Q-SL-08-026-05,SL-08-026,image_search,4,pending,baseline
R-Q-SL-08-027-01-local-folder,Q-SL-08-027-01,SL-08-027,local_folder,1,pending,local_source_enabled
R-Q-SL-08-027-01-general-web,Q-SL-08-027-01,SL-08-027,general_web,3,pending,baseline
R-Q-SL-08-027-01-image-search,Q-SL-08-027-01,SL-08-027,image_search,4,pending,baseline
R-Q-SL-08-027-02-local-folder,Q-SL-08-027-02,SL-08-027,local_folder,1,pending,local_source_enabled
R-Q-SL-08-027-02-general-web,Q-SL-08-027-02,SL-08-027,general_web,3,pending,baseline
R-Q-SL-08-027-02-image-search,Q-SL-08-027-02,SL-08-027,image_search,4,pending,baseline
R-Q-SL-08-027-03-local-folder,Q-SL-08-027-03,SL-08-027,local_folder,1,pending,local_source_enabled
R-Q-SL-08-027-03-general-web,Q-SL-08-027-03,SL-08-027,general_web,3,pending,baseline
R-Q-SL-08-027-03-image-search,Q-SL-08-027-03,SL-08-027,image_search,4,pending,baseline
R-Q-SL-08-027-04-local-folder,Q-SL-08-027-04,SL-08-027,local_folder,1,pending,local_source_enabled
R-Q-SL-08-027-04-wikimedia,Q-SL-08-027-04,SL-08-027,wikimedia,2,pending,historical_query
R-Q-SL-08-027-04-general-web,Q-SL-08-027-04,SL-08-027,general_web,3,pending,baseline
R-Q-SL-08-027-04-image-search,Q-SL-08-027-04,SL-08-027,image_search,4,pending,baseline
R-Q-SL-08-027-05-local-folder,Q-SL-08-027-05,SL-08-027,local_folder,1,pending,local_source_enabled
R-Q-SL-08-027-05-general-web,Q-SL-08-027-05,SL-08-027,general_web,3,pending,baseline
R-Q-SL-08-027-05-image-search,Q-SL-08-027-05,SL-08-027,image_search,4,pending,baseline
R-Q-SL-08-028-01-local-folder,Q-SL-08-028-01,SL-08-028,local_folder,1,pending,local_source_enabled
R-Q-SL-08-028-01-general-web,Q-SL-08-028-01,SL-08-028,general_web,3,pending,baseline
R-Q-SL-08-028-01-image-search,Q-SL-08-028-01,SL-08-028,image_search,4,pending,baseline
R-Q-SL-08-028-02-local-folder,Q-SL-08-028-02,SL-08-028,local_folder,1,pending,local_source_enabled
R-Q-SL-08-028-02-general-web,Q-SL-08-028-02,SL-08-028,general_web,3,pending,baseline
R-Q-SL-08-028-02-image-search,Q-SL-08-028-02,SL-08-028,image_search,4,pending,baseline
R-Q-SL-08-028-03-local-folder,Q-SL-08-028-03,SL-08-028,local_folder,1,pending,local_source_enabled
R-Q-SL-08-028-03-general-web,Q-SL-08-028-03,SL-08-028,general_web,3,pending,baseline
R-Q-SL-08-028-03-image-search,Q-SL-08-028-03,SL-08-028,image_search,4,pending,baseline
R-Q-SL-08-028-04-local-folder,Q-SL-08-028-04,SL-08-028,local_folder,1,pending,local_source_enabled
R-Q-SL-08-028-04-wikimedia,Q-SL-08-028-04,SL-08-028,wikimedia,2,pending,historical_query
R-Q-SL-08-028-04-general-web,Q-SL-08-028-04,SL-08-028,general_web,3,pending,baseline
R-Q-SL-08-028-04-image-search,Q-SL-08-028-04,SL-08-028,image_search,4,pending,baseline
R-Q-SL-08-028-05-local-folder,Q-SL-08-028-05,SL-08-028,local_folder,1,pending,local_source_enabled
R-Q-SL-08-028-05-general-web,Q-SL-08-028-05,SL-08-028,general_web,3,pending,baseline
R-Q-SL-08-028-05-image-search,Q-SL-08-028-05,SL-08-028,image_search,4,pending,baseline
R-Q-SL-08-029-01-local-folder,Q-SL-08-029-01,SL-08-029,local_folder,1,pending,local_source_enabled
R-Q-SL-08-029-01-general-web,Q-SL-08-029-01,SL-08-029,general_web,3,pending,baseline
R-Q-SL-08-029-01-image-search,Q-SL-08-029-01,SL-08-029,image_search,4,pending,baseline
R-Q-SL-08-029-02-local-folder,Q-SL-08-029-02,SL-08-029,local_folder,1,pending,local_source_enabled
R-Q-SL-08-029-02-general-web,Q-SL-08-029-02,SL-08-029,general_web,3,pending,baseline
R-Q-SL-08-029-02-image-search,Q-SL-08-029-02,SL-08-029,image_search,4,pending,baseline
R-Q-SL-08-029-03-local-folder,Q-SL-08-029-03,SL-08-029,local_folder,1,pending,local_source_enabled
R-Q-SL-08-029-03-general-web,Q-SL-08-029-03,SL-08-029,general_web,3,pending,baseline
R-Q-SL-08-029-03-image-search,Q-SL-08-029-03,SL-08-029,image_search,4,pending,baseline
R-Q-SL-08-029-04-local-folder,Q-SL-08-029-04,SL-08-029,local_folder,1,pending,local_source_enabled
R-Q-SL-08-029-04-wikimedia,Q-SL-08-029-04,SL-08-029,wikimedia,2,pending,historical_query
R-Q-SL-08-029-04-general-web,Q-SL-08-029-04,SL-08-029,general_web,3,pending,baseline
R-Q-SL-08-029-04-image-search,Q-SL-08-029-04,SL-08-029,image_search,4,pending,baseline
R-Q-SL-08-029-05-local-folder,Q-SL-08-029-05,SL-08-029,local_folder,1,pending,local_source_enabled
R-Q-SL-08-029-05-general-web,Q-SL-08-029-05,SL-08-029,general_web,3,pending,baseline
R-Q-SL-08-029-05-image-search,Q-SL-08-029-05,SL-08-029,image_search,4,pending,baseline
R-Q-SL-08-030-01-local-folder,Q-SL-08-030-01,SL-08-030,local_folder,1,pending,local_source_enabled
R-Q-SL-08-030-01-general-web,Q-SL-08-030-01,SL-08-030,general_web,3,pending,baseline
R-Q-SL-08-030-01-image-search,Q-SL-08-030-01,SL-08-030,image_search,4,pending,baseline
R-Q-SL-08-030-02-local-folder,Q-SL-08-030-02,SL-08-030,local_folder,1,pending,local_source_enabled
R-Q-SL-08-030-02-general-web,Q-SL-08-030-02,SL-08-030,general_web,3,pending,baseline
R-Q-SL-08-030-02-image-search,Q-SL-08-030-02,SL-08-030,image_search,4,pending,baseline
R-Q-SL-08-030-03-local-folder,Q-SL-08-030-03,SL-08-030,local_folder,1,pending,local_source_enabled
R-Q-SL-08-030-03-general-web,Q-SL-08-030-03,SL-08-030,general_web,3,pending,baseline
R-Q-SL-08-030-03-image-search,Q-SL-08-030-03,SL-08-030,image_search,4,pending,baseline
R-Q-SL-08-030-04-local-folder,Q-SL-08-030-04,SL-08-030,local_folder,1,pending,local_source_enabled
R-Q-SL-08-030-04-wikimedia,Q-SL-08-030-04,SL-08-030,wikimedia,2,pending,historical_query
R-Q-SL-08-030-04-general-web,Q-SL-08-030-04,SL-08-030,general_web,3,pending,baseline
R-Q-SL-08-030-04-image-search,Q-SL-08-030-04,SL-08-030,image_search,4,pending,baseline
R-Q-SL-08-030-05-local-folder,Q-SL-08-030-05,SL-08-030,local_folder,1,pending,local_source_enabled
R-Q-SL-08-030-05-general-web,Q-SL-08-030-05,SL-08-030,general_web,3,pending,baseline
R-Q-SL-08-030-05-image-search,Q-SL-08-030-05,SL-08-030,image_search,4,pending,baseline
R-Q-SL-09-001-01-local-folder,Q-SL-09-001-01,SL-09-001,local_folder,1,pending,local_source_enabled
R-Q-SL-09-001-01-general-web,Q-SL-09-001-01,SL-09-001,general_web,3,pending,baseline
R-Q-SL-09-001-01-image-search,Q-SL-09-001-01,SL-09-001,image_search,4,pending,baseline
R-Q-SL-09-001-02-local-folder,Q-SL-09-001-02,SL-09-001,local_folder,1,pending,local_source_enabled
R-Q-SL-09-001-02-general-web,Q-SL-09-001-02,SL-09-001,general_web,3,pending,baseline
R-Q-SL-09-001-02-image-search,Q-SL-09-001-02,SL-09-001,image_search,4,pending,baseline
R-Q-SL-09-001-03-local-folder,Q-SL-09-001-03,SL-09-001,local_folder,1,pending,local_source_enabled
R-Q-SL-09-001-03-general-web,Q-SL-09-001-03,SL-09-001,general_web,3,pending,baseline
R-Q-SL-09-001-03-image-search,Q-SL-09-001-03,SL-09-001,image_search,4,pending,baseline
R-Q-SL-09-001-04-local-folder,Q-SL-09-001-04,SL-09-001,local_folder,1,pending,local_source_enabled
R-Q-SL-09-001-04-general-web,Q-SL-09-001-04,SL-09-001,general_web,3,pending,baseline
R-Q-SL-09-001-04-image-search,Q-SL-09-001-04,SL-09-001,image_search,4,pending,baseline
R-Q-SL-09-001-05-local-folder,Q-SL-09-001-05,SL-09-001,local_folder,1,pending,local_source_enabled
R-Q-SL-09-001-05-general-web,Q-SL-09-001-05,SL-09-001,general_web,3,pending,baseline
R-Q-SL-09-001-05-image-search,Q-SL-09-001-05,SL-09-001,image_search,4,pending,baseline
R-Q-SL-09-002-01-local-folder,Q-SL-09-002-01,SL-09-002,local_folder,1,pending,local_source_enabled
R-Q-SL-09-002-01-general-web,Q-SL-09-002-01,SL-09-002,general_web,3,pending,baseline
R-Q-SL-09-002-01-image-search,Q-SL-09-002-01,SL-09-002,image_search,4,pending,baseline
R-Q-SL-09-002-02-local-folder,Q-SL-09-002-02,SL-09-002,local_folder,1,pending,local_source_enabled
R-Q-SL-09-002-02-general-web,Q-SL-09-002-02,SL-09-002,general_web,3,pending,baseline
R-Q-SL-09-002-02-image-search,Q-SL-09-002-02,SL-09-002,image_search,4,pending,baseline
R-Q-SL-09-002-03-local-folder,Q-SL-09-002-03,SL-09-002,local_folder,1,pending,local_source_enabled
R-Q-SL-09-002-03-general-web,Q-SL-09-002-03,SL-09-002,general_web,3,pending,baseline
R-Q-SL-09-002-03-image-search,Q-SL-09-002-03,SL-09-002,image_search,4,pending,baseline
R-Q-SL-09-002-04-local-folder,Q-SL-09-002-04,SL-09-002,local_folder,1,pending,local_source_enabled
R-Q-SL-09-002-04-general-web,Q-SL-09-002-04,SL-09-002,general_web,3,pending,baseline
R-Q-SL-09-002-04-image-search,Q-SL-09-002-04,SL-09-002,image_search,4,pending,baseline
R-Q-SL-09-002-05-local-folder,Q-SL-09-002-05,SL-09-002,local_folder,1,pending,local_source_enabled
R-Q-SL-09-002-05-general-web,Q-SL-09-002-05,SL-09-002,general_web,3,pending,baseline
R-Q-SL-09-002-05-image-search,Q-SL-09-002-05,SL-09-002,image_search,4,pending,baseline
R-Q-SL-09-003-01-local-folder,Q-SL-09-003-01,SL-09-003,local_folder,1,pending,local_source_enabled
R-Q-SL-09-003-01-general-web,Q-SL-09-003-01,SL-09-003,general_web,3,pending,baseline
R-Q-SL-09-003-01-image-search,Q-SL-09-003-01,SL-09-003,image_search,4,pending,baseline
R-Q-SL-09-003-02-local-folder,Q-SL-09-003-02,SL-09-003,local_folder,1,pending,local_source_enabled
R-Q-SL-09-003-02-general-web,Q-SL-09-003-02,SL-09-003,general_web,3,pending,baseline
R-Q-SL-09-003-02-image-search,Q-SL-09-003-02,SL-09-003,image_search,4,pending,baseline
R-Q-SL-09-003-03-local-folder,Q-SL-09-003-03,SL-09-003,local_folder,1,pending,local_source_enabled
R-Q-SL-09-003-03-general-web,Q-SL-09-003-03,SL-09-003,general_web,3,pending,baseline
R-Q-SL-09-003-03-image-search,Q-SL-09-003-03,SL-09-003,image_search,4,pending,baseline
R-Q-SL-09-003-04-local-folder,Q-SL-09-003-04,SL-09-003,local_folder,1,pending,local_source_enabled
R-Q-SL-09-003-04-wikimedia,Q-SL-09-003-04,SL-09-003,wikimedia,2,pending,historical_query
R-Q-SL-09-003-04-general-web,Q-SL-09-003-04,SL-09-003,general_web,3,pending,baseline
R-Q-SL-09-003-04-image-search,Q-SL-09-003-04,SL-09-003,image_search,4,pending,baseline
R-Q-SL-09-003-05-local-folder,Q-SL-09-003-05,SL-09-003,local_folder,1,pending,local_source_enabled
R-Q-SL-09-003-05-general-web,Q-SL-09-003-05,SL-09-003,general_web,3,pending,baseline
R-Q-SL-09-003-05-image-search,Q-SL-09-003-05,SL-09-003,image_search,4,pending,baseline
R-Q-SL-09-004-01-local-folder,Q-SL-09-004-01,SL-09-004,local_folder,1,pending,local_source_enabled
R-Q-SL-09-004-01-general-web,Q-SL-09-004-01,SL-09-004,general_web,3,pending,baseline
R-Q-SL-09-004-01-image-search,Q-SL-09-004-01,SL-09-004,image_search,4,pending,baseline
R-Q-SL-09-004-02-local-folder,Q-SL-09-004-02,SL-09-004,local_folder,1,pending,local_source_enabled
R-Q-SL-09-004-02-general-web,Q-SL-09-004-02,SL-09-004,general_web,3,pending,baseline
R-Q-SL-09-004-02-image-search,Q-SL-09-004-02,SL-09-004,image_search,4,pending,baseline
R-Q-SL-09-004-03-local-folder,Q-SL-09-004-03,SL-09-004,local_folder,1,pending,local_source_enabled
R-Q-SL-09-004-03-general-web,Q-SL-09-004-03,SL-09-004,general_web,3,pending,baseline
R-Q-SL-09-004-03-image-search,Q-SL-09-004-03,SL-09-004,image_search,4,pending,baseline
R-Q-SL-09-004-04-local-folder,Q-SL-09-004-04,SL-09-004,local_folder,1,pending,local_source_enabled
R-Q-SL-09-004-04-general-web,Q-SL-09-004-04,SL-09-004,general_web,3,pending,baseline
R-Q-SL-09-004-04-image-search,Q-SL-09-004-04,SL-09-004,image_search,4,pending,baseline
R-Q-SL-09-004-05-local-folder,Q-SL-09-004-05,SL-09-004,local_folder,1,pending,local_source_enabled
R-Q-SL-09-004-05-wikimedia,Q-SL-09-004-05,SL-09-004,wikimedia,2,pending,historical_query
R-Q-SL-09-004-05-general-web,Q-SL-09-004-05,SL-09-004,general_web,3,pending,baseline
R-Q-SL-09-004-05-image-search,Q-SL-09-004-05,SL-09-004,image_search,4,pending,baseline
R-Q-SL-09-005-01-local-folder,Q-SL-09-005-01,SL-09-005,local_folder,1,pending,local_source_enabled
R-Q-SL-09-005-01-general-web,Q-SL-09-005-01,SL-09-005,general_web,3,pending,baseline
R-Q-SL-09-005-01-image-search,Q-SL-09-005-01,SL-09-005,image_search,4,pending,baseline
R-Q-SL-09-005-02-local-folder,Q-SL-09-005-02,SL-09-005,local_folder,1,pending,local_source_enabled
R-Q-SL-09-005-02-general-web,Q-SL-09-005-02,SL-09-005,general_web,3,pending,baseline
R-Q-SL-09-005-02-image-search,Q-SL-09-005-02,SL-09-005,image_search,4,pending,baseline
R-Q-SL-09-005-03-local-folder,Q-SL-09-005-03,SL-09-005,local_folder,1,pending,local_source_enabled
R-Q-SL-09-005-03-general-web,Q-SL-09-005-03,SL-09-005,general_web,3,pending,baseline
R-Q-SL-09-005-03-image-search,Q-SL-09-005-03,SL-09-005,image_search,4,pending,baseline
R-Q-SL-09-005-04-local-folder,Q-SL-09-005-04,SL-09-005,local_folder,1,pending,local_source_enabled
R-Q-SL-09-005-04-wikimedia,Q-SL-09-005-04,SL-09-005,wikimedia,2,pending,historical_query
R-Q-SL-09-005-04-general-web,Q-SL-09-005-04,SL-09-005,general_web,3,pending,baseline
R-Q-SL-09-005-04-image-search,Q-SL-09-005-04,SL-09-005,image_search,4,pending,baseline
R-Q-SL-09-005-05-local-folder,Q-SL-09-005-05,SL-09-005,local_folder,1,pending,local_source_enabled
R-Q-SL-09-005-05-wikimedia,Q-SL-09-005-05,SL-09-005,wikimedia,2,pending,historical_query
R-Q-SL-09-005-05-general-web,Q-SL-09-005-05,SL-09-005,general_web,3,pending,baseline
R-Q-SL-09-005-05-image-search,Q-SL-09-005-05,SL-09-005,image_search,4,pending,baseline
R-Q-SL-09-006-01-local-folder,Q-SL-09-006-01,SL-09-006,local_folder,1,pending,local_source_enabled
R-Q-SL-09-006-01-general-web,Q-SL-09-006-01,SL-09-006,general_web,3,pending,baseline
R-Q-SL-09-006-01-image-search,Q-SL-09-006-01,SL-09-006,image_search,4,pending,baseline
R-Q-SL-09-006-02-local-folder,Q-SL-09-006-02,SL-09-006,local_folder,1,pending,local_source_enabled
R-Q-SL-09-006-02-general-web,Q-SL-09-006-02,SL-09-006,general_web,3,pending,baseline
R-Q-SL-09-006-02-image-search,Q-SL-09-006-02,SL-09-006,image_search,4,pending,baseline
R-Q-SL-09-006-03-local-folder,Q-SL-09-006-03,SL-09-006,local_folder,1,pending,local_source_enabled
R-Q-SL-09-006-03-general-web,Q-SL-09-006-03,SL-09-006,general_web,3,pending,baseline
R-Q-SL-09-006-03-image-search,Q-SL-09-006-03,SL-09-006,image_search,4,pending,baseline
R-Q-SL-09-006-04-local-folder,Q-SL-09-006-04,SL-09-006,local_folder,1,pending,local_source_enabled
R-Q-SL-09-006-04-wikimedia,Q-SL-09-006-04,SL-09-006,wikimedia,2,pending,historical_query
R-Q-SL-09-006-04-general-web,Q-SL-09-006-04,SL-09-006,general_web,3,pending,baseline
R-Q-SL-09-006-04-image-search,Q-SL-09-006-04,SL-09-006,image_search,4,pending,baseline
R-Q-SL-09-006-05-local-folder,Q-SL-09-006-05,SL-09-006,local_folder,1,pending,local_source_enabled
R-Q-SL-09-006-05-wikimedia,Q-SL-09-006-05,SL-09-006,wikimedia,2,pending,historical_query
R-Q-SL-09-006-05-general-web,Q-SL-09-006-05,SL-09-006,general_web,3,pending,baseline
R-Q-SL-09-006-05-image-search,Q-SL-09-006-05,SL-09-006,image_search,4,pending,baseline
R-Q-SL-09-007-01-local-folder,Q-SL-09-007-01,SL-09-007,local_folder,1,pending,local_source_enabled
R-Q-SL-09-007-01-general-web,Q-SL-09-007-01,SL-09-007,general_web,3,pending,baseline
R-Q-SL-09-007-01-image-search,Q-SL-09-007-01,SL-09-007,image_search,4,pending,baseline
R-Q-SL-09-007-02-local-folder,Q-SL-09-007-02,SL-09-007,local_folder,1,pending,local_source_enabled
R-Q-SL-09-007-02-general-web,Q-SL-09-007-02,SL-09-007,general_web,3,pending,baseline
R-Q-SL-09-007-02-image-search,Q-SL-09-007-02,SL-09-007,image_search,4,pending,baseline
R-Q-SL-09-007-03-local-folder,Q-SL-09-007-03,SL-09-007,local_folder,1,pending,local_source_enabled
R-Q-SL-09-007-03-general-web,Q-SL-09-007-03,SL-09-007,general_web,3,pending,baseline
R-Q-SL-09-007-03-image-search,Q-SL-09-007-03,SL-09-007,image_search,4,pending,baseline
R-Q-SL-09-007-04-local-folder,Q-SL-09-007-04,SL-09-007,local_folder,1,pending,local_source_enabled
R-Q-SL-09-007-04-wikimedia,Q-SL-09-007-04,SL-09-007,wikimedia,2,pending,historical_query
R-Q-SL-09-007-04-general-web,Q-SL-09-007-04,SL-09-007,general_web,3,pending,baseline
R-Q-SL-09-007-04-image-search,Q-SL-09-007-04,SL-09-007,image_search,4,pending,baseline
R-Q-SL-09-007-05-local-folder,Q-SL-09-007-05,SL-09-007,local_folder,1,pending,local_source_enabled
R-Q-SL-09-007-05-general-web,Q-SL-09-007-05,SL-09-007,general_web,3,pending,baseline
R-Q-SL-09-007-05-image-search,Q-SL-09-007-05,SL-09-007,image_search,4,pending,baseline
R-Q-SL-09-008-01-local-folder,Q-SL-09-008-01,SL-09-008,local_folder,1,pending,local_source_enabled
R-Q-SL-09-008-01-general-web,Q-SL-09-008-01,SL-09-008,general_web,3,pending,baseline
R-Q-SL-09-008-01-image-search,Q-SL-09-008-01,SL-09-008,image_search,4,pending,baseline
R-Q-SL-09-008-02-local-folder,Q-SL-09-008-02,SL-09-008,local_folder,1,pending,local_source_enabled
R-Q-SL-09-008-02-general-web,Q-SL-09-008-02,SL-09-008,general_web,3,pending,baseline
R-Q-SL-09-008-02-image-search,Q-SL-09-008-02,SL-09-008,image_search,4,pending,baseline
R-Q-SL-09-008-03-local-folder,Q-SL-09-008-03,SL-09-008,local_folder,1,pending,local_source_enabled
R-Q-SL-09-008-03-general-web,Q-SL-09-008-03,SL-09-008,general_web,3,pending,baseline
R-Q-SL-09-008-03-image-search,Q-SL-09-008-03,SL-09-008,image_search,4,pending,baseline
R-Q-SL-09-008-04-local-folder,Q-SL-09-008-04,SL-09-008,local_folder,1,pending,local_source_enabled
R-Q-SL-09-008-04-general-web,Q-SL-09-008-04,SL-09-008,general_web,3,pending,baseline
R-Q-SL-09-008-04-image-search,Q-SL-09-008-04,SL-09-008,image_search,4,pending,baseline
R-Q-SL-09-008-05-local-folder,Q-SL-09-008-05,SL-09-008,local_folder,1,pending,local_source_enabled
R-Q-SL-09-008-05-general-web,Q-SL-09-008-05,SL-09-008,general_web,3,pending,baseline
R-Q-SL-09-008-05-image-search,Q-SL-09-008-05,SL-09-008,image_search,4,pending,baseline
R-Q-SL-09-009-01-local-folder,Q-SL-09-009-01,SL-09-009,local_folder,1,pending,local_source_enabled
R-Q-SL-09-009-01-general-web,Q-SL-09-009-01,SL-09-009,general_web,3,pending,baseline
R-Q-SL-09-009-01-image-search,Q-SL-09-009-01,SL-09-009,image_search,4,pending,baseline
R-Q-SL-09-009-02-local-folder,Q-SL-09-009-02,SL-09-009,local_folder,1,pending,local_source_enabled
R-Q-SL-09-009-02-general-web,Q-SL-09-009-02,SL-09-009,general_web,3,pending,baseline
R-Q-SL-09-009-02-image-search,Q-SL-09-009-02,SL-09-009,image_search,4,pending,baseline
R-Q-SL-09-009-03-local-folder,Q-SL-09-009-03,SL-09-009,local_folder,1,pending,local_source_enabled
R-Q-SL-09-009-03-general-web,Q-SL-09-009-03,SL-09-009,general_web,3,pending,baseline
R-Q-SL-09-009-03-image-search,Q-SL-09-009-03,SL-09-009,image_search,4,pending,baseline
R-Q-SL-09-009-04-local-folder,Q-SL-09-009-04,SL-09-009,local_folder,1,pending,local_source_enabled
R-Q-SL-09-009-04-wikimedia,Q-SL-09-009-04,SL-09-009,wikimedia,2,pending,historical_query
R-Q-SL-09-009-04-general-web,Q-SL-09-009-04,SL-09-009,general_web,3,pending,baseline
R-Q-SL-09-009-04-image-search,Q-SL-09-009-04,SL-09-009,image_search,4,pending,baseline
R-Q-SL-09-009-05-local-folder,Q-SL-09-009-05,SL-09-009,local_folder,1,pending,local_source_enabled
R-Q-SL-09-009-05-general-web,Q-SL-09-009-05,SL-09-009,general_web,3,pending,baseline
R-Q-SL-09-009-05-image-search,Q-SL-09-009-05,SL-09-009,image_search,4,pending,baseline
R-Q-SL-09-010-01-local-folder,Q-SL-09-010-01,SL-09-010,local_folder,1,pending,local_source_enabled
R-Q-SL-09-010-01-general-web,Q-SL-09-010-01,SL-09-010,general_web,3,pending,baseline
R-Q-SL-09-010-01-image-search,Q-SL-09-010-01,SL-09-010,image_search,4,pending,baseline
R-Q-SL-09-010-02-local-folder,Q-SL-09-010-02,SL-09-010,local_folder,1,pending,local_source_enabled
R-Q-SL-09-010-02-general-web,Q-SL-09-010-02,SL-09-010,general_web,3,pending,baseline
R-Q-SL-09-010-02-image-search,Q-SL-09-010-02,SL-09-010,image_search,4,pending,baseline
R-Q-SL-09-010-03-local-folder,Q-SL-09-010-03,SL-09-010,local_folder,1,pending,local_source_enabled
R-Q-SL-09-010-03-general-web,Q-SL-09-010-03,SL-09-010,general_web,3,pending,baseline
R-Q-SL-09-010-03-image-search,Q-SL-09-010-03,SL-09-010,image_search,4,pending,baseline
R-Q-SL-09-010-04-local-folder,Q-SL-09-010-04,SL-09-010,local_folder,1,pending,local_source_enabled
R-Q-SL-09-010-04-general-web,Q-SL-09-010-04,SL-09-010,general_web,3,pending,baseline
R-Q-SL-09-010-04-image-search,Q-SL-09-010-04,SL-09-010,image_search,4,pending,baseline
R-Q-SL-09-010-05-local-folder,Q-SL-09-010-05,SL-09-010,local_folder,1,pending,local_source_enabled
R-Q-SL-09-010-05-general-web,Q-SL-09-010-05,SL-09-010,general_web,3,pending,baseline
R-Q-SL-09-010-05-image-search,Q-SL-09-010-05,SL-09-010,image_search,4,pending,baseline
R-Q-SL-09-011-01-local-folder,Q-SL-09-011-01,SL-09-011,local_folder,1,pending,local_source_enabled
R-Q-SL-09-011-01-general-web,Q-SL-09-011-01,SL-09-011,general_web,3,pending,baseline
R-Q-SL-09-011-01-image-search,Q-SL-09-011-01,SL-09-011,image_search,4,pending,baseline
R-Q-SL-09-011-02-local-folder,Q-SL-09-011-02,SL-09-011,local_folder,1,pending,local_source_enabled
R-Q-SL-09-011-02-general-web,Q-SL-09-011-02,SL-09-011,general_web,3,pending,baseline
R-Q-SL-09-011-02-image-search,Q-SL-09-011-02,SL-09-011,image_search,4,pending,baseline
R-Q-SL-09-011-03-local-folder,Q-SL-09-011-03,SL-09-011,local_folder,1,pending,local_source_enabled
R-Q-SL-09-011-03-general-web,Q-SL-09-011-03,SL-09-011,general_web,3,pending,baseline
R-Q-SL-09-011-03-image-search,Q-SL-09-011-03,SL-09-011,image_search,4,pending,baseline
R-Q-SL-09-011-04-local-folder,Q-SL-09-011-04,SL-09-011,local_folder,1,pending,local_source_enabled
R-Q-SL-09-011-04-wikimedia,Q-SL-09-011-04,SL-09-011,wikimedia,2,pending,historical_query
R-Q-SL-09-011-04-general-web,Q-SL-09-011-04,SL-09-011,general_web,3,pending,baseline
R-Q-SL-09-011-04-image-search,Q-SL-09-011-04,SL-09-011,image_search,4,pending,baseline
R-Q-SL-09-011-05-local-folder,Q-SL-09-011-05,SL-09-011,local_folder,1,pending,local_source_enabled
R-Q-SL-09-011-05-general-web,Q-SL-09-011-05,SL-09-011,general_web,3,pending,baseline
R-Q-SL-09-011-05-image-search,Q-SL-09-011-05,SL-09-011,image_search,4,pending,baseline
R-Q-SL-09-012-01-local-folder,Q-SL-09-012-01,SL-09-012,local_folder,1,pending,local_source_enabled
R-Q-SL-09-012-01-wikimedia,Q-SL-09-012-01,SL-09-012,wikimedia,2,pending,historical_query
R-Q-SL-09-012-01-general-web,Q-SL-09-012-01,SL-09-012,general_web,3,pending,baseline
R-Q-SL-09-012-01-image-search,Q-SL-09-012-01,SL-09-012,image_search,4,pending,baseline
R-Q-SL-09-012-02-local-folder,Q-SL-09-012-02,SL-09-012,local_folder,1,pending,local_source_enabled
R-Q-SL-09-012-02-wikimedia,Q-SL-09-012-02,SL-09-012,wikimedia,2,pending,historical_query
R-Q-SL-09-012-02-general-web,Q-SL-09-012-02,SL-09-012,general_web,3,pending,baseline
R-Q-SL-09-012-02-image-search,Q-SL-09-012-02,SL-09-012,image_search,4,pending,baseline
R-Q-SL-09-012-03-local-folder,Q-SL-09-012-03,SL-09-012,local_folder,1,pending,local_source_enabled
R-Q-SL-09-012-03-wikimedia,Q-SL-09-012-03,SL-09-012,wikimedia,2,pending,historical_query
R-Q-SL-09-012-03-general-web,Q-SL-09-012-03,SL-09-012,general_web,3,pending,baseline
R-Q-SL-09-012-03-image-search,Q-SL-09-012-03,SL-09-012,image_search,4,pending,baseline
R-Q-SL-09-012-04-local-folder,Q-SL-09-012-04,SL-09-012,local_folder,1,pending,local_source_enabled
R-Q-SL-09-012-04-wikimedia,Q-SL-09-012-04,SL-09-012,wikimedia,2,pending,historical_query
R-Q-SL-09-012-04-general-web,Q-SL-09-012-04,SL-09-012,general_web,3,pending,baseline
R-Q-SL-09-012-04-image-search,Q-SL-09-012-04,SL-09-012,image_search,4,pending,baseline
R-Q-SL-09-012-05-local-folder,Q-SL-09-012-05,SL-09-012,local_folder,1,pending,local_source_enabled
R-Q-SL-09-012-05-wikimedia,Q-SL-09-012-05,SL-09-012,wikimedia,2,pending,historical_query
R-Q-SL-09-012-05-general-web,Q-SL-09-012-05,SL-09-012,general_web,3,pending,baseline
R-Q-SL-09-012-05-image-search,Q-SL-09-012-05,SL-09-012,image_search,4,pending,baseline
R-Q-SL-09-013-01-local-folder,Q-SL-09-013-01,SL-09-013,local_folder,1,pending,local_source_enabled
R-Q-SL-09-013-01-general-web,Q-SL-09-013-01,SL-09-013,general_web,3,pending,baseline
R-Q-SL-09-013-01-image-search,Q-SL-09-013-01,SL-09-013,image_search,4,pending,baseline
R-Q-SL-09-013-02-local-folder,Q-SL-09-013-02,SL-09-013,local_folder,1,pending,local_source_enabled
R-Q-SL-09-013-02-general-web,Q-SL-09-013-02,SL-09-013,general_web,3,pending,baseline
R-Q-SL-09-013-02-image-search,Q-SL-09-013-02,SL-09-013,image_search,4,pending,baseline
R-Q-SL-09-013-03-local-folder,Q-SL-09-013-03,SL-09-013,local_folder,1,pending,local_source_enabled
R-Q-SL-09-013-03-general-web,Q-SL-09-013-03,SL-09-013,general_web,3,pending,baseline
R-Q-SL-09-013-03-image-search,Q-SL-09-013-03,SL-09-013,image_search,4,pending,baseline
R-Q-SL-09-013-04-local-folder,Q-SL-09-013-04,SL-09-013,local_folder,1,pending,local_source_enabled
R-Q-SL-09-013-04-wikimedia,Q-SL-09-013-04,SL-09-013,wikimedia,2,pending,historical_query
R-Q-SL-09-013-04-general-web,Q-SL-09-013-04,SL-09-013,general_web,3,pending,baseline
R-Q-SL-09-013-04-image-search,Q-SL-09-013-04,SL-09-013,image_search,4,pending,baseline
R-Q-SL-09-013-05-local-folder,Q-SL-09-013-05,SL-09-013,local_folder,1,pending,local_source_enabled
R-Q-SL-09-013-05-general-web,Q-SL-09-013-05,SL-09-013,general_web,3,pending,baseline
R-Q-SL-09-013-05-image-search,Q-SL-09-013-05,SL-09-013,image_search,4,pending,baseline
R-Q-SL-09-014-01-local-folder,Q-SL-09-014-01,SL-09-014,local_folder,1,pending,local_source_enabled
R-Q-SL-09-014-01-general-web,Q-SL-09-014-01,SL-09-014,general_web,3,pending,baseline
R-Q-SL-09-014-01-image-search,Q-SL-09-014-01,SL-09-014,image_search,4,pending,baseline
R-Q-SL-09-014-02-local-folder,Q-SL-09-014-02,SL-09-014,local_folder,1,pending,local_source_enabled
R-Q-SL-09-014-02-general-web,Q-SL-09-014-02,SL-09-014,general_web,3,pending,baseline
R-Q-SL-09-014-02-image-search,Q-SL-09-014-02,SL-09-014,image_search,4,pending,baseline
R-Q-SL-09-014-03-local-folder,Q-SL-09-014-03,SL-09-014,local_folder,1,pending,local_source_enabled
R-Q-SL-09-014-03-general-web,Q-SL-09-014-03,SL-09-014,general_web,3,pending,baseline
R-Q-SL-09-014-03-image-search,Q-SL-09-014-03,SL-09-014,image_search,4,pending,baseline
R-Q-SL-09-014-04-local-folder,Q-SL-09-014-04,SL-09-014,local_folder,1,pending,local_source_enabled
R-Q-SL-09-014-04-wikimedia,Q-SL-09-014-04,SL-09-014,wikimedia,2,pending,historical_query
R-Q-SL-09-014-04-general-web,Q-SL-09-014-04,SL-09-014,general_web,3,pending,baseline
R-Q-SL-09-014-04-image-search,Q-SL-09-014-04,SL-09-014,image_search,4,pending,baseline
R-Q-SL-09-014-05-local-folder,Q-SL-09-014-05,SL-09-014,local_folder,1,pending,local_source_enabled
R-Q-SL-09-014-05-wikimedia,Q-SL-09-014-05,SL-09-014,wikimedia,2,pending,historical_query
R-Q-SL-09-014-05-general-web,Q-SL-09-014-05,SL-09-014,general_web,3,pending,baseline
R-Q-SL-09-014-05-image-search,Q-SL-09-014-05,SL-09-014,image_search,4,pending,baseline
R-Q-SL-09-015-01-local-folder,Q-SL-09-015-01,SL-09-015,local_folder,1,pending,local_source_enabled
R-Q-SL-09-015-01-wikimedia,Q-SL-09-015-01,SL-09-015,wikimedia,2,pending,historical_query
R-Q-SL-09-015-01-general-web,Q-SL-09-015-01,SL-09-015,general_web,3,pending,baseline
R-Q-SL-09-015-01-image-search,Q-SL-09-015-01,SL-09-015,image_search,4,pending,baseline
R-Q-SL-09-015-02-local-folder,Q-SL-09-015-02,SL-09-015,local_folder,1,pending,local_source_enabled
R-Q-SL-09-015-02-wikimedia,Q-SL-09-015-02,SL-09-015,wikimedia,2,pending,historical_query
R-Q-SL-09-015-02-general-web,Q-SL-09-015-02,SL-09-015,general_web,3,pending,baseline
R-Q-SL-09-015-02-image-search,Q-SL-09-015-02,SL-09-015,image_search,4,pending,baseline
R-Q-SL-09-015-03-local-folder,Q-SL-09-015-03,SL-09-015,local_folder,1,pending,local_source_enabled
R-Q-SL-09-015-03-wikimedia,Q-SL-09-015-03,SL-09-015,wikimedia,2,pending,historical_query
R-Q-SL-09-015-03-general-web,Q-SL-09-015-03,SL-09-015,general_web,3,pending,baseline
R-Q-SL-09-015-03-image-search,Q-SL-09-015-03,SL-09-015,image_search,4,pending,baseline
R-Q-SL-09-015-04-local-folder,Q-SL-09-015-04,SL-09-015,local_folder,1,pending,local_source_enabled
R-Q-SL-09-015-04-wikimedia,Q-SL-09-015-04,SL-09-015,wikimedia,2,pending,historical_query
R-Q-SL-09-015-04-general-web,Q-SL-09-015-04,SL-09-015,general_web,3,pending,baseline
R-Q-SL-09-015-04-image-search,Q-SL-09-015-04,SL-09-015,image_search,4,pending,baseline
R-Q-SL-09-015-05-local-folder,Q-SL-09-015-05,SL-09-015,local_folder,1,pending,local_source_enabled
R-Q-SL-09-015-05-wikimedia,Q-SL-09-015-05,SL-09-015,wikimedia,2,pending,historical_query
R-Q-SL-09-015-05-general-web,Q-SL-09-015-05,SL-09-015,general_web,3,pending,baseline
R-Q-SL-09-015-05-image-search,Q-SL-09-015-05,SL-09-015,image_search,4,pending,baseline
R-Q-SL-09-016-01-local-folder,Q-SL-09-016-01,SL-09-016,local_folder,1,pending,local_source_enabled
R-Q-SL-09-016-01-general-web,Q-SL-09-016-01,SL-09-016,general_web,3,pending,baseline
R-Q-SL-09-016-01-image-search,Q-SL-09-016-01,SL-09-016,image_search,4,pending,baseline
R-Q-SL-09-016-02-local-folder,Q-SL-09-016-02,SL-09-016,local_folder,1,pending,local_source_enabled
R-Q-SL-09-016-02-general-web,Q-SL-09-016-02,SL-09-016,general_web,3,pending,baseline
R-Q-SL-09-016-02-image-search,Q-SL-09-016-02,SL-09-016,image_search,4,pending,baseline
R-Q-SL-09-016-03-local-folder,Q-SL-09-016-03,SL-09-016,local_folder,1,pending,local_source_enabled
R-Q-SL-09-016-03-general-web,Q-SL-09-016-03,SL-09-016,general_web,3,pending,baseline
R-Q-SL-09-016-03-image-search,Q-SL-09-016-03,SL-09-016,image_search,4,pending,baseline
R-Q-SL-09-016-04-local-folder,Q-SL-09-016-04,SL-09-016,local_folder,1,pending,local_source_enabled
R-Q-SL-09-016-04-wikimedia,Q-SL-09-016-04,SL-09-016,wikimedia,2,pending,historical_query
R-Q-SL-09-016-04-general-web,Q-SL-09-016-04,SL-09-016,general_web,3,pending,baseline
R-Q-SL-09-016-04-image-search,Q-SL-09-016-04,SL-09-016,image_search,4,pending,baseline
R-Q-SL-09-016-05-local-folder,Q-SL-09-016-05,SL-09-016,local_folder,1,pending,local_source_enabled
R-Q-SL-09-016-05-general-web,Q-SL-09-016-05,SL-09-016,general_web,3,pending,baseline
R-Q-SL-09-016-05-image-search,Q-SL-09-016-05,SL-09-016,image_search,4,pending,baseline
R-Q-SL-09-017-01-local-folder,Q-SL-09-017-01,SL-09-017,local_folder,1,pending,local_source_enabled
R-Q-SL-09-017-01-general-web,Q-SL-09-017-01,SL-09-017,general_web,3,pending,baseline
R-Q-SL-09-017-01-image-search,Q-SL-09-017-01,SL-09-017,image_search,4,pending,baseline
R-Q-SL-09-017-02-local-folder,Q-SL-09-017-02,SL-09-017,local_folder,1,pending,local_source_enabled
R-Q-SL-09-017-02-general-web,Q-SL-09-017-02,SL-09-017,general_web,3,pending,baseline
R-Q-SL-09-017-02-image-search,Q-SL-09-017-02,SL-09-017,image_search,4,pending,baseline
R-Q-SL-09-017-03-local-folder,Q-SL-09-017-03,SL-09-017,local_folder,1,pending,local_source_enabled
R-Q-SL-09-017-03-general-web,Q-SL-09-017-03,SL-09-017,general_web,3,pending,baseline
R-Q-SL-09-017-03-image-search,Q-SL-09-017-03,SL-09-017,image_search,4,pending,baseline
R-Q-SL-09-017-04-local-folder,Q-SL-09-017-04,SL-09-017,local_folder,1,pending,local_source_enabled
R-Q-SL-09-017-04-wikimedia,Q-SL-09-017-04,SL-09-017,wikimedia,2,pending,historical_query
R-Q-SL-09-017-04-general-web,Q-SL-09-017-04,SL-09-017,general_web,3,pending,baseline
R-Q-SL-09-017-04-image-search,Q-SL-09-017-04,SL-09-017,image_search,4,pending,baseline
R-Q-SL-09-017-05-local-folder,Q-SL-09-017-05,SL-09-017,local_folder,1,pending,local_source_enabled
R-Q-SL-09-017-05-wikimedia,Q-SL-09-017-05,SL-09-017,wikimedia,2,pending,historical_query
R-Q-SL-09-017-05-general-web,Q-SL-09-017-05,SL-09-017,general_web,3,pending,baseline
R-Q-SL-09-017-05-image-search,Q-SL-09-017-05,SL-09-017,image_search,4,pending,baseline
R-Q-SL-09-018-01-local-folder,Q-SL-09-018-01,SL-09-018,local_folder,1,pending,local_source_enabled
R-Q-SL-09-018-01-wikimedia,Q-SL-09-018-01,SL-09-018,wikimedia,2,pending,historical_query
R-Q-SL-09-018-01-general-web,Q-SL-09-018-01,SL-09-018,general_web,3,pending,baseline
R-Q-SL-09-018-01-image-search,Q-SL-09-018-01,SL-09-018,image_search,4,pending,baseline
R-Q-SL-09-018-02-local-folder,Q-SL-09-018-02,SL-09-018,local_folder,1,pending,local_source_enabled
R-Q-SL-09-018-02-wikimedia,Q-SL-09-018-02,SL-09-018,wikimedia,2,pending,historical_query
R-Q-SL-09-018-02-general-web,Q-SL-09-018-02,SL-09-018,general_web,3,pending,baseline
R-Q-SL-09-018-02-image-search,Q-SL-09-018-02,SL-09-018,image_search,4,pending,baseline
R-Q-SL-09-018-03-local-folder,Q-SL-09-018-03,SL-09-018,local_folder,1,pending,local_source_enabled
R-Q-SL-09-018-03-wikimedia,Q-SL-09-018-03,SL-09-018,wikimedia,2,pending,historical_query
R-Q-SL-09-018-03-general-web,Q-SL-09-018-03,SL-09-018,general_web,3,pending,baseline
R-Q-SL-09-018-03-image-search,Q-SL-09-018-03,SL-09-018,image_search,4,pending,baseline
R-Q-SL-09-018-04-local-folder,Q-SL-09-018-04,SL-09-018,local_folder,1,pending,local_source_enabled
R-Q-SL-09-018-04-wikimedia,Q-SL-09-018-04,SL-09-018,wikimedia,2,pending,historical_query
R-Q-SL-09-018-04-general-web,Q-SL-09-018-04,SL-09-018,general_web,3,pending,baseline
R-Q-SL-09-018-04-image-search,Q-SL-09-018-04,SL-09-018,image_search,4,pending,baseline
R-Q-SL-09-018-05-local-folder,Q-SL-09-018-05,SL-09-018,local_folder,1,pending,local_source_enabled
R-Q-SL-09-018-05-wikimedia,Q-SL-09-018-05,SL-09-018,wikimedia,2,pending,historical_query
R-Q-SL-09-018-05-general-web,Q-SL-09-018-05,SL-09-018,general_web,3,pending,baseline
R-Q-SL-09-018-05-image-search,Q-SL-09-018-05,SL-09-018,image_search,4,pending,baseline
R-Q-SL-09-019-01-local-folder,Q-SL-09-019-01,SL-09-019,local_folder,1,pending,local_source_enabled
R-Q-SL-09-019-01-general-web,Q-SL-09-019-01,SL-09-019,general_web,3,pending,baseline
R-Q-SL-09-019-01-image-search,Q-SL-09-019-01,SL-09-019,image_search,4,pending,baseline
R-Q-SL-09-019-02-local-folder,Q-SL-09-019-02,SL-09-019,local_folder,1,pending,local_source_enabled
R-Q-SL-09-019-02-general-web,Q-SL-09-019-02,SL-09-019,general_web,3,pending,baseline
R-Q-SL-09-019-02-image-search,Q-SL-09-019-02,SL-09-019,image_search,4,pending,baseline
R-Q-SL-09-019-03-local-folder,Q-SL-09-019-03,SL-09-019,local_folder,1,pending,local_source_enabled
R-Q-SL-09-019-03-general-web,Q-SL-09-019-03,SL-09-019,general_web,3,pending,baseline
R-Q-SL-09-019-03-image-search,Q-SL-09-019-03,SL-09-019,image_search,4,pending,baseline
R-Q-SL-09-019-04-local-folder,Q-SL-09-019-04,SL-09-019,local_folder,1,pending,local_source_enabled
R-Q-SL-09-019-04-wikimedia,Q-SL-09-019-04,SL-09-019,wikimedia,2,pending,historical_query
R-Q-SL-09-019-04-general-web,Q-SL-09-019-04,SL-09-019,general_web,3,pending,baseline
R-Q-SL-09-019-04-image-search,Q-SL-09-019-04,SL-09-019,image_search,4,pending,baseline
R-Q-SL-09-019-05-local-folder,Q-SL-09-019-05,SL-09-019,local_folder,1,pending,local_source_enabled
R-Q-SL-09-019-05-general-web,Q-SL-09-019-05,SL-09-019,general_web,3,pending,baseline
R-Q-SL-09-019-05-image-search,Q-SL-09-019-05,SL-09-019,image_search,4,pending,baseline
R-Q-SL-09-020-01-local-folder,Q-SL-09-020-01,SL-09-020,local_folder,1,pending,local_source_enabled
R-Q-SL-09-020-01-general-web,Q-SL-09-020-01,SL-09-020,general_web,3,pending,baseline
R-Q-SL-09-020-01-image-search,Q-SL-09-020-01,SL-09-020,image_search,4,pending,baseline
R-Q-SL-09-020-02-local-folder,Q-SL-09-020-02,SL-09-020,local_folder,1,pending,local_source_enabled
R-Q-SL-09-020-02-general-web,Q-SL-09-020-02,SL-09-020,general_web,3,pending,baseline
R-Q-SL-09-020-02-image-search,Q-SL-09-020-02,SL-09-020,image_search,4,pending,baseline
R-Q-SL-09-020-03-local-folder,Q-SL-09-020-03,SL-09-020,local_folder,1,pending,local_source_enabled
R-Q-SL-09-020-03-general-web,Q-SL-09-020-03,SL-09-020,general_web,3,pending,baseline
R-Q-SL-09-020-03-image-search,Q-SL-09-020-03,SL-09-020,image_search,4,pending,baseline
R-Q-SL-09-020-04-local-folder,Q-SL-09-020-04,SL-09-020,local_folder,1,pending,local_source_enabled
R-Q-SL-09-020-04-general-web,Q-SL-09-020-04,SL-09-020,general_web,3,pending,baseline
R-Q-SL-09-020-04-image-search,Q-SL-09-020-04,SL-09-020,image_search,4,pending,baseline
R-Q-SL-09-020-05-local-folder,Q-SL-09-020-05,SL-09-020,local_folder,1,pending,local_source_enabled
R-Q-SL-09-020-05-wikimedia,Q-SL-09-020-05,SL-09-020,wikimedia,2,pending,historical_query
R-Q-SL-09-020-05-general-web,Q-SL-09-020-05,SL-09-020,general_web,3,pending,baseline
R-Q-SL-09-020-05-image-search,Q-SL-09-020-05,SL-09-020,image_search,4,pending,baseline
R-Q-SL-09-021-01-local-folder,Q-SL-09-021-01,SL-09-021,local_folder,1,pending,local_source_enabled
R-Q-SL-09-021-01-wikimedia,Q-SL-09-021-01,SL-09-021,wikimedia,2,pending,historical_query
R-Q-SL-09-021-01-general-web,Q-SL-09-021-01,SL-09-021,general_web,3,pending,baseline
R-Q-SL-09-021-01-image-search,Q-SL-09-021-01,SL-09-021,image_search,4,pending,baseline
R-Q-SL-09-021-02-local-folder,Q-SL-09-021-02,SL-09-021,local_folder,1,pending,local_source_enabled
R-Q-SL-09-021-02-wikimedia,Q-SL-09-021-02,SL-09-021,wikimedia,2,pending,historical_query
R-Q-SL-09-021-02-general-web,Q-SL-09-021-02,SL-09-021,general_web,3,pending,baseline
R-Q-SL-09-021-02-image-search,Q-SL-09-021-02,SL-09-021,image_search,4,pending,baseline
R-Q-SL-09-021-03-local-folder,Q-SL-09-021-03,SL-09-021,local_folder,1,pending,local_source_enabled
R-Q-SL-09-021-03-wikimedia,Q-SL-09-021-03,SL-09-021,wikimedia,2,pending,historical_query
R-Q-SL-09-021-03-general-web,Q-SL-09-021-03,SL-09-021,general_web,3,pending,baseline
R-Q-SL-09-021-03-image-search,Q-SL-09-021-03,SL-09-021,image_search,4,pending,baseline
R-Q-SL-09-021-04-local-folder,Q-SL-09-021-04,SL-09-021,local_folder,1,pending,local_source_enabled
R-Q-SL-09-021-04-wikimedia,Q-SL-09-021-04,SL-09-021,wikimedia,2,pending,historical_query
R-Q-SL-09-021-04-general-web,Q-SL-09-021-04,SL-09-021,general_web,3,pending,baseline
R-Q-SL-09-021-04-image-search,Q-SL-09-021-04,SL-09-021,image_search,4,pending,baseline
R-Q-SL-09-021-05-local-folder,Q-SL-09-021-05,SL-09-021,local_folder,1,pending,local_source_enabled
R-Q-SL-09-021-05-wikimedia,Q-SL-09-021-05,SL-09-021,wikimedia,2,pending,historical_query
R-Q-SL-09-021-05-general-web,Q-SL-09-021-05,SL-09-021,general_web,3,pending,baseline
R-Q-SL-09-021-05-image-search,Q-SL-09-021-05,SL-09-021,image_search,4,pending,baseline
R-Q-SL-09-022-01-local-folder,Q-SL-09-022-01,SL-09-022,local_folder,1,pending,local_source_enabled
R-Q-SL-09-022-01-general-web,Q-SL-09-022-01,SL-09-022,general_web,3,pending,baseline
R-Q-SL-09-022-01-image-search,Q-SL-09-022-01,SL-09-022,image_search,4,pending,baseline
R-Q-SL-09-022-02-local-folder,Q-SL-09-022-02,SL-09-022,local_folder,1,pending,local_source_enabled
R-Q-SL-09-022-02-general-web,Q-SL-09-022-02,SL-09-022,general_web,3,pending,baseline
R-Q-SL-09-022-02-image-search,Q-SL-09-022-02,SL-09-022,image_search,4,pending,baseline
R-Q-SL-09-022-03-local-folder,Q-SL-09-022-03,SL-09-022,local_folder,1,pending,local_source_enabled
R-Q-SL-09-022-03-general-web,Q-SL-09-022-03,SL-09-022,general_web,3,pending,baseline
R-Q-SL-09-022-03-image-search,Q-SL-09-022-03,SL-09-022,image_search,4,pending,baseline
R-Q-SL-09-022-04-local-folder,Q-SL-09-022-04,SL-09-022,local_folder,1,pending,local_source_enabled
R-Q-SL-09-022-04-wikimedia,Q-SL-09-022-04,SL-09-022,wikimedia,2,pending,historical_query
R-Q-SL-09-022-04-general-web,Q-SL-09-022-04,SL-09-022,general_web,3,pending,baseline
R-Q-SL-09-022-04-image-search,Q-SL-09-022-04,SL-09-022,image_search,4,pending,baseline
R-Q-SL-09-022-05-local-folder,Q-SL-09-022-05,SL-09-022,local_folder,1,pending,local_source_enabled
R-Q-SL-09-022-05-general-web,Q-SL-09-022-05,SL-09-022,general_web,3,pending,baseline
R-Q-SL-09-022-05-image-search,Q-SL-09-022-05,SL-09-022,image_search,4,pending,baseline
R-Q-SL-09-023-01-local-folder,Q-SL-09-023-01,SL-09-023,local_folder,1,pending,local_source_enabled
R-Q-SL-09-023-01-general-web,Q-SL-09-023-01,SL-09-023,general_web,3,pending,baseline
R-Q-SL-09-023-01-image-search,Q-SL-09-023-01,SL-09-023,image_search,4,pending,baseline
R-Q-SL-09-023-02-local-folder,Q-SL-09-023-02,SL-09-023,local_folder,1,pending,local_source_enabled
R-Q-SL-09-023-02-general-web,Q-SL-09-023-02,SL-09-023,general_web,3,pending,baseline
R-Q-SL-09-023-02-image-search,Q-SL-09-023-02,SL-09-023,image_search,4,pending,baseline
R-Q-SL-09-023-03-local-folder,Q-SL-09-023-03,SL-09-023,local_folder,1,pending,local_source_enabled
R-Q-SL-09-023-03-general-web,Q-SL-09-023-03,SL-09-023,general_web,3,pending,baseline
R-Q-SL-09-023-03-image-search,Q-SL-09-023-03,SL-09-023,image_search,4,pending,baseline
R-Q-SL-09-023-04-local-folder,Q-SL-09-023-04,SL-09-023,local_folder,1,pending,local_source_enabled
R-Q-SL-09-023-04-general-web,Q-SL-09-023-04,SL-09-023,general_web,3,pending,baseline
R-Q-SL-09-023-04-image-search,Q-SL-09-023-04,SL-09-023,image_search,4,pending,baseline
R-Q-SL-09-023-05-local-folder,Q-SL-09-023-05,SL-09-023,local_folder,1,pending,local_source_enabled
R-Q-SL-09-023-05-wikimedia,Q-SL-09-023-05,SL-09-023,wikimedia,2,pending,historical_query
R-Q-SL-09-023-05-general-web,Q-SL-09-023-05,SL-09-023,general_web,3,pending,baseline
R-Q-SL-09-023-05-image-search,Q-SL-09-023-05,SL-09-023,image_search,4,pending,baseline
R-Q-SL-09-024-01-local-folder,Q-SL-09-024-01,SL-09-024,local_folder,1,pending,local_source_enabled
R-Q-SL-09-024-01-wikimedia,Q-SL-09-024-01,SL-09-024,wikimedia,2,pending,historical_query
R-Q-SL-09-024-01-general-web,Q-SL-09-024-01,SL-09-024,general_web,3,pending,baseline
R-Q-SL-09-024-01-image-search,Q-SL-09-024-01,SL-09-024,image_search,4,pending,baseline
R-Q-SL-09-024-02-local-folder,Q-SL-09-024-02,SL-09-024,local_folder,1,pending,local_source_enabled
R-Q-SL-09-024-02-wikimedia,Q-SL-09-024-02,SL-09-024,wikimedia,2,pending,historical_query
R-Q-SL-09-024-02-general-web,Q-SL-09-024-02,SL-09-024,general_web,3,pending,baseline
R-Q-SL-09-024-02-image-search,Q-SL-09-024-02,SL-09-024,image_search,4,pending,baseline
R-Q-SL-09-024-03-local-folder,Q-SL-09-024-03,SL-09-024,local_folder,1,pending,local_source_enabled
R-Q-SL-09-024-03-wikimedia,Q-SL-09-024-03,SL-09-024,wikimedia,2,pending,historical_query
R-Q-SL-09-024-03-general-web,Q-SL-09-024-03,SL-09-024,general_web,3,pending,baseline
R-Q-SL-09-024-03-image-search,Q-SL-09-024-03,SL-09-024,image_search,4,pending,baseline
R-Q-SL-09-024-04-local-folder,Q-SL-09-024-04,SL-09-024,local_folder,1,pending,local_source_enabled
R-Q-SL-09-024-04-wikimedia,Q-SL-09-024-04,SL-09-024,wikimedia,2,pending,historical_query
R-Q-SL-09-024-04-general-web,Q-SL-09-024-04,SL-09-024,general_web,3,pending,baseline
R-Q-SL-09-024-04-image-search,Q-SL-09-024-04,SL-09-024,image_search,4,pending,baseline
R-Q-SL-09-024-05-local-folder,Q-SL-09-024-05,SL-09-024,local_folder,1,pending,local_source_enabled
R-Q-SL-09-024-05-wikimedia,Q-SL-09-024-05,SL-09-024,wikimedia,2,pending,historical_query
R-Q-SL-09-024-05-general-web,Q-SL-09-024-05,SL-09-024,general_web,3,pending,baseline
R-Q-SL-09-024-05-image-search,Q-SL-09-024-05,SL-09-024,image_search,4,pending,baseline
R-Q-SL-09-025-01-local-folder,Q-SL-09-025-01,SL-09-025,local_folder,1,pending,local_source_enabled
R-Q-SL-09-025-01-general-web,Q-SL-09-025-01,SL-09-025,general_web,3,pending,baseline
R-Q-SL-09-025-01-image-search,Q-SL-09-025-01,SL-09-025,image_search,4,pending,baseline
R-Q-SL-09-025-02-local-folder,Q-SL-09-025-02,SL-09-025,local_folder,1,pending,local_source_enabled
R-Q-SL-09-025-02-general-web,Q-SL-09-025-02,SL-09-025,general_web,3,pending,baseline
R-Q-SL-09-025-02-image-search,Q-SL-09-025-02,SL-09-025,image_search,4,pending,baseline
R-Q-SL-09-025-03-local-folder,Q-SL-09-025-03,SL-09-025,local_folder,1,pending,local_source_enabled
R-Q-SL-09-025-03-general-web,Q-SL-09-025-03,SL-09-025,general_web,3,pending,baseline
R-Q-SL-09-025-03-image-search,Q-SL-09-025-03,SL-09-025,image_search,4,pending,baseline
R-Q-SL-09-025-04-local-folder,Q-SL-09-025-04,SL-09-025,local_folder,1,pending,local_source_enabled
R-Q-SL-09-025-04-wikimedia,Q-SL-09-025-04,SL-09-025,wikimedia,2,pending,historical_query
R-Q-SL-09-025-04-general-web,Q-SL-09-025-04,SL-09-025,general_web,3,pending,baseline
R-Q-SL-09-025-04-image-search,Q-SL-09-025-04,SL-09-025,image_search,4,pending,baseline
R-Q-SL-09-025-05-local-folder,Q-SL-09-025-05,SL-09-025,local_folder,1,pending,local_source_enabled
R-Q-SL-09-025-05-general-web,Q-SL-09-025-05,SL-09-025,general_web,3,pending,baseline
R-Q-SL-09-025-05-image-search,Q-SL-09-025-05,SL-09-025,image_search,4,pending,baseline
R-Q-SL-09-026-01-local-folder,Q-SL-09-026-01,SL-09-026,local_folder,1,pending,local_source_enabled
R-Q-SL-09-026-01-wikimedia,Q-SL-09-026-01,SL-09-026,wikimedia,2,pending,historical_query
R-Q-SL-09-026-01-general-web,Q-SL-09-026-01,SL-09-026,general_web,3,pending,baseline
R-Q-SL-09-026-01-image-search,Q-SL-09-026-01,SL-09-026,image_search,4,pending,baseline
R-Q-SL-09-026-02-local-folder,Q-SL-09-026-02,SL-09-026,local_folder,1,pending,local_source_enabled
R-Q-SL-09-026-02-wikimedia,Q-SL-09-026-02,SL-09-026,wikimedia,2,pending,historical_query
R-Q-SL-09-026-02-general-web,Q-SL-09-026-02,SL-09-026,general_web,3,pending,baseline
R-Q-SL-09-026-02-image-search,Q-SL-09-026-02,SL-09-026,image_search,4,pending,baseline
R-Q-SL-09-026-03-local-folder,Q-SL-09-026-03,SL-09-026,local_folder,1,pending,local_source_enabled
R-Q-SL-09-026-03-wikimedia,Q-SL-09-026-03,SL-09-026,wikimedia,2,pending,historical_query
R-Q-SL-09-026-03-general-web,Q-SL-09-026-03,SL-09-026,general_web,3,pending,baseline
R-Q-SL-09-026-03-image-search,Q-SL-09-026-03,SL-09-026,image_search,4,pending,baseline
R-Q-SL-09-026-04-local-folder,Q-SL-09-026-04,SL-09-026,local_folder,1,pending,local_source_enabled
R-Q-SL-09-026-04-wikimedia,Q-SL-09-026-04,SL-09-026,wikimedia,2,pending,historical_query
R-Q-SL-09-026-04-general-web,Q-SL-09-026-04,SL-09-026,general_web,3,pending,baseline
R-Q-SL-09-026-04-image-search,Q-SL-09-026-04,SL-09-026,image_search,4,pending,baseline
R-Q-SL-09-026-05-local-folder,Q-SL-09-026-05,SL-09-026,local_folder,1,pending,local_source_enabled
R-Q-SL-09-026-05-wikimedia,Q-SL-09-026-05,SL-09-026,wikimedia,2,pending,historical_query
R-Q-SL-09-026-05-general-web,Q-SL-09-026-05,SL-09-026,general_web,3,pending,baseline
R-Q-SL-09-026-05-image-search,Q-SL-09-026-05,SL-09-026,image_search,4,pending,baseline
R-Q-SL-09-027-01-local-folder,Q-SL-09-027-01,SL-09-027,local_folder,1,pending,local_source_enabled
R-Q-SL-09-027-01-general-web,Q-SL-09-027-01,SL-09-027,general_web,3,pending,baseline
R-Q-SL-09-027-01-image-search,Q-SL-09-027-01,SL-09-027,image_search,4,pending,baseline
R-Q-SL-09-027-02-local-folder,Q-SL-09-027-02,SL-09-027,local_folder,1,pending,local_source_enabled
R-Q-SL-09-027-02-general-web,Q-SL-09-027-02,SL-09-027,general_web,3,pending,baseline
R-Q-SL-09-027-02-image-search,Q-SL-09-027-02,SL-09-027,image_search,4,pending,baseline
R-Q-SL-09-027-03-local-folder,Q-SL-09-027-03,SL-09-027,local_folder,1,pending,local_source_enabled
R-Q-SL-09-027-03-general-web,Q-SL-09-027-03,SL-09-027,general_web,3,pending,baseline
R-Q-SL-09-027-03-image-search,Q-SL-09-027-03,SL-09-027,image_search,4,pending,baseline
R-Q-SL-09-027-04-local-folder,Q-SL-09-027-04,SL-09-027,local_folder,1,pending,local_source_enabled
R-Q-SL-09-027-04-general-web,Q-SL-09-027-04,SL-09-027,general_web,3,pending,baseline
R-Q-SL-09-027-04-image-search,Q-SL-09-027-04,SL-09-027,image_search,4,pending,baseline
R-Q-SL-09-027-05-local-folder,Q-SL-09-027-05,SL-09-027,local_folder,1,pending,local_source_enabled
R-Q-SL-09-027-05-general-web,Q-SL-09-027-05,SL-09-027,general_web,3,pending,baseline
R-Q-SL-09-027-05-image-search,Q-SL-09-027-05,SL-09-027,image_search,4,pending,baseline
R-Q-SL-09-028-01-local-folder,Q-SL-09-028-01,SL-09-028,local_folder,1,pending,local_source_enabled
R-Q-SL-09-028-01-general-web,Q-SL-09-028-01,SL-09-028,general_web,3,pending,baseline
R-Q-SL-09-028-01-image-search,Q-SL-09-028-01,SL-09-028,image_search,4,pending,baseline
R-Q-SL-09-028-02-local-folder,Q-SL-09-028-02,SL-09-028,local_folder,1,pending,local_source_enabled
R-Q-SL-09-028-02-general-web,Q-SL-09-028-02,SL-09-028,general_web,3,pending,baseline
R-Q-SL-09-028-02-image-search,Q-SL-09-028-02,SL-09-028,image_search,4,pending,baseline
R-Q-SL-09-028-03-local-folder,Q-SL-09-028-03,SL-09-028,local_folder,1,pending,local_source_enabled
R-Q-SL-09-028-03-general-web,Q-SL-09-028-03,SL-09-028,general_web,3,pending,baseline
R-Q-SL-09-028-03-image-search,Q-SL-09-028-03,SL-09-028,image_search,4,pending,baseline
R-Q-SL-09-028-04-local-folder,Q-SL-09-028-04,SL-09-028,local_folder,1,pending,local_source_enabled
R-Q-SL-09-028-04-general-web,Q-SL-09-028-04,SL-09-028,general_web,3,pending,baseline
R-Q-SL-09-028-04-image-search,Q-SL-09-028-04,SL-09-028,image_search,4,pending,baseline
R-Q-SL-09-028-05-local-folder,Q-SL-09-028-05,SL-09-028,local_folder,1,pending,local_source_enabled
R-Q-SL-09-028-05-general-web,Q-SL-09-028-05,SL-09-028,general_web,3,pending,baseline
R-Q-SL-09-028-05-image-search,Q-SL-09-028-05,SL-09-028,image_search,4,pending,baseline
R-Q-SL-09-029-01-local-folder,Q-SL-09-029-01,SL-09-029,local_folder,1,pending,local_source_enabled
R-Q-SL-09-029-01-general-web,Q-SL-09-029-01,SL-09-029,general_web,3,pending,baseline
R-Q-SL-09-029-01-image-search,Q-SL-09-029-01,SL-09-029,image_search,4,pending,baseline
R-Q-SL-09-029-02-local-folder,Q-SL-09-029-02,SL-09-029,local_folder,1,pending,local_source_enabled
R-Q-SL-09-029-02-general-web,Q-SL-09-029-02,SL-09-029,general_web,3,pending,baseline
R-Q-SL-09-029-02-image-search,Q-SL-09-029-02,SL-09-029,image_search,4,pending,baseline
R-Q-SL-09-029-03-local-folder,Q-SL-09-029-03,SL-09-029,local_folder,1,pending,local_source_enabled
R-Q-SL-09-029-03-general-web,Q-SL-09-029-03,SL-09-029,general_web,3,pending,baseline
R-Q-SL-09-029-03-image-search,Q-SL-09-029-03,SL-09-029,image_search,4,pending,baseline
R-Q-SL-09-029-04-local-folder,Q-SL-09-029-04,SL-09-029,local_folder,1,pending,local_source_enabled
R-Q-SL-09-029-04-general-web,Q-SL-09-029-04,SL-09-029,general_web,3,pending,baseline
R-Q-SL-09-029-04-image-search,Q-SL-09-029-04,SL-09-029,image_search,4,pending,baseline
R-Q-SL-09-029-05-local-folder,Q-SL-09-029-05,SL-09-029,local_folder,1,pending,local_source_enabled
R-Q-SL-09-029-05-general-web,Q-SL-09-029-05,SL-09-029,general_web,3,pending,baseline
R-Q-SL-09-029-05-image-search,Q-SL-09-029-05,SL-09-029,image_search,4,pending,baseline
R-Q-SL-09-030-01-local-folder,Q-SL-09-030-01,SL-09-030,local_folder,1,pending,local_source_enabled
R-Q-SL-09-030-01-general-web,Q-SL-09-030-01,SL-09-030,general_web,3,pending,baseline
R-Q-SL-09-030-01-image-search,Q-SL-09-030-01,SL-09-030,image_search,4,pending,baseline
R-Q-SL-09-030-02-local-folder,Q-SL-09-030-02,SL-09-030,local_folder,1,pending,local_source_enabled
R-Q-SL-09-030-02-general-web,Q-SL-09-030-02,SL-09-030,general_web,3,pending,baseline
R-Q-SL-09-030-02-image-search,Q-SL-09-030-02,SL-09-030,image_search,4,pending,baseline
R-Q-SL-09-030-03-local-folder,Q-SL-09-030-03,SL-09-030,local_folder,1,pending,local_source_enabled
R-Q-SL-09-030-03-general-web,Q-SL-09-030-03,SL-09-030,general_web,3,pending,baseline
R-Q-SL-09-030-03-image-search,Q-SL-09-030-03,SL-09-030,image_search,4,pending,baseline
R-Q-SL-09-030-04-local-folder,Q-SL-09-030-04,SL-09-030,local_folder,1,pending,local_source_enabled
R-Q-SL-09-030-04-general-web,Q-SL-09-030-04,SL-09-030,general_web,3,pending,baseline
R-Q-SL-09-030-04-image-search,Q-SL-09-030-04,SL-09-030,image_search,4,pending,baseline
R-Q-SL-09-030-05-local-folder,Q-SL-09-030-05,SL-09-030,local_folder,1,pending,local_source_enabled
R-Q-SL-09-030-05-general-web,Q-SL-09-030-05,SL-09-030,general_web,3,pending,baseline
R-Q-SL-09-030-05-image-search,Q-SL-09-030-05,SL-09-030,image_search,4,pending,baseline
R-Q-SL-10-001-01-local-folder,Q-SL-10-001-01,SL-10-001,local_folder,1,pending,local_source_enabled
R-Q-SL-10-001-01-general-web,Q-SL-10-001-01,SL-10-001,general_web,3,pending,baseline
R-Q-SL-10-001-01-image-search,Q-SL-10-001-01,SL-10-001,image_search,4,pending,baseline
R-Q-SL-10-001-02-local-folder,Q-SL-10-001-02,SL-10-001,local_folder,1,pending,local_source_enabled
R-Q-SL-10-001-02-general-web,Q-SL-10-001-02,SL-10-001,general_web,3,pending,baseline
R-Q-SL-10-001-02-image-search,Q-SL-10-001-02,SL-10-001,image_search,4,pending,baseline
R-Q-SL-10-001-03-local-folder,Q-SL-10-001-03,SL-10-001,local_folder,1,pending,local_source_enabled
R-Q-SL-10-001-03-general-web,Q-SL-10-001-03,SL-10-001,general_web,3,pending,baseline
R-Q-SL-10-001-03-image-search,Q-SL-10-001-03,SL-10-001,image_search,4,pending,baseline
R-Q-SL-10-001-04-local-folder,Q-SL-10-001-04,SL-10-001,local_folder,1,pending,local_source_enabled
R-Q-SL-10-001-04-general-web,Q-SL-10-001-04,SL-10-001,general_web,3,pending,baseline
R-Q-SL-10-001-04-image-search,Q-SL-10-001-04,SL-10-001,image_search,4,pending,baseline
R-Q-SL-10-001-05-local-folder,Q-SL-10-001-05,SL-10-001,local_folder,1,pending,local_source_enabled
R-Q-SL-10-001-05-general-web,Q-SL-10-001-05,SL-10-001,general_web,3,pending,baseline
R-Q-SL-10-001-05-image-search,Q-SL-10-001-05,SL-10-001,image_search,4,pending,baseline
R-Q-SL-10-002-01-local-folder,Q-SL-10-002-01,SL-10-002,local_folder,1,pending,local_source_enabled
R-Q-SL-10-002-01-general-web,Q-SL-10-002-01,SL-10-002,general_web,3,pending,baseline
R-Q-SL-10-002-01-image-search,Q-SL-10-002-01,SL-10-002,image_search,4,pending,baseline
R-Q-SL-10-002-02-local-folder,Q-SL-10-002-02,SL-10-002,local_folder,1,pending,local_source_enabled
R-Q-SL-10-002-02-general-web,Q-SL-10-002-02,SL-10-002,general_web,3,pending,baseline
R-Q-SL-10-002-02-image-search,Q-SL-10-002-02,SL-10-002,image_search,4,pending,baseline
R-Q-SL-10-002-03-local-folder,Q-SL-10-002-03,SL-10-002,local_folder,1,pending,local_source_enabled
R-Q-SL-10-002-03-general-web,Q-SL-10-002-03,SL-10-002,general_web,3,pending,baseline
R-Q-SL-10-002-03-image-search,Q-SL-10-002-03,SL-10-002,image_search,4,pending,baseline
R-Q-SL-10-002-04-local-folder,Q-SL-10-002-04,SL-10-002,local_folder,1,pending,local_source_enabled
R-Q-SL-10-002-04-general-web,Q-SL-10-002-04,SL-10-002,general_web,3,pending,baseline
R-Q-SL-10-002-04-image-search,Q-SL-10-002-04,SL-10-002,image_search,4,pending,baseline
R-Q-SL-10-002-05-local-folder,Q-SL-10-002-05,SL-10-002,local_folder,1,pending,local_source_enabled
R-Q-SL-10-002-05-general-web,Q-SL-10-002-05,SL-10-002,general_web,3,pending,baseline
R-Q-SL-10-002-05-image-search,Q-SL-10-002-05,SL-10-002,image_search,4,pending,baseline
R-Q-SL-10-003-01-local-folder,Q-SL-10-003-01,SL-10-003,local_folder,1,pending,local_source_enabled
R-Q-SL-10-003-01-general-web,Q-SL-10-003-01,SL-10-003,general_web,3,pending,baseline
R-Q-SL-10-003-01-image-search,Q-SL-10-003-01,SL-10-003,image_search,4,pending,baseline
R-Q-SL-10-003-02-local-folder,Q-SL-10-003-02,SL-10-003,local_folder,1,pending,local_source_enabled
R-Q-SL-10-003-02-general-web,Q-SL-10-003-02,SL-10-003,general_web,3,pending,baseline
R-Q-SL-10-003-02-image-search,Q-SL-10-003-02,SL-10-003,image_search,4,pending,baseline
R-Q-SL-10-003-03-local-folder,Q-SL-10-003-03,SL-10-003,local_folder,1,pending,local_source_enabled
R-Q-SL-10-003-03-general-web,Q-SL-10-003-03,SL-10-003,general_web,3,pending,baseline
R-Q-SL-10-003-03-image-search,Q-SL-10-003-03,SL-10-003,image_search,4,pending,baseline
R-Q-SL-10-003-04-local-folder,Q-SL-10-003-04,SL-10-003,local_folder,1,pending,local_source_enabled
R-Q-SL-10-003-04-wikimedia,Q-SL-10-003-04,SL-10-003,wikimedia,2,pending,historical_query
R-Q-SL-10-003-04-general-web,Q-SL-10-003-04,SL-10-003,general_web,3,pending,baseline
R-Q-SL-10-003-04-image-search,Q-SL-10-003-04,SL-10-003,image_search,4,pending,baseline
R-Q-SL-10-003-05-local-folder,Q-SL-10-003-05,SL-10-003,local_folder,1,pending,local_source_enabled
R-Q-SL-10-003-05-wikimedia,Q-SL-10-003-05,SL-10-003,wikimedia,2,pending,historical_query
R-Q-SL-10-003-05-general-web,Q-SL-10-003-05,SL-10-003,general_web,3,pending,baseline
R-Q-SL-10-003-05-image-search,Q-SL-10-003-05,SL-10-003,image_search,4,pending,baseline
R-Q-SL-10-004-01-local-folder,Q-SL-10-004-01,SL-10-004,local_folder,1,pending,local_source_enabled
R-Q-SL-10-004-01-general-web,Q-SL-10-004-01,SL-10-004,general_web,3,pending,baseline
R-Q-SL-10-004-01-image-search,Q-SL-10-004-01,SL-10-004,image_search,4,pending,baseline
R-Q-SL-10-004-02-local-folder,Q-SL-10-004-02,SL-10-004,local_folder,1,pending,local_source_enabled
R-Q-SL-10-004-02-general-web,Q-SL-10-004-02,SL-10-004,general_web,3,pending,baseline
R-Q-SL-10-004-02-image-search,Q-SL-10-004-02,SL-10-004,image_search,4,pending,baseline
R-Q-SL-10-004-03-local-folder,Q-SL-10-004-03,SL-10-004,local_folder,1,pending,local_source_enabled
R-Q-SL-10-004-03-general-web,Q-SL-10-004-03,SL-10-004,general_web,3,pending,baseline
R-Q-SL-10-004-03-image-search,Q-SL-10-004-03,SL-10-004,image_search,4,pending,baseline
R-Q-SL-10-004-04-local-folder,Q-SL-10-004-04,SL-10-004,local_folder,1,pending,local_source_enabled
R-Q-SL-10-004-04-wikimedia,Q-SL-10-004-04,SL-10-004,wikimedia,2,pending,historical_query
R-Q-SL-10-004-04-general-web,Q-SL-10-004-04,SL-10-004,general_web,3,pending,baseline
R-Q-SL-10-004-04-image-search,Q-SL-10-004-04,SL-10-004,image_search,4,pending,baseline
R-Q-SL-10-004-05-local-folder,Q-SL-10-004-05,SL-10-004,local_folder,1,pending,local_source_enabled
R-Q-SL-10-004-05-wikimedia,Q-SL-10-004-05,SL-10-004,wikimedia,2,pending,historical_query
R-Q-SL-10-004-05-general-web,Q-SL-10-004-05,SL-10-004,general_web,3,pending,baseline
R-Q-SL-10-004-05-image-search,Q-SL-10-004-05,SL-10-004,image_search,4,pending,baseline
R-Q-SL-10-005-01-local-folder,Q-SL-10-005-01,SL-10-005,local_folder,1,pending,local_source_enabled
R-Q-SL-10-005-01-general-web,Q-SL-10-005-01,SL-10-005,general_web,3,pending,baseline
R-Q-SL-10-005-01-image-search,Q-SL-10-005-01,SL-10-005,image_search,4,pending,baseline
R-Q-SL-10-005-02-local-folder,Q-SL-10-005-02,SL-10-005,local_folder,1,pending,local_source_enabled
R-Q-SL-10-005-02-general-web,Q-SL-10-005-02,SL-10-005,general_web,3,pending,baseline
R-Q-SL-10-005-02-image-search,Q-SL-10-005-02,SL-10-005,image_search,4,pending,baseline
R-Q-SL-10-005-03-local-folder,Q-SL-10-005-03,SL-10-005,local_folder,1,pending,local_source_enabled
R-Q-SL-10-005-03-general-web,Q-SL-10-005-03,SL-10-005,general_web,3,pending,baseline
R-Q-SL-10-005-03-image-search,Q-SL-10-005-03,SL-10-005,image_search,4,pending,baseline
R-Q-SL-10-005-04-local-folder,Q-SL-10-005-04,SL-10-005,local_folder,1,pending,local_source_enabled
R-Q-SL-10-005-04-wikimedia,Q-SL-10-005-04,SL-10-005,wikimedia,2,pending,historical_query
R-Q-SL-10-005-04-general-web,Q-SL-10-005-04,SL-10-005,general_web,3,pending,baseline
R-Q-SL-10-005-04-image-search,Q-SL-10-005-04,SL-10-005,image_search,4,pending,baseline
R-Q-SL-10-005-05-local-folder,Q-SL-10-005-05,SL-10-005,local_folder,1,pending,local_source_enabled
R-Q-SL-10-005-05-general-web,Q-SL-10-005-05,SL-10-005,general_web,3,pending,baseline
R-Q-SL-10-005-05-image-search,Q-SL-10-005-05,SL-10-005,image_search,4,pending,baseline
R-Q-SL-10-006-01-local-folder,Q-SL-10-006-01,SL-10-006,local_folder,1,pending,local_source_enabled
R-Q-SL-10-006-01-general-web,Q-SL-10-006-01,SL-10-006,general_web,3,pending,baseline
R-Q-SL-10-006-01-image-search,Q-SL-10-006-01,SL-10-006,image_search,4,pending,baseline
R-Q-SL-10-006-02-local-folder,Q-SL-10-006-02,SL-10-006,local_folder,1,pending,local_source_enabled
R-Q-SL-10-006-02-general-web,Q-SL-10-006-02,SL-10-006,general_web,3,pending,baseline
R-Q-SL-10-006-02-image-search,Q-SL-10-006-02,SL-10-006,image_search,4,pending,baseline
R-Q-SL-10-006-03-local-folder,Q-SL-10-006-03,SL-10-006,local_folder,1,pending,local_source_enabled
R-Q-SL-10-006-03-general-web,Q-SL-10-006-03,SL-10-006,general_web,3,pending,baseline
R-Q-SL-10-006-03-image-search,Q-SL-10-006-03,SL-10-006,image_search,4,pending,baseline
R-Q-SL-10-006-04-local-folder,Q-SL-10-006-04,SL-10-006,local_folder,1,pending,local_source_enabled
R-Q-SL-10-006-04-wikimedia,Q-SL-10-006-04,SL-10-006,wikimedia,2,pending,historical_query
R-Q-SL-10-006-04-general-web,Q-SL-10-006-04,SL-10-006,general_web,3,pending,baseline
R-Q-SL-10-006-04-image-search,Q-SL-10-006-04,SL-10-006,image_search,4,pending,baseline
R-Q-SL-10-006-05-local-folder,Q-SL-10-006-05,SL-10-006,local_folder,1,pending,local_source_enabled
R-Q-SL-10-006-05-general-web,Q-SL-10-006-05,SL-10-006,general_web,3,pending,baseline
R-Q-SL-10-006-05-image-search,Q-SL-10-006-05,SL-10-006,image_search,4,pending,baseline
R-Q-SL-10-007-01-local-folder,Q-SL-10-007-01,SL-10-007,local_folder,1,pending,local_source_enabled
R-Q-SL-10-007-01-general-web,Q-SL-10-007-01,SL-10-007,general_web,3,pending,baseline
R-Q-SL-10-007-01-image-search,Q-SL-10-007-01,SL-10-007,image_search,4,pending,baseline
R-Q-SL-10-007-02-local-folder,Q-SL-10-007-02,SL-10-007,local_folder,1,pending,local_source_enabled
R-Q-SL-10-007-02-general-web,Q-SL-10-007-02,SL-10-007,general_web,3,pending,baseline
R-Q-SL-10-007-02-image-search,Q-SL-10-007-02,SL-10-007,image_search,4,pending,baseline
R-Q-SL-10-007-03-local-folder,Q-SL-10-007-03,SL-10-007,local_folder,1,pending,local_source_enabled
R-Q-SL-10-007-03-general-web,Q-SL-10-007-03,SL-10-007,general_web,3,pending,baseline
R-Q-SL-10-007-03-image-search,Q-SL-10-007-03,SL-10-007,image_search,4,pending,baseline
R-Q-SL-10-007-04-local-folder,Q-SL-10-007-04,SL-10-007,local_folder,1,pending,local_source_enabled
R-Q-SL-10-007-04-general-web,Q-SL-10-007-04,SL-10-007,general_web,3,pending,baseline
R-Q-SL-10-007-04-image-search,Q-SL-10-007-04,SL-10-007,image_search,4,pending,baseline
R-Q-SL-10-007-05-local-folder,Q-SL-10-007-05,SL-10-007,local_folder,1,pending,local_source_enabled
R-Q-SL-10-007-05-general-web,Q-SL-10-007-05,SL-10-007,general_web,3,pending,baseline
R-Q-SL-10-007-05-image-search,Q-SL-10-007-05,SL-10-007,image_search,4,pending,baseline
R-Q-SL-10-008-01-local-folder,Q-SL-10-008-01,SL-10-008,local_folder,1,pending,local_source_enabled
R-Q-SL-10-008-01-general-web,Q-SL-10-008-01,SL-10-008,general_web,3,pending,baseline
R-Q-SL-10-008-01-image-search,Q-SL-10-008-01,SL-10-008,image_search,4,pending,baseline
R-Q-SL-10-008-02-local-folder,Q-SL-10-008-02,SL-10-008,local_folder,1,pending,local_source_enabled
R-Q-SL-10-008-02-general-web,Q-SL-10-008-02,SL-10-008,general_web,3,pending,baseline
R-Q-SL-10-008-02-image-search,Q-SL-10-008-02,SL-10-008,image_search,4,pending,baseline
R-Q-SL-10-008-03-local-folder,Q-SL-10-008-03,SL-10-008,local_folder,1,pending,local_source_enabled
R-Q-SL-10-008-03-general-web,Q-SL-10-008-03,SL-10-008,general_web,3,pending,baseline
R-Q-SL-10-008-03-image-search,Q-SL-10-008-03,SL-10-008,image_search,4,pending,baseline
R-Q-SL-10-008-04-local-folder,Q-SL-10-008-04,SL-10-008,local_folder,1,pending,local_source_enabled
R-Q-SL-10-008-04-general-web,Q-SL-10-008-04,SL-10-008,general_web,3,pending,baseline
R-Q-SL-10-008-04-image-search,Q-SL-10-008-04,SL-10-008,image_search,4,pending,baseline
R-Q-SL-10-008-05-local-folder,Q-SL-10-008-05,SL-10-008,local_folder,1,pending,local_source_enabled
R-Q-SL-10-008-05-general-web,Q-SL-10-008-05,SL-10-008,general_web,3,pending,baseline
R-Q-SL-10-008-05-image-search,Q-SL-10-008-05,SL-10-008,image_search,4,pending,baseline
R-Q-SL-10-009-01-local-folder,Q-SL-10-009-01,SL-10-009,local_folder,1,pending,local_source_enabled
R-Q-SL-10-009-01-general-web,Q-SL-10-009-01,SL-10-009,general_web,3,pending,baseline
R-Q-SL-10-009-01-image-search,Q-SL-10-009-01,SL-10-009,image_search,4,pending,baseline
R-Q-SL-10-009-02-local-folder,Q-SL-10-009-02,SL-10-009,local_folder,1,pending,local_source_enabled
R-Q-SL-10-009-02-general-web,Q-SL-10-009-02,SL-10-009,general_web,3,pending,baseline
R-Q-SL-10-009-02-image-search,Q-SL-10-009-02,SL-10-009,image_search,4,pending,baseline
R-Q-SL-10-009-03-local-folder,Q-SL-10-009-03,SL-10-009,local_folder,1,pending,local_source_enabled
R-Q-SL-10-009-03-general-web,Q-SL-10-009-03,SL-10-009,general_web,3,pending,baseline
R-Q-SL-10-009-03-image-search,Q-SL-10-009-03,SL-10-009,image_search,4,pending,baseline
R-Q-SL-10-009-04-local-folder,Q-SL-10-009-04,SL-10-009,local_folder,1,pending,local_source_enabled
R-Q-SL-10-009-04-wikimedia,Q-SL-10-009-04,SL-10-009,wikimedia,2,pending,historical_query
R-Q-SL-10-009-04-general-web,Q-SL-10-009-04,SL-10-009,general_web,3,pending,baseline
R-Q-SL-10-009-04-image-search,Q-SL-10-009-04,SL-10-009,image_search,4,pending,baseline
R-Q-SL-10-009-05-local-folder,Q-SL-10-009-05,SL-10-009,local_folder,1,pending,local_source_enabled
R-Q-SL-10-009-05-general-web,Q-SL-10-009-05,SL-10-009,general_web,3,pending,baseline
R-Q-SL-10-009-05-image-search,Q-SL-10-009-05,SL-10-009,image_search,4,pending,baseline
R-Q-SL-10-010-01-local-folder,Q-SL-10-010-01,SL-10-010,local_folder,1,pending,local_source_enabled
R-Q-SL-10-010-01-wikimedia,Q-SL-10-010-01,SL-10-010,wikimedia,2,pending,"category_rule,historical_query"
R-Q-SL-10-010-01-general-web,Q-SL-10-010-01,SL-10-010,general_web,3,pending,baseline
R-Q-SL-10-010-01-image-search,Q-SL-10-010-01,SL-10-010,image_search,4,pending,baseline
R-Q-SL-10-010-02-local-folder,Q-SL-10-010-02,SL-10-010,local_folder,1,pending,local_source_enabled
R-Q-SL-10-010-02-wikimedia,Q-SL-10-010-02,SL-10-010,wikimedia,2,pending,"category_rule,historical_query"
R-Q-SL-10-010-02-general-web,Q-SL-10-010-02,SL-10-010,general_web,3,pending,baseline
R-Q-SL-10-010-02-image-search,Q-SL-10-010-02,SL-10-010,image_search,4,pending,baseline
R-Q-SL-10-010-03-local-folder,Q-SL-10-010-03,SL-10-010,local_folder,1,pending,local_source_enabled
R-Q-SL-10-010-03-wikimedia,Q-SL-10-010-03,SL-10-010,wikimedia,2,pending,"category_rule,historical_query"
R-Q-SL-10-010-03-general-web,Q-SL-10-010-03,SL-10-010,general_web,3,pending,baseline
R-Q-SL-10-010-03-image-search,Q-SL-10-010-03,SL-10-010,image_search,4,pending,baseline
R-Q-SL-10-010-04-local-folder,Q-SL-10-010-04,SL-10-010,local_folder,1,pending,local_source_enabled
R-Q-SL-10-010-04-wikimedia,Q-SL-10-010-04,SL-10-010,wikimedia,2,pending,"category_rule,historical_query"
R-Q-SL-10-010-04-general-web,Q-SL-10-010-04,SL-10-010,general_web,3,pending,baseline
R-Q-SL-10-010-04-image-search,Q-SL-10-010-04,SL-10-010,image_search,4,pending,baseline
R-Q-SL-10-010-05-local-folder,Q-SL-10-010-05,SL-10-010,local_folder,1,pending,local_source_enabled
R-Q-SL-10-010-05-wikimedia,Q-SL-10-010-05,SL-10-010,wikimedia,2,pending,"category_rule,historical_query"
R-Q-SL-10-010-05-general-web,Q-SL-10-010-05,SL-10-010,general_web,3,pending,baseline
R-Q-SL-10-010-05-image-search,Q-SL-10-010-05,SL-10-010,image_search,4,pending,baseline
R-Q-SL-10-011-01-local-folder,Q-SL-10-011-01,SL-10-011,local_folder,1,pending,local_source_enabled
R-Q-SL-10-011-01-general-web,Q-SL-10-011-01,SL-10-011,general_web,3,pending,baseline
R-Q-SL-10-011-01-image-search,Q-SL-10-011-01,SL-10-011,image_search,4,pending,baseline
R-Q-SL-10-011-02-local-folder,Q-SL-10-011-02,SL-10-011,local_folder,1,pending,local_source_enabled
R-Q-SL-10-011-02-general-web,Q-SL-10-011-02,SL-10-011,general_web,3,pending,baseline
R-Q-SL-10-011-02-image-search,Q-SL-10-011-02,SL-10-011,image_search,4,pending,baseline
R-Q-SL-10-011-03-local-folder,Q-SL-10-011-03,SL-10-011,local_folder,1,pending,local_source_enabled
R-Q-SL-10-011-03-general-web,Q-SL-10-011-03,SL-10-011,general_web,3,pending,baseline
R-Q-SL-10-011-03-image-search,Q-SL-10-011-03,SL-10-011,image_search,4,pending,baseline
R-Q-SL-10-011-04-local-folder,Q-SL-10-011-04,SL-10-011,local_folder,1,pending,local_source_enabled
R-Q-SL-10-011-04-wikimedia,Q-SL-10-011-04,SL-10-011,wikimedia,2,pending,historical_query
R-Q-SL-10-011-04-general-web,Q-SL-10-011-04,SL-10-011,general_web,3,pending,baseline
R-Q-SL-10-011-04-image-search,Q-SL-10-011-04,SL-10-011,image_search,4,pending,baseline
R-Q-SL-10-011-05-local-folder,Q-SL-10-011-05,SL-10-011,local_folder,1,pending,local_source_enabled
R-Q-SL-10-011-05-wikimedia,Q-SL-10-011-05,SL-10-011,wikimedia,2,pending,historical_query
R-Q-SL-10-011-05-general-web,Q-SL-10-011-05,SL-10-011,general_web,3,pending,baseline
R-Q-SL-10-011-05-image-search,Q-SL-10-011-05,SL-10-011,image_search,4,pending,baseline
R-Q-SL-10-012-01-local-folder,Q-SL-10-012-01,SL-10-012,local_folder,1,pending,local_source_enabled
R-Q-SL-10-012-01-wikimedia,Q-SL-10-012-01,SL-10-012,wikimedia,2,pending,historical_query
R-Q-SL-10-012-01-general-web,Q-SL-10-012-01,SL-10-012,general_web,3,pending,baseline
R-Q-SL-10-012-01-image-search,Q-SL-10-012-01,SL-10-012,image_search,4,pending,baseline
R-Q-SL-10-012-02-local-folder,Q-SL-10-012-02,SL-10-012,local_folder,1,pending,local_source_enabled
R-Q-SL-10-012-02-wikimedia,Q-SL-10-012-02,SL-10-012,wikimedia,2,pending,historical_query
R-Q-SL-10-012-02-general-web,Q-SL-10-012-02,SL-10-012,general_web,3,pending,baseline
R-Q-SL-10-012-02-image-search,Q-SL-10-012-02,SL-10-012,image_search,4,pending,baseline
R-Q-SL-10-012-03-local-folder,Q-SL-10-012-03,SL-10-012,local_folder,1,pending,local_source_enabled
R-Q-SL-10-012-03-wikimedia,Q-SL-10-012-03,SL-10-012,wikimedia,2,pending,historical_query
R-Q-SL-10-012-03-general-web,Q-SL-10-012-03,SL-10-012,general_web,3,pending,baseline
R-Q-SL-10-012-03-image-search,Q-SL-10-012-03,SL-10-012,image_search,4,pending,baseline
R-Q-SL-10-012-04-local-folder,Q-SL-10-012-04,SL-10-012,local_folder,1,pending,local_source_enabled
R-Q-SL-10-012-04-wikimedia,Q-SL-10-012-04,SL-10-012,wikimedia,2,pending,historical_query
R-Q-SL-10-012-04-general-web,Q-SL-10-012-04,SL-10-012,general_web,3,pending,baseline
R-Q-SL-10-012-04-image-search,Q-SL-10-012-04,SL-10-012,image_search,4,pending,baseline
R-Q-SL-10-012-05-local-folder,Q-SL-10-012-05,SL-10-012,local_folder,1,pending,local_source_enabled
R-Q-SL-10-012-05-wikimedia,Q-SL-10-012-05,SL-10-012,wikimedia,2,pending,historical_query
R-Q-SL-10-012-05-general-web,Q-SL-10-012-05,SL-10-012,general_web,3,pending,baseline
R-Q-SL-10-012-05-image-search,Q-SL-10-012-05,SL-10-012,image_search,4,pending,baseline
R-Q-SL-10-013-01-local-folder,Q-SL-10-013-01,SL-10-013,local_folder,1,pending,local_source_enabled
R-Q-SL-10-013-01-general-web,Q-SL-10-013-01,SL-10-013,general_web,3,pending,baseline
R-Q-SL-10-013-01-image-search,Q-SL-10-013-01,SL-10-013,image_search,4,pending,baseline
R-Q-SL-10-013-02-local-folder,Q-SL-10-013-02,SL-10-013,local_folder,1,pending,local_source_enabled
R-Q-SL-10-013-02-general-web,Q-SL-10-013-02,SL-10-013,general_web,3,pending,baseline
R-Q-SL-10-013-02-image-search,Q-SL-10-013-02,SL-10-013,image_search,4,pending,baseline
R-Q-SL-10-013-03-local-folder,Q-SL-10-013-03,SL-10-013,local_folder,1,pending,local_source_enabled
R-Q-SL-10-013-03-general-web,Q-SL-10-013-03,SL-10-013,general_web,3,pending,baseline
R-Q-SL-10-013-03-image-search,Q-SL-10-013-03,SL-10-013,image_search,4,pending,baseline
R-Q-SL-10-013-04-local-folder,Q-SL-10-013-04,SL-10-013,local_folder,1,pending,local_source_enabled
R-Q-SL-10-013-04-wikimedia,Q-SL-10-013-04,SL-10-013,wikimedia,2,pending,historical_query
R-Q-SL-10-013-04-general-web,Q-SL-10-013-04,SL-10-013,general_web,3,pending,baseline
R-Q-SL-10-013-04-image-search,Q-SL-10-013-04,SL-10-013,image_search,4,pending,baseline
R-Q-SL-10-013-05-local-folder,Q-SL-10-013-05,SL-10-013,local_folder,1,pending,local_source_enabled
R-Q-SL-10-013-05-general-web,Q-SL-10-013-05,SL-10-013,general_web,3,pending,baseline
R-Q-SL-10-013-05-image-search,Q-SL-10-013-05,SL-10-013,image_search,4,pending,baseline
R-Q-SL-10-014-01-local-folder,Q-SL-10-014-01,SL-10-014,local_folder,1,pending,local_source_enabled
R-Q-SL-10-014-01-general-web,Q-SL-10-014-01,SL-10-014,general_web,3,pending,baseline
R-Q-SL-10-014-01-image-search,Q-SL-10-014-01,SL-10-014,image_search,4,pending,baseline
R-Q-SL-10-014-02-local-folder,Q-SL-10-014-02,SL-10-014,local_folder,1,pending,local_source_enabled
R-Q-SL-10-014-02-general-web,Q-SL-10-014-02,SL-10-014,general_web,3,pending,baseline
R-Q-SL-10-014-02-image-search,Q-SL-10-014-02,SL-10-014,image_search,4,pending,baseline
R-Q-SL-10-014-03-local-folder,Q-SL-10-014-03,SL-10-014,local_folder,1,pending,local_source_enabled
R-Q-SL-10-014-03-general-web,Q-SL-10-014-03,SL-10-014,general_web,3,pending,baseline
R-Q-SL-10-014-03-image-search,Q-SL-10-014-03,SL-10-014,image_search,4,pending,baseline
R-Q-SL-10-014-04-local-folder,Q-SL-10-014-04,SL-10-014,local_folder,1,pending,local_source_enabled
R-Q-SL-10-014-04-wikimedia,Q-SL-10-014-04,SL-10-014,wikimedia,2,pending,historical_query
R-Q-SL-10-014-04-general-web,Q-SL-10-014-04,SL-10-014,general_web,3,pending,baseline
R-Q-SL-10-014-04-image-search,Q-SL-10-014-04,SL-10-014,image_search,4,pending,baseline
R-Q-SL-10-014-05-local-folder,Q-SL-10-014-05,SL-10-014,local_folder,1,pending,local_source_enabled
R-Q-SL-10-014-05-wikimedia,Q-SL-10-014-05,SL-10-014,wikimedia,2,pending,historical_query
R-Q-SL-10-014-05-general-web,Q-SL-10-014-05,SL-10-014,general_web,3,pending,baseline
R-Q-SL-10-014-05-image-search,Q-SL-10-014-05,SL-10-014,image_search,4,pending,baseline
R-Q-SL-10-015-01-local-folder,Q-SL-10-015-01,SL-10-015,local_folder,1,pending,local_source_enabled
R-Q-SL-10-015-01-wikimedia,Q-SL-10-015-01,SL-10-015,wikimedia,2,pending,historical_query
R-Q-SL-10-015-01-general-web,Q-SL-10-015-01,SL-10-015,general_web,3,pending,baseline
R-Q-SL-10-015-01-image-search,Q-SL-10-015-01,SL-10-015,image_search,4,pending,baseline
R-Q-SL-10-015-02-local-folder,Q-SL-10-015-02,SL-10-015,local_folder,1,pending,local_source_enabled
R-Q-SL-10-015-02-wikimedia,Q-SL-10-015-02,SL-10-015,wikimedia,2,pending,historical_query
R-Q-SL-10-015-02-general-web,Q-SL-10-015-02,SL-10-015,general_web,3,pending,baseline
R-Q-SL-10-015-02-image-search,Q-SL-10-015-02,SL-10-015,image_search,4,pending,baseline
R-Q-SL-10-015-03-local-folder,Q-SL-10-015-03,SL-10-015,local_folder,1,pending,local_source_enabled
R-Q-SL-10-015-03-wikimedia,Q-SL-10-015-03,SL-10-015,wikimedia,2,pending,historical_query
R-Q-SL-10-015-03-general-web,Q-SL-10-015-03,SL-10-015,general_web,3,pending,baseline
R-Q-SL-10-015-03-image-search,Q-SL-10-015-03,SL-10-015,image_search,4,pending,baseline
R-Q-SL-10-015-04-local-folder,Q-SL-10-015-04,SL-10-015,local_folder,1,pending,local_source_enabled
R-Q-SL-10-015-04-wikimedia,Q-SL-10-015-04,SL-10-015,wikimedia,2,pending,historical_query
R-Q-SL-10-015-04-general-web,Q-SL-10-015-04,SL-10-015,general_web,3,pending,baseline
R-Q-SL-10-015-04-image-search,Q-SL-10-015-04,SL-10-015,image_search,4,pending,baseline
R-Q-SL-10-015-05-local-folder,Q-SL-10-015-05,SL-10-015,local_folder,1,pending,local_source_enabled
R-Q-SL-10-015-05-wikimedia,Q-SL-10-015-05,SL-10-015,wikimedia,2,pending,historical_query
R-Q-SL-10-015-05-general-web,Q-SL-10-015-05,SL-10-015,general_web,3,pending,baseline
R-Q-SL-10-015-05-image-search,Q-SL-10-015-05,SL-10-015,image_search,4,pending,baseline
R-Q-SL-10-016-01-local-folder,Q-SL-10-016-01,SL-10-016,local_folder,1,pending,local_source_enabled
R-Q-SL-10-016-01-general-web,Q-SL-10-016-01,SL-10-016,general_web,3,pending,baseline
R-Q-SL-10-016-01-image-search,Q-SL-10-016-01,SL-10-016,image_search,4,pending,baseline
R-Q-SL-10-016-02-local-folder,Q-SL-10-016-02,SL-10-016,local_folder,1,pending,local_source_enabled
R-Q-SL-10-016-02-general-web,Q-SL-10-016-02,SL-10-016,general_web,3,pending,baseline
R-Q-SL-10-016-02-image-search,Q-SL-10-016-02,SL-10-016,image_search,4,pending,baseline
R-Q-SL-10-016-03-local-folder,Q-SL-10-016-03,SL-10-016,local_folder,1,pending,local_source_enabled
R-Q-SL-10-016-03-general-web,Q-SL-10-016-03,SL-10-016,general_web,3,pending,baseline
R-Q-SL-10-016-03-image-search,Q-SL-10-016-03,SL-10-016,image_search,4,pending,baseline
R-Q-SL-10-016-04-local-folder,Q-SL-10-016-04,SL-10-016,local_folder,1,pending,local_source_enabled
R-Q-SL-10-016-04-wikimedia,Q-SL-10-016-04,SL-10-016,wikimedia,2,pending,historical_query
R-Q-SL-10-016-04-general-web,Q-SL-10-016-04,SL-10-016,general_web,3,pending,baseline
R-Q-SL-10-016-04-image-search,Q-SL-10-016-04,SL-10-016,image_search,4,pending,baseline
R-Q-SL-10-016-05-local-folder,Q-SL-10-016-05,SL-10-016,local_folder,1,pending,local_source_enabled
R-Q-SL-10-016-05-general-web,Q-SL-10-016-05,SL-10-016,general_web,3,pending,baseline
R-Q-SL-10-016-05-image-search,Q-SL-10-016-05,SL-10-016,image_search,4,pending,baseline
R-Q-SL-10-017-01-local-folder,Q-SL-10-017-01,SL-10-017,local_folder,1,pending,local_source_enabled
R-Q-SL-10-017-01-general-web,Q-SL-10-017-01,SL-10-017,general_web,3,pending,baseline
R-Q-SL-10-017-01-image-search,Q-SL-10-017-01,SL-10-017,image_search,4,pending,baseline
R-Q-SL-10-017-02-local-folder,Q-SL-10-017-02,SL-10-017,local_folder,1,pending,local_source_enabled
R-Q-SL-10-017-02-general-web,Q-SL-10-017-02,SL-10-017,general_web,3,pending,baseline
R-Q-SL-10-017-02-image-search,Q-SL-10-017-02,SL-10-017,image_search,4,pending,baseline
R-Q-SL-10-017-03-local-folder,Q-SL-10-017-03,SL-10-017,local_folder,1,pending,local_source_enabled
R-Q-SL-10-017-03-general-web,Q-SL-10-017-03,SL-10-017,general_web,3,pending,baseline
R-Q-SL-10-017-03-image-search,Q-SL-10-017-03,SL-10-017,image_search,4,pending,baseline
R-Q-SL-10-017-04-local-folder,Q-SL-10-017-04,SL-10-017,local_folder,1,pending,local_source_enabled
R-Q-SL-10-017-04-general-web,Q-SL-10-017-04,SL-10-017,general_web,3,pending,baseline
R-Q-SL-10-017-04-image-search,Q-SL-10-017-04,SL-10-017,image_search,4,pending,baseline
R-Q-SL-10-017-05-local-folder,Q-SL-10-017-05,SL-10-017,local_folder,1,pending,local_source_enabled
R-Q-SL-10-017-05-wikimedia,Q-SL-10-017-05,SL-10-017,wikimedia,2,pending,historical_query
R-Q-SL-10-017-05-general-web,Q-SL-10-017-05,SL-10-017,general_web,3,pending,baseline
R-Q-SL-10-017-05-image-search,Q-SL-10-017-05,SL-10-017,image_search,4,pending,baseline
R-Q-SL-10-018-01-local-folder,Q-SL-10-018-01,SL-10-018,local_folder,1,pending,local_source_enabled
R-Q-SL-10-018-01-wikimedia,Q-SL-10-018-01,SL-10-018,wikimedia,2,pending,historical_query
R-Q-SL-10-018-01-general-web,Q-SL-10-018-01,SL-10-018,general_web,3,pending,baseline
R-Q-SL-10-018-01-image-search,Q-SL-10-018-01,SL-10-018,image_search,4,pending,baseline
R-Q-SL-10-018-02-local-folder,Q-SL-10-018-02,SL-10-018,local_folder,1,pending,local_source_enabled
R-Q-SL-10-018-02-wikimedia,Q-SL-10-018-02,SL-10-018,wikimedia,2,pending,historical_query
R-Q-SL-10-018-02-general-web,Q-SL-10-018-02,SL-10-018,general_web,3,pending,baseline
R-Q-SL-10-018-02-image-search,Q-SL-10-018-02,SL-10-018,image_search,4,pending,baseline
R-Q-SL-10-018-03-local-folder,Q-SL-10-018-03,SL-10-018,local_folder,1,pending,local_source_enabled
R-Q-SL-10-018-03-wikimedia,Q-SL-10-018-03,SL-10-018,wikimedia,2,pending,historical_query
R-Q-SL-10-018-03-general-web,Q-SL-10-018-03,SL-10-018,general_web,3,pending,baseline
R-Q-SL-10-018-03-image-search,Q-SL-10-018-03,SL-10-018,image_search,4,pending,baseline
R-Q-SL-10-018-04-local-folder,Q-SL-10-018-04,SL-10-018,local_folder,1,pending,local_source_enabled
R-Q-SL-10-018-04-wikimedia,Q-SL-10-018-04,SL-10-018,wikimedia,2,pending,historical_query
R-Q-SL-10-018-04-general-web,Q-SL-10-018-04,SL-10-018,general_web,3,pending,baseline
R-Q-SL-10-018-04-image-search,Q-SL-10-018-04,SL-10-018,image_search,4,pending,baseline
R-Q-SL-10-018-05-local-folder,Q-SL-10-018-05,SL-10-018,local_folder,1,pending,local_source_enabled
R-Q-SL-10-018-05-wikimedia,Q-SL-10-018-05,SL-10-018,wikimedia,2,pending,historical_query
R-Q-SL-10-018-05-general-web,Q-SL-10-018-05,SL-10-018,general_web,3,pending,baseline
R-Q-SL-10-018-05-image-search,Q-SL-10-018-05,SL-10-018,image_search,4,pending,baseline
R-Q-SL-10-019-01-local-folder,Q-SL-10-019-01,SL-10-019,local_folder,1,pending,local_source_enabled
R-Q-SL-10-019-01-general-web,Q-SL-10-019-01,SL-10-019,general_web,3,pending,baseline
R-Q-SL-10-019-01-image-search,Q-SL-10-019-01,SL-10-019,image_search,4,pending,baseline
R-Q-SL-10-019-02-local-folder,Q-SL-10-019-02,SL-10-019,local_folder,1,pending,local_source_enabled
R-Q-SL-10-019-02-general-web,Q-SL-10-019-02,SL-10-019,general_web,3,pending,baseline
R-Q-SL-10-019-02-image-search,Q-SL-10-019-02,SL-10-019,image_search,4,pending,baseline
R-Q-SL-10-019-03-local-folder,Q-SL-10-019-03,SL-10-019,local_folder,1,pending,local_source_enabled
R-Q-SL-10-019-03-general-web,Q-SL-10-019-03,SL-10-019,general_web,3,pending,baseline
R-Q-SL-10-019-03-image-search,Q-SL-10-019-03,SL-10-019,image_search,4,pending,baseline
R-Q-SL-10-019-04-local-folder,Q-SL-10-019-04,SL-10-019,local_folder,1,pending,local_source_enabled
R-Q-SL-10-019-04-wikimedia,Q-SL-10-019-04,SL-10-019,wikimedia,2,pending,historical_query
R-Q-SL-10-019-04-general-web,Q-SL-10-019-04,SL-10-019,general_web,3,pending,baseline
R-Q-SL-10-019-04-image-search,Q-SL-10-019-04,SL-10-019,image_search,4,pending,baseline
R-Q-SL-10-019-05-local-folder,Q-SL-10-019-05,SL-10-019,local_folder,1,pending,local_source_enabled
R-Q-SL-10-019-05-general-web,Q-SL-10-019-05,SL-10-019,general_web,3,pending,baseline
R-Q-SL-10-019-05-image-search,Q-SL-10-019-05,SL-10-019,image_search,4,pending,baseline
R-Q-SL-10-020-01-local-folder,Q-SL-10-020-01,SL-10-020,local_folder,1,pending,local_source_enabled
R-Q-SL-10-020-01-general-web,Q-SL-10-020-01,SL-10-020,general_web,3,pending,baseline
R-Q-SL-10-020-01-image-search,Q-SL-10-020-01,SL-10-020,image_search,4,pending,baseline
R-Q-SL-10-020-02-local-folder,Q-SL-10-020-02,SL-10-020,local_folder,1,pending,local_source_enabled
R-Q-SL-10-020-02-general-web,Q-SL-10-020-02,SL-10-020,general_web,3,pending,baseline
R-Q-SL-10-020-02-image-search,Q-SL-10-020-02,SL-10-020,image_search,4,pending,baseline
R-Q-SL-10-020-03-local-folder,Q-SL-10-020-03,SL-10-020,local_folder,1,pending,local_source_enabled
R-Q-SL-10-020-03-general-web,Q-SL-10-020-03,SL-10-020,general_web,3,pending,baseline
R-Q-SL-10-020-03-image-search,Q-SL-10-020-03,SL-10-020,image_search,4,pending,baseline
R-Q-SL-10-020-04-local-folder,Q-SL-10-020-04,SL-10-020,local_folder,1,pending,local_source_enabled
R-Q-SL-10-020-04-wikimedia,Q-SL-10-020-04,SL-10-020,wikimedia,2,pending,historical_query
R-Q-SL-10-020-04-general-web,Q-SL-10-020-04,SL-10-020,general_web,3,pending,baseline
R-Q-SL-10-020-04-image-search,Q-SL-10-020-04,SL-10-020,image_search,4,pending,baseline
R-Q-SL-10-020-05-local-folder,Q-SL-10-020-05,SL-10-020,local_folder,1,pending,local_source_enabled
R-Q-SL-10-020-05-general-web,Q-SL-10-020-05,SL-10-020,general_web,3,pending,baseline
R-Q-SL-10-020-05-image-search,Q-SL-10-020-05,SL-10-020,image_search,4,pending,baseline
R-Q-SL-10-021-01-local-folder,Q-SL-10-021-01,SL-10-021,local_folder,1,pending,local_source_enabled
R-Q-SL-10-021-01-wikimedia,Q-SL-10-021-01,SL-10-021,wikimedia,2,pending,historical_query
R-Q-SL-10-021-01-general-web,Q-SL-10-021-01,SL-10-021,general_web,3,pending,baseline
R-Q-SL-10-021-01-image-search,Q-SL-10-021-01,SL-10-021,image_search,4,pending,baseline
R-Q-SL-10-021-02-local-folder,Q-SL-10-021-02,SL-10-021,local_folder,1,pending,local_source_enabled
R-Q-SL-10-021-02-wikimedia,Q-SL-10-021-02,SL-10-021,wikimedia,2,pending,historical_query
R-Q-SL-10-021-02-general-web,Q-SL-10-021-02,SL-10-021,general_web,3,pending,baseline
R-Q-SL-10-021-02-image-search,Q-SL-10-021-02,SL-10-021,image_search,4,pending,baseline
R-Q-SL-10-021-03-local-folder,Q-SL-10-021-03,SL-10-021,local_folder,1,pending,local_source_enabled
R-Q-SL-10-021-03-wikimedia,Q-SL-10-021-03,SL-10-021,wikimedia,2,pending,historical_query
R-Q-SL-10-021-03-general-web,Q-SL-10-021-03,SL-10-021,general_web,3,pending,baseline
R-Q-SL-10-021-03-image-search,Q-SL-10-021-03,SL-10-021,image_search,4,pending,baseline
R-Q-SL-10-021-04-local-folder,Q-SL-10-021-04,SL-10-021,local_folder,1,pending,local_source_enabled
R-Q-SL-10-021-04-wikimedia,Q-SL-10-021-04,SL-10-021,wikimedia,2,pending,historical_query
R-Q-SL-10-021-04-general-web,Q-SL-10-021-04,SL-10-021,general_web,3,pending,baseline
R-Q-SL-10-021-04-image-search,Q-SL-10-021-04,SL-10-021,image_search,4,pending,baseline
R-Q-SL-10-021-05-local-folder,Q-SL-10-021-05,SL-10-021,local_folder,1,pending,local_source_enabled
R-Q-SL-10-021-05-wikimedia,Q-SL-10-021-05,SL-10-021,wikimedia,2,pending,historical_query
R-Q-SL-10-021-05-general-web,Q-SL-10-021-05,SL-10-021,general_web,3,pending,baseline
R-Q-SL-10-021-05-image-search,Q-SL-10-021-05,SL-10-021,image_search,4,pending,baseline
R-Q-SL-10-022-01-local-folder,Q-SL-10-022-01,SL-10-022,local_folder,1,pending,local_source_enabled
R-Q-SL-10-022-01-general-web,Q-SL-10-022-01,SL-10-022,general_web,3,pending,baseline
R-Q-SL-10-022-01-image-search,Q-SL-10-022-01,SL-10-022,image_search,4,pending,baseline
R-Q-SL-10-022-02-local-folder,Q-SL-10-022-02,SL-10-022,local_folder,1,pending,local_source_enabled
R-Q-SL-10-022-02-general-web,Q-SL-10-022-02,SL-10-022,general_web,3,pending,baseline
R-Q-SL-10-022-02-image-search,Q-SL-10-022-02,SL-10-022,image_search,4,pending,baseline
R-Q-SL-10-022-03-local-folder,Q-SL-10-022-03,SL-10-022,local_folder,1,pending,local_source_enabled
R-Q-SL-10-022-03-general-web,Q-SL-10-022-03,SL-10-022,general_web,3,pending,baseline
R-Q-SL-10-022-03-image-search,Q-SL-10-022-03,SL-10-022,image_search,4,pending,baseline
R-Q-SL-10-022-04-local-folder,Q-SL-10-022-04,SL-10-022,local_folder,1,pending,local_source_enabled
R-Q-SL-10-022-04-wikimedia,Q-SL-10-022-04,SL-10-022,wikimedia,2,pending,historical_query
R-Q-SL-10-022-04-general-web,Q-SL-10-022-04,SL-10-022,general_web,3,pending,baseline
R-Q-SL-10-022-04-image-search,Q-SL-10-022-04,SL-10-022,image_search,4,pending,baseline
R-Q-SL-10-022-05-local-folder,Q-SL-10-022-05,SL-10-022,local_folder,1,pending,local_source_enabled
R-Q-SL-10-022-05-general-web,Q-SL-10-022-05,SL-10-022,general_web,3,pending,baseline
R-Q-SL-10-022-05-image-search,Q-SL-10-022-05,SL-10-022,image_search,4,pending,baseline
R-Q-SL-10-023-01-local-folder,Q-SL-10-023-01,SL-10-023,local_folder,1,pending,local_source_enabled
R-Q-SL-10-023-01-general-web,Q-SL-10-023-01,SL-10-023,general_web,3,pending,baseline
R-Q-SL-10-023-01-image-search,Q-SL-10-023-01,SL-10-023,image_search,4,pending,baseline
R-Q-SL-10-023-02-local-folder,Q-SL-10-023-02,SL-10-023,local_folder,1,pending,local_source_enabled
R-Q-SL-10-023-02-general-web,Q-SL-10-023-02,SL-10-023,general_web,3,pending,baseline
R-Q-SL-10-023-02-image-search,Q-SL-10-023-02,SL-10-023,image_search,4,pending,baseline
R-Q-SL-10-023-03-local-folder,Q-SL-10-023-03,SL-10-023,local_folder,1,pending,local_source_enabled
R-Q-SL-10-023-03-general-web,Q-SL-10-023-03,SL-10-023,general_web,3,pending,baseline
R-Q-SL-10-023-03-image-search,Q-SL-10-023-03,SL-10-023,image_search,4,pending,baseline
R-Q-SL-10-023-04-local-folder,Q-SL-10-023-04,SL-10-023,local_folder,1,pending,local_source_enabled
R-Q-SL-10-023-04-general-web,Q-SL-10-023-04,SL-10-023,general_web,3,pending,baseline
R-Q-SL-10-023-04-image-search,Q-SL-10-023-04,SL-10-023,image_search,4,pending,baseline
R-Q-SL-10-023-05-local-folder,Q-SL-10-023-05,SL-10-023,local_folder,1,pending,local_source_enabled
R-Q-SL-10-023-05-wikimedia,Q-SL-10-023-05,SL-10-023,wikimedia,2,pending,historical_query
R-Q-SL-10-023-05-general-web,Q-SL-10-023-05,SL-10-023,general_web,3,pending,baseline
R-Q-SL-10-023-05-image-search,Q-SL-10-023-05,SL-10-023,image_search,4,pending,baseline
R-Q-SL-10-024-01-local-folder,Q-SL-10-024-01,SL-10-024,local_folder,1,pending,local_source_enabled
R-Q-SL-10-024-01-wikimedia,Q-SL-10-024-01,SL-10-024,wikimedia,2,pending,historical_query
R-Q-SL-10-024-01-general-web,Q-SL-10-024-01,SL-10-024,general_web,3,pending,baseline
R-Q-SL-10-024-01-image-search,Q-SL-10-024-01,SL-10-024,image_search,4,pending,baseline
R-Q-SL-10-024-02-local-folder,Q-SL-10-024-02,SL-10-024,local_folder,1,pending,local_source_enabled
R-Q-SL-10-024-02-wikimedia,Q-SL-10-024-02,SL-10-024,wikimedia,2,pending,historical_query
R-Q-SL-10-024-02-general-web,Q-SL-10-024-02,SL-10-024,general_web,3,pending,baseline
R-Q-SL-10-024-02-image-search,Q-SL-10-024-02,SL-10-024,image_search,4,pending,baseline
R-Q-SL-10-024-03-local-folder,Q-SL-10-024-03,SL-10-024,local_folder,1,pending,local_source_enabled
R-Q-SL-10-024-03-wikimedia,Q-SL-10-024-03,SL-10-024,wikimedia,2,pending,historical_query
R-Q-SL-10-024-03-general-web,Q-SL-10-024-03,SL-10-024,general_web,3,pending,baseline
R-Q-SL-10-024-03-image-search,Q-SL-10-024-03,SL-10-024,image_search,4,pending,baseline
R-Q-SL-10-024-04-local-folder,Q-SL-10-024-04,SL-10-024,local_folder,1,pending,local_source_enabled
R-Q-SL-10-024-04-wikimedia,Q-SL-10-024-04,SL-10-024,wikimedia,2,pending,historical_query
R-Q-SL-10-024-04-general-web,Q-SL-10-024-04,SL-10-024,general_web,3,pending,baseline
R-Q-SL-10-024-04-image-search,Q-SL-10-024-04,SL-10-024,image_search,4,pending,baseline
R-Q-SL-10-024-05-local-folder,Q-SL-10-024-05,SL-10-024,local_folder,1,pending,local_source_enabled
R-Q-SL-10-024-05-wikimedia,Q-SL-10-024-05,SL-10-024,wikimedia,2,pending,historical_query
R-Q-SL-10-024-05-general-web,Q-SL-10-024-05,SL-10-024,general_web,3,pending,baseline
R-Q-SL-10-024-05-image-search,Q-SL-10-024-05,SL-10-024,image_search,4,pending,baseline
R-Q-SL-10-025-01-local-folder,Q-SL-10-025-01,SL-10-025,local_folder,1,pending,local_source_enabled
R-Q-SL-10-025-01-general-web,Q-SL-10-025-01,SL-10-025,general_web,3,pending,baseline
R-Q-SL-10-025-01-image-search,Q-SL-10-025-01,SL-10-025,image_search,4,pending,baseline
R-Q-SL-10-025-02-local-folder,Q-SL-10-025-02,SL-10-025,local_folder,1,pending,local_source_enabled
R-Q-SL-10-025-02-general-web,Q-SL-10-025-02,SL-10-025,general_web,3,pending,baseline
R-Q-SL-10-025-02-image-search,Q-SL-10-025-02,SL-10-025,image_search,4,pending,baseline
R-Q-SL-10-025-03-local-folder,Q-SL-10-025-03,SL-10-025,local_folder,1,pending,local_source_enabled
R-Q-SL-10-025-03-general-web,Q-SL-10-025-03,SL-10-025,general_web,3,pending,baseline
R-Q-SL-10-025-03-image-search,Q-SL-10-025-03,SL-10-025,image_search,4,pending,baseline
R-Q-SL-10-025-04-local-folder,Q-SL-10-025-04,SL-10-025,local_folder,1,pending,local_source_enabled
R-Q-SL-10-025-04-wikimedia,Q-SL-10-025-04,SL-10-025,wikimedia,2,pending,historical_query
R-Q-SL-10-025-04-general-web,Q-SL-10-025-04,SL-10-025,general_web,3,pending,baseline
R-Q-SL-10-025-04-image-search,Q-SL-10-025-04,SL-10-025,image_search,4,pending,baseline
R-Q-SL-10-025-05-local-folder,Q-SL-10-025-05,SL-10-025,local_folder,1,pending,local_source_enabled
R-Q-SL-10-025-05-general-web,Q-SL-10-025-05,SL-10-025,general_web,3,pending,baseline
R-Q-SL-10-025-05-image-search,Q-SL-10-025-05,SL-10-025,image_search,4,pending,baseline
R-Q-SL-10-026-01-local-folder,Q-SL-10-026-01,SL-10-026,local_folder,1,pending,local_source_enabled
R-Q-SL-10-026-01-wikimedia,Q-SL-10-026-01,SL-10-026,wikimedia,2,pending,historical_query
R-Q-SL-10-026-01-general-web,Q-SL-10-026-01,SL-10-026,general_web,3,pending,baseline
R-Q-SL-10-026-01-image-search,Q-SL-10-026-01,SL-10-026,image_search,4,pending,baseline
R-Q-SL-10-026-02-local-folder,Q-SL-10-026-02,SL-10-026,local_folder,1,pending,local_source_enabled
R-Q-SL-10-026-02-wikimedia,Q-SL-10-026-02,SL-10-026,wikimedia,2,pending,historical_query
R-Q-SL-10-026-02-general-web,Q-SL-10-026-02,SL-10-026,general_web,3,pending,baseline
R-Q-SL-10-026-02-image-search,Q-SL-10-026-02,SL-10-026,image_search,4,pending,baseline
R-Q-SL-10-026-03-local-folder,Q-SL-10-026-03,SL-10-026,local_folder,1,pending,local_source_enabled
R-Q-SL-10-026-03-wikimedia,Q-SL-10-026-03,SL-10-026,wikimedia,2,pending,historical_query
R-Q-SL-10-026-03-general-web,Q-SL-10-026-03,SL-10-026,general_web,3,pending,baseline
R-Q-SL-10-026-03-image-search,Q-SL-10-026-03,SL-10-026,image_search,4,pending,baseline
R-Q-SL-10-026-04-local-folder,Q-SL-10-026-04,SL-10-026,local_folder,1,pending,local_source_enabled
R-Q-SL-10-026-04-wikimedia,Q-SL-10-026-04,SL-10-026,wikimedia,2,pending,historical_query
R-Q-SL-10-026-04-general-web,Q-SL-10-026-04,SL-10-026,general_web,3,pending,baseline
R-Q-SL-10-026-04-image-search,Q-SL-10-026-04,SL-10-026,image_search,4,pending,baseline
R-Q-SL-10-026-05-local-folder,Q-SL-10-026-05,SL-10-026,local_folder,1,pending,local_source_enabled
R-Q-SL-10-026-05-wikimedia,Q-SL-10-026-05,SL-10-026,wikimedia,2,pending,historical_query
R-Q-SL-10-026-05-general-web,Q-SL-10-026-05,SL-10-026,general_web,3,pending,baseline
R-Q-SL-10-026-05-image-search,Q-SL-10-026-05,SL-10-026,image_search,4,pending,baseline
R-Q-SL-10-027-01-local-folder,Q-SL-10-027-01,SL-10-027,local_folder,1,pending,local_source_enabled
R-Q-SL-10-027-01-general-web,Q-SL-10-027-01,SL-10-027,general_web,3,pending,baseline
R-Q-SL-10-027-01-image-search,Q-SL-10-027-01,SL-10-027,image_search,4,pending,baseline
R-Q-SL-10-027-02-local-folder,Q-SL-10-027-02,SL-10-027,local_folder,1,pending,local_source_enabled
R-Q-SL-10-027-02-general-web,Q-SL-10-027-02,SL-10-027,general_web,3,pending,baseline
R-Q-SL-10-027-02-image-search,Q-SL-10-027-02,SL-10-027,image_search,4,pending,baseline
R-Q-SL-10-027-03-local-folder,Q-SL-10-027-03,SL-10-027,local_folder,1,pending,local_source_enabled
R-Q-SL-10-027-03-general-web,Q-SL-10-027-03,SL-10-027,general_web,3,pending,baseline
R-Q-SL-10-027-03-image-search,Q-SL-10-027-03,SL-10-027,image_search,4,pending,baseline
R-Q-SL-10-027-04-local-folder,Q-SL-10-027-04,SL-10-027,local_folder,1,pending,local_source_enabled
R-Q-SL-10-027-04-general-web,Q-SL-10-027-04,SL-10-027,general_web,3,pending,baseline
R-Q-SL-10-027-04-image-search,Q-SL-10-027-04,SL-10-027,image_search,4,pending,baseline
R-Q-SL-10-027-05-local-folder,Q-SL-10-027-05,SL-10-027,local_folder,1,pending,local_source_enabled
R-Q-SL-10-027-05-general-web,Q-SL-10-027-05,SL-10-027,general_web,3,pending,baseline
R-Q-SL-10-027-05-image-search,Q-SL-10-027-05,SL-10-027,image_search,4,pending,baseline
R-Q-SL-10-028-01-local-folder,Q-SL-10-028-01,SL-10-028,local_folder,1,pending,local_source_enabled
R-Q-SL-10-028-01-general-web,Q-SL-10-028-01,SL-10-028,general_web,3,pending,baseline
R-Q-SL-10-028-01-image-search,Q-SL-10-028-01,SL-10-028,image_search,4,pending,baseline
R-Q-SL-10-028-02-local-folder,Q-SL-10-028-02,SL-10-028,local_folder,1,pending,local_source_enabled
R-Q-SL-10-028-02-general-web,Q-SL-10-028-02,SL-10-028,general_web,3,pending,baseline
R-Q-SL-10-028-02-image-search,Q-SL-10-028-02,SL-10-028,image_search,4,pending,baseline
R-Q-SL-10-028-03-local-folder,Q-SL-10-028-03,SL-10-028,local_folder,1,pending,local_source_enabled
R-Q-SL-10-028-03-general-web,Q-SL-10-028-03,SL-10-028,general_web,3,pending,baseline
R-Q-SL-10-028-03-image-search,Q-SL-10-028-03,SL-10-028,image_search,4,pending,baseline
R-Q-SL-10-028-04-local-folder,Q-SL-10-028-04,SL-10-028,local_folder,1,pending,local_source_enabled
R-Q-SL-10-028-04-general-web,Q-SL-10-028-04,SL-10-028,general_web,3,pending,baseline
R-Q-SL-10-028-04-image-search,Q-SL-10-028-04,SL-10-028,image_search,4,pending,baseline
R-Q-SL-10-028-05-local-folder,Q-SL-10-028-05,SL-10-028,local_folder,1,pending,local_source_enabled
R-Q-SL-10-028-05-general-web,Q-SL-10-028-05,SL-10-028,general_web,3,pending,baseline
R-Q-SL-10-028-05-image-search,Q-SL-10-028-05,SL-10-028,image_search,4,pending,baseline
R-Q-SL-10-029-01-local-folder,Q-SL-10-029-01,SL-10-029,local_folder,1,pending,local_source_enabled
R-Q-SL-10-029-01-general-web,Q-SL-10-029-01,SL-10-029,general_web,3,pending,baseline
R-Q-SL-10-029-01-image-search,Q-SL-10-029-01,SL-10-029,image_search,4,pending,baseline
R-Q-SL-10-029-02-local-folder,Q-SL-10-029-02,SL-10-029,local_folder,1,pending,local_source_enabled
R-Q-SL-10-029-02-general-web,Q-SL-10-029-02,SL-10-029,general_web,3,pending,baseline
R-Q-SL-10-029-02-image-search,Q-SL-10-029-02,SL-10-029,image_search,4,pending,baseline
R-Q-SL-10-029-03-local-folder,Q-SL-10-029-03,SL-10-029,local_folder,1,pending,local_source_enabled
R-Q-SL-10-029-03-general-web,Q-SL-10-029-03,SL-10-029,general_web,3,pending,baseline
R-Q-SL-10-029-03-image-search,Q-SL-10-029-03,SL-10-029,image_search,4,pending,baseline
R-Q-SL-10-029-04-local-folder,Q-SL-10-029-04,SL-10-029,local_folder,1,pending,local_source_enabled
R-Q-SL-10-029-04-general-web,Q-SL-10-029-04,SL-10-029,general_web,3,pending,baseline
R-Q-SL-10-029-04-image-search,Q-SL-10-029-04,SL-10-029,image_search,4,pending,baseline
R-Q-SL-10-029-05-local-folder,Q-SL-10-029-05,SL-10-029,local_folder,1,pending,local_source_enabled
R-Q-SL-10-029-05-general-web,Q-SL-10-029-05,SL-10-029,general_web,3,pending,baseline
R-Q-SL-10-029-05-image-search,Q-SL-10-029-05,SL-10-029,image_search,4,pending,baseline
R-Q-SL-10-030-01-local-folder,Q-SL-10-030-01,SL-10-030,local_folder,1,pending,local_source_enabled
R-Q-SL-10-030-01-general-web,Q-SL-10-030-01,SL-10-030,general_web,3,pending,baseline
R-Q-SL-10-030-01-image-search,Q-SL-10-030-01,SL-10-030,image_search,4,pending,baseline
R-Q-SL-10-030-02-local-folder,Q-SL-10-030-02,SL-10-030,local_folder,1,pending,local_source_enabled
R-Q-SL-10-030-02-general-web,Q-SL-10-030-02,SL-10-030,general_web,3,pending,baseline
R-Q-SL-10-030-02-image-search,Q-SL-10-030-02,SL-10-030,image_search,4,pending,baseline
R-Q-SL-10-030-03-local-folder,Q-SL-10-030-03,SL-10-030,local_folder,1,pending,local_source_enabled
R-Q-SL-10-030-03-general-web,Q-SL-10-030-03,SL-10-030,general_web,3,pending,baseline
R-Q-SL-10-030-03-image-search,Q-SL-10-030-03,SL-10-030,image_search,4,pending,baseline
R-Q-SL-10-030-04-local-folder,Q-SL-10-030-04,SL-10-030,local_folder,1,pending,local_source_enabled
R-Q-SL-10-030-04-general-web,Q-SL-10-030-04,SL-10-030,general_web,3,pending,baseline
R-Q-SL-10-030-04-image-search,Q-SL-10-030-04,SL-10-030,image_search,4,pending,baseline
R-Q-SL-10-030-05-local-folder,Q-SL-10-030-05,SL-10-030,local_folder,1,pending,local_source_enabled
R-Q-SL-10-030-05-general-web,Q-SL-10-030-05,SL-10-030,general_web,3,pending,baseline
R-Q-SL-10-030-05-image-search,Q-SL-10-030-05,SL-10-030,image_search,4,pending,baseline
R-Q-SL-11-001-01-local-folder,Q-SL-11-001-01,SL-11-001,local_folder,1,pending,local_source_enabled
R-Q-SL-11-001-01-general-web,Q-SL-11-001-01,SL-11-001,general_web,3,pending,baseline
R-Q-SL-11-001-01-image-search,Q-SL-11-001-01,SL-11-001,image_search,4,pending,baseline
R-Q-SL-11-001-02-local-folder,Q-SL-11-001-02,SL-11-001,local_folder,1,pending,local_source_enabled
R-Q-SL-11-001-02-general-web,Q-SL-11-001-02,SL-11-001,general_web,3,pending,baseline
R-Q-SL-11-001-02-image-search,Q-SL-11-001-02,SL-11-001,image_search,4,pending,baseline
R-Q-SL-11-001-03-local-folder,Q-SL-11-001-03,SL-11-001,local_folder,1,pending,local_source_enabled
R-Q-SL-11-001-03-general-web,Q-SL-11-001-03,SL-11-001,general_web,3,pending,baseline
R-Q-SL-11-001-03-image-search,Q-SL-11-001-03,SL-11-001,image_search,4,pending,baseline
R-Q-SL-11-001-04-local-folder,Q-SL-11-001-04,SL-11-001,local_folder,1,pending,local_source_enabled
R-Q-SL-11-001-04-wikimedia,Q-SL-11-001-04,SL-11-001,wikimedia,2,pending,historical_query
R-Q-SL-11-001-04-general-web,Q-SL-11-001-04,SL-11-001,general_web,3,pending,baseline
R-Q-SL-11-001-04-image-search,Q-SL-11-001-04,SL-11-001,image_search,4,pending,baseline
R-Q-SL-11-001-05-local-folder,Q-SL-11-001-05,SL-11-001,local_folder,1,pending,local_source_enabled
R-Q-SL-11-001-05-general-web,Q-SL-11-001-05,SL-11-001,general_web,3,pending,baseline
R-Q-SL-11-001-05-image-search,Q-SL-11-001-05,SL-11-001,image_search,4,pending,baseline
R-Q-SL-11-002-01-local-folder,Q-SL-11-002-01,SL-11-002,local_folder,1,pending,local_source_enabled
R-Q-SL-11-002-01-general-web,Q-SL-11-002-01,SL-11-002,general_web,3,pending,baseline
R-Q-SL-11-002-01-image-search,Q-SL-11-002-01,SL-11-002,image_search,4,pending,baseline
R-Q-SL-11-002-02-local-folder,Q-SL-11-002-02,SL-11-002,local_folder,1,pending,local_source_enabled
R-Q-SL-11-002-02-general-web,Q-SL-11-002-02,SL-11-002,general_web,3,pending,baseline
R-Q-SL-11-002-02-image-search,Q-SL-11-002-02,SL-11-002,image_search,4,pending,baseline
R-Q-SL-11-002-03-local-folder,Q-SL-11-002-03,SL-11-002,local_folder,1,pending,local_source_enabled
R-Q-SL-11-002-03-general-web,Q-SL-11-002-03,SL-11-002,general_web,3,pending,baseline
R-Q-SL-11-002-03-image-search,Q-SL-11-002-03,SL-11-002,image_search,4,pending,baseline
R-Q-SL-11-002-04-local-folder,Q-SL-11-002-04,SL-11-002,local_folder,1,pending,local_source_enabled
R-Q-SL-11-002-04-general-web,Q-SL-11-002-04,SL-11-002,general_web,3,pending,baseline
R-Q-SL-11-002-04-image-search,Q-SL-11-002-04,SL-11-002,image_search,4,pending,baseline
R-Q-SL-11-002-05-local-folder,Q-SL-11-002-05,SL-11-002,local_folder,1,pending,local_source_enabled
R-Q-SL-11-002-05-general-web,Q-SL-11-002-05,SL-11-002,general_web,3,pending,baseline
R-Q-SL-11-002-05-image-search,Q-SL-11-002-05,SL-11-002,image_search,4,pending,baseline
R-Q-SL-11-003-01-local-folder,Q-SL-11-003-01,SL-11-003,local_folder,1,pending,local_source_enabled
R-Q-SL-11-003-01-general-web,Q-SL-11-003-01,SL-11-003,general_web,3,pending,baseline
R-Q-SL-11-003-01-image-search,Q-SL-11-003-01,SL-11-003,image_search,4,pending,baseline
R-Q-SL-11-003-02-local-folder,Q-SL-11-003-02,SL-11-003,local_folder,1,pending,local_source_enabled
R-Q-SL-11-003-02-general-web,Q-SL-11-003-02,SL-11-003,general_web,3,pending,baseline
R-Q-SL-11-003-02-image-search,Q-SL-11-003-02,SL-11-003,image_search,4,pending,baseline
R-Q-SL-11-003-03-local-folder,Q-SL-11-003-03,SL-11-003,local_folder,1,pending,local_source_enabled
R-Q-SL-11-003-03-general-web,Q-SL-11-003-03,SL-11-003,general_web,3,pending,baseline
R-Q-SL-11-003-03-image-search,Q-SL-11-003-03,SL-11-003,image_search,4,pending,baseline
R-Q-SL-11-003-04-local-folder,Q-SL-11-003-04,SL-11-003,local_folder,1,pending,local_source_enabled
R-Q-SL-11-003-04-general-web,Q-SL-11-003-04,SL-11-003,general_web,3,pending,baseline
R-Q-SL-11-003-04-image-search,Q-SL-11-003-04,SL-11-003,image_search,4,pending,baseline
R-Q-SL-11-003-05-local-folder,Q-SL-11-003-05,SL-11-003,local_folder,1,pending,local_source_enabled
R-Q-SL-11-003-05-general-web,Q-SL-11-003-05,SL-11-003,general_web,3,pending,baseline
R-Q-SL-11-003-05-image-search,Q-SL-11-003-05,SL-11-003,image_search,4,pending,baseline
R-Q-SL-11-004-01-local-folder,Q-SL-11-004-01,SL-11-004,local_folder,1,pending,local_source_enabled
R-Q-SL-11-004-01-general-web,Q-SL-11-004-01,SL-11-004,general_web,3,pending,baseline
R-Q-SL-11-004-01-image-search,Q-SL-11-004-01,SL-11-004,image_search,4,pending,baseline
R-Q-SL-11-004-02-local-folder,Q-SL-11-004-02,SL-11-004,local_folder,1,pending,local_source_enabled
R-Q-SL-11-004-02-general-web,Q-SL-11-004-02,SL-11-004,general_web,3,pending,baseline
R-Q-SL-11-004-02-image-search,Q-SL-11-004-02,SL-11-004,image_search,4,pending,baseline
R-Q-SL-11-004-03-local-folder,Q-SL-11-004-03,SL-11-004,local_folder,1,pending,local_source_enabled
R-Q-SL-11-004-03-general-web,Q-SL-11-004-03,SL-11-004,general_web,3,pending,baseline
R-Q-SL-11-004-03-image-search,Q-SL-11-004-03,SL-11-004,image_search,4,pending,baseline
R-Q-SL-11-004-04-local-folder,Q-SL-11-004-04,SL-11-004,local_folder,1,pending,local_source_enabled
R-Q-SL-11-004-04-general-web,Q-SL-11-004-04,SL-11-004,general_web,3,pending,baseline
R-Q-SL-11-004-04-image-search,Q-SL-11-004-04,SL-11-004,image_search,4,pending,baseline
R-Q-SL-11-004-05-local-folder,Q-SL-11-004-05,SL-11-004,local_folder,1,pending,local_source_enabled
R-Q-SL-11-004-05-wikimedia,Q-SL-11-004-05,SL-11-004,wikimedia,2,pending,historical_query
R-Q-SL-11-004-05-general-web,Q-SL-11-004-05,SL-11-004,general_web,3,pending,baseline
R-Q-SL-11-004-05-image-search,Q-SL-11-004-05,SL-11-004,image_search,4,pending,baseline
R-Q-SL-11-005-01-local-folder,Q-SL-11-005-01,SL-11-005,local_folder,1,pending,local_source_enabled
R-Q-SL-11-005-01-general-web,Q-SL-11-005-01,SL-11-005,general_web,3,pending,baseline
R-Q-SL-11-005-01-image-search,Q-SL-11-005-01,SL-11-005,image_search,4,pending,baseline
R-Q-SL-11-005-02-local-folder,Q-SL-11-005-02,SL-11-005,local_folder,1,pending,local_source_enabled
R-Q-SL-11-005-02-general-web,Q-SL-11-005-02,SL-11-005,general_web,3,pending,baseline
R-Q-SL-11-005-02-image-search,Q-SL-11-005-02,SL-11-005,image_search,4,pending,baseline
R-Q-SL-11-005-03-local-folder,Q-SL-11-005-03,SL-11-005,local_folder,1,pending,local_source_enabled
R-Q-SL-11-005-03-general-web,Q-SL-11-005-03,SL-11-005,general_web,3,pending,baseline
R-Q-SL-11-005-03-image-search,Q-SL-11-005-03,SL-11-005,image_search,4,pending,baseline
R-Q-SL-11-005-04-local-folder,Q-SL-11-005-04,SL-11-005,local_folder,1,pending,local_source_enabled
R-Q-SL-11-005-04-general-web,Q-SL-11-005-04,SL-11-005,general_web,3,pending,baseline
R-Q-SL-11-005-04-image-search,Q-SL-11-005-04,SL-11-005,image_search,4,pending,baseline
R-Q-SL-11-005-05-local-folder,Q-SL-11-005-05,SL-11-005,local_folder,1,pending,local_source_enabled
R-Q-SL-11-005-05-wikimedia,Q-SL-11-005-05,SL-11-005,wikimedia,2,pending,historical_query
R-Q-SL-11-005-05-general-web,Q-SL-11-005-05,SL-11-005,general_web,3,pending,baseline
R-Q-SL-11-005-05-image-search,Q-SL-11-005-05,SL-11-005,image_search,4,pending,baseline
R-Q-SL-11-006-01-local-folder,Q-SL-11-006-01,SL-11-006,local_folder,1,pending,local_source_enabled
R-Q-SL-11-006-01-general-web,Q-SL-11-006-01,SL-11-006,general_web,3,pending,baseline
R-Q-SL-11-006-01-image-search,Q-SL-11-006-01,SL-11-006,image_search,4,pending,baseline
R-Q-SL-11-006-02-local-folder,Q-SL-11-006-02,SL-11-006,local_folder,1,pending,local_source_enabled
R-Q-SL-11-006-02-general-web,Q-SL-11-006-02,SL-11-006,general_web,3,pending,baseline
R-Q-SL-11-006-02-image-search,Q-SL-11-006-02,SL-11-006,image_search,4,pending,baseline
R-Q-SL-11-006-03-local-folder,Q-SL-11-006-03,SL-11-006,local_folder,1,pending,local_source_enabled
R-Q-SL-11-006-03-general-web,Q-SL-11-006-03,SL-11-006,general_web,3,pending,baseline
R-Q-SL-11-006-03-image-search,Q-SL-11-006-03,SL-11-006,image_search,4,pending,baseline
R-Q-SL-11-006-04-local-folder,Q-SL-11-006-04,SL-11-006,local_folder,1,pending,local_source_enabled
R-Q-SL-11-006-04-general-web,Q-SL-11-006-04,SL-11-006,general_web,3,pending,baseline
R-Q-SL-11-006-04-image-search,Q-SL-11-006-04,SL-11-006,image_search,4,pending,baseline
R-Q-SL-11-006-05-local-folder,Q-SL-11-006-05,SL-11-006,local_folder,1,pending,local_source_enabled
R-Q-SL-11-006-05-wikimedia,Q-SL-11-006-05,SL-11-006,wikimedia,2,pending,historical_query
R-Q-SL-11-006-05-general-web,Q-SL-11-006-05,SL-11-006,general_web,3,pending,baseline
R-Q-SL-11-006-05-image-search,Q-SL-11-006-05,SL-11-006,image_search,4,pending,baseline
R-Q-SL-11-007-01-local-folder,Q-SL-11-007-01,SL-11-007,local_folder,1,pending,local_source_enabled
R-Q-SL-11-007-01-general-web,Q-SL-11-007-01,SL-11-007,general_web,3,pending,baseline
R-Q-SL-11-007-01-image-search,Q-SL-11-007-01,SL-11-007,image_search,4,pending,baseline
R-Q-SL-11-007-02-local-folder,Q-SL-11-007-02,SL-11-007,local_folder,1,pending,local_source_enabled
R-Q-SL-11-007-02-general-web,Q-SL-11-007-02,SL-11-007,general_web,3,pending,baseline
R-Q-SL-11-007-02-image-search,Q-SL-11-007-02,SL-11-007,image_search,4,pending,baseline
R-Q-SL-11-007-03-local-folder,Q-SL-11-007-03,SL-11-007,local_folder,1,pending,local_source_enabled
R-Q-SL-11-007-03-general-web,Q-SL-11-007-03,SL-11-007,general_web,3,pending,baseline
R-Q-SL-11-007-03-image-search,Q-SL-11-007-03,SL-11-007,image_search,4,pending,baseline
R-Q-SL-11-007-04-local-folder,Q-SL-11-007-04,SL-11-007,local_folder,1,pending,local_source_enabled
R-Q-SL-11-007-04-wikimedia,Q-SL-11-007-04,SL-11-007,wikimedia,2,pending,historical_query
R-Q-SL-11-007-04-general-web,Q-SL-11-007-04,SL-11-007,general_web,3,pending,baseline
R-Q-SL-11-007-04-image-search,Q-SL-11-007-04,SL-11-007,image_search,4,pending,baseline
R-Q-SL-11-007-05-local-folder,Q-SL-11-007-05,SL-11-007,local_folder,1,pending,local_source_enabled
R-Q-SL-11-007-05-general-web,Q-SL-11-007-05,SL-11-007,general_web,3,pending,baseline
R-Q-SL-11-007-05-image-search,Q-SL-11-007-05,SL-11-007,image_search,4,pending,baseline
R-Q-SL-11-008-01-local-folder,Q-SL-11-008-01,SL-11-008,local_folder,1,pending,local_source_enabled
R-Q-SL-11-008-01-general-web,Q-SL-11-008-01,SL-11-008,general_web,3,pending,baseline
R-Q-SL-11-008-01-image-search,Q-SL-11-008-01,SL-11-008,image_search,4,pending,baseline
R-Q-SL-11-008-02-local-folder,Q-SL-11-008-02,SL-11-008,local_folder,1,pending,local_source_enabled
R-Q-SL-11-008-02-general-web,Q-SL-11-008-02,SL-11-008,general_web,3,pending,baseline
R-Q-SL-11-008-02-image-search,Q-SL-11-008-02,SL-11-008,image_search,4,pending,baseline
R-Q-SL-11-008-03-local-folder,Q-SL-11-008-03,SL-11-008,local_folder,1,pending,local_source_enabled
R-Q-SL-11-008-03-general-web,Q-SL-11-008-03,SL-11-008,general_web,3,pending,baseline
R-Q-SL-11-008-03-image-search,Q-SL-11-008-03,SL-11-008,image_search,4,pending,baseline
R-Q-SL-11-008-04-local-folder,Q-SL-11-008-04,SL-11-008,local_folder,1,pending,local_source_enabled
R-Q-SL-11-008-04-wikimedia,Q-SL-11-008-04,SL-11-008,wikimedia,2,pending,historical_query
R-Q-SL-11-008-04-general-web,Q-SL-11-008-04,SL-11-008,general_web,3,pending,baseline
R-Q-SL-11-008-04-image-search,Q-SL-11-008-04,SL-11-008,image_search,4,pending,baseline
R-Q-SL-11-008-05-local-folder,Q-SL-11-008-05,SL-11-008,local_folder,1,pending,local_source_enabled
R-Q-SL-11-008-05-general-web,Q-SL-11-008-05,SL-11-008,general_web,3,pending,baseline
R-Q-SL-11-008-05-image-search,Q-SL-11-008-05,SL-11-008,image_search,4,pending,baseline
R-Q-SL-11-009-01-local-folder,Q-SL-11-009-01,SL-11-009,local_folder,1,pending,local_source_enabled
R-Q-SL-11-009-01-general-web,Q-SL-11-009-01,SL-11-009,general_web,3,pending,baseline
R-Q-SL-11-009-01-image-search,Q-SL-11-009-01,SL-11-009,image_search,4,pending,baseline
R-Q-SL-11-009-02-local-folder,Q-SL-11-009-02,SL-11-009,local_folder,1,pending,local_source_enabled
R-Q-SL-11-009-02-general-web,Q-SL-11-009-02,SL-11-009,general_web,3,pending,baseline
R-Q-SL-11-009-02-image-search,Q-SL-11-009-02,SL-11-009,image_search,4,pending,baseline
R-Q-SL-11-009-03-local-folder,Q-SL-11-009-03,SL-11-009,local_folder,1,pending,local_source_enabled
R-Q-SL-11-009-03-general-web,Q-SL-11-009-03,SL-11-009,general_web,3,pending,baseline
R-Q-SL-11-009-03-image-search,Q-SL-11-009-03,SL-11-009,image_search,4,pending,baseline
R-Q-SL-11-009-04-local-folder,Q-SL-11-009-04,SL-11-009,local_folder,1,pending,local_source_enabled
R-Q-SL-11-009-04-general-web,Q-SL-11-009-04,SL-11-009,general_web,3,pending,baseline
R-Q-SL-11-009-04-image-search,Q-SL-11-009-04,SL-11-009,image_search,4,pending,baseline
R-Q-SL-11-009-05-local-folder,Q-SL-11-009-05,SL-11-009,local_folder,1,pending,local_source_enabled
R-Q-SL-11-009-05-general-web,Q-SL-11-009-05,SL-11-009,general_web,3,pending,baseline
R-Q-SL-11-009-05-image-search,Q-SL-11-009-05,SL-11-009,image_search,4,pending,baseline
R-Q-SL-11-010-01-local-folder,Q-SL-11-010-01,SL-11-010,local_folder,1,pending,local_source_enabled
R-Q-SL-11-010-01-wikimedia,Q-SL-11-010-01,SL-11-010,wikimedia,2,pending,category_rule
R-Q-SL-11-010-01-general-web,Q-SL-11-010-01,SL-11-010,general_web,3,pending,baseline
R-Q-SL-11-010-01-image-search,Q-SL-11-010-01,SL-11-010,image_search,4,pending,baseline
R-Q-SL-11-010-02-local-folder,Q-SL-11-010-02,SL-11-010,local_folder,1,pending,local_source_enabled
R-Q-SL-11-010-02-wikimedia,Q-SL-11-010-02,SL-11-010,wikimedia,2,pending,category_rule
R-Q-SL-11-010-02-general-web,Q-SL-11-010-02,SL-11-010,general_web,3,pending,baseline
R-Q-SL-11-010-02-image-search,Q-SL-11-010-02,SL-11-010,image_search,4,pending,baseline
R-Q-SL-11-010-03-local-folder,Q-SL-11-010-03,SL-11-010,local_folder,1,pending,local_source_enabled
R-Q-SL-11-010-03-wikimedia,Q-SL-11-010-03,SL-11-010,wikimedia,2,pending,category_rule
R-Q-SL-11-010-03-general-web,Q-SL-11-010-03,SL-11-010,general_web,3,pending,baseline
R-Q-SL-11-010-03-image-search,Q-SL-11-010-03,SL-11-010,image_search,4,pending,baseline
R-Q-SL-11-010-04-local-folder,Q-SL-11-010-04,SL-11-010,local_folder,1,pending,local_source_enabled
R-Q-SL-11-010-04-wikimedia,Q-SL-11-010-04,SL-11-010,wikimedia,2,pending,category_rule
R-Q-SL-11-010-04-general-web,Q-SL-11-010-04,SL-11-010,general_web,3,pending,baseline
R-Q-SL-11-010-04-image-search,Q-SL-11-010-04,SL-11-010,image_search,4,pending,baseline
R-Q-SL-11-010-05-local-folder,Q-SL-11-010-05,SL-11-010,local_folder,1,pending,local_source_enabled
R-Q-SL-11-010-05-wikimedia,Q-SL-11-010-05,SL-11-010,wikimedia,2,pending,"category_rule,historical_query"
R-Q-SL-11-010-05-general-web,Q-SL-11-010-05,SL-11-010,general_web,3,pending,baseline
R-Q-SL-11-010-05-image-search,Q-SL-11-010-05,SL-11-010,image_search,4,pending,baseline
R-Q-SL-11-011-01-local-folder,Q-SL-11-011-01,SL-11-011,local_folder,1,pending,local_source_enabled
R-Q-SL-11-011-01-general-web,Q-SL-11-011-01,SL-11-011,general_web,3,pending,baseline
R-Q-SL-11-011-01-image-search,Q-SL-11-011-01,SL-11-011,image_search,4,pending,baseline
R-Q-SL-11-011-02-local-folder,Q-SL-11-011-02,SL-11-011,local_folder,1,pending,local_source_enabled
R-Q-SL-11-011-02-general-web,Q-SL-11-011-02,SL-11-011,general_web,3,pending,baseline
R-Q-SL-11-011-02-image-search,Q-SL-11-011-02,SL-11-011,image_search,4,pending,baseline
R-Q-SL-11-011-03-local-folder,Q-SL-11-011-03,SL-11-011,local_folder,1,pending,local_source_enabled
R-Q-SL-11-011-03-general-web,Q-SL-11-011-03,SL-11-011,general_web,3,pending,baseline
R-Q-SL-11-011-03-image-search,Q-SL-11-011-03,SL-11-011,image_search,4,pending,baseline
R-Q-SL-11-011-04-local-folder,Q-SL-11-011-04,SL-11-011,local_folder,1,pending,local_source_enabled
R-Q-SL-11-011-04-wikimedia,Q-SL-11-011-04,SL-11-011,wikimedia,2,pending,historical_query
R-Q-SL-11-011-04-general-web,Q-SL-11-011-04,SL-11-011,general_web,3,pending,baseline
R-Q-SL-11-011-04-image-search,Q-SL-11-011-04,SL-11-011,image_search,4,pending,baseline
R-Q-SL-11-011-05-local-folder,Q-SL-11-011-05,SL-11-011,local_folder,1,pending,local_source_enabled
R-Q-SL-11-011-05-general-web,Q-SL-11-011-05,SL-11-011,general_web,3,pending,baseline
R-Q-SL-11-011-05-image-search,Q-SL-11-011-05,SL-11-011,image_search,4,pending,baseline
R-Q-SL-11-012-01-local-folder,Q-SL-11-012-01,SL-11-012,local_folder,1,pending,local_source_enabled
R-Q-SL-11-012-01-wikimedia,Q-SL-11-012-01,SL-11-012,wikimedia,2,pending,historical_query
R-Q-SL-11-012-01-general-web,Q-SL-11-012-01,SL-11-012,general_web,3,pending,baseline
R-Q-SL-11-012-01-image-search,Q-SL-11-012-01,SL-11-012,image_search,4,pending,baseline
R-Q-SL-11-012-02-local-folder,Q-SL-11-012-02,SL-11-012,local_folder,1,pending,local_source_enabled
R-Q-SL-11-012-02-wikimedia,Q-SL-11-012-02,SL-11-012,wikimedia,2,pending,historical_query
R-Q-SL-11-012-02-general-web,Q-SL-11-012-02,SL-11-012,general_web,3,pending,baseline
R-Q-SL-11-012-02-image-search,Q-SL-11-012-02,SL-11-012,image_search,4,pending,baseline
R-Q-SL-11-012-03-local-folder,Q-SL-11-012-03,SL-11-012,local_folder,1,pending,local_source_enabled
R-Q-SL-11-012-03-wikimedia,Q-SL-11-012-03,SL-11-012,wikimedia,2,pending,historical_query
R-Q-SL-11-012-03-general-web,Q-SL-11-012-03,SL-11-012,general_web,3,pending,baseline
R-Q-SL-11-012-03-image-search,Q-SL-11-012-03,SL-11-012,image_search,4,pending,baseline
R-Q-SL-11-012-04-local-folder,Q-SL-11-012-04,SL-11-012,local_folder,1,pending,local_source_enabled
R-Q-SL-11-012-04-wikimedia,Q-SL-11-012-04,SL-11-012,wikimedia,2,pending,historical_query
R-Q-SL-11-012-04-general-web,Q-SL-11-012-04,SL-11-012,general_web,3,pending,baseline
R-Q-SL-11-012-04-image-search,Q-SL-11-012-04,SL-11-012,image_search,4,pending,baseline
R-Q-SL-11-012-05-local-folder,Q-SL-11-012-05,SL-11-012,local_folder,1,pending,local_source_enabled
R-Q-SL-11-012-05-wikimedia,Q-SL-11-012-05,SL-11-012,wikimedia,2,pending,historical_query
R-Q-SL-11-012-05-general-web,Q-SL-11-012-05,SL-11-012,general_web,3,pending,baseline
R-Q-SL-11-012-05-image-search,Q-SL-11-012-05,SL-11-012,image_search,4,pending,baseline
R-Q-SL-11-013-01-local-folder,Q-SL-11-013-01,SL-11-013,local_folder,1,pending,local_source_enabled
R-Q-SL-11-013-01-general-web,Q-SL-11-013-01,SL-11-013,general_web,3,pending,baseline
R-Q-SL-11-013-01-image-search,Q-SL-11-013-01,SL-11-013,image_search,4,pending,baseline
R-Q-SL-11-013-02-local-folder,Q-SL-11-013-02,SL-11-013,local_folder,1,pending,local_source_enabled
R-Q-SL-11-013-02-general-web,Q-SL-11-013-02,SL-11-013,general_web,3,pending,baseline
R-Q-SL-11-013-02-image-search,Q-SL-11-013-02,SL-11-013,image_search,4,pending,baseline
R-Q-SL-11-013-03-local-folder,Q-SL-11-013-03,SL-11-013,local_folder,1,pending,local_source_enabled
R-Q-SL-11-013-03-general-web,Q-SL-11-013-03,SL-11-013,general_web,3,pending,baseline
R-Q-SL-11-013-03-image-search,Q-SL-11-013-03,SL-11-013,image_search,4,pending,baseline
R-Q-SL-11-013-04-local-folder,Q-SL-11-013-04,SL-11-013,local_folder,1,pending,local_source_enabled
R-Q-SL-11-013-04-wikimedia,Q-SL-11-013-04,SL-11-013,wikimedia,2,pending,historical_query
R-Q-SL-11-013-04-general-web,Q-SL-11-013-04,SL-11-013,general_web,3,pending,baseline
R-Q-SL-11-013-04-image-search,Q-SL-11-013-04,SL-11-013,image_search,4,pending,baseline
R-Q-SL-11-013-05-local-folder,Q-SL-11-013-05,SL-11-013,local_folder,1,pending,local_source_enabled
R-Q-SL-11-013-05-general-web,Q-SL-11-013-05,SL-11-013,general_web,3,pending,baseline
R-Q-SL-11-013-05-image-search,Q-SL-11-013-05,SL-11-013,image_search,4,pending,baseline
R-Q-SL-11-014-01-local-folder,Q-SL-11-014-01,SL-11-014,local_folder,1,pending,local_source_enabled
R-Q-SL-11-014-01-general-web,Q-SL-11-014-01,SL-11-014,general_web,3,pending,baseline
R-Q-SL-11-014-01-image-search,Q-SL-11-014-01,SL-11-014,image_search,4,pending,baseline
R-Q-SL-11-014-02-local-folder,Q-SL-11-014-02,SL-11-014,local_folder,1,pending,local_source_enabled
R-Q-SL-11-014-02-general-web,Q-SL-11-014-02,SL-11-014,general_web,3,pending,baseline
R-Q-SL-11-014-02-image-search,Q-SL-11-014-02,SL-11-014,image_search,4,pending,baseline
R-Q-SL-11-014-03-local-folder,Q-SL-11-014-03,SL-11-014,local_folder,1,pending,local_source_enabled
R-Q-SL-11-014-03-general-web,Q-SL-11-014-03,SL-11-014,general_web,3,pending,baseline
R-Q-SL-11-014-03-image-search,Q-SL-11-014-03,SL-11-014,image_search,4,pending,baseline
R-Q-SL-11-014-04-local-folder,Q-SL-11-014-04,SL-11-014,local_folder,1,pending,local_source_enabled
R-Q-SL-11-014-04-general-web,Q-SL-11-014-04,SL-11-014,general_web,3,pending,baseline
R-Q-SL-11-014-04-image-search,Q-SL-11-014-04,SL-11-014,image_search,4,pending,baseline
R-Q-SL-11-014-05-local-folder,Q-SL-11-014-05,SL-11-014,local_folder,1,pending,local_source_enabled
R-Q-SL-11-014-05-wikimedia,Q-SL-11-014-05,SL-11-014,wikimedia,2,pending,historical_query
R-Q-SL-11-014-05-general-web,Q-SL-11-014-05,SL-11-014,general_web,3,pending,baseline
R-Q-SL-11-014-05-image-search,Q-SL-11-014-05,SL-11-014,image_search,4,pending,baseline
R-Q-SL-11-015-01-local-folder,Q-SL-11-015-01,SL-11-015,local_folder,1,pending,local_source_enabled
R-Q-SL-11-015-01-wikimedia,Q-SL-11-015-01,SL-11-015,wikimedia,2,pending,historical_query
R-Q-SL-11-015-01-general-web,Q-SL-11-015-01,SL-11-015,general_web,3,pending,baseline
R-Q-SL-11-015-01-image-search,Q-SL-11-015-01,SL-11-015,image_search,4,pending,baseline
R-Q-SL-11-015-02-local-folder,Q-SL-11-015-02,SL-11-015,local_folder,1,pending,local_source_enabled
R-Q-SL-11-015-02-wikimedia,Q-SL-11-015-02,SL-11-015,wikimedia,2,pending,historical_query
R-Q-SL-11-015-02-general-web,Q-SL-11-015-02,SL-11-015,general_web,3,pending,baseline
R-Q-SL-11-015-02-image-search,Q-SL-11-015-02,SL-11-015,image_search,4,pending,baseline
R-Q-SL-11-015-03-local-folder,Q-SL-11-015-03,SL-11-015,local_folder,1,pending,local_source_enabled
R-Q-SL-11-015-03-wikimedia,Q-SL-11-015-03,SL-11-015,wikimedia,2,pending,historical_query
R-Q-SL-11-015-03-general-web,Q-SL-11-015-03,SL-11-015,general_web,3,pending,baseline
R-Q-SL-11-015-03-image-search,Q-SL-11-015-03,SL-11-015,image_search,4,pending,baseline
R-Q-SL-11-015-04-local-folder,Q-SL-11-015-04,SL-11-015,local_folder,1,pending,local_source_enabled
R-Q-SL-11-015-04-wikimedia,Q-SL-11-015-04,SL-11-015,wikimedia,2,pending,historical_query
R-Q-SL-11-015-04-general-web,Q-SL-11-015-04,SL-11-015,general_web,3,pending,baseline
R-Q-SL-11-015-04-image-search,Q-SL-11-015-04,SL-11-015,image_search,4,pending,baseline
R-Q-SL-11-015-05-local-folder,Q-SL-11-015-05,SL-11-015,local_folder,1,pending,local_source_enabled
R-Q-SL-11-015-05-wikimedia,Q-SL-11-015-05,SL-11-015,wikimedia,2,pending,historical_query
R-Q-SL-11-015-05-general-web,Q-SL-11-015-05,SL-11-015,general_web,3,pending,baseline
R-Q-SL-11-015-05-image-search,Q-SL-11-015-05,SL-11-015,image_search,4,pending,baseline
R-Q-SL-11-016-01-local-folder,Q-SL-11-016-01,SL-11-016,local_folder,1,pending,local_source_enabled
R-Q-SL-11-016-01-general-web,Q-SL-11-016-01,SL-11-016,general_web,3,pending,baseline
R-Q-SL-11-016-01-image-search,Q-SL-11-016-01,SL-11-016,image_search,4,pending,baseline
R-Q-SL-11-016-02-local-folder,Q-SL-11-016-02,SL-11-016,local_folder,1,pending,local_source_enabled
R-Q-SL-11-016-02-general-web,Q-SL-11-016-02,SL-11-016,general_web,3,pending,baseline
R-Q-SL-11-016-02-image-search,Q-SL-11-016-02,SL-11-016,image_search,4,pending,baseline
R-Q-SL-11-016-03-local-folder,Q-SL-11-016-03,SL-11-016,local_folder,1,pending,local_source_enabled
R-Q-SL-11-016-03-general-web,Q-SL-11-016-03,SL-11-016,general_web,3,pending,baseline
R-Q-SL-11-016-03-image-search,Q-SL-11-016-03,SL-11-016,image_search,4,pending,baseline
R-Q-SL-11-016-04-local-folder,Q-SL-11-016-04,SL-11-016,local_folder,1,pending,local_source_enabled
R-Q-SL-11-016-04-wikimedia,Q-SL-11-016-04,SL-11-016,wikimedia,2,pending,historical_query
R-Q-SL-11-016-04-general-web,Q-SL-11-016-04,SL-11-016,general_web,3,pending,baseline
R-Q-SL-11-016-04-image-search,Q-SL-11-016-04,SL-11-016,image_search,4,pending,baseline
R-Q-SL-11-016-05-local-folder,Q-SL-11-016-05,SL-11-016,local_folder,1,pending,local_source_enabled
R-Q-SL-11-016-05-general-web,Q-SL-11-016-05,SL-11-016,general_web,3,pending,baseline
R-Q-SL-11-016-05-image-search,Q-SL-11-016-05,SL-11-016,image_search,4,pending,baseline
R-Q-SL-11-017-01-local-folder,Q-SL-11-017-01,SL-11-017,local_folder,1,pending,local_source_enabled
R-Q-SL-11-017-01-general-web,Q-SL-11-017-01,SL-11-017,general_web,3,pending,baseline
R-Q-SL-11-017-01-image-search,Q-SL-11-017-01,SL-11-017,image_search,4,pending,baseline
R-Q-SL-11-017-02-local-folder,Q-SL-11-017-02,SL-11-017,local_folder,1,pending,local_source_enabled
R-Q-SL-11-017-02-general-web,Q-SL-11-017-02,SL-11-017,general_web,3,pending,baseline
R-Q-SL-11-017-02-image-search,Q-SL-11-017-02,SL-11-017,image_search,4,pending,baseline
R-Q-SL-11-017-03-local-folder,Q-SL-11-017-03,SL-11-017,local_folder,1,pending,local_source_enabled
R-Q-SL-11-017-03-general-web,Q-SL-11-017-03,SL-11-017,general_web,3,pending,baseline
R-Q-SL-11-017-03-image-search,Q-SL-11-017-03,SL-11-017,image_search,4,pending,baseline
R-Q-SL-11-017-04-local-folder,Q-SL-11-017-04,SL-11-017,local_folder,1,pending,local_source_enabled
R-Q-SL-11-017-04-general-web,Q-SL-11-017-04,SL-11-017,general_web,3,pending,baseline
R-Q-SL-11-017-04-image-search,Q-SL-11-017-04,SL-11-017,image_search,4,pending,baseline
R-Q-SL-11-017-05-local-folder,Q-SL-11-017-05,SL-11-017,local_folder,1,pending,local_source_enabled
R-Q-SL-11-017-05-wikimedia,Q-SL-11-017-05,SL-11-017,wikimedia,2,pending,historical_query
R-Q-SL-11-017-05-general-web,Q-SL-11-017-05,SL-11-017,general_web,3,pending,baseline
R-Q-SL-11-017-05-image-search,Q-SL-11-017-05,SL-11-017,image_search,4,pending,baseline
R-Q-SL-11-018-01-local-folder,Q-SL-11-018-01,SL-11-018,local_folder,1,pending,local_source_enabled
R-Q-SL-11-018-01-wikimedia,Q-SL-11-018-01,SL-11-018,wikimedia,2,pending,historical_query
R-Q-SL-11-018-01-general-web,Q-SL-11-018-01,SL-11-018,general_web,3,pending,baseline
R-Q-SL-11-018-01-image-search,Q-SL-11-018-01,SL-11-018,image_search,4,pending,baseline
R-Q-SL-11-018-02-local-folder,Q-SL-11-018-02,SL-11-018,local_folder,1,pending,local_source_enabled
R-Q-SL-11-018-02-wikimedia,Q-SL-11-018-02,SL-11-018,wikimedia,2,pending,historical_query
R-Q-SL-11-018-02-general-web,Q-SL-11-018-02,SL-11-018,general_web,3,pending,baseline
R-Q-SL-11-018-02-image-search,Q-SL-11-018-02,SL-11-018,image_search,4,pending,baseline
R-Q-SL-11-018-03-local-folder,Q-SL-11-018-03,SL-11-018,local_folder,1,pending,local_source_enabled
R-Q-SL-11-018-03-wikimedia,Q-SL-11-018-03,SL-11-018,wikimedia,2,pending,historical_query
R-Q-SL-11-018-03-general-web,Q-SL-11-018-03,SL-11-018,general_web,3,pending,baseline
R-Q-SL-11-018-03-image-search,Q-SL-11-018-03,SL-11-018,image_search,4,pending,baseline
R-Q-SL-11-018-04-local-folder,Q-SL-11-018-04,SL-11-018,local_folder,1,pending,local_source_enabled
R-Q-SL-11-018-04-wikimedia,Q-SL-11-018-04,SL-11-018,wikimedia,2,pending,historical_query
R-Q-SL-11-018-04-general-web,Q-SL-11-018-04,SL-11-018,general_web,3,pending,baseline
R-Q-SL-11-018-04-image-search,Q-SL-11-018-04,SL-11-018,image_search,4,pending,baseline
R-Q-SL-11-018-05-local-folder,Q-SL-11-018-05,SL-11-018,local_folder,1,pending,local_source_enabled
R-Q-SL-11-018-05-wikimedia,Q-SL-11-018-05,SL-11-018,wikimedia,2,pending,historical_query
R-Q-SL-11-018-05-general-web,Q-SL-11-018-05,SL-11-018,general_web,3,pending,baseline
R-Q-SL-11-018-05-image-search,Q-SL-11-018-05,SL-11-018,image_search,4,pending,baseline
R-Q-SL-11-019-01-local-folder,Q-SL-11-019-01,SL-11-019,local_folder,1,pending,local_source_enabled
R-Q-SL-11-019-01-general-web,Q-SL-11-019-01,SL-11-019,general_web,3,pending,baseline
R-Q-SL-11-019-01-image-search,Q-SL-11-019-01,SL-11-019,image_search,4,pending,baseline
R-Q-SL-11-019-02-local-folder,Q-SL-11-019-02,SL-11-019,local_folder,1,pending,local_source_enabled
R-Q-SL-11-019-02-general-web,Q-SL-11-019-02,SL-11-019,general_web,3,pending,baseline
R-Q-SL-11-019-02-image-search,Q-SL-11-019-02,SL-11-019,image_search,4,pending,baseline
R-Q-SL-11-019-03-local-folder,Q-SL-11-019-03,SL-11-019,local_folder,1,pending,local_source_enabled
R-Q-SL-11-019-03-general-web,Q-SL-11-019-03,SL-11-019,general_web,3,pending,baseline
R-Q-SL-11-019-03-image-search,Q-SL-11-019-03,SL-11-019,image_search,4,pending,baseline
R-Q-SL-11-019-04-local-folder,Q-SL-11-019-04,SL-11-019,local_folder,1,pending,local_source_enabled
R-Q-SL-11-019-04-wikimedia,Q-SL-11-019-04,SL-11-019,wikimedia,2,pending,historical_query
R-Q-SL-11-019-04-general-web,Q-SL-11-019-04,SL-11-019,general_web,3,pending,baseline
R-Q-SL-11-019-04-image-search,Q-SL-11-019-04,SL-11-019,image_search,4,pending,baseline
R-Q-SL-11-019-05-local-folder,Q-SL-11-019-05,SL-11-019,local_folder,1,pending,local_source_enabled
R-Q-SL-11-019-05-general-web,Q-SL-11-019-05,SL-11-019,general_web,3,pending,baseline
R-Q-SL-11-019-05-image-search,Q-SL-11-019-05,SL-11-019,image_search,4,pending,baseline
R-Q-SL-11-020-01-local-folder,Q-SL-11-020-01,SL-11-020,local_folder,1,pending,local_source_enabled
R-Q-SL-11-020-01-general-web,Q-SL-11-020-01,SL-11-020,general_web,3,pending,baseline
R-Q-SL-11-020-01-image-search,Q-SL-11-020-01,SL-11-020,image_search,4,pending,baseline
R-Q-SL-11-020-02-local-folder,Q-SL-11-020-02,SL-11-020,local_folder,1,pending,local_source_enabled
R-Q-SL-11-020-02-general-web,Q-SL-11-020-02,SL-11-020,general_web,3,pending,baseline
R-Q-SL-11-020-02-image-search,Q-SL-11-020-02,SL-11-020,image_search,4,pending,baseline
R-Q-SL-11-020-03-local-folder,Q-SL-11-020-03,SL-11-020,local_folder,1,pending,local_source_enabled
R-Q-SL-11-020-03-general-web,Q-SL-11-020-03,SL-11-020,general_web,3,pending,baseline
R-Q-SL-11-020-03-image-search,Q-SL-11-020-03,SL-11-020,image_search,4,pending,baseline
R-Q-SL-11-020-04-local-folder,Q-SL-11-020-04,SL-11-020,local_folder,1,pending,local_source_enabled
R-Q-SL-11-020-04-general-web,Q-SL-11-020-04,SL-11-020,general_web,3,pending,baseline
R-Q-SL-11-020-04-image-search,Q-SL-11-020-04,SL-11-020,image_search,4,pending,baseline
R-Q-SL-11-020-05-local-folder,Q-SL-11-020-05,SL-11-020,local_folder,1,pending,local_source_enabled
R-Q-SL-11-020-05-wikimedia,Q-SL-11-020-05,SL-11-020,wikimedia,2,pending,historical_query
R-Q-SL-11-020-05-general-web,Q-SL-11-020-05,SL-11-020,general_web,3,pending,baseline
R-Q-SL-11-020-05-image-search,Q-SL-11-020-05,SL-11-020,image_search,4,pending,baseline
R-Q-SL-11-021-01-local-folder,Q-SL-11-021-01,SL-11-021,local_folder,1,pending,local_source_enabled
R-Q-SL-11-021-01-wikimedia,Q-SL-11-021-01,SL-11-021,wikimedia,2,pending,historical_query
R-Q-SL-11-021-01-general-web,Q-SL-11-021-01,SL-11-021,general_web,3,pending,baseline
R-Q-SL-11-021-01-image-search,Q-SL-11-021-01,SL-11-021,image_search,4,pending,baseline
R-Q-SL-11-021-02-local-folder,Q-SL-11-021-02,SL-11-021,local_folder,1,pending,local_source_enabled
R-Q-SL-11-021-02-wikimedia,Q-SL-11-021-02,SL-11-021,wikimedia,2,pending,historical_query
R-Q-SL-11-021-02-general-web,Q-SL-11-021-02,SL-11-021,general_web,3,pending,baseline
R-Q-SL-11-021-02-image-search,Q-SL-11-021-02,SL-11-021,image_search,4,pending,baseline
R-Q-SL-11-021-03-local-folder,Q-SL-11-021-03,SL-11-021,local_folder,1,pending,local_source_enabled
R-Q-SL-11-021-03-wikimedia,Q-SL-11-021-03,SL-11-021,wikimedia,2,pending,historical_query
R-Q-SL-11-021-03-general-web,Q-SL-11-021-03,SL-11-021,general_web,3,pending,baseline
R-Q-SL-11-021-03-image-search,Q-SL-11-021-03,SL-11-021,image_search,4,pending,baseline
R-Q-SL-11-021-04-local-folder,Q-SL-11-021-04,SL-11-021,local_folder,1,pending,local_source_enabled
R-Q-SL-11-021-04-wikimedia,Q-SL-11-021-04,SL-11-021,wikimedia,2,pending,historical_query
R-Q-SL-11-021-04-general-web,Q-SL-11-021-04,SL-11-021,general_web,3,pending,baseline
R-Q-SL-11-021-04-image-search,Q-SL-11-021-04,SL-11-021,image_search,4,pending,baseline
R-Q-SL-11-021-05-local-folder,Q-SL-11-021-05,SL-11-021,local_folder,1,pending,local_source_enabled
R-Q-SL-11-021-05-wikimedia,Q-SL-11-021-05,SL-11-021,wikimedia,2,pending,historical_query
R-Q-SL-11-021-05-general-web,Q-SL-11-021-05,SL-11-021,general_web,3,pending,baseline
R-Q-SL-11-021-05-image-search,Q-SL-11-021-05,SL-11-021,image_search,4,pending,baseline
R-Q-SL-11-022-01-local-folder,Q-SL-11-022-01,SL-11-022,local_folder,1,pending,local_source_enabled
R-Q-SL-11-022-01-general-web,Q-SL-11-022-01,SL-11-022,general_web,3,pending,baseline
R-Q-SL-11-022-01-image-search,Q-SL-11-022-01,SL-11-022,image_search,4,pending,baseline
R-Q-SL-11-022-02-local-folder,Q-SL-11-022-02,SL-11-022,local_folder,1,pending,local_source_enabled
R-Q-SL-11-022-02-general-web,Q-SL-11-022-02,SL-11-022,general_web,3,pending,baseline
R-Q-SL-11-022-02-image-search,Q-SL-11-022-02,SL-11-022,image_search,4,pending,baseline
R-Q-SL-11-022-03-local-folder,Q-SL-11-022-03,SL-11-022,local_folder,1,pending,local_source_enabled
R-Q-SL-11-022-03-general-web,Q-SL-11-022-03,SL-11-022,general_web,3,pending,baseline
R-Q-SL-11-022-03-image-search,Q-SL-11-022-03,SL-11-022,image_search,4,pending,baseline
R-Q-SL-11-022-04-local-folder,Q-SL-11-022-04,SL-11-022,local_folder,1,pending,local_source_enabled
R-Q-SL-11-022-04-wikimedia,Q-SL-11-022-04,SL-11-022,wikimedia,2,pending,historical_query
R-Q-SL-11-022-04-general-web,Q-SL-11-022-04,SL-11-022,general_web,3,pending,baseline
R-Q-SL-11-022-04-image-search,Q-SL-11-022-04,SL-11-022,image_search,4,pending,baseline
R-Q-SL-11-022-05-local-folder,Q-SL-11-022-05,SL-11-022,local_folder,1,pending,local_source_enabled
R-Q-SL-11-022-05-general-web,Q-SL-11-022-05,SL-11-022,general_web,3,pending,baseline
R-Q-SL-11-022-05-image-search,Q-SL-11-022-05,SL-11-022,image_search,4,pending,baseline
R-Q-SL-11-023-01-local-folder,Q-SL-11-023-01,SL-11-023,local_folder,1,pending,local_source_enabled
R-Q-SL-11-023-01-general-web,Q-SL-11-023-01,SL-11-023,general_web,3,pending,baseline
R-Q-SL-11-023-01-image-search,Q-SL-11-023-01,SL-11-023,image_search,4,pending,baseline
R-Q-SL-11-023-02-local-folder,Q-SL-11-023-02,SL-11-023,local_folder,1,pending,local_source_enabled
R-Q-SL-11-023-02-general-web,Q-SL-11-023-02,SL-11-023,general_web,3,pending,baseline
R-Q-SL-11-023-02-image-search,Q-SL-11-023-02,SL-11-023,image_search,4,pending,baseline
R-Q-SL-11-023-03-local-folder,Q-SL-11-023-03,SL-11-023,local_folder,1,pending,local_source_enabled
R-Q-SL-11-023-03-general-web,Q-SL-11-023-03,SL-11-023,general_web,3,pending,baseline
R-Q-SL-11-023-03-image-search,Q-SL-11-023-03,SL-11-023,image_search,4,pending,baseline
R-Q-SL-11-023-04-local-folder,Q-SL-11-023-04,SL-11-023,local_folder,1,pending,local_source_enabled
R-Q-SL-11-023-04-general-web,Q-SL-11-023-04,SL-11-023,general_web,3,pending,baseline
R-Q-SL-11-023-04-image-search,Q-SL-11-023-04,SL-11-023,image_search,4,pending,baseline
R-Q-SL-11-023-05-local-folder,Q-SL-11-023-05,SL-11-023,local_folder,1,pending,local_source_enabled
R-Q-SL-11-023-05-wikimedia,Q-SL-11-023-05,SL-11-023,wikimedia,2,pending,historical_query
R-Q-SL-11-023-05-general-web,Q-SL-11-023-05,SL-11-023,general_web,3,pending,baseline
R-Q-SL-11-023-05-image-search,Q-SL-11-023-05,SL-11-023,image_search,4,pending,baseline
R-Q-SL-11-024-01-local-folder,Q-SL-11-024-01,SL-11-024,local_folder,1,pending,local_source_enabled
R-Q-SL-11-024-01-wikimedia,Q-SL-11-024-01,SL-11-024,wikimedia,2,pending,historical_query
R-Q-SL-11-024-01-general-web,Q-SL-11-024-01,SL-11-024,general_web,3,pending,baseline
R-Q-SL-11-024-01-image-search,Q-SL-11-024-01,SL-11-024,image_search,4,pending,baseline
R-Q-SL-11-024-02-local-folder,Q-SL-11-024-02,SL-11-024,local_folder,1,pending,local_source_enabled
R-Q-SL-11-024-02-wikimedia,Q-SL-11-024-02,SL-11-024,wikimedia,2,pending,historical_query
R-Q-SL-11-024-02-general-web,Q-SL-11-024-02,SL-11-024,general_web,3,pending,baseline
R-Q-SL-11-024-02-image-search,Q-SL-11-024-02,SL-11-024,image_search,4,pending,baseline
R-Q-SL-11-024-03-local-folder,Q-SL-11-024-03,SL-11-024,local_folder,1,pending,local_source_enabled
R-Q-SL-11-024-03-wikimedia,Q-SL-11-024-03,SL-11-024,wikimedia,2,pending,historical_query
R-Q-SL-11-024-03-general-web,Q-SL-11-024-03,SL-11-024,general_web,3,pending,baseline
R-Q-SL-11-024-03-image-search,Q-SL-11-024-03,SL-11-024,image_search,4,pending,baseline
R-Q-SL-11-024-04-local-folder,Q-SL-11-024-04,SL-11-024,local_folder,1,pending,local_source_enabled
R-Q-SL-11-024-04-wikimedia,Q-SL-11-024-04,SL-11-024,wikimedia,2,pending,historical_query
R-Q-SL-11-024-04-general-web,Q-SL-11-024-04,SL-11-024,general_web,3,pending,baseline
R-Q-SL-11-024-04-image-search,Q-SL-11-024-04,SL-11-024,image_search,4,pending,baseline
R-Q-SL-11-024-05-local-folder,Q-SL-11-024-05,SL-11-024,local_folder,1,pending,local_source_enabled
R-Q-SL-11-024-05-wikimedia,Q-SL-11-024-05,SL-11-024,wikimedia,2,pending,historical_query
R-Q-SL-11-024-05-general-web,Q-SL-11-024-05,SL-11-024,general_web,3,pending,baseline
R-Q-SL-11-024-05-image-search,Q-SL-11-024-05,SL-11-024,image_search,4,pending,baseline
R-Q-SL-11-025-01-local-folder,Q-SL-11-025-01,SL-11-025,local_folder,1,pending,local_source_enabled
R-Q-SL-11-025-01-general-web,Q-SL-11-025-01,SL-11-025,general_web,3,pending,baseline
R-Q-SL-11-025-01-image-search,Q-SL-11-025-01,SL-11-025,image_search,4,pending,baseline
R-Q-SL-11-025-02-local-folder,Q-SL-11-025-02,SL-11-025,local_folder,1,pending,local_source_enabled
R-Q-SL-11-025-02-general-web,Q-SL-11-025-02,SL-11-025,general_web,3,pending,baseline
R-Q-SL-11-025-02-image-search,Q-SL-11-025-02,SL-11-025,image_search,4,pending,baseline
R-Q-SL-11-025-03-local-folder,Q-SL-11-025-03,SL-11-025,local_folder,1,pending,local_source_enabled
R-Q-SL-11-025-03-general-web,Q-SL-11-025-03,SL-11-025,general_web,3,pending,baseline
R-Q-SL-11-025-03-image-search,Q-SL-11-025-03,SL-11-025,image_search,4,pending,baseline
R-Q-SL-11-025-04-local-folder,Q-SL-11-025-04,SL-11-025,local_folder,1,pending,local_source_enabled
R-Q-SL-11-025-04-wikimedia,Q-SL-11-025-04,SL-11-025,wikimedia,2,pending,historical_query
R-Q-SL-11-025-04-general-web,Q-SL-11-025-04,SL-11-025,general_web,3,pending,baseline
R-Q-SL-11-025-04-image-search,Q-SL-11-025-04,SL-11-025,image_search,4,pending,baseline
R-Q-SL-11-025-05-local-folder,Q-SL-11-025-05,SL-11-025,local_folder,1,pending,local_source_enabled
R-Q-SL-11-025-05-general-web,Q-SL-11-025-05,SL-11-025,general_web,3,pending,baseline
R-Q-SL-11-025-05-image-search,Q-SL-11-025-05,SL-11-025,image_search,4,pending,baseline
R-Q-SL-12-001-01-local-folder,Q-SL-12-001-01,SL-12-001,local_folder,1,pending,local_source_enabled
R-Q-SL-12-001-01-general-web,Q-SL-12-001-01,SL-12-001,general_web,3,pending,baseline
R-Q-SL-12-001-01-image-search,Q-SL-12-001-01,SL-12-001,image_search,4,pending,baseline
R-Q-SL-12-001-02-local-folder,Q-SL-12-001-02,SL-12-001,local_folder,1,pending,local_source_enabled
R-Q-SL-12-001-02-general-web,Q-SL-12-001-02,SL-12-001,general_web,3,pending,baseline
R-Q-SL-12-001-02-image-search,Q-SL-12-001-02,SL-12-001,image_search,4,pending,baseline
R-Q-SL-12-001-03-local-folder,Q-SL-12-001-03,SL-12-001,local_folder,1,pending,local_source_enabled
R-Q-SL-12-001-03-general-web,Q-SL-12-001-03,SL-12-001,general_web,3,pending,baseline
R-Q-SL-12-001-03-image-search,Q-SL-12-001-03,SL-12-001,image_search,4,pending,baseline
R-Q-SL-12-001-04-local-folder,Q-SL-12-001-04,SL-12-001,local_folder,1,pending,local_source_enabled
R-Q-SL-12-001-04-wikimedia,Q-SL-12-001-04,SL-12-001,wikimedia,2,pending,historical_query
R-Q-SL-12-001-04-general-web,Q-SL-12-001-04,SL-12-001,general_web,3,pending,baseline
R-Q-SL-12-001-04-image-search,Q-SL-12-001-04,SL-12-001,image_search,4,pending,baseline
R-Q-SL-12-001-05-local-folder,Q-SL-12-001-05,SL-12-001,local_folder,1,pending,local_source_enabled
R-Q-SL-12-001-05-general-web,Q-SL-12-001-05,SL-12-001,general_web,3,pending,baseline
R-Q-SL-12-001-05-image-search,Q-SL-12-001-05,SL-12-001,image_search,4,pending,baseline
R-Q-SL-12-002-01-local-folder,Q-SL-12-002-01,SL-12-002,local_folder,1,pending,local_source_enabled
R-Q-SL-12-002-01-general-web,Q-SL-12-002-01,SL-12-002,general_web,3,pending,baseline
R-Q-SL-12-002-01-image-search,Q-SL-12-002-01,SL-12-002,image_search,4,pending,baseline
R-Q-SL-12-002-02-local-folder,Q-SL-12-002-02,SL-12-002,local_folder,1,pending,local_source_enabled
R-Q-SL-12-002-02-general-web,Q-SL-12-002-02,SL-12-002,general_web,3,pending,baseline
R-Q-SL-12-002-02-image-search,Q-SL-12-002-02,SL-12-002,image_search,4,pending,baseline
R-Q-SL-12-002-03-local-folder,Q-SL-12-002-03,SL-12-002,local_folder,1,pending,local_source_enabled
R-Q-SL-12-002-03-general-web,Q-SL-12-002-03,SL-12-002,general_web,3,pending,baseline
R-Q-SL-12-002-03-image-search,Q-SL-12-002-03,SL-12-002,image_search,4,pending,baseline
R-Q-SL-12-002-04-local-folder,Q-SL-12-002-04,SL-12-002,local_folder,1,pending,local_source_enabled
R-Q-SL-12-002-04-wikimedia,Q-SL-12-002-04,SL-12-002,wikimedia,2,pending,historical_query
R-Q-SL-12-002-04-general-web,Q-SL-12-002-04,SL-12-002,general_web,3,pending,baseline
R-Q-SL-12-002-04-image-search,Q-SL-12-002-04,SL-12-002,image_search,4,pending,baseline
R-Q-SL-12-002-05-local-folder,Q-SL-12-002-05,SL-12-002,local_folder,1,pending,local_source_enabled
R-Q-SL-12-002-05-general-web,Q-SL-12-002-05,SL-12-002,general_web,3,pending,baseline
R-Q-SL-12-002-05-image-search,Q-SL-12-002-05,SL-12-002,image_search,4,pending,baseline
R-Q-SL-12-003-01-local-folder,Q-SL-12-003-01,SL-12-003,local_folder,1,pending,local_source_enabled
R-Q-SL-12-003-01-general-web,Q-SL-12-003-01,SL-12-003,general_web,3,pending,baseline
R-Q-SL-12-003-01-image-search,Q-SL-12-003-01,SL-12-003,image_search,4,pending,baseline
R-Q-SL-12-003-02-local-folder,Q-SL-12-003-02,SL-12-003,local_folder,1,pending,local_source_enabled
R-Q-SL-12-003-02-general-web,Q-SL-12-003-02,SL-12-003,general_web,3,pending,baseline
R-Q-SL-12-003-02-image-search,Q-SL-12-003-02,SL-12-003,image_search,4,pending,baseline
R-Q-SL-12-003-03-local-folder,Q-SL-12-003-03,SL-12-003,local_folder,1,pending,local_source_enabled
R-Q-SL-12-003-03-general-web,Q-SL-12-003-03,SL-12-003,general_web,3,pending,baseline
R-Q-SL-12-003-03-image-search,Q-SL-12-003-03,SL-12-003,image_search,4,pending,baseline
R-Q-SL-12-003-04-local-folder,Q-SL-12-003-04,SL-12-003,local_folder,1,pending,local_source_enabled
R-Q-SL-12-003-04-general-web,Q-SL-12-003-04,SL-12-003,general_web,3,pending,baseline
R-Q-SL-12-003-04-image-search,Q-SL-12-003-04,SL-12-003,image_search,4,pending,baseline
R-Q-SL-12-003-05-local-folder,Q-SL-12-003-05,SL-12-003,local_folder,1,pending,local_source_enabled
R-Q-SL-12-003-05-wikimedia,Q-SL-12-003-05,SL-12-003,wikimedia,2,pending,historical_query
R-Q-SL-12-003-05-general-web,Q-SL-12-003-05,SL-12-003,general_web,3,pending,baseline
R-Q-SL-12-003-05-image-search,Q-SL-12-003-05,SL-12-003,image_search,4,pending,baseline
R-Q-SL-12-004-01-local-folder,Q-SL-12-004-01,SL-12-004,local_folder,1,pending,local_source_enabled
R-Q-SL-12-004-01-general-web,Q-SL-12-004-01,SL-12-004,general_web,3,pending,baseline
R-Q-SL-12-004-01-image-search,Q-SL-12-004-01,SL-12-004,image_search,4,pending,baseline
R-Q-SL-12-004-02-local-folder,Q-SL-12-004-02,SL-12-004,local_folder,1,pending,local_source_enabled
R-Q-SL-12-004-02-general-web,Q-SL-12-004-02,SL-12-004,general_web,3,pending,baseline
R-Q-SL-12-004-02-image-search,Q-SL-12-004-02,SL-12-004,image_search,4,pending,baseline
R-Q-SL-12-004-03-local-folder,Q-SL-12-004-03,SL-12-004,local_folder,1,pending,local_source_enabled
R-Q-SL-12-004-03-general-web,Q-SL-12-004-03,SL-12-004,general_web,3,pending,baseline
R-Q-SL-12-004-03-image-search,Q-SL-12-004-03,SL-12-004,image_search,4,pending,baseline
R-Q-SL-12-004-04-local-folder,Q-SL-12-004-04,SL-12-004,local_folder,1,pending,local_source_enabled
R-Q-SL-12-004-04-general-web,Q-SL-12-004-04,SL-12-004,general_web,3,pending,baseline
R-Q-SL-12-004-04-image-search,Q-SL-12-004-04,SL-12-004,image_search,4,pending,baseline
R-Q-SL-12-004-05-local-folder,Q-SL-12-004-05,SL-12-004,local_folder,1,pending,local_source_enabled
R-Q-SL-12-004-05-wikimedia,Q-SL-12-004-05,SL-12-004,wikimedia,2,pending,historical_query
R-Q-SL-12-004-05-general-web,Q-SL-12-004-05,SL-12-004,general_web,3,pending,baseline
R-Q-SL-12-004-05-image-search,Q-SL-12-004-05,SL-12-004,image_search,4,pending,baseline
R-Q-SL-12-005-01-local-folder,Q-SL-12-005-01,SL-12-005,local_folder,1,pending,local_source_enabled
R-Q-SL-12-005-01-general-web,Q-SL-12-005-01,SL-12-005,general_web,3,pending,baseline
R-Q-SL-12-005-01-image-search,Q-SL-12-005-01,SL-12-005,image_search,4,pending,baseline
R-Q-SL-12-005-02-local-folder,Q-SL-12-005-02,SL-12-005,local_folder,1,pending,local_source_enabled
R-Q-SL-12-005-02-general-web,Q-SL-12-005-02,SL-12-005,general_web,3,pending,baseline
R-Q-SL-12-005-02-image-search,Q-SL-12-005-02,SL-12-005,image_search,4,pending,baseline
R-Q-SL-12-005-03-local-folder,Q-SL-12-005-03,SL-12-005,local_folder,1,pending,local_source_enabled
R-Q-SL-12-005-03-general-web,Q-SL-12-005-03,SL-12-005,general_web,3,pending,baseline
R-Q-SL-12-005-03-image-search,Q-SL-12-005-03,SL-12-005,image_search,4,pending,baseline
R-Q-SL-12-005-04-local-folder,Q-SL-12-005-04,SL-12-005,local_folder,1,pending,local_source_enabled
R-Q-SL-12-005-04-general-web,Q-SL-12-005-04,SL-12-005,general_web,3,pending,baseline
R-Q-SL-12-005-04-image-search,Q-SL-12-005-04,SL-12-005,image_search,4,pending,baseline
R-Q-SL-12-005-05-local-folder,Q-SL-12-005-05,SL-12-005,local_folder,1,pending,local_source_enabled
R-Q-SL-12-005-05-wikimedia,Q-SL-12-005-05,SL-12-005,wikimedia,2,pending,historical_query
R-Q-SL-12-005-05-general-web,Q-SL-12-005-05,SL-12-005,general_web,3,pending,baseline
R-Q-SL-12-005-05-image-search,Q-SL-12-005-05,SL-12-005,image_search,4,pending,baseline
R-Q-SL-12-006-01-local-folder,Q-SL-12-006-01,SL-12-006,local_folder,1,pending,local_source_enabled
R-Q-SL-12-006-01-general-web,Q-SL-12-006-01,SL-12-006,general_web,3,pending,baseline
R-Q-SL-12-006-01-image-search,Q-SL-12-006-01,SL-12-006,image_search,4,pending,baseline
R-Q-SL-12-006-02-local-folder,Q-SL-12-006-02,SL-12-006,local_folder,1,pending,local_source_enabled
R-Q-SL-12-006-02-general-web,Q-SL-12-006-02,SL-12-006,general_web,3,pending,baseline
R-Q-SL-12-006-02-image-search,Q-SL-12-006-02,SL-12-006,image_search,4,pending,baseline
R-Q-SL-12-006-03-local-folder,Q-SL-12-006-03,SL-12-006,local_folder,1,pending,local_source_enabled
R-Q-SL-12-006-03-general-web,Q-SL-12-006-03,SL-12-006,general_web,3,pending,baseline
R-Q-SL-12-006-03-image-search,Q-SL-12-006-03,SL-12-006,image_search,4,pending,baseline
R-Q-SL-12-006-04-local-folder,Q-SL-12-006-04,SL-12-006,local_folder,1,pending,local_source_enabled
R-Q-SL-12-006-04-wikimedia,Q-SL-12-006-04,SL-12-006,wikimedia,2,pending,historical_query
R-Q-SL-12-006-04-general-web,Q-SL-12-006-04,SL-12-006,general_web,3,pending,baseline
R-Q-SL-12-006-04-image-search,Q-SL-12-006-04,SL-12-006,image_search,4,pending,baseline
R-Q-SL-12-006-05-local-folder,Q-SL-12-006-05,SL-12-006,local_folder,1,pending,local_source_enabled
R-Q-SL-12-006-05-general-web,Q-SL-12-006-05,SL-12-006,general_web,3,pending,baseline
R-Q-SL-12-006-05-image-search,Q-SL-12-006-05,SL-12-006,image_search,4,pending,baseline
R-Q-SL-12-007-01-local-folder,Q-SL-12-007-01,SL-12-007,local_folder,1,pending,local_source_enabled
R-Q-SL-12-007-01-general-web,Q-SL-12-007-01,SL-12-007,general_web,3,pending,baseline
R-Q-SL-12-007-01-image-search,Q-SL-12-007-01,SL-12-007,image_search,4,pending,baseline
R-Q-SL-12-007-02-local-folder,Q-SL-12-007-02,SL-12-007,local_folder,1,pending,local_source_enabled
R-Q-SL-12-007-02-general-web,Q-SL-12-007-02,SL-12-007,general_web,3,pending,baseline
R-Q-SL-12-007-02-image-search,Q-SL-12-007-02,SL-12-007,image_search,4,pending,baseline
R-Q-SL-12-007-03-local-folder,Q-SL-12-007-03,SL-12-007,local_folder,1,pending,local_source_enabled
R-Q-SL-12-007-03-general-web,Q-SL-12-007-03,SL-12-007,general_web,3,pending,baseline
R-Q-SL-12-007-03-image-search,Q-SL-12-007-03,SL-12-007,image_search,4,pending,baseline
R-Q-SL-12-007-04-local-folder,Q-SL-12-007-04,SL-12-007,local_folder,1,pending,local_source_enabled
R-Q-SL-12-007-04-wikimedia,Q-SL-12-007-04,SL-12-007,wikimedia,2,pending,historical_query
R-Q-SL-12-007-04-general-web,Q-SL-12-007-04,SL-12-007,general_web,3,pending,baseline
R-Q-SL-12-007-04-image-search,Q-SL-12-007-04,SL-12-007,image_search,4,pending,baseline
R-Q-SL-12-007-05-local-folder,Q-SL-12-007-05,SL-12-007,local_folder,1,pending,local_source_enabled
R-Q-SL-12-007-05-general-web,Q-SL-12-007-05,SL-12-007,general_web,3,pending,baseline
R-Q-SL-12-007-05-image-search,Q-SL-12-007-05,SL-12-007,image_search,4,pending,baseline
R-Q-SL-12-008-01-local-folder,Q-SL-12-008-01,SL-12-008,local_folder,1,pending,local_source_enabled
R-Q-SL-12-008-01-general-web,Q-SL-12-008-01,SL-12-008,general_web,3,pending,baseline
R-Q-SL-12-008-01-image-search,Q-SL-12-008-01,SL-12-008,image_search,4,pending,baseline
R-Q-SL-12-008-02-local-folder,Q-SL-12-008-02,SL-12-008,local_folder,1,pending,local_source_enabled
R-Q-SL-12-008-02-general-web,Q-SL-12-008-02,SL-12-008,general_web,3,pending,baseline
R-Q-SL-12-008-02-image-search,Q-SL-12-008-02,SL-12-008,image_search,4,pending,baseline
R-Q-SL-12-008-03-local-folder,Q-SL-12-008-03,SL-12-008,local_folder,1,pending,local_source_enabled
R-Q-SL-12-008-03-general-web,Q-SL-12-008-03,SL-12-008,general_web,3,pending,baseline
R-Q-SL-12-008-03-image-search,Q-SL-12-008-03,SL-12-008,image_search,4,pending,baseline
R-Q-SL-12-008-04-local-folder,Q-SL-12-008-04,SL-12-008,local_folder,1,pending,local_source_enabled
R-Q-SL-12-008-04-general-web,Q-SL-12-008-04,SL-12-008,general_web,3,pending,baseline
R-Q-SL-12-008-04-image-search,Q-SL-12-008-04,SL-12-008,image_search,4,pending,baseline
R-Q-SL-12-008-05-local-folder,Q-SL-12-008-05,SL-12-008,local_folder,1,pending,local_source_enabled
R-Q-SL-12-008-05-general-web,Q-SL-12-008-05,SL-12-008,general_web,3,pending,baseline
R-Q-SL-12-008-05-image-search,Q-SL-12-008-05,SL-12-008,image_search,4,pending,baseline
R-Q-SL-12-009-01-local-folder,Q-SL-12-009-01,SL-12-009,local_folder,1,pending,local_source_enabled
R-Q-SL-12-009-01-wikimedia,Q-SL-12-009-01,SL-12-009,wikimedia,2,pending,"category_rule,historical_query"
R-Q-SL-12-009-01-general-web,Q-SL-12-009-01,SL-12-009,general_web,3,pending,baseline
R-Q-SL-12-009-01-image-search,Q-SL-12-009-01,SL-12-009,image_search,4,pending,baseline
R-Q-SL-12-009-02-local-folder,Q-SL-12-009-02,SL-12-009,local_folder,1,pending,local_source_enabled
R-Q-SL-12-009-02-wikimedia,Q-SL-12-009-02,SL-12-009,wikimedia,2,pending,"category_rule,historical_query"
R-Q-SL-12-009-02-general-web,Q-SL-12-009-02,SL-12-009,general_web,3,pending,baseline
R-Q-SL-12-009-02-image-search,Q-SL-12-009-02,SL-12-009,image_search,4,pending,baseline
R-Q-SL-12-009-03-local-folder,Q-SL-12-009-03,SL-12-009,local_folder,1,pending,local_source_enabled
R-Q-SL-12-009-03-wikimedia,Q-SL-12-009-03,SL-12-009,wikimedia,2,pending,"category_rule,historical_query"
R-Q-SL-12-009-03-general-web,Q-SL-12-009-03,SL-12-009,general_web,3,pending,baseline
R-Q-SL-12-009-03-image-search,Q-SL-12-009-03,SL-12-009,image_search,4,pending,baseline
R-Q-SL-12-009-04-local-folder,Q-SL-12-009-04,SL-12-009,local_folder,1,pending,local_source_enabled
R-Q-SL-12-009-04-wikimedia,Q-SL-12-009-04,SL-12-009,wikimedia,2,pending,"category_rule,historical_query"
R-Q-SL-12-009-04-general-web,Q-SL-12-009-04,SL-12-009,general_web,3,pending,baseline
R-Q-SL-12-009-04-image-search,Q-SL-12-009-04,SL-12-009,image_search,4,pending,baseline
R-Q-SL-12-009-05-local-folder,Q-SL-12-009-05,SL-12-009,local_folder,1,pending,local_source_enabled
R-Q-SL-12-009-05-wikimedia,Q-SL-12-009-05,SL-12-009,wikimedia,2,pending,"category_rule,historical_query"
R-Q-SL-12-009-05-general-web,Q-SL-12-009-05,SL-12-009,general_web,3,pending,baseline
R-Q-SL-12-009-05-image-search,Q-SL-12-009-05,SL-12-009,image_search,4,pending,baseline
R-Q-SL-12-010-01-local-folder,Q-SL-12-010-01,SL-12-010,local_folder,1,pending,local_source_enabled
R-Q-SL-12-010-01-wikimedia,Q-SL-12-010-01,SL-12-010,wikimedia,2,pending,category_rule
R-Q-SL-12-010-01-general-web,Q-SL-12-010-01,SL-12-010,general_web,3,pending,baseline
R-Q-SL-12-010-01-image-search,Q-SL-12-010-01,SL-12-010,image_search,4,pending,baseline
R-Q-SL-12-010-02-local-folder,Q-SL-12-010-02,SL-12-010,local_folder,1,pending,local_source_enabled
R-Q-SL-12-010-02-wikimedia,Q-SL-12-010-02,SL-12-010,wikimedia,2,pending,category_rule
R-Q-SL-12-010-02-general-web,Q-SL-12-010-02,SL-12-010,general_web,3,pending,baseline
R-Q-SL-12-010-02-image-search,Q-SL-12-010-02,SL-12-010,image_search,4,pending,baseline
R-Q-SL-12-010-03-local-folder,Q-SL-12-010-03,SL-12-010,local_folder,1,pending,local_source_enabled
R-Q-SL-12-010-03-wikimedia,Q-SL-12-010-03,SL-12-010,wikimedia,2,pending,category_rule
R-Q-SL-12-010-03-general-web,Q-SL-12-010-03,SL-12-010,general_web,3,pending,baseline
R-Q-SL-12-010-03-image-search,Q-SL-12-010-03,SL-12-010,image_search,4,pending,baseline
R-Q-SL-12-010-04-local-folder,Q-SL-12-010-04,SL-12-010,local_folder,1,pending,local_source_enabled
R-Q-SL-12-010-04-wikimedia,Q-SL-12-010-04,SL-12-010,wikimedia,2,pending,category_rule
R-Q-SL-12-010-04-general-web,Q-SL-12-010-04,SL-12-010,general_web,3,pending,baseline
R-Q-SL-12-010-04-image-search,Q-SL-12-010-04,SL-12-010,image_search,4,pending,baseline
R-Q-SL-12-010-05-local-folder,Q-SL-12-010-05,SL-12-010,local_folder,1,pending,local_source_enabled
R-Q-SL-12-010-05-wikimedia,Q-SL-12-010-05,SL-12-010,wikimedia,2,pending,"category_rule,historical_query"
R-Q-SL-12-010-05-general-web,Q-SL-12-010-05,SL-12-010,general_web,3,pending,baseline
R-Q-SL-12-010-05-image-search,Q-SL-12-010-05,SL-12-010,image_search,4,pending,baseline
R-Q-SL-12-011-01-local-folder,Q-SL-12-011-01,SL-12-011,local_folder,1,pending,local_source_enabled
R-Q-SL-12-011-01-general-web,Q-SL-12-011-01,SL-12-011,general_web,3,pending,baseline
R-Q-SL-12-011-01-image-search,Q-SL-12-011-01,SL-12-011,image_search,4,pending,baseline
R-Q-SL-12-011-02-local-folder,Q-SL-12-011-02,SL-12-011,local_folder,1,pending,local_source_enabled
R-Q-SL-12-011-02-general-web,Q-SL-12-011-02,SL-12-011,general_web,3,pending,baseline
R-Q-SL-12-011-02-image-search,Q-SL-12-011-02,SL-12-011,image_search,4,pending,baseline
R-Q-SL-12-011-03-local-folder,Q-SL-12-011-03,SL-12-011,local_folder,1,pending,local_source_enabled
R-Q-SL-12-011-03-general-web,Q-SL-12-011-03,SL-12-011,general_web,3,pending,baseline
R-Q-SL-12-011-03-image-search,Q-SL-12-011-03,SL-12-011,image_search,4,pending,baseline
R-Q-SL-12-011-04-local-folder,Q-SL-12-011-04,SL-12-011,local_folder,1,pending,local_source_enabled
R-Q-SL-12-011-04-wikimedia,Q-SL-12-011-04,SL-12-011,wikimedia,2,pending,historical_query
R-Q-SL-12-011-04-general-web,Q-SL-12-011-04,SL-12-011,general_web,3,pending,baseline
R-Q-SL-12-011-04-image-search,Q-SL-12-011-04,SL-12-011,image_search,4,pending,baseline
R-Q-SL-12-011-05-local-folder,Q-SL-12-011-05,SL-12-011,local_folder,1,pending,local_source_enabled
R-Q-SL-12-011-05-general-web,Q-SL-12-011-05,SL-12-011,general_web,3,pending,baseline
R-Q-SL-12-011-05-image-search,Q-SL-12-011-05,SL-12-011,image_search,4,pending,baseline
R-Q-SL-12-012-01-local-folder,Q-SL-12-012-01,SL-12-012,local_folder,1,pending,local_source_enabled
R-Q-SL-12-012-01-wikimedia,Q-SL-12-012-01,SL-12-012,wikimedia,2,pending,historical_query
R-Q-SL-12-012-01-general-web,Q-SL-12-012-01,SL-12-012,general_web,3,pending,baseline
R-Q-SL-12-012-01-image-search,Q-SL-12-012-01,SL-12-012,image_search,4,pending,baseline
R-Q-SL-12-012-02-local-folder,Q-SL-12-012-02,SL-12-012,local_folder,1,pending,local_source_enabled
R-Q-SL-12-012-02-wikimedia,Q-SL-12-012-02,SL-12-012,wikimedia,2,pending,historical_query
R-Q-SL-12-012-02-general-web,Q-SL-12-012-02,SL-12-012,general_web,3,pending,baseline
R-Q-SL-12-012-02-image-search,Q-SL-12-012-02,SL-12-012,image_search,4,pending,baseline
R-Q-SL-12-012-03-local-folder,Q-SL-12-012-03,SL-12-012,local_folder,1,pending,local_source_enabled
R-Q-SL-12-012-03-wikimedia,Q-SL-12-012-03,SL-12-012,wikimedia,2,pending,historical_query
R-Q-SL-12-012-03-general-web,Q-SL-12-012-03,SL-12-012,general_web,3,pending,baseline
R-Q-SL-12-012-03-image-search,Q-SL-12-012-03,SL-12-012,image_search,4,pending,baseline
R-Q-SL-12-012-04-local-folder,Q-SL-12-012-04,SL-12-012,local_folder,1,pending,local_source_enabled
R-Q-SL-12-012-04-wikimedia,Q-SL-12-012-04,SL-12-012,wikimedia,2,pending,historical_query
R-Q-SL-12-012-04-general-web,Q-SL-12-012-04,SL-12-012,general_web,3,pending,baseline
R-Q-SL-12-012-04-image-search,Q-SL-12-012-04,SL-12-012,image_search,4,pending,baseline
R-Q-SL-12-012-05-local-folder,Q-SL-12-012-05,SL-12-012,local_folder,1,pending,local_source_enabled
R-Q-SL-12-012-05-wikimedia,Q-SL-12-012-05,SL-12-012,wikimedia,2,pending,historical_query
R-Q-SL-12-012-05-general-web,Q-SL-12-012-05,SL-12-012,general_web,3,pending,baseline
R-Q-SL-12-012-05-image-search,Q-SL-12-012-05,SL-12-012,image_search,4,pending,baseline
R-Q-SL-12-013-01-local-folder,Q-SL-12-013-01,SL-12-013,local_folder,1,pending,local_source_enabled
R-Q-SL-12-013-01-general-web,Q-SL-12-013-01,SL-12-013,general_web,3,pending,baseline
R-Q-SL-12-013-01-image-search,Q-SL-12-013-01,SL-12-013,image_search,4,pending,baseline
R-Q-SL-12-013-02-local-folder,Q-SL-12-013-02,SL-12-013,local_folder,1,pending,local_source_enabled
R-Q-SL-12-013-02-general-web,Q-SL-12-013-02,SL-12-013,general_web,3,pending,baseline
R-Q-SL-12-013-02-image-search,Q-SL-12-013-02,SL-12-013,image_search,4,pending,baseline
R-Q-SL-12-013-03-local-folder,Q-SL-12-013-03,SL-12-013,local_folder,1,pending,local_source_enabled
R-Q-SL-12-013-03-general-web,Q-SL-12-013-03,SL-12-013,general_web,3,pending,baseline
R-Q-SL-12-013-03-image-search,Q-SL-12-013-03,SL-12-013,image_search,4,pending,baseline
R-Q-SL-12-013-04-local-folder,Q-SL-12-013-04,SL-12-013,local_folder,1,pending,local_source_enabled
R-Q-SL-12-013-04-wikimedia,Q-SL-12-013-04,SL-12-013,wikimedia,2,pending,historical_query
R-Q-SL-12-013-04-general-web,Q-SL-12-013-04,SL-12-013,general_web,3,pending,baseline
R-Q-SL-12-013-04-image-search,Q-SL-12-013-04,SL-12-013,image_search,4,pending,baseline
R-Q-SL-12-013-05-local-folder,Q-SL-12-013-05,SL-12-013,local_folder,1,pending,local_source_enabled
R-Q-SL-12-013-05-general-web,Q-SL-12-013-05,SL-12-013,general_web,3,pending,baseline
R-Q-SL-12-013-05-image-search,Q-SL-12-013-05,SL-12-013,image_search,4,pending,baseline
R-Q-SL-12-014-01-local-folder,Q-SL-12-014-01,SL-12-014,local_folder,1,pending,local_source_enabled
R-Q-SL-12-014-01-general-web,Q-SL-12-014-01,SL-12-014,general_web,3,pending,baseline
R-Q-SL-12-014-01-image-search,Q-SL-12-014-01,SL-12-014,image_search,4,pending,baseline
R-Q-SL-12-014-02-local-folder,Q-SL-12-014-02,SL-12-014,local_folder,1,pending,local_source_enabled
R-Q-SL-12-014-02-general-web,Q-SL-12-014-02,SL-12-014,general_web,3,pending,baseline
R-Q-SL-12-014-02-image-search,Q-SL-12-014-02,SL-12-014,image_search,4,pending,baseline
R-Q-SL-12-014-03-local-folder,Q-SL-12-014-03,SL-12-014,local_folder,1,pending,local_source_enabled
R-Q-SL-12-014-03-general-web,Q-SL-12-014-03,SL-12-014,general_web,3,pending,baseline
R-Q-SL-12-014-03-image-search,Q-SL-12-014-03,SL-12-014,image_search,4,pending,baseline
R-Q-SL-12-014-04-local-folder,Q-SL-12-014-04,SL-12-014,local_folder,1,pending,local_source_enabled
R-Q-SL-12-014-04-wikimedia,Q-SL-12-014-04,SL-12-014,wikimedia,2,pending,historical_query
R-Q-SL-12-014-04-general-web,Q-SL-12-014-04,SL-12-014,general_web,3,pending,baseline
R-Q-SL-12-014-04-image-search,Q-SL-12-014-04,SL-12-014,image_search,4,pending,baseline
R-Q-SL-12-014-05-local-folder,Q-SL-12-014-05,SL-12-014,local_folder,1,pending,local_source_enabled
R-Q-SL-12-014-05-wikimedia,Q-SL-12-014-05,SL-12-014,wikimedia,2,pending,historical_query
R-Q-SL-12-014-05-general-web,Q-SL-12-014-05,SL-12-014,general_web,3,pending,baseline
R-Q-SL-12-014-05-image-search,Q-SL-12-014-05,SL-12-014,image_search,4,pending,baseline
R-Q-SL-12-015-01-local-folder,Q-SL-12-015-01,SL-12-015,local_folder,1,pending,local_source_enabled
R-Q-SL-12-015-01-wikimedia,Q-SL-12-015-01,SL-12-015,wikimedia,2,pending,historical_query
R-Q-SL-12-015-01-general-web,Q-SL-12-015-01,SL-12-015,general_web,3,pending,baseline
R-Q-SL-12-015-01-image-search,Q-SL-12-015-01,SL-12-015,image_search,4,pending,baseline
R-Q-SL-12-015-02-local-folder,Q-SL-12-015-02,SL-12-015,local_folder,1,pending,local_source_enabled
R-Q-SL-12-015-02-wikimedia,Q-SL-12-015-02,SL-12-015,wikimedia,2,pending,historical_query
R-Q-SL-12-015-02-general-web,Q-SL-12-015-02,SL-12-015,general_web,3,pending,baseline
R-Q-SL-12-015-02-image-search,Q-SL-12-015-02,SL-12-015,image_search,4,pending,baseline
R-Q-SL-12-015-03-local-folder,Q-SL-12-015-03,SL-12-015,local_folder,1,pending,local_source_enabled
R-Q-SL-12-015-03-wikimedia,Q-SL-12-015-03,SL-12-015,wikimedia,2,pending,historical_query
R-Q-SL-12-015-03-general-web,Q-SL-12-015-03,SL-12-015,general_web,3,pending,baseline
R-Q-SL-12-015-03-image-search,Q-SL-12-015-03,SL-12-015,image_search,4,pending,baseline
R-Q-SL-12-015-04-local-folder,Q-SL-12-015-04,SL-12-015,local_folder,1,pending,local_source_enabled
R-Q-SL-12-015-04-wikimedia,Q-SL-12-015-04,SL-12-015,wikimedia,2,pending,historical_query
R-Q-SL-12-015-04-general-web,Q-SL-12-015-04,SL-12-015,general_web,3,pending,baseline
R-Q-SL-12-015-04-image-search,Q-SL-12-015-04,SL-12-015,image_search,4,pending,baseline
R-Q-SL-12-015-05-local-folder,Q-SL-12-015-05,SL-12-015,local_folder,1,pending,local_source_enabled
R-Q-SL-12-015-05-wikimedia,Q-SL-12-015-05,SL-12-015,wikimedia,2,pending,historical_query
R-Q-SL-12-015-05-general-web,Q-SL-12-015-05,SL-12-015,general_web,3,pending,baseline
R-Q-SL-12-015-05-image-search,Q-SL-12-015-05,SL-12-015,image_search,4,pending,baseline
R-Q-SL-12-016-01-local-folder,Q-SL-12-016-01,SL-12-016,local_folder,1,pending,local_source_enabled
R-Q-SL-12-016-01-general-web,Q-SL-12-016-01,SL-12-016,general_web,3,pending,baseline
R-Q-SL-12-016-01-image-search,Q-SL-12-016-01,SL-12-016,image_search,4,pending,baseline
R-Q-SL-12-016-02-local-folder,Q-SL-12-016-02,SL-12-016,local_folder,1,pending,local_source_enabled
R-Q-SL-12-016-02-general-web,Q-SL-12-016-02,SL-12-016,general_web,3,pending,baseline
R-Q-SL-12-016-02-image-search,Q-SL-12-016-02,SL-12-016,image_search,4,pending,baseline
R-Q-SL-12-016-03-local-folder,Q-SL-12-016-03,SL-12-016,local_folder,1,pending,local_source_enabled
R-Q-SL-12-016-03-general-web,Q-SL-12-016-03,SL-12-016,general_web,3,pending,baseline
R-Q-SL-12-016-03-image-search,Q-SL-12-016-03,SL-12-016,image_search,4,pending,baseline
R-Q-SL-12-016-04-local-folder,Q-SL-12-016-04,SL-12-016,local_folder,1,pending,local_source_enabled
R-Q-SL-12-016-04-wikimedia,Q-SL-12-016-04,SL-12-016,wikimedia,2,pending,historical_query
R-Q-SL-12-016-04-general-web,Q-SL-12-016-04,SL-12-016,general_web,3,pending,baseline
R-Q-SL-12-016-04-image-search,Q-SL-12-016-04,SL-12-016,image_search,4,pending,baseline
R-Q-SL-12-016-05-local-folder,Q-SL-12-016-05,SL-12-016,local_folder,1,pending,local_source_enabled
R-Q-SL-12-016-05-general-web,Q-SL-12-016-05,SL-12-016,general_web,3,pending,baseline
R-Q-SL-12-016-05-image-search,Q-SL-12-016-05,SL-12-016,image_search,4,pending,baseline
R-Q-SL-12-017-01-local-folder,Q-SL-12-017-01,SL-12-017,local_folder,1,pending,local_source_enabled
R-Q-SL-12-017-01-general-web,Q-SL-12-017-01,SL-12-017,general_web,3,pending,baseline
R-Q-SL-12-017-01-image-search,Q-SL-12-017-01,SL-12-017,image_search,4,pending,baseline
R-Q-SL-12-017-02-local-folder,Q-SL-12-017-02,SL-12-017,local_folder,1,pending,local_source_enabled
R-Q-SL-12-017-02-general-web,Q-SL-12-017-02,SL-12-017,general_web,3,pending,baseline
R-Q-SL-12-017-02-image-search,Q-SL-12-017-02,SL-12-017,image_search,4,pending,baseline
R-Q-SL-12-017-03-local-folder,Q-SL-12-017-03,SL-12-017,local_folder,1,pending,local_source_enabled
R-Q-SL-12-017-03-general-web,Q-SL-12-017-03,SL-12-017,general_web,3,pending,baseline
R-Q-SL-12-017-03-image-search,Q-SL-12-017-03,SL-12-017,image_search,4,pending,baseline
R-Q-SL-12-017-04-local-folder,Q-SL-12-017-04,SL-12-017,local_folder,1,pending,local_source_enabled
R-Q-SL-12-017-04-wikimedia,Q-SL-12-017-04,SL-12-017,wikimedia,2,pending,historical_query
R-Q-SL-12-017-04-general-web,Q-SL-12-017-04,SL-12-017,general_web,3,pending,baseline
R-Q-SL-12-017-04-image-search,Q-SL-12-017-04,SL-12-017,image_search,4,pending,baseline
R-Q-SL-12-017-05-local-folder,Q-SL-12-017-05,SL-12-017,local_folder,1,pending,local_source_enabled
R-Q-SL-12-017-05-wikimedia,Q-SL-12-017-05,SL-12-017,wikimedia,2,pending,historical_query
R-Q-SL-12-017-05-general-web,Q-SL-12-017-05,SL-12-017,general_web,3,pending,baseline
R-Q-SL-12-017-05-image-search,Q-SL-12-017-05,SL-12-017,image_search,4,pending,baseline
R-Q-SL-12-018-01-local-folder,Q-SL-12-018-01,SL-12-018,local_folder,1,pending,local_source_enabled
R-Q-SL-12-018-01-wikimedia,Q-SL-12-018-01,SL-12-018,wikimedia,2,pending,historical_query
R-Q-SL-12-018-01-general-web,Q-SL-12-018-01,SL-12-018,general_web,3,pending,baseline
R-Q-SL-12-018-01-image-search,Q-SL-12-018-01,SL-12-018,image_search,4,pending,baseline
R-Q-SL-12-018-02-local-folder,Q-SL-12-018-02,SL-12-018,local_folder,1,pending,local_source_enabled
R-Q-SL-12-018-02-wikimedia,Q-SL-12-018-02,SL-12-018,wikimedia,2,pending,historical_query
R-Q-SL-12-018-02-general-web,Q-SL-12-018-02,SL-12-018,general_web,3,pending,baseline
R-Q-SL-12-018-02-image-search,Q-SL-12-018-02,SL-12-018,image_search,4,pending,baseline
R-Q-SL-12-018-03-local-folder,Q-SL-12-018-03,SL-12-018,local_folder,1,pending,local_source_enabled
R-Q-SL-12-018-03-wikimedia,Q-SL-12-018-03,SL-12-018,wikimedia,2,pending,historical_query
R-Q-SL-12-018-03-general-web,Q-SL-12-018-03,SL-12-018,general_web,3,pending,baseline
R-Q-SL-12-018-03-image-search,Q-SL-12-018-03,SL-12-018,image_search,4,pending,baseline
R-Q-SL-12-018-04-local-folder,Q-SL-12-018-04,SL-12-018,local_folder,1,pending,local_source_enabled
R-Q-SL-12-018-04-wikimedia,Q-SL-12-018-04,SL-12-018,wikimedia,2,pending,historical_query
R-Q-SL-12-018-04-general-web,Q-SL-12-018-04,SL-12-018,general_web,3,pending,baseline
R-Q-SL-12-018-04-image-search,Q-SL-12-018-04,SL-12-018,image_search,4,pending,baseline
R-Q-SL-12-018-05-local-folder,Q-SL-12-018-05,SL-12-018,local_folder,1,pending,local_source_enabled
R-Q-SL-12-018-05-wikimedia,Q-SL-12-018-05,SL-12-018,wikimedia,2,pending,historical_query
R-Q-SL-12-018-05-general-web,Q-SL-12-018-05,SL-12-018,general_web,3,pending,baseline
R-Q-SL-12-018-05-image-search,Q-SL-12-018-05,SL-12-018,image_search,4,pending,baseline
R-Q-SL-12-019-01-local-folder,Q-SL-12-019-01,SL-12-019,local_folder,1,pending,local_source_enabled
R-Q-SL-12-019-01-general-web,Q-SL-12-019-01,SL-12-019,general_web,3,pending,baseline
R-Q-SL-12-019-01-image-search,Q-SL-12-019-01,SL-12-019,image_search,4,pending,baseline
R-Q-SL-12-019-02-local-folder,Q-SL-12-019-02,SL-12-019,local_folder,1,pending,local_source_enabled
R-Q-SL-12-019-02-general-web,Q-SL-12-019-02,SL-12-019,general_web,3,pending,baseline
R-Q-SL-12-019-02-image-search,Q-SL-12-019-02,SL-12-019,image_search,4,pending,baseline
R-Q-SL-12-019-03-local-folder,Q-SL-12-019-03,SL-12-019,local_folder,1,pending,local_source_enabled
R-Q-SL-12-019-03-general-web,Q-SL-12-019-03,SL-12-019,general_web,3,pending,baseline
R-Q-SL-12-019-03-image-search,Q-SL-12-019-03,SL-12-019,image_search,4,pending,baseline
R-Q-SL-12-019-04-local-folder,Q-SL-12-019-04,SL-12-019,local_folder,1,pending,local_source_enabled
R-Q-SL-12-019-04-wikimedia,Q-SL-12-019-04,SL-12-019,wikimedia,2,pending,historical_query
R-Q-SL-12-019-04-general-web,Q-SL-12-019-04,SL-12-019,general_web,3,pending,baseline
R-Q-SL-12-019-04-image-search,Q-SL-12-019-04,SL-12-019,image_search,4,pending,baseline
R-Q-SL-12-019-05-local-folder,Q-SL-12-019-05,SL-12-019,local_folder,1,pending,local_source_enabled
R-Q-SL-12-019-05-general-web,Q-SL-12-019-05,SL-12-019,general_web,3,pending,baseline
R-Q-SL-12-019-05-image-search,Q-SL-12-019-05,SL-12-019,image_search,4,pending,baseline
R-Q-SL-12-020-01-local-folder,Q-SL-12-020-01,SL-12-020,local_folder,1,pending,local_source_enabled
R-Q-SL-12-020-01-general-web,Q-SL-12-020-01,SL-12-020,general_web,3,pending,baseline
R-Q-SL-12-020-01-image-search,Q-SL-12-020-01,SL-12-020,image_search,4,pending,baseline
R-Q-SL-12-020-02-local-folder,Q-SL-12-020-02,SL-12-020,local_folder,1,pending,local_source_enabled
R-Q-SL-12-020-02-general-web,Q-SL-12-020-02,SL-12-020,general_web,3,pending,baseline
R-Q-SL-12-020-02-image-search,Q-SL-12-020-02,SL-12-020,image_search,4,pending,baseline
R-Q-SL-12-020-03-local-folder,Q-SL-12-020-03,SL-12-020,local_folder,1,pending,local_source_enabled
R-Q-SL-12-020-03-general-web,Q-SL-12-020-03,SL-12-020,general_web,3,pending,baseline
R-Q-SL-12-020-03-image-search,Q-SL-12-020-03,SL-12-020,image_search,4,pending,baseline
R-Q-SL-12-020-04-local-folder,Q-SL-12-020-04,SL-12-020,local_folder,1,pending,local_source_enabled
R-Q-SL-12-020-04-wikimedia,Q-SL-12-020-04,SL-12-020,wikimedia,2,pending,historical_query
R-Q-SL-12-020-04-general-web,Q-SL-12-020-04,SL-12-020,general_web,3,pending,baseline
R-Q-SL-12-020-04-image-search,Q-SL-12-020-04,SL-12-020,image_search,4,pending,baseline
R-Q-SL-12-020-05-local-folder,Q-SL-12-020-05,SL-12-020,local_folder,1,pending,local_source_enabled
R-Q-SL-12-020-05-wikimedia,Q-SL-12-020-05,SL-12-020,wikimedia,2,pending,historical_query
R-Q-SL-12-020-05-general-web,Q-SL-12-020-05,SL-12-020,general_web,3,pending,baseline
R-Q-SL-12-020-05-image-search,Q-SL-12-020-05,SL-12-020,image_search,4,pending,baseline
R-Q-SL-12-021-01-local-folder,Q-SL-12-021-01,SL-12-021,local_folder,1,pending,local_source_enabled
R-Q-SL-12-021-01-wikimedia,Q-SL-12-021-01,SL-12-021,wikimedia,2,pending,historical_query
R-Q-SL-12-021-01-general-web,Q-SL-12-021-01,SL-12-021,general_web,3,pending,baseline
R-Q-SL-12-021-01-image-search,Q-SL-12-021-01,SL-12-021,image_search,4,pending,baseline
R-Q-SL-12-021-02-local-folder,Q-SL-12-021-02,SL-12-021,local_folder,1,pending,local_source_enabled
R-Q-SL-12-021-02-wikimedia,Q-SL-12-021-02,SL-12-021,wikimedia,2,pending,historical_query
R-Q-SL-12-021-02-general-web,Q-SL-12-021-02,SL-12-021,general_web,3,pending,baseline
R-Q-SL-12-021-02-image-search,Q-SL-12-021-02,SL-12-021,image_search,4,pending,baseline
R-Q-SL-12-021-03-local-folder,Q-SL-12-021-03,SL-12-021,local_folder,1,pending,local_source_enabled
R-Q-SL-12-021-03-wikimedia,Q-SL-12-021-03,SL-12-021,wikimedia,2,pending,historical_query
R-Q-SL-12-021-03-general-web,Q-SL-12-021-03,SL-12-021,general_web,3,pending,baseline
R-Q-SL-12-021-03-image-search,Q-SL-12-021-03,SL-12-021,image_search,4,pending,baseline
R-Q-SL-12-021-04-local-folder,Q-SL-12-021-04,SL-12-021,local_folder,1,pending,local_source_enabled
R-Q-SL-12-021-04-wikimedia,Q-SL-12-021-04,SL-12-021,wikimedia,2,pending,historical_query
R-Q-SL-12-021-04-general-web,Q-SL-12-021-04,SL-12-021,general_web,3,pending,baseline
R-Q-SL-12-021-04-image-search,Q-SL-12-021-04,SL-12-021,image_search,4,pending,baseline
R-Q-SL-12-021-05-local-folder,Q-SL-12-021-05,SL-12-021,local_folder,1,pending,local_source_enabled
R-Q-SL-12-021-05-wikimedia,Q-SL-12-021-05,SL-12-021,wikimedia,2,pending,historical_query
R-Q-SL-12-021-05-general-web,Q-SL-12-021-05,SL-12-021,general_web,3,pending,baseline
R-Q-SL-12-021-05-image-search,Q-SL-12-021-05,SL-12-021,image_search,4,pending,baseline
R-Q-SL-12-022-01-local-folder,Q-SL-12-022-01,SL-12-022,local_folder,1,pending,local_source_enabled
R-Q-SL-12-022-01-general-web,Q-SL-12-022-01,SL-12-022,general_web,3,pending,baseline
R-Q-SL-12-022-01-image-search,Q-SL-12-022-01,SL-12-022,image_search,4,pending,baseline
R-Q-SL-12-022-02-local-folder,Q-SL-12-022-02,SL-12-022,local_folder,1,pending,local_source_enabled
R-Q-SL-12-022-02-general-web,Q-SL-12-022-02,SL-12-022,general_web,3,pending,baseline
R-Q-SL-12-022-02-image-search,Q-SL-12-022-02,SL-12-022,image_search,4,pending,baseline
R-Q-SL-12-022-03-local-folder,Q-SL-12-022-03,SL-12-022,local_folder,1,pending,local_source_enabled
R-Q-SL-12-022-03-general-web,Q-SL-12-022-03,SL-12-022,general_web,3,pending,baseline
R-Q-SL-12-022-03-image-search,Q-SL-12-022-03,SL-12-022,image_search,4,pending,baseline
R-Q-SL-12-022-04-local-folder,Q-SL-12-022-04,SL-12-022,local_folder,1,pending,local_source_enabled
R-Q-SL-12-022-04-wikimedia,Q-SL-12-022-04,SL-12-022,wikimedia,2,pending,historical_query
R-Q-SL-12-022-04-general-web,Q-SL-12-022-04,SL-12-022,general_web,3,pending,baseline
R-Q-SL-12-022-04-image-search,Q-SL-12-022-04,SL-12-022,image_search,4,pending,baseline
R-Q-SL-12-022-05-local-folder,Q-SL-12-022-05,SL-12-022,local_folder,1,pending,local_source_enabled
R-Q-SL-12-022-05-general-web,Q-SL-12-022-05,SL-12-022,general_web,3,pending,baseline
R-Q-SL-12-022-05-image-search,Q-SL-12-022-05,SL-12-022,image_search,4,pending,baseline
R-Q-SL-12-023-01-local-folder,Q-SL-12-023-01,SL-12-023,local_folder,1,pending,local_source_enabled
R-Q-SL-12-023-01-general-web,Q-SL-12-023-01,SL-12-023,general_web,3,pending,baseline
R-Q-SL-12-023-01-image-search,Q-SL-12-023-01,SL-12-023,image_search,4,pending,baseline
R-Q-SL-12-023-02-local-folder,Q-SL-12-023-02,SL-12-023,local_folder,1,pending,local_source_enabled
R-Q-SL-12-023-02-general-web,Q-SL-12-023-02,SL-12-023,general_web,3,pending,baseline
R-Q-SL-12-023-02-image-search,Q-SL-12-023-02,SL-12-023,image_search,4,pending,baseline
R-Q-SL-12-023-03-local-folder,Q-SL-12-023-03,SL-12-023,local_folder,1,pending,local_source_enabled
R-Q-SL-12-023-03-general-web,Q-SL-12-023-03,SL-12-023,general_web,3,pending,baseline
R-Q-SL-12-023-03-image-search,Q-SL-12-023-03,SL-12-023,image_search,4,pending,baseline
R-Q-SL-12-023-04-local-folder,Q-SL-12-023-04,SL-12-023,local_folder,1,pending,local_source_enabled
R-Q-SL-12-023-04-general-web,Q-SL-12-023-04,SL-12-023,general_web,3,pending,baseline
R-Q-SL-12-023-04-image-search,Q-SL-12-023-04,SL-12-023,image_search,4,pending,baseline
R-Q-SL-12-023-05-local-folder,Q-SL-12-023-05,SL-12-023,local_folder,1,pending,local_source_enabled
R-Q-SL-12-023-05-wikimedia,Q-SL-12-023-05,SL-12-023,wikimedia,2,pending,historical_query
R-Q-SL-12-023-05-general-web,Q-SL-12-023-05,SL-12-023,general_web,3,pending,baseline
R-Q-SL-12-023-05-image-search,Q-SL-12-023-05,SL-12-023,image_search,4,pending,baseline
R-Q-SL-12-024-01-local-folder,Q-SL-12-024-01,SL-12-024,local_folder,1,pending,local_source_enabled
R-Q-SL-12-024-01-wikimedia,Q-SL-12-024-01,SL-12-024,wikimedia,2,pending,historical_query
R-Q-SL-12-024-01-general-web,Q-SL-12-024-01,SL-12-024,general_web,3,pending,baseline
R-Q-SL-12-024-01-image-search,Q-SL-12-024-01,SL-12-024,image_search,4,pending,baseline
R-Q-SL-12-024-02-local-folder,Q-SL-12-024-02,SL-12-024,local_folder,1,pending,local_source_enabled
R-Q-SL-12-024-02-wikimedia,Q-SL-12-024-02,SL-12-024,wikimedia,2,pending,historical_query
R-Q-SL-12-024-02-general-web,Q-SL-12-024-02,SL-12-024,general_web,3,pending,baseline
R-Q-SL-12-024-02-image-search,Q-SL-12-024-02,SL-12-024,image_search,4,pending,baseline
R-Q-SL-12-024-03-local-folder,Q-SL-12-024-03,SL-12-024,local_folder,1,pending,local_source_enabled
R-Q-SL-12-024-03-wikimedia,Q-SL-12-024-03,SL-12-024,wikimedia,2,pending,historical_query
R-Q-SL-12-024-03-general-web,Q-SL-12-024-03,SL-12-024,general_web,3,pending,baseline
R-Q-SL-12-024-03-image-search,Q-SL-12-024-03,SL-12-024,image_search,4,pending,baseline
R-Q-SL-12-024-04-local-folder,Q-SL-12-024-04,SL-12-024,local_folder,1,pending,local_source_enabled
R-Q-SL-12-024-04-wikimedia,Q-SL-12-024-04,SL-12-024,wikimedia,2,pending,historical_query
R-Q-SL-12-024-04-general-web,Q-SL-12-024-04,SL-12-024,general_web,3,pending,baseline
R-Q-SL-12-024-04-image-search,Q-SL-12-024-04,SL-12-024,image_search,4,pending,baseline
R-Q-SL-12-024-05-local-folder,Q-SL-12-024-05,SL-12-024,local_folder,1,pending,local_source_enabled
R-Q-SL-12-024-05-wikimedia,Q-SL-12-024-05,SL-12-024,wikimedia,2,pending,historical_query
R-Q-SL-12-024-05-general-web,Q-SL-12-024-05,SL-12-024,general_web,3,pending,baseline
R-Q-SL-12-024-05-image-search,Q-SL-12-024-05,SL-12-024,image_search,4,pending,baseline
R-Q-SL-12-025-01-local-folder,Q-SL-12-025-01,SL-12-025,local_folder,1,pending,local_source_enabled
R-Q-SL-12-025-01-general-web,Q-SL-12-025-01,SL-12-025,general_web,3,pending,baseline
R-Q-SL-12-025-01-image-search,Q-SL-12-025-01,SL-12-025,image_search,4,pending,baseline
R-Q-SL-12-025-02-local-folder,Q-SL-12-025-02,SL-12-025,local_folder,1,pending,local_source_enabled
R-Q-SL-12-025-02-general-web,Q-SL-12-025-02,SL-12-025,general_web,3,pending,baseline
R-Q-SL-12-025-02-image-search,Q-SL-12-025-02,SL-12-025,image_search,4,pending,baseline
R-Q-SL-12-025-03-local-folder,Q-SL-12-025-03,SL-12-025,local_folder,1,pending,local_source_enabled
R-Q-SL-12-025-03-general-web,Q-SL-12-025-03,SL-12-025,general_web,3,pending,baseline
R-Q-SL-12-025-03-image-search,Q-SL-12-025-03,SL-12-025,image_search,4,pending,baseline
R-Q-SL-12-025-04-local-folder,Q-SL-12-025-04,SL-12-025,local_folder,1,pending,local_source_enabled
R-Q-SL-12-025-04-wikimedia,Q-SL-12-025-04,SL-12-025,wikimedia,2,pending,historical_query
R-Q-SL-12-025-04-general-web,Q-SL-12-025-04,SL-12-025,general_web,3,pending,baseline
R-Q-SL-12-025-04-image-search,Q-SL-12-025-04,SL-12-025,image_search,4,pending,baseline
R-Q-SL-12-025-05-local-folder,Q-SL-12-025-05,SL-12-025,local_folder,1,pending,local_source_enabled
R-Q-SL-12-025-05-general-web,Q-SL-12-025-05,SL-12-025,general_web,3,pending,baseline
R-Q-SL-12-025-05-image-search,Q-SL-12-025-05,SL-12-025,image_search,4,pending,baseline
R-Q-SL-12-026-01-local-folder,Q-SL-12-026-01,SL-12-026,local_folder,1,pending,local_source_enabled
R-Q-SL-12-026-01-wikimedia,Q-SL-12-026-01,SL-12-026,wikimedia,2,pending,historical_query
R-Q-SL-12-026-01-general-web,Q-SL-12-026-01,SL-12-026,general_web,3,pending,baseline
R-Q-SL-12-026-01-image-search,Q-SL-12-026-01,SL-12-026,image_search,4,pending,baseline
R-Q-SL-12-026-02-local-folder,Q-SL-12-026-02,SL-12-026,local_folder,1,pending,local_source_enabled
R-Q-SL-12-026-02-wikimedia,Q-SL-12-026-02,SL-12-026,wikimedia,2,pending,historical_query
R-Q-SL-12-026-02-general-web,Q-SL-12-026-02,SL-12-026,general_web,3,pending,baseline
R-Q-SL-12-026-02-image-search,Q-SL-12-026-02,SL-12-026,image_search,4,pending,baseline
R-Q-SL-12-026-03-local-folder,Q-SL-12-026-03,SL-12-026,local_folder,1,pending,local_source_enabled
R-Q-SL-12-026-03-wikimedia,Q-SL-12-026-03,SL-12-026,wikimedia,2,pending,historical_query
R-Q-SL-12-026-03-general-web,Q-SL-12-026-03,SL-12-026,general_web,3,pending,baseline
R-Q-SL-12-026-03-image-search,Q-SL-12-026-03,SL-12-026,image_search,4,pending,baseline
R-Q-SL-12-026-04-local-folder,Q-SL-12-026-04,SL-12-026,local_folder,1,pending,local_source_enabled
R-Q-SL-12-026-04-wikimedia,Q-SL-12-026-04,SL-12-026,wikimedia,2,pending,historical_query
R-Q-SL-12-026-04-general-web,Q-SL-12-026-04,SL-12-026,general_web,3,pending,baseline
R-Q-SL-12-026-04-image-search,Q-SL-12-026-04,SL-12-026,image_search,4,pending,baseline
R-Q-SL-12-026-05-local-folder,Q-SL-12-026-05,SL-12-026,local_folder,1,pending,local_source_enabled
R-Q-SL-12-026-05-wikimedia,Q-SL-12-026-05,SL-12-026,wikimedia,2,pending,historical_query
R-Q-SL-12-026-05-general-web,Q-SL-12-026-05,SL-12-026,general_web,3,pending,baseline
R-Q-SL-12-026-05-image-search,Q-SL-12-026-05,SL-12-026,image_search,4,pending,baseline
R-Q-SL-12-027-01-local-folder,Q-SL-12-027-01,SL-12-027,local_folder,1,pending,local_source_enabled
R-Q-SL-12-027-01-general-web,Q-SL-12-027-01,SL-12-027,general_web,3,pending,baseline
R-Q-SL-12-027-01-image-search,Q-SL-12-027-01,SL-12-027,image_search,4,pending,baseline
R-Q-SL-12-027-02-local-folder,Q-SL-12-027-02,SL-12-027,local_folder,1,pending,local_source_enabled
R-Q-SL-12-027-02-general-web,Q-SL-12-027-02,SL-12-027,general_web,3,pending,baseline
R-Q-SL-12-027-02-image-search,Q-SL-12-027-02,SL-12-027,image_search,4,pending,baseline
R-Q-SL-12-027-03-local-folder,Q-SL-12-027-03,SL-12-027,local_folder,1,pending,local_source_enabled
R-Q-SL-12-027-03-general-web,Q-SL-12-027-03,SL-12-027,general_web,3,pending,baseline
R-Q-SL-12-027-03-image-search,Q-SL-12-027-03,SL-12-027,image_search,4,pending,baseline
R-Q-SL-12-027-04-local-folder,Q-SL-12-027-04,SL-12-027,local_folder,1,pending,local_source_enabled
R-Q-SL-12-027-04-wikimedia,Q-SL-12-027-04,SL-12-027,wikimedia,2,pending,historical_query
R-Q-SL-12-027-04-general-web,Q-SL-12-027-04,SL-12-027,general_web,3,pending,baseline
R-Q-SL-12-027-04-image-search,Q-SL-12-027-04,SL-12-027,image_search,4,pending,baseline
R-Q-SL-12-027-05-local-folder,Q-SL-12-027-05,SL-12-027,local_folder,1,pending,local_source_enabled
R-Q-SL-12-027-05-general-web,Q-SL-12-027-05,SL-12-027,general_web,3,pending,baseline
R-Q-SL-12-027-05-image-search,Q-SL-12-027-05,SL-12-027,image_search,4,pending,baseline
R-Q-SL-12-028-01-local-folder,Q-SL-12-028-01,SL-12-028,local_folder,1,pending,local_source_enabled
R-Q-SL-12-028-01-general-web,Q-SL-12-028-01,SL-12-028,general_web,3,pending,baseline
R-Q-SL-12-028-01-image-search,Q-SL-12-028-01,SL-12-028,image_search,4,pending,baseline
R-Q-SL-12-028-02-local-folder,Q-SL-12-028-02,SL-12-028,local_folder,1,pending,local_source_enabled
R-Q-SL-12-028-02-general-web,Q-SL-12-028-02,SL-12-028,general_web,3,pending,baseline
R-Q-SL-12-028-02-image-search,Q-SL-12-028-02,SL-12-028,image_search,4,pending,baseline
R-Q-SL-12-028-03-local-folder,Q-SL-12-028-03,SL-12-028,local_folder,1,pending,local_source_enabled
R-Q-SL-12-028-03-general-web,Q-SL-12-028-03,SL-12-028,general_web,3,pending,baseline
R-Q-SL-12-028-03-image-search,Q-SL-12-028-03,SL-12-028,image_search,4,pending,baseline
R-Q-SL-12-028-04-local-folder,Q-SL-12-028-04,SL-12-028,local_folder,1,pending,local_source_enabled
R-Q-SL-12-028-04-wikimedia,Q-SL-12-028-04,SL-12-028,wikimedia,2,pending,historical_query
R-Q-SL-12-028-04-general-web,Q-SL-12-028-04,SL-12-028,general_web,3,pending,baseline
R-Q-SL-12-028-04-image-search,Q-SL-12-028-04,SL-12-028,image_search,4,pending,baseline
R-Q-SL-12-028-05-local-folder,Q-SL-12-028-05,SL-12-028,local_folder,1,pending,local_source_enabled
R-Q-SL-12-028-05-general-web,Q-SL-12-028-05,SL-12-028,general_web,3,pending,baseline
R-Q-SL-12-028-05-image-search,Q-SL-12-028-05,SL-12-028,image_search,4,pending,baseline
R-Q-SL-12-029-01-local-folder,Q-SL-12-029-01,SL-12-029,local_folder,1,pending,local_source_enabled
R-Q-SL-12-029-01-general-web,Q-SL-12-029-01,SL-12-029,general_web,3,pending,baseline
R-Q-SL-12-029-01-image-search,Q-SL-12-029-01,SL-12-029,image_search,4,pending,baseline
R-Q-SL-12-029-02-local-folder,Q-SL-12-029-02,SL-12-029,local_folder,1,pending,local_source_enabled
R-Q-SL-12-029-02-general-web,Q-SL-12-029-02,SL-12-029,general_web,3,pending,baseline
R-Q-SL-12-029-02-image-search,Q-SL-12-029-02,SL-12-029,image_search,4,pending,baseline
R-Q-SL-12-029-03-local-folder,Q-SL-12-029-03,SL-12-029,local_folder,1,pending,local_source_enabled
R-Q-SL-12-029-03-general-web,Q-SL-12-029-03,SL-12-029,general_web,3,pending,baseline
R-Q-SL-12-029-03-image-search,Q-SL-12-029-03,SL-12-029,image_search,4,pending,baseline
R-Q-SL-12-029-04-local-folder,Q-SL-12-029-04,SL-12-029,local_folder,1,pending,local_source_enabled
R-Q-SL-12-029-04-wikimedia,Q-SL-12-029-04,SL-12-029,wikimedia,2,pending,historical_query
R-Q-SL-12-029-04-general-web,Q-SL-12-029-04,SL-12-029,general_web,3,pending,baseline
R-Q-SL-12-029-04-image-search,Q-SL-12-029-04,SL-12-029,image_search,4,pending,baseline
R-Q-SL-12-029-05-local-folder,Q-SL-12-029-05,SL-12-029,local_folder,1,pending,local_source_enabled
R-Q-SL-12-029-05-general-web,Q-SL-12-029-05,SL-12-029,general_web,3,pending,baseline
R-Q-SL-12-029-05-image-search,Q-SL-12-029-05,SL-12-029,image_search,4,pending,baseline
R-Q-SL-12-030-01-local-folder,Q-SL-12-030-01,SL-12-030,local_folder,1,pending,local_source_enabled
R-Q-SL-12-030-01-general-web,Q-SL-12-030-01,SL-12-030,general_web,3,pending,baseline
R-Q-SL-12-030-01-image-search,Q-SL-12-030-01,SL-12-030,image_search,4,pending,baseline
R-Q-SL-12-030-02-local-folder,Q-SL-12-030-02,SL-12-030,local_folder,1,pending,local_source_enabled
R-Q-SL-12-030-02-general-web,Q-SL-12-030-02,SL-12-030,general_web,3,pending,baseline
R-Q-SL-12-030-02-image-search,Q-SL-12-030-02,SL-12-030,image_search,4,pending,baseline
R-Q-SL-12-030-03-local-folder,Q-SL-12-030-03,SL-12-030,local_folder,1,pending,local_source_enabled
R-Q-SL-12-030-03-general-web,Q-SL-12-030-03,SL-12-030,general_web,3,pending,baseline
R-Q-SL-12-030-03-image-search,Q-SL-12-030-03,SL-12-030,image_search,4,pending,baseline
R-Q-SL-12-030-04-local-folder,Q-SL-12-030-04,SL-12-030,local_folder,1,pending,local_source_enabled
R-Q-SL-12-030-04-wikimedia,Q-SL-12-030-04,SL-12-030,wikimedia,2,pending,historical_query
R-Q-SL-12-030-04-general-web,Q-SL-12-030-04,SL-12-030,general_web,3,pending,baseline
R-Q-SL-12-030-04-image-search,Q-SL-12-030-04,SL-12-030,image_search,4,pending,baseline
R-Q-SL-12-030-05-local-folder,Q-SL-12-030-05,SL-12-030,local_folder,1,pending,local_source_enabled
R-Q-SL-12-030-05-general-web,Q-SL-12-030-05,SL-12-030,general_web,3,pending,baseline
R-Q-SL-12-030-05-image-search,Q-SL-12-030-05,SL-12-030,image_search,4,pending,baseline
R-Q-SL-13-001-01-local-folder,Q-SL-13-001-01,SL-13-001,local_folder,1,pending,local_source_enabled
R-Q-SL-13-001-01-general-web,Q-SL-13-001-01,SL-13-001,general_web,3,pending,baseline
R-Q-SL-13-001-01-image-search,Q-SL-13-001-01,SL-13-001,image_search,4,pending,baseline
R-Q-SL-13-001-02-local-folder,Q-SL-13-001-02,SL-13-001,local_folder,1,pending,local_source_enabled
R-Q-SL-13-001-02-general-web,Q-SL-13-001-02,SL-13-001,general_web,3,pending,baseline
R-Q-SL-13-001-02-image-search,Q-SL-13-001-02,SL-13-001,image_search,4,pending,baseline
R-Q-SL-13-001-03-local-folder,Q-SL-13-001-03,SL-13-001,local_folder,1,pending,local_source_enabled
R-Q-SL-13-001-03-general-web,Q-SL-13-001-03,SL-13-001,general_web,3,pending,baseline
R-Q-SL-13-001-03-image-search,Q-SL-13-001-03,SL-13-001,image_search,4,pending,baseline
R-Q-SL-13-001-04-local-folder,Q-SL-13-001-04,SL-13-001,local_folder,1,pending,local_source_enabled
R-Q-SL-13-001-04-general-web,Q-SL-13-001-04,SL-13-001,general_web,3,pending,baseline
R-Q-SL-13-001-04-image-search,Q-SL-13-001-04,SL-13-001,image_search,4,pending,baseline
R-Q-SL-13-001-05-local-folder,Q-SL-13-001-05,SL-13-001,local_folder,1,pending,local_source_enabled
R-Q-SL-13-001-05-general-web,Q-SL-13-001-05,SL-13-001,general_web,3,pending,baseline
R-Q-SL-13-001-05-image-search,Q-SL-13-001-05,SL-13-001,image_search,4,pending,baseline
R-Q-SL-13-002-01-local-folder,Q-SL-13-002-01,SL-13-002,local_folder,1,pending,local_source_enabled
R-Q-SL-13-002-01-general-web,Q-SL-13-002-01,SL-13-002,general_web,3,pending,baseline
R-Q-SL-13-002-01-image-search,Q-SL-13-002-01,SL-13-002,image_search,4,pending,baseline
R-Q-SL-13-002-02-local-folder,Q-SL-13-002-02,SL-13-002,local_folder,1,pending,local_source_enabled
R-Q-SL-13-002-02-general-web,Q-SL-13-002-02,SL-13-002,general_web,3,pending,baseline
R-Q-SL-13-002-02-image-search,Q-SL-13-002-02,SL-13-002,image_search,4,pending,baseline
R-Q-SL-13-002-03-local-folder,Q-SL-13-002-03,SL-13-002,local_folder,1,pending,local_source_enabled
R-Q-SL-13-002-03-general-web,Q-SL-13-002-03,SL-13-002,general_web,3,pending,baseline
R-Q-SL-13-002-03-image-search,Q-SL-13-002-03,SL-13-002,image_search,4,pending,baseline
R-Q-SL-13-002-04-local-folder,Q-SL-13-002-04,SL-13-002,local_folder,1,pending,local_source_enabled
R-Q-SL-13-002-04-wikimedia,Q-SL-13-002-04,SL-13-002,wikimedia,2,pending,historical_query
R-Q-SL-13-002-04-general-web,Q-SL-13-002-04,SL-13-002,general_web,3,pending,baseline
R-Q-SL-13-002-04-image-search,Q-SL-13-002-04,SL-13-002,image_search,4,pending,baseline
R-Q-SL-13-002-05-local-folder,Q-SL-13-002-05,SL-13-002,local_folder,1,pending,local_source_enabled
R-Q-SL-13-002-05-general-web,Q-SL-13-002-05,SL-13-002,general_web,3,pending,baseline
R-Q-SL-13-002-05-image-search,Q-SL-13-002-05,SL-13-002,image_search,4,pending,baseline
R-Q-SL-13-003-01-local-folder,Q-SL-13-003-01,SL-13-003,local_folder,1,pending,local_source_enabled
R-Q-SL-13-003-01-general-web,Q-SL-13-003-01,SL-13-003,general_web,3,pending,baseline
R-Q-SL-13-003-01-image-search,Q-SL-13-003-01,SL-13-003,image_search,4,pending,baseline
R-Q-SL-13-003-02-local-folder,Q-SL-13-003-02,SL-13-003,local_folder,1,pending,local_source_enabled
R-Q-SL-13-003-02-general-web,Q-SL-13-003-02,SL-13-003,general_web,3,pending,baseline
R-Q-SL-13-003-02-image-search,Q-SL-13-003-02,SL-13-003,image_search,4,pending,baseline
R-Q-SL-13-003-03-local-folder,Q-SL-13-003-03,SL-13-003,local_folder,1,pending,local_source_enabled
R-Q-SL-13-003-03-general-web,Q-SL-13-003-03,SL-13-003,general_web,3,pending,baseline
R-Q-SL-13-003-03-image-search,Q-SL-13-003-03,SL-13-003,image_search,4,pending,baseline
R-Q-SL-13-003-04-local-folder,Q-SL-13-003-04,SL-13-003,local_folder,1,pending,local_source_enabled
R-Q-SL-13-003-04-wikimedia,Q-SL-13-003-04,SL-13-003,wikimedia,2,pending,historical_query
R-Q-SL-13-003-04-general-web,Q-SL-13-003-04,SL-13-003,general_web,3,pending,baseline
R-Q-SL-13-003-04-image-search,Q-SL-13-003-04,SL-13-003,image_search,4,pending,baseline
R-Q-SL-13-003-05-local-folder,Q-SL-13-003-05,SL-13-003,local_folder,1,pending,local_source_enabled
R-Q-SL-13-003-05-general-web,Q-SL-13-003-05,SL-13-003,general_web,3,pending,baseline
R-Q-SL-13-003-05-image-search,Q-SL-13-003-05,SL-13-003,image_search,4,pending,baseline
R-Q-SL-13-004-01-local-folder,Q-SL-13-004-01,SL-13-004,local_folder,1,pending,local_source_enabled
R-Q-SL-13-004-01-general-web,Q-SL-13-004-01,SL-13-004,general_web,3,pending,baseline
R-Q-SL-13-004-01-image-search,Q-SL-13-004-01,SL-13-004,image_search,4,pending,baseline
R-Q-SL-13-004-02-local-folder,Q-SL-13-004-02,SL-13-004,local_folder,1,pending,local_source_enabled
R-Q-SL-13-004-02-general-web,Q-SL-13-004-02,SL-13-004,general_web,3,pending,baseline
R-Q-SL-13-004-02-image-search,Q-SL-13-004-02,SL-13-004,image_search,4,pending,baseline
R-Q-SL-13-004-03-local-folder,Q-SL-13-004-03,SL-13-004,local_folder,1,pending,local_source_enabled
R-Q-SL-13-004-03-general-web,Q-SL-13-004-03,SL-13-004,general_web,3,pending,baseline
R-Q-SL-13-004-03-image-search,Q-SL-13-004-03,SL-13-004,image_search,4,pending,baseline
R-Q-SL-13-004-04-local-folder,Q-SL-13-004-04,SL-13-004,local_folder,1,pending,local_source_enabled
R-Q-SL-13-004-04-general-web,Q-SL-13-004-04,SL-13-004,general_web,3,pending,baseline
R-Q-SL-13-004-04-image-search,Q-SL-13-004-04,SL-13-004,image_search,4,pending,baseline
R-Q-SL-13-004-05-local-folder,Q-SL-13-004-05,SL-13-004,local_folder,1,pending,local_source_enabled
R-Q-SL-13-004-05-general-web,Q-SL-13-004-05,SL-13-004,general_web,3,pending,baseline
R-Q-SL-13-004-05-image-search,Q-SL-13-004-05,SL-13-004,image_search,4,pending,baseline
R-Q-SL-13-005-01-local-folder,Q-SL-13-005-01,SL-13-005,local_folder,1,pending,local_source_enabled
R-Q-SL-13-005-01-general-web,Q-SL-13-005-01,SL-13-005,general_web,3,pending,baseline
R-Q-SL-13-005-01-image-search,Q-SL-13-005-01,SL-13-005,image_search,4,pending,baseline
R-Q-SL-13-005-02-local-folder,Q-SL-13-005-02,SL-13-005,local_folder,1,pending,local_source_enabled
R-Q-SL-13-005-02-general-web,Q-SL-13-005-02,SL-13-005,general_web,3,pending,baseline
R-Q-SL-13-005-02-image-search,Q-SL-13-005-02,SL-13-005,image_search,4,pending,baseline
R-Q-SL-13-005-03-local-folder,Q-SL-13-005-03,SL-13-005,local_folder,1,pending,local_source_enabled
R-Q-SL-13-005-03-general-web,Q-SL-13-005-03,SL-13-005,general_web,3,pending,baseline
R-Q-SL-13-005-03-image-search,Q-SL-13-005-03,SL-13-005,image_search,4,pending,baseline
R-Q-SL-13-005-04-local-folder,Q-SL-13-005-04,SL-13-005,local_folder,1,pending,local_source_enabled
R-Q-SL-13-005-04-general-web,Q-SL-13-005-04,SL-13-005,general_web,3,pending,baseline
R-Q-SL-13-005-04-image-search,Q-SL-13-005-04,SL-13-005,image_search,4,pending,baseline
R-Q-SL-13-005-05-local-folder,Q-SL-13-005-05,SL-13-005,local_folder,1,pending,local_source_enabled
R-Q-SL-13-005-05-wikimedia,Q-SL-13-005-05,SL-13-005,wikimedia,2,pending,historical_query
R-Q-SL-13-005-05-general-web,Q-SL-13-005-05,SL-13-005,general_web,3,pending,baseline
R-Q-SL-13-005-05-image-search,Q-SL-13-005-05,SL-13-005,image_search,4,pending,baseline
R-Q-SL-13-006-01-local-folder,Q-SL-13-006-01,SL-13-006,local_folder,1,pending,local_source_enabled
R-Q-SL-13-006-01-wikimedia,Q-SL-13-006-01,SL-13-006,wikimedia,2,pending,historical_query
R-Q-SL-13-006-01-general-web,Q-SL-13-006-01,SL-13-006,general_web,3,pending,baseline
R-Q-SL-13-006-01-image-search,Q-SL-13-006-01,SL-13-006,image_search,4,pending,baseline
R-Q-SL-13-006-02-local-folder,Q-SL-13-006-02,SL-13-006,local_folder,1,pending,local_source_enabled
R-Q-SL-13-006-02-wikimedia,Q-SL-13-006-02,SL-13-006,wikimedia,2,pending,historical_query
R-Q-SL-13-006-02-general-web,Q-SL-13-006-02,SL-13-006,general_web,3,pending,baseline
R-Q-SL-13-006-02-image-search,Q-SL-13-006-02,SL-13-006,image_search,4,pending,baseline
R-Q-SL-13-006-03-local-folder,Q-SL-13-006-03,SL-13-006,local_folder,1,pending,local_source_enabled
R-Q-SL-13-006-03-wikimedia,Q-SL-13-006-03,SL-13-006,wikimedia,2,pending,historical_query
R-Q-SL-13-006-03-general-web,Q-SL-13-006-03,SL-13-006,general_web,3,pending,baseline
R-Q-SL-13-006-03-image-search,Q-SL-13-006-03,SL-13-006,image_search,4,pending,baseline
R-Q-SL-13-006-04-local-folder,Q-SL-13-006-04,SL-13-006,local_folder,1,pending,local_source_enabled
R-Q-SL-13-006-04-wikimedia,Q-SL-13-006-04,SL-13-006,wikimedia,2,pending,historical_query
R-Q-SL-13-006-04-general-web,Q-SL-13-006-04,SL-13-006,general_web,3,pending,baseline
R-Q-SL-13-006-04-image-search,Q-SL-13-006-04,SL-13-006,image_search,4,pending,baseline
R-Q-SL-13-006-05-local-folder,Q-SL-13-006-05,SL-13-006,local_folder,1,pending,local_source_enabled
R-Q-SL-13-006-05-wikimedia,Q-SL-13-006-05,SL-13-006,wikimedia,2,pending,historical_query
R-Q-SL-13-006-05-general-web,Q-SL-13-006-05,SL-13-006,general_web,3,pending,baseline
R-Q-SL-13-006-05-image-search,Q-SL-13-006-05,SL-13-006,image_search,4,pending,baseline
R-Q-SL-13-007-01-local-folder,Q-SL-13-007-01,SL-13-007,local_folder,1,pending,local_source_enabled
R-Q-SL-13-007-01-general-web,Q-SL-13-007-01,SL-13-007,general_web,3,pending,baseline
R-Q-SL-13-007-01-image-search,Q-SL-13-007-01,SL-13-007,image_search,4,pending,baseline
R-Q-SL-13-007-02-local-folder,Q-SL-13-007-02,SL-13-007,local_folder,1,pending,local_source_enabled
R-Q-SL-13-007-02-general-web,Q-SL-13-007-02,SL-13-007,general_web,3,pending,baseline
R-Q-SL-13-007-02-image-search,Q-SL-13-007-02,SL-13-007,image_search,4,pending,baseline
R-Q-SL-13-007-03-local-folder,Q-SL-13-007-03,SL-13-007,local_folder,1,pending,local_source_enabled
R-Q-SL-13-007-03-general-web,Q-SL-13-007-03,SL-13-007,general_web,3,pending,baseline
R-Q-SL-13-007-03-image-search,Q-SL-13-007-03,SL-13-007,image_search,4,pending,baseline
R-Q-SL-13-007-04-local-folder,Q-SL-13-007-04,SL-13-007,local_folder,1,pending,local_source_enabled
R-Q-SL-13-007-04-wikimedia,Q-SL-13-007-04,SL-13-007,wikimedia,2,pending,historical_query
R-Q-SL-13-007-04-general-web,Q-SL-13-007-04,SL-13-007,general_web,3,pending,baseline
R-Q-SL-13-007-04-image-search,Q-SL-13-007-04,SL-13-007,image_search,4,pending,baseline
R-Q-SL-13-007-05-local-folder,Q-SL-13-007-05,SL-13-007,local_folder,1,pending,local_source_enabled
R-Q-SL-13-007-05-wikimedia,Q-SL-13-007-05,SL-13-007,wikimedia,2,pending,historical_query
R-Q-SL-13-007-05-general-web,Q-SL-13-007-05,SL-13-007,general_web,3,pending,baseline
R-Q-SL-13-007-05-image-search,Q-SL-13-007-05,SL-13-007,image_search,4,pending,baseline
R-Q-SL-13-008-01-local-folder,Q-SL-13-008-01,SL-13-008,local_folder,1,pending,local_source_enabled
R-Q-SL-13-008-01-general-web,Q-SL-13-008-01,SL-13-008,general_web,3,pending,baseline
R-Q-SL-13-008-01-image-search,Q-SL-13-008-01,SL-13-008,image_search,4,pending,baseline
R-Q-SL-13-008-02-local-folder,Q-SL-13-008-02,SL-13-008,local_folder,1,pending,local_source_enabled
R-Q-SL-13-008-02-general-web,Q-SL-13-008-02,SL-13-008,general_web,3,pending,baseline
R-Q-SL-13-008-02-image-search,Q-SL-13-008-02,SL-13-008,image_search,4,pending,baseline
R-Q-SL-13-008-03-local-folder,Q-SL-13-008-03,SL-13-008,local_folder,1,pending,local_source_enabled
R-Q-SL-13-008-03-general-web,Q-SL-13-008-03,SL-13-008,general_web,3,pending,baseline
R-Q-SL-13-008-03-image-search,Q-SL-13-008-03,SL-13-008,image_search,4,pending,baseline
R-Q-SL-13-008-04-local-folder,Q-SL-13-008-04,SL-13-008,local_folder,1,pending,local_source_enabled
R-Q-SL-13-008-04-general-web,Q-SL-13-008-04,SL-13-008,general_web,3,pending,baseline
R-Q-SL-13-008-04-image-search,Q-SL-13-008-04,SL-13-008,image_search,4,pending,baseline
R-Q-SL-13-008-05-local-folder,Q-SL-13-008-05,SL-13-008,local_folder,1,pending,local_source_enabled
R-Q-SL-13-008-05-wikimedia,Q-SL-13-008-05,SL-13-008,wikimedia,2,pending,historical_query
R-Q-SL-13-008-05-general-web,Q-SL-13-008-05,SL-13-008,general_web,3,pending,baseline
R-Q-SL-13-008-05-image-search,Q-SL-13-008-05,SL-13-008,image_search,4,pending,baseline
R-Q-SL-13-009-01-local-folder,Q-SL-13-009-01,SL-13-009,local_folder,1,pending,local_source_enabled
R-Q-SL-13-009-01-wikimedia,Q-SL-13-009-01,SL-13-009,wikimedia,2,pending,historical_query
R-Q-SL-13-009-01-general-web,Q-SL-13-009-01,SL-13-009,general_web,3,pending,baseline
R-Q-SL-13-009-01-image-search,Q-SL-13-009-01,SL-13-009,image_search,4,pending,baseline
R-Q-SL-13-009-02-local-folder,Q-SL-13-009-02,SL-13-009,local_folder,1,pending,local_source_enabled
R-Q-SL-13-009-02-wikimedia,Q-SL-13-009-02,SL-13-009,wikimedia,2,pending,historical_query
R-Q-SL-13-009-02-general-web,Q-SL-13-009-02,SL-13-009,general_web,3,pending,baseline
R-Q-SL-13-009-02-image-search,Q-SL-13-009-02,SL-13-009,image_search,4,pending,baseline
R-Q-SL-13-009-03-local-folder,Q-SL-13-009-03,SL-13-009,local_folder,1,pending,local_source_enabled
R-Q-SL-13-009-03-wikimedia,Q-SL-13-009-03,SL-13-009,wikimedia,2,pending,historical_query
R-Q-SL-13-009-03-general-web,Q-SL-13-009-03,SL-13-009,general_web,3,pending,baseline
R-Q-SL-13-009-03-image-search,Q-SL-13-009-03,SL-13-009,image_search,4,pending,baseline
R-Q-SL-13-009-04-local-folder,Q-SL-13-009-04,SL-13-009,local_folder,1,pending,local_source_enabled
R-Q-SL-13-009-04-wikimedia,Q-SL-13-009-04,SL-13-009,wikimedia,2,pending,historical_query
R-Q-SL-13-009-04-general-web,Q-SL-13-009-04,SL-13-009,general_web,3,pending,baseline
R-Q-SL-13-009-04-image-search,Q-SL-13-009-04,SL-13-009,image_search,4,pending,baseline
R-Q-SL-13-009-05-local-folder,Q-SL-13-009-05,SL-13-009,local_folder,1,pending,local_source_enabled
R-Q-SL-13-009-05-wikimedia,Q-SL-13-009-05,SL-13-009,wikimedia,2,pending,historical_query
R-Q-SL-13-009-05-general-web,Q-SL-13-009-05,SL-13-009,general_web,3,pending,baseline
R-Q-SL-13-009-05-image-search,Q-SL-13-009-05,SL-13-009,image_search,4,pending,baseline
R-Q-SL-13-010-01-local-folder,Q-SL-13-010-01,SL-13-010,local_folder,1,pending,local_source_enabled
R-Q-SL-13-010-01-wikimedia,Q-SL-13-010-01,SL-13-010,wikimedia,2,pending,category_rule
R-Q-SL-13-010-01-general-web,Q-SL-13-010-01,SL-13-010,general_web,3,pending,baseline
R-Q-SL-13-010-01-image-search,Q-SL-13-010-01,SL-13-010,image_search,4,pending,baseline
R-Q-SL-13-010-02-local-folder,Q-SL-13-010-02,SL-13-010,local_folder,1,pending,local_source_enabled
R-Q-SL-13-010-02-wikimedia,Q-SL-13-010-02,SL-13-010,wikimedia,2,pending,category_rule
R-Q-SL-13-010-02-general-web,Q-SL-13-010-02,SL-13-010,general_web,3,pending,baseline
R-Q-SL-13-010-02-image-search,Q-SL-13-010-02,SL-13-010,image_search,4,pending,baseline
R-Q-SL-13-010-03-local-folder,Q-SL-13-010-03,SL-13-010,local_folder,1,pending,local_source_enabled
R-Q-SL-13-010-03-wikimedia,Q-SL-13-010-03,SL-13-010,wikimedia,2,pending,category_rule
R-Q-SL-13-010-03-general-web,Q-SL-13-010-03,SL-13-010,general_web,3,pending,baseline
R-Q-SL-13-010-03-image-search,Q-SL-13-010-03,SL-13-010,image_search,4,pending,baseline
R-Q-SL-13-010-04-local-folder,Q-SL-13-010-04,SL-13-010,local_folder,1,pending,local_source_enabled
R-Q-SL-13-010-04-wikimedia,Q-SL-13-010-04,SL-13-010,wikimedia,2,pending,category_rule
R-Q-SL-13-010-04-general-web,Q-SL-13-010-04,SL-13-010,general_web,3,pending,baseline
R-Q-SL-13-010-04-image-search,Q-SL-13-010-04,SL-13-010,image_search,4,pending,baseline
R-Q-SL-13-010-05-local-folder,Q-SL-13-010-05,SL-13-010,local_folder,1,pending,local_source_enabled
R-Q-SL-13-010-05-wikimedia,Q-SL-13-010-05,SL-13-010,wikimedia,2,pending,"category_rule,historical_query"
R-Q-SL-13-010-05-general-web,Q-SL-13-010-05,SL-13-010,general_web,3,pending,baseline
R-Q-SL-13-010-05-image-search,Q-SL-13-010-05,SL-13-010,image_search,4,pending,baseline
R-Q-SL-13-011-01-local-folder,Q-SL-13-011-01,SL-13-011,local_folder,1,pending,local_source_enabled
R-Q-SL-13-011-01-general-web,Q-SL-13-011-01,SL-13-011,general_web,3,pending,baseline
R-Q-SL-13-011-01-image-search,Q-SL-13-011-01,SL-13-011,image_search,4,pending,baseline
R-Q-SL-13-011-02-local-folder,Q-SL-13-011-02,SL-13-011,local_folder,1,pending,local_source_enabled
R-Q-SL-13-011-02-general-web,Q-SL-13-011-02,SL-13-011,general_web,3,pending,baseline
R-Q-SL-13-011-02-image-search,Q-SL-13-011-02,SL-13-011,image_search,4,pending,baseline
R-Q-SL-13-011-03-local-folder,Q-SL-13-011-03,SL-13-011,local_folder,1,pending,local_source_enabled
R-Q-SL-13-011-03-general-web,Q-SL-13-011-03,SL-13-011,general_web,3,pending,baseline
R-Q-SL-13-011-03-image-search,Q-SL-13-011-03,SL-13-011,image_search,4,pending,baseline
R-Q-SL-13-011-04-local-folder,Q-SL-13-011-04,SL-13-011,local_folder,1,pending,local_source_enabled
R-Q-SL-13-011-04-general-web,Q-SL-13-011-04,SL-13-011,general_web,3,pending,baseline
R-Q-SL-13-011-04-image-search,Q-SL-13-011-04,SL-13-011,image_search,4,pending,baseline
R-Q-SL-13-011-05-local-folder,Q-SL-13-011-05,SL-13-011,local_folder,1,pending,local_source_enabled
R-Q-SL-13-011-05-general-web,Q-SL-13-011-05,SL-13-011,general_web,3,pending,baseline
R-Q-SL-13-011-05-image-search,Q-SL-13-011-05,SL-13-011,image_search,4,pending,baseline
R-Q-SL-13-012-01-local-folder,Q-SL-13-012-01,SL-13-012,local_folder,1,pending,local_source_enabled
R-Q-SL-13-012-01-general-web,Q-SL-13-012-01,SL-13-012,general_web,3,pending,baseline
R-Q-SL-13-012-01-image-search,Q-SL-13-012-01,SL-13-012,image_search,4,pending,baseline
R-Q-SL-13-012-02-local-folder,Q-SL-13-012-02,SL-13-012,local_folder,1,pending,local_source_enabled
R-Q-SL-13-012-02-general-web,Q-SL-13-012-02,SL-13-012,general_web,3,pending,baseline
R-Q-SL-13-012-02-image-search,Q-SL-13-012-02,SL-13-012,image_search,4,pending,baseline
R-Q-SL-13-012-03-local-folder,Q-SL-13-012-03,SL-13-012,local_folder,1,pending,local_source_enabled
R-Q-SL-13-012-03-general-web,Q-SL-13-012-03,SL-13-012,general_web,3,pending,baseline
R-Q-SL-13-012-03-image-search,Q-SL-13-012-03,SL-13-012,image_search,4,pending,baseline
R-Q-SL-13-012-04-local-folder,Q-SL-13-012-04,SL-13-012,local_folder,1,pending,local_source_enabled
R-Q-SL-13-012-04-general-web,Q-SL-13-012-04,SL-13-012,general_web,3,pending,baseline
R-Q-SL-13-012-04-image-search,Q-SL-13-012-04,SL-13-012,image_search,4,pending,baseline
R-Q-SL-13-012-05-local-folder,Q-SL-13-012-05,SL-13-012,local_folder,1,pending,local_source_enabled
R-Q-SL-13-012-05-general-web,Q-SL-13-012-05,SL-13-012,general_web,3,pending,baseline
R-Q-SL-13-012-05-image-search,Q-SL-13-012-05,SL-13-012,image_search,4,pending,baseline
R-Q-SL-13-013-01-local-folder,Q-SL-13-013-01,SL-13-013,local_folder,1,pending,local_source_enabled
R-Q-SL-13-013-01-general-web,Q-SL-13-013-01,SL-13-013,general_web,3,pending,baseline
R-Q-SL-13-013-01-image-search,Q-SL-13-013-01,SL-13-013,image_search,4,pending,baseline
R-Q-SL-13-013-02-local-folder,Q-SL-13-013-02,SL-13-013,local_folder,1,pending,local_source_enabled
R-Q-SL-13-013-02-general-web,Q-SL-13-013-02,SL-13-013,general_web,3,pending,baseline
R-Q-SL-13-013-02-image-search,Q-SL-13-013-02,SL-13-013,image_search,4,pending,baseline
R-Q-SL-13-013-03-local-folder,Q-SL-13-013-03,SL-13-013,local_folder,1,pending,local_source_enabled
R-Q-SL-13-013-03-general-web,Q-SL-13-013-03,SL-13-013,general_web,3,pending,baseline
R-Q-SL-13-013-03-image-search,Q-SL-13-013-03,SL-13-013,image_search,4,pending,baseline
R-Q-SL-13-013-04-local-folder,Q-SL-13-013-04,SL-13-013,local_folder,1,pending,local_source_enabled
R-Q-SL-13-013-04-wikimedia,Q-SL-13-013-04,SL-13-013,wikimedia,2,pending,historical_query
R-Q-SL-13-013-04-general-web,Q-SL-13-013-04,SL-13-013,general_web,3,pending,baseline
R-Q-SL-13-013-04-image-search,Q-SL-13-013-04,SL-13-013,image_search,4,pending,baseline
R-Q-SL-13-013-05-local-folder,Q-SL-13-013-05,SL-13-013,local_folder,1,pending,local_source_enabled
R-Q-SL-13-013-05-general-web,Q-SL-13-013-05,SL-13-013,general_web,3,pending,baseline
R-Q-SL-13-013-05-image-search,Q-SL-13-013-05,SL-13-013,image_search,4,pending,baseline
R-Q-SL-13-014-01-local-folder,Q-SL-13-014-01,SL-13-014,local_folder,1,pending,local_source_enabled
R-Q-SL-13-014-01-wikimedia,Q-SL-13-014-01,SL-13-014,wikimedia,2,pending,historical_query
R-Q-SL-13-014-01-general-web,Q-SL-13-014-01,SL-13-014,general_web,3,pending,baseline
R-Q-SL-13-014-01-image-search,Q-SL-13-014-01,SL-13-014,image_search,4,pending,baseline
R-Q-SL-13-014-02-local-folder,Q-SL-13-014-02,SL-13-014,local_folder,1,pending,local_source_enabled
R-Q-SL-13-014-02-wikimedia,Q-SL-13-014-02,SL-13-014,wikimedia,2,pending,historical_query
R-Q-SL-13-014-02-general-web,Q-SL-13-014-02,SL-13-014,general_web,3,pending,baseline
R-Q-SL-13-014-02-image-search,Q-SL-13-014-02,SL-13-014,image_search,4,pending,baseline
R-Q-SL-13-014-03-local-folder,Q-SL-13-014-03,SL-13-014,local_folder,1,pending,local_source_enabled
R-Q-SL-13-014-03-wikimedia,Q-SL-13-014-03,SL-13-014,wikimedia,2,pending,historical_query
R-Q-SL-13-014-03-general-web,Q-SL-13-014-03,SL-13-014,general_web,3,pending,baseline
R-Q-SL-13-014-03-image-search,Q-SL-13-014-03,SL-13-014,image_search,4,pending,baseline
R-Q-SL-13-014-04-local-folder,Q-SL-13-014-04,SL-13-014,local_folder,1,pending,local_source_enabled
R-Q-SL-13-014-04-wikimedia,Q-SL-13-014-04,SL-13-014,wikimedia,2,pending,historical_query
R-Q-SL-13-014-04-general-web,Q-SL-13-014-04,SL-13-014,general_web,3,pending,baseline
R-Q-SL-13-014-04-image-search,Q-SL-13-014-04,SL-13-014,image_search,4,pending,baseline
R-Q-SL-13-014-05-local-folder,Q-SL-13-014-05,SL-13-014,local_folder,1,pending,local_source_enabled
R-Q-SL-13-014-05-wikimedia,Q-SL-13-014-05,SL-13-014,wikimedia,2,pending,historical_query
R-Q-SL-13-014-05-general-web,Q-SL-13-014-05,SL-13-014,general_web,3,pending,baseline
R-Q-SL-13-014-05-image-search,Q-SL-13-014-05,SL-13-014,image_search,4,pending,baseline
R-Q-SL-13-015-01-local-folder,Q-SL-13-015-01,SL-13-015,local_folder,1,pending,local_source_enabled
R-Q-SL-13-015-01-general-web,Q-SL-13-015-01,SL-13-015,general_web,3,pending,baseline
R-Q-SL-13-015-01-image-search,Q-SL-13-015-01,SL-13-015,image_search,4,pending,baseline
R-Q-SL-13-015-02-local-folder,Q-SL-13-015-02,SL-13-015,local_folder,1,pending,local_source_enabled
R-Q-SL-13-015-02-general-web,Q-SL-13-015-02,SL-13-015,general_web,3,pending,baseline
R-Q-SL-13-015-02-image-search,Q-SL-13-015-02,SL-13-015,image_search,4,pending,baseline
R-Q-SL-13-015-03-local-folder,Q-SL-13-015-03,SL-13-015,local_folder,1,pending,local_source_enabled
R-Q-SL-13-015-03-general-web,Q-SL-13-015-03,SL-13-015,general_web,3,pending,baseline
R-Q-SL-13-015-03-image-search,Q-SL-13-015-03,SL-13-015,image_search,4,pending,baseline
R-Q-SL-13-015-04-local-folder,Q-SL-13-015-04,SL-13-015,local_folder,1,pending,local_source_enabled
R-Q-SL-13-015-04-wikimedia,Q-SL-13-015-04,SL-13-015,wikimedia,2,pending,historical_query
R-Q-SL-13-015-04-general-web,Q-SL-13-015-04,SL-13-015,general_web,3,pending,baseline
R-Q-SL-13-015-04-image-search,Q-SL-13-015-04,SL-13-015,image_search,4,pending,baseline
R-Q-SL-13-015-05-local-folder,Q-SL-13-015-05,SL-13-015,local_folder,1,pending,local_source_enabled
R-Q-SL-13-015-05-general-web,Q-SL-13-015-05,SL-13-015,general_web,3,pending,baseline
R-Q-SL-13-015-05-image-search,Q-SL-13-015-05,SL-13-015,image_search,4,pending,baseline
R-Q-SL-13-016-01-local-folder,Q-SL-13-016-01,SL-13-016,local_folder,1,pending,local_source_enabled
R-Q-SL-13-016-01-general-web,Q-SL-13-016-01,SL-13-016,general_web,3,pending,baseline
R-Q-SL-13-016-01-image-search,Q-SL-13-016-01,SL-13-016,image_search,4,pending,baseline
R-Q-SL-13-016-02-local-folder,Q-SL-13-016-02,SL-13-016,local_folder,1,pending,local_source_enabled
R-Q-SL-13-016-02-general-web,Q-SL-13-016-02,SL-13-016,general_web,3,pending,baseline
R-Q-SL-13-016-02-image-search,Q-SL-13-016-02,SL-13-016,image_search,4,pending,baseline
R-Q-SL-13-016-03-local-folder,Q-SL-13-016-03,SL-13-016,local_folder,1,pending,local_source_enabled
R-Q-SL-13-016-03-general-web,Q-SL-13-016-03,SL-13-016,general_web,3,pending,baseline
R-Q-SL-13-016-03-image-search,Q-SL-13-016-03,SL-13-016,image_search,4,pending,baseline
R-Q-SL-13-016-04-local-folder,Q-SL-13-016-04,SL-13-016,local_folder,1,pending,local_source_enabled
R-Q-SL-13-016-04-wikimedia,Q-SL-13-016-04,SL-13-016,wikimedia,2,pending,historical_query
R-Q-SL-13-016-04-general-web,Q-SL-13-016-04,SL-13-016,general_web,3,pending,baseline
R-Q-SL-13-016-04-image-search,Q-SL-13-016-04,SL-13-016,image_search,4,pending,baseline
R-Q-SL-13-016-05-local-folder,Q-SL-13-016-05,SL-13-016,local_folder,1,pending,local_source_enabled
R-Q-SL-13-016-05-wikimedia,Q-SL-13-016-05,SL-13-016,wikimedia,2,pending,historical_query
R-Q-SL-13-016-05-general-web,Q-SL-13-016-05,SL-13-016,general_web,3,pending,baseline
R-Q-SL-13-016-05-image-search,Q-SL-13-016-05,SL-13-016,image_search,4,pending,baseline
R-Q-SL-13-017-01-local-folder,Q-SL-13-017-01,SL-13-017,local_folder,1,pending,local_source_enabled
R-Q-SL-13-017-01-wikimedia,Q-SL-13-017-01,SL-13-017,wikimedia,2,pending,historical_query
R-Q-SL-13-017-01-general-web,Q-SL-13-017-01,SL-13-017,general_web,3,pending,baseline
R-Q-SL-13-017-01-image-search,Q-SL-13-017-01,SL-13-017,image_search,4,pending,baseline
R-Q-SL-13-017-02-local-folder,Q-SL-13-017-02,SL-13-017,local_folder,1,pending,local_source_enabled
R-Q-SL-13-017-02-wikimedia,Q-SL-13-017-02,SL-13-017,wikimedia,2,pending,historical_query
R-Q-SL-13-017-02-general-web,Q-SL-13-017-02,SL-13-017,general_web,3,pending,baseline
R-Q-SL-13-017-02-image-search,Q-SL-13-017-02,SL-13-017,image_search,4,pending,baseline
R-Q-SL-13-017-03-local-folder,Q-SL-13-017-03,SL-13-017,local_folder,1,pending,local_source_enabled
R-Q-SL-13-017-03-wikimedia,Q-SL-13-017-03,SL-13-017,wikimedia,2,pending,historical_query
R-Q-SL-13-017-03-general-web,Q-SL-13-017-03,SL-13-017,general_web,3,pending,baseline
R-Q-SL-13-017-03-image-search,Q-SL-13-017-03,SL-13-017,image_search,4,pending,baseline
R-Q-SL-13-017-04-local-folder,Q-SL-13-017-04,SL-13-017,local_folder,1,pending,local_source_enabled
R-Q-SL-13-017-04-wikimedia,Q-SL-13-017-04,SL-13-017,wikimedia,2,pending,historical_query
R-Q-SL-13-017-04-general-web,Q-SL-13-017-04,SL-13-017,general_web,3,pending,baseline
R-Q-SL-13-017-04-image-search,Q-SL-13-017-04,SL-13-017,image_search,4,pending,baseline
R-Q-SL-13-017-05-local-folder,Q-SL-13-017-05,SL-13-017,local_folder,1,pending,local_source_enabled
R-Q-SL-13-017-05-wikimedia,Q-SL-13-017-05,SL-13-017,wikimedia,2,pending,historical_query
R-Q-SL-13-017-05-general-web,Q-SL-13-017-05,SL-13-017,general_web,3,pending,baseline
R-Q-SL-13-017-05-image-search,Q-SL-13-017-05,SL-13-017,image_search,4,pending,baseline
R-Q-SL-13-018-01-local-folder,Q-SL-13-018-01,SL-13-018,local_folder,1,pending,local_source_enabled
R-Q-SL-13-018-01-general-web,Q-SL-13-018-01,SL-13-018,general_web,3,pending,baseline
R-Q-SL-13-018-01-image-search,Q-SL-13-018-01,SL-13-018,image_search,4,pending,baseline
R-Q-SL-13-018-02-local-folder,Q-SL-13-018-02,SL-13-018,local_folder,1,pending,local_source_enabled
R-Q-SL-13-018-02-general-web,Q-SL-13-018-02,SL-13-018,general_web,3,pending,baseline
R-Q-SL-13-018-02-image-search,Q-SL-13-018-02,SL-13-018,image_search,4,pending,baseline
R-Q-SL-13-018-03-local-folder,Q-SL-13-018-03,SL-13-018,local_folder,1,pending,local_source_enabled
R-Q-SL-13-018-03-general-web,Q-SL-13-018-03,SL-13-018,general_web,3,pending,baseline
R-Q-SL-13-018-03-image-search,Q-SL-13-018-03,SL-13-018,image_search,4,pending,baseline
R-Q-SL-13-018-04-local-folder,Q-SL-13-018-04,SL-13-018,local_folder,1,pending,local_source_enabled
R-Q-SL-13-018-04-wikimedia,Q-SL-13-018-04,SL-13-018,wikimedia,2,pending,historical_query
R-Q-SL-13-018-04-general-web,Q-SL-13-018-04,SL-13-018,general_web,3,pending,baseline
R-Q-SL-13-018-04-image-search,Q-SL-13-018-04,SL-13-018,image_search,4,pending,baseline
R-Q-SL-13-018-05-local-folder,Q-SL-13-018-05,SL-13-018,local_folder,1,pending,local_source_enabled
R-Q-SL-13-018-05-general-web,Q-SL-13-018-05,SL-13-018,general_web,3,pending,baseline
R-Q-SL-13-018-05-image-search,Q-SL-13-018-05,SL-13-018,image_search,4,pending,baseline
R-Q-SL-13-019-01-local-folder,Q-SL-13-019-01,SL-13-019,local_folder,1,pending,local_source_enabled
R-Q-SL-13-019-01-general-web,Q-SL-13-019-01,SL-13-019,general_web,3,pending,baseline
R-Q-SL-13-019-01-image-search,Q-SL-13-019-01,SL-13-019,image_search,4,pending,baseline
R-Q-SL-13-019-02-local-folder,Q-SL-13-019-02,SL-13-019,local_folder,1,pending,local_source_enabled
R-Q-SL-13-019-02-general-web,Q-SL-13-019-02,SL-13-019,general_web,3,pending,baseline
R-Q-SL-13-019-02-image-search,Q-SL-13-019-02,SL-13-019,image_search,4,pending,baseline
R-Q-SL-13-019-03-local-folder,Q-SL-13-019-03,SL-13-019,local_folder,1,pending,local_source_enabled
R-Q-SL-13-019-03-general-web,Q-SL-13-019-03,SL-13-019,general_web,3,pending,baseline
R-Q-SL-13-019-03-image-search,Q-SL-13-019-03,SL-13-019,image_search,4,pending,baseline
R-Q-SL-13-019-04-local-folder,Q-SL-13-019-04,SL-13-019,local_folder,1,pending,local_source_enabled
R-Q-SL-13-019-04-wikimedia,Q-SL-13-019-04,SL-13-019,wikimedia,2,pending,historical_query
R-Q-SL-13-019-04-general-web,Q-SL-13-019-04,SL-13-019,general_web,3,pending,baseline
R-Q-SL-13-019-04-image-search,Q-SL-13-019-04,SL-13-019,image_search,4,pending,baseline
R-Q-SL-13-019-05-local-folder,Q-SL-13-019-05,SL-13-019,local_folder,1,pending,local_source_enabled
R-Q-SL-13-019-05-wikimedia,Q-SL-13-019-05,SL-13-019,wikimedia,2,pending,historical_query
R-Q-SL-13-019-05-general-web,Q-SL-13-019-05,SL-13-019,general_web,3,pending,baseline
R-Q-SL-13-019-05-image-search,Q-SL-13-019-05,SL-13-019,image_search,4,pending,baseline
R-Q-SL-13-020-01-local-folder,Q-SL-13-020-01,SL-13-020,local_folder,1,pending,local_source_enabled
R-Q-SL-13-020-01-wikimedia,Q-SL-13-020-01,SL-13-020,wikimedia,2,pending,historical_query
R-Q-SL-13-020-01-general-web,Q-SL-13-020-01,SL-13-020,general_web,3,pending,baseline
R-Q-SL-13-020-01-image-search,Q-SL-13-020-01,SL-13-020,image_search,4,pending,baseline
R-Q-SL-13-020-02-local-folder,Q-SL-13-020-02,SL-13-020,local_folder,1,pending,local_source_enabled
R-Q-SL-13-020-02-wikimedia,Q-SL-13-020-02,SL-13-020,wikimedia,2,pending,historical_query
R-Q-SL-13-020-02-general-web,Q-SL-13-020-02,SL-13-020,general_web,3,pending,baseline
R-Q-SL-13-020-02-image-search,Q-SL-13-020-02,SL-13-020,image_search,4,pending,baseline
R-Q-SL-13-020-03-local-folder,Q-SL-13-020-03,SL-13-020,local_folder,1,pending,local_source_enabled
R-Q-SL-13-020-03-wikimedia,Q-SL-13-020-03,SL-13-020,wikimedia,2,pending,historical_query
R-Q-SL-13-020-03-general-web,Q-SL-13-020-03,SL-13-020,general_web,3,pending,baseline
R-Q-SL-13-020-03-image-search,Q-SL-13-020-03,SL-13-020,image_search,4,pending,baseline
R-Q-SL-13-020-04-local-folder,Q-SL-13-020-04,SL-13-020,local_folder,1,pending,local_source_enabled
R-Q-SL-13-020-04-wikimedia,Q-SL-13-020-04,SL-13-020,wikimedia,2,pending,historical_query
R-Q-SL-13-020-04-general-web,Q-SL-13-020-04,SL-13-020,general_web,3,pending,baseline
R-Q-SL-13-020-04-image-search,Q-SL-13-020-04,SL-13-020,image_search,4,pending,baseline
R-Q-SL-13-020-05-local-folder,Q-SL-13-020-05,SL-13-020,local_folder,1,pending,local_source_enabled
R-Q-SL-13-020-05-wikimedia,Q-SL-13-020-05,SL-13-020,wikimedia,2,pending,historical_query
R-Q-SL-13-020-05-general-web,Q-SL-13-020-05,SL-13-020,general_web,3,pending,baseline
R-Q-SL-13-020-05-image-search,Q-SL-13-020-05,SL-13-020,image_search,4,pending,baseline
R-Q-SL-13-021-01-local-folder,Q-SL-13-021-01,SL-13-021,local_folder,1,pending,local_source_enabled
R-Q-SL-13-021-01-general-web,Q-SL-13-021-01,SL-13-021,general_web,3,pending,baseline
R-Q-SL-13-021-01-image-search,Q-SL-13-021-01,SL-13-021,image_search,4,pending,baseline
R-Q-SL-13-021-02-local-folder,Q-SL-13-021-02,SL-13-021,local_folder,1,pending,local_source_enabled
R-Q-SL-13-021-02-general-web,Q-SL-13-021-02,SL-13-021,general_web,3,pending,baseline
R-Q-SL-13-021-02-image-search,Q-SL-13-021-02,SL-13-021,image_search,4,pending,baseline
R-Q-SL-13-021-03-local-folder,Q-SL-13-021-03,SL-13-021,local_folder,1,pending,local_source_enabled
R-Q-SL-13-021-03-general-web,Q-SL-13-021-03,SL-13-021,general_web,3,pending,baseline
R-Q-SL-13-021-03-image-search,Q-SL-13-021-03,SL-13-021,image_search,4,pending,baseline
R-Q-SL-13-021-04-local-folder,Q-SL-13-021-04,SL-13-021,local_folder,1,pending,local_source_enabled
R-Q-SL-13-021-04-wikimedia,Q-SL-13-021-04,SL-13-021,wikimedia,2,pending,historical_query
R-Q-SL-13-021-04-general-web,Q-SL-13-021-04,SL-13-021,general_web,3,pending,baseline
R-Q-SL-13-021-04-image-search,Q-SL-13-021-04,SL-13-021,image_search,4,pending,baseline
R-Q-SL-13-021-05-local-folder,Q-SL-13-021-05,SL-13-021,local_folder,1,pending,local_source_enabled
R-Q-SL-13-021-05-general-web,Q-SL-13-021-05,SL-13-021,general_web,3,pending,baseline
R-Q-SL-13-021-05-image-search,Q-SL-13-021-05,SL-13-021,image_search,4,pending,baseline
R-Q-SL-13-022-01-local-folder,Q-SL-13-022-01,SL-13-022,local_folder,1,pending,local_source_enabled
R-Q-SL-13-022-01-general-web,Q-SL-13-022-01,SL-13-022,general_web,3,pending,baseline
R-Q-SL-13-022-01-image-search,Q-SL-13-022-01,SL-13-022,image_search,4,pending,baseline
R-Q-SL-13-022-02-local-folder,Q-SL-13-022-02,SL-13-022,local_folder,1,pending,local_source_enabled
R-Q-SL-13-022-02-general-web,Q-SL-13-022-02,SL-13-022,general_web,3,pending,baseline
R-Q-SL-13-022-02-image-search,Q-SL-13-022-02,SL-13-022,image_search,4,pending,baseline
R-Q-SL-13-022-03-local-folder,Q-SL-13-022-03,SL-13-022,local_folder,1,pending,local_source_enabled
R-Q-SL-13-022-03-general-web,Q-SL-13-022-03,SL-13-022,general_web,3,pending,baseline
R-Q-SL-13-022-03-image-search,Q-SL-13-022-03,SL-13-022,image_search,4,pending,baseline
R-Q-SL-13-022-04-local-folder,Q-SL-13-022-04,SL-13-022,local_folder,1,pending,local_source_enabled
R-Q-SL-13-022-04-wikimedia,Q-SL-13-022-04,SL-13-022,wikimedia,2,pending,historical_query
R-Q-SL-13-022-04-general-web,Q-SL-13-022-04,SL-13-022,general_web,3,pending,baseline
R-Q-SL-13-022-04-image-search,Q-SL-13-022-04,SL-13-022,image_search,4,pending,baseline
R-Q-SL-13-022-05-local-folder,Q-SL-13-022-05,SL-13-022,local_folder,1,pending,local_source_enabled
R-Q-SL-13-022-05-wikimedia,Q-SL-13-022-05,SL-13-022,wikimedia,2,pending,historical_query
R-Q-SL-13-022-05-general-web,Q-SL-13-022-05,SL-13-022,general_web,3,pending,baseline
R-Q-SL-13-022-05-image-search,Q-SL-13-022-05,SL-13-022,image_search,4,pending,baseline
R-Q-SL-13-023-01-local-folder,Q-SL-13-023-01,SL-13-023,local_folder,1,pending,local_source_enabled
R-Q-SL-13-023-01-wikimedia,Q-SL-13-023-01,SL-13-023,wikimedia,2,pending,historical_query
R-Q-SL-13-023-01-general-web,Q-SL-13-023-01,SL-13-023,general_web,3,pending,baseline
R-Q-SL-13-023-01-image-search,Q-SL-13-023-01,SL-13-023,image_search,4,pending,baseline
R-Q-SL-13-023-02-local-folder,Q-SL-13-023-02,SL-13-023,local_folder,1,pending,local_source_enabled
R-Q-SL-13-023-02-wikimedia,Q-SL-13-023-02,SL-13-023,wikimedia,2,pending,historical_query
R-Q-SL-13-023-02-general-web,Q-SL-13-023-02,SL-13-023,general_web,3,pending,baseline
R-Q-SL-13-023-02-image-search,Q-SL-13-023-02,SL-13-023,image_search,4,pending,baseline
R-Q-SL-13-023-03-local-folder,Q-SL-13-023-03,SL-13-023,local_folder,1,pending,local_source_enabled
R-Q-SL-13-023-03-wikimedia,Q-SL-13-023-03,SL-13-023,wikimedia,2,pending,historical_query
R-Q-SL-13-023-03-general-web,Q-SL-13-023-03,SL-13-023,general_web,3,pending,baseline
R-Q-SL-13-023-03-image-search,Q-SL-13-023-03,SL-13-023,image_search,4,pending,baseline
R-Q-SL-13-023-04-local-folder,Q-SL-13-023-04,SL-13-023,local_folder,1,pending,local_source_enabled
R-Q-SL-13-023-04-wikimedia,Q-SL-13-023-04,SL-13-023,wikimedia,2,pending,historical_query
R-Q-SL-13-023-04-general-web,Q-SL-13-023-04,SL-13-023,general_web,3,pending,baseline
R-Q-SL-13-023-04-image-search,Q-SL-13-023-04,SL-13-023,image_search,4,pending,baseline
R-Q-SL-13-023-05-local-folder,Q-SL-13-023-05,SL-13-023,local_folder,1,pending,local_source_enabled
R-Q-SL-13-023-05-wikimedia,Q-SL-13-023-05,SL-13-023,wikimedia,2,pending,historical_query
R-Q-SL-13-023-05-general-web,Q-SL-13-023-05,SL-13-023,general_web,3,pending,baseline
R-Q-SL-13-023-05-image-search,Q-SL-13-023-05,SL-13-023,image_search,4,pending,baseline
R-Q-SL-13-024-01-local-folder,Q-SL-13-024-01,SL-13-024,local_folder,1,pending,local_source_enabled
R-Q-SL-13-024-01-general-web,Q-SL-13-024-01,SL-13-024,general_web,3,pending,baseline
R-Q-SL-13-024-01-image-search,Q-SL-13-024-01,SL-13-024,image_search,4,pending,baseline
R-Q-SL-13-024-02-local-folder,Q-SL-13-024-02,SL-13-024,local_folder,1,pending,local_source_enabled
R-Q-SL-13-024-02-general-web,Q-SL-13-024-02,SL-13-024,general_web,3,pending,baseline
R-Q-SL-13-024-02-image-search,Q-SL-13-024-02,SL-13-024,image_search,4,pending,baseline
R-Q-SL-13-024-03-local-folder,Q-SL-13-024-03,SL-13-024,local_folder,1,pending,local_source_enabled
R-Q-SL-13-024-03-general-web,Q-SL-13-024-03,SL-13-024,general_web,3,pending,baseline
R-Q-SL-13-024-03-image-search,Q-SL-13-024-03,SL-13-024,image_search,4,pending,baseline
R-Q-SL-13-024-04-local-folder,Q-SL-13-024-04,SL-13-024,local_folder,1,pending,local_source_enabled
R-Q-SL-13-024-04-wikimedia,Q-SL-13-024-04,SL-13-024,wikimedia,2,pending,historical_query
R-Q-SL-13-024-04-general-web,Q-SL-13-024-04,SL-13-024,general_web,3,pending,baseline
R-Q-SL-13-024-04-image-search,Q-SL-13-024-04,SL-13-024,image_search,4,pending,baseline
R-Q-SL-13-024-05-local-folder,Q-SL-13-024-05,SL-13-024,local_folder,1,pending,local_source_enabled
R-Q-SL-13-024-05-general-web,Q-SL-13-024-05,SL-13-024,general_web,3,pending,baseline
R-Q-SL-13-024-05-image-search,Q-SL-13-024-05,SL-13-024,image_search,4,pending,baseline
R-Q-SL-13-025-01-local-folder,Q-SL-13-025-01,SL-13-025,local_folder,1,pending,local_source_enabled
R-Q-SL-13-025-01-general-web,Q-SL-13-025-01,SL-13-025,general_web,3,pending,baseline
R-Q-SL-13-025-01-image-search,Q-SL-13-025-01,SL-13-025,image_search,4,pending,baseline
R-Q-SL-13-025-02-local-folder,Q-SL-13-025-02,SL-13-025,local_folder,1,pending,local_source_enabled
R-Q-SL-13-025-02-general-web,Q-SL-13-025-02,SL-13-025,general_web,3,pending,baseline
R-Q-SL-13-025-02-image-search,Q-SL-13-025-02,SL-13-025,image_search,4,pending,baseline
R-Q-SL-13-025-03-local-folder,Q-SL-13-025-03,SL-13-025,local_folder,1,pending,local_source_enabled
R-Q-SL-13-025-03-general-web,Q-SL-13-025-03,SL-13-025,general_web,3,pending,baseline
R-Q-SL-13-025-03-image-search,Q-SL-13-025-03,SL-13-025,image_search,4,pending,baseline
R-Q-SL-13-025-04-local-folder,Q-SL-13-025-04,SL-13-025,local_folder,1,pending,local_source_enabled
R-Q-SL-13-025-04-wikimedia,Q-SL-13-025-04,SL-13-025,wikimedia,2,pending,historical_query
R-Q-SL-13-025-04-general-web,Q-SL-13-025-04,SL-13-025,general_web,3,pending,baseline
R-Q-SL-13-025-04-image-search,Q-SL-13-025-04,SL-13-025,image_search,4,pending,baseline
R-Q-SL-13-025-05-local-folder,Q-SL-13-025-05,SL-13-025,local_folder,1,pending,local_source_enabled
R-Q-SL-13-025-05-wikimedia,Q-SL-13-025-05,SL-13-025,wikimedia,2,pending,historical_query
R-Q-SL-13-025-05-general-web,Q-SL-13-025-05,SL-13-025,general_web,3,pending,baseline
R-Q-SL-13-025-05-image-search,Q-SL-13-025-05,SL-13-025,image_search,4,pending,baseline
R-Q-SL-13-026-01-local-folder,Q-SL-13-026-01,SL-13-026,local_folder,1,pending,local_source_enabled
R-Q-SL-13-026-01-wikimedia,Q-SL-13-026-01,SL-13-026,wikimedia,2,pending,historical_query
R-Q-SL-13-026-01-general-web,Q-SL-13-026-01,SL-13-026,general_web,3,pending,baseline
R-Q-SL-13-026-01-image-search,Q-SL-13-026-01,SL-13-026,image_search,4,pending,baseline
R-Q-SL-13-026-02-local-folder,Q-SL-13-026-02,SL-13-026,local_folder,1,pending,local_source_enabled
R-Q-SL-13-026-02-wikimedia,Q-SL-13-026-02,SL-13-026,wikimedia,2,pending,historical_query
R-Q-SL-13-026-02-general-web,Q-SL-13-026-02,SL-13-026,general_web,3,pending,baseline
R-Q-SL-13-026-02-image-search,Q-SL-13-026-02,SL-13-026,image_search,4,pending,baseline
R-Q-SL-13-026-03-local-folder,Q-SL-13-026-03,SL-13-026,local_folder,1,pending,local_source_enabled
R-Q-SL-13-026-03-wikimedia,Q-SL-13-026-03,SL-13-026,wikimedia,2,pending,historical_query
R-Q-SL-13-026-03-general-web,Q-SL-13-026-03,SL-13-026,general_web,3,pending,baseline
R-Q-SL-13-026-03-image-search,Q-SL-13-026-03,SL-13-026,image_search,4,pending,baseline
R-Q-SL-13-026-04-local-folder,Q-SL-13-026-04,SL-13-026,local_folder,1,pending,local_source_enabled
R-Q-SL-13-026-04-wikimedia,Q-SL-13-026-04,SL-13-026,wikimedia,2,pending,historical_query
R-Q-SL-13-026-04-general-web,Q-SL-13-026-04,SL-13-026,general_web,3,pending,baseline
R-Q-SL-13-026-04-image-search,Q-SL-13-026-04,SL-13-026,image_search,4,pending,baseline
R-Q-SL-13-026-05-local-folder,Q-SL-13-026-05,SL-13-026,local_folder,1,pending,local_source_enabled
R-Q-SL-13-026-05-wikimedia,Q-SL-13-026-05,SL-13-026,wikimedia,2,pending,historical_query
R-Q-SL-13-026-05-general-web,Q-SL-13-026-05,SL-13-026,general_web,3,pending,baseline
R-Q-SL-13-026-05-image-search,Q-SL-13-026-05,SL-13-026,image_search,4,pending,baseline
R-Q-SL-13-027-01-local-folder,Q-SL-13-027-01,SL-13-027,local_folder,1,pending,local_source_enabled
R-Q-SL-13-027-01-general-web,Q-SL-13-027-01,SL-13-027,general_web,3,pending,baseline
R-Q-SL-13-027-01-image-search,Q-SL-13-027-01,SL-13-027,image_search,4,pending,baseline
R-Q-SL-13-027-02-local-folder,Q-SL-13-027-02,SL-13-027,local_folder,1,pending,local_source_enabled
R-Q-SL-13-027-02-general-web,Q-SL-13-027-02,SL-13-027,general_web,3,pending,baseline
R-Q-SL-13-027-02-image-search,Q-SL-13-027-02,SL-13-027,image_search,4,pending,baseline
R-Q-SL-13-027-03-local-folder,Q-SL-13-027-03,SL-13-027,local_folder,1,pending,local_source_enabled
R-Q-SL-13-027-03-general-web,Q-SL-13-027-03,SL-13-027,general_web,3,pending,baseline
R-Q-SL-13-027-03-image-search,Q-SL-13-027-03,SL-13-027,image_search,4,pending,baseline
R-Q-SL-13-027-04-local-folder,Q-SL-13-027-04,SL-13-027,local_folder,1,pending,local_source_enabled
R-Q-SL-13-027-04-wikimedia,Q-SL-13-027-04,SL-13-027,wikimedia,2,pending,historical_query
R-Q-SL-13-027-04-general-web,Q-SL-13-027-04,SL-13-027,general_web,3,pending,baseline
R-Q-SL-13-027-04-image-search,Q-SL-13-027-04,SL-13-027,image_search,4,pending,baseline
R-Q-SL-13-027-05-local-folder,Q-SL-13-027-05,SL-13-027,local_folder,1,pending,local_source_enabled
R-Q-SL-13-027-05-general-web,Q-SL-13-027-05,SL-13-027,general_web,3,pending,baseline
R-Q-SL-13-027-05-image-search,Q-SL-13-027-05,SL-13-027,image_search,4,pending,baseline
R-Q-SL-13-028-01-local-folder,Q-SL-13-028-01,SL-13-028,local_folder,1,pending,local_source_enabled
R-Q-SL-13-028-01-general-web,Q-SL-13-028-01,SL-13-028,general_web,3,pending,baseline
R-Q-SL-13-028-01-image-search,Q-SL-13-028-01,SL-13-028,image_search,4,pending,baseline
R-Q-SL-13-028-02-local-folder,Q-SL-13-028-02,SL-13-028,local_folder,1,pending,local_source_enabled
R-Q-SL-13-028-02-general-web,Q-SL-13-028-02,SL-13-028,general_web,3,pending,baseline
R-Q-SL-13-028-02-image-search,Q-SL-13-028-02,SL-13-028,image_search,4,pending,baseline
R-Q-SL-13-028-03-local-folder,Q-SL-13-028-03,SL-13-028,local_folder,1,pending,local_source_enabled
R-Q-SL-13-028-03-general-web,Q-SL-13-028-03,SL-13-028,general_web,3,pending,baseline
R-Q-SL-13-028-03-image-search,Q-SL-13-028-03,SL-13-028,image_search,4,pending,baseline
R-Q-SL-13-028-04-local-folder,Q-SL-13-028-04,SL-13-028,local_folder,1,pending,local_source_enabled
R-Q-SL-13-028-04-general-web,Q-SL-13-028-04,SL-13-028,general_web,3,pending,baseline
R-Q-SL-13-028-04-image-search,Q-SL-13-028-04,SL-13-028,image_search,4,pending,baseline
R-Q-SL-13-028-05-local-folder,Q-SL-13-028-05,SL-13-028,local_folder,1,pending,local_source_enabled
R-Q-SL-13-028-05-wikimedia,Q-SL-13-028-05,SL-13-028,wikimedia,2,pending,historical_query
R-Q-SL-13-028-05-general-web,Q-SL-13-028-05,SL-13-028,general_web,3,pending,baseline
R-Q-SL-13-028-05-image-search,Q-SL-13-028-05,SL-13-028,image_search,4,pending,baseline
R-Q-SL-13-029-01-local-folder,Q-SL-13-029-01,SL-13-029,local_folder,1,pending,local_source_enabled
R-Q-SL-13-029-01-wikimedia,Q-SL-13-029-01,SL-13-029,wikimedia,2,pending,historical_query
R-Q-SL-13-029-01-general-web,Q-SL-13-029-01,SL-13-029,general_web,3,pending,baseline
R-Q-SL-13-029-01-image-search,Q-SL-13-029-01,SL-13-029,image_search,4,pending,baseline
R-Q-SL-13-029-02-local-folder,Q-SL-13-029-02,SL-13-029,local_folder,1,pending,local_source_enabled
R-Q-SL-13-029-02-wikimedia,Q-SL-13-029-02,SL-13-029,wikimedia,2,pending,historical_query
R-Q-SL-13-029-02-general-web,Q-SL-13-029-02,SL-13-029,general_web,3,pending,baseline
R-Q-SL-13-029-02-image-search,Q-SL-13-029-02,SL-13-029,image_search,4,pending,baseline
R-Q-SL-13-029-03-local-folder,Q-SL-13-029-03,SL-13-029,local_folder,1,pending,local_source_enabled
R-Q-SL-13-029-03-wikimedia,Q-SL-13-029-03,SL-13-029,wikimedia,2,pending,historical_query
R-Q-SL-13-029-03-general-web,Q-SL-13-029-03,SL-13-029,general_web,3,pending,baseline
R-Q-SL-13-029-03-image-search,Q-SL-13-029-03,SL-13-029,image_search,4,pending,baseline
R-Q-SL-13-029-04-local-folder,Q-SL-13-029-04,SL-13-029,local_folder,1,pending,local_source_enabled
R-Q-SL-13-029-04-wikimedia,Q-SL-13-029-04,SL-13-029,wikimedia,2,pending,historical_query
R-Q-SL-13-029-04-general-web,Q-SL-13-029-04,SL-13-029,general_web,3,pending,baseline
R-Q-SL-13-029-04-image-search,Q-SL-13-029-04,SL-13-029,image_search,4,pending,baseline
R-Q-SL-13-029-05-local-folder,Q-SL-13-029-05,SL-13-029,local_folder,1,pending,local_source_enabled
R-Q-SL-13-029-05-wikimedia,Q-SL-13-029-05,SL-13-029,wikimedia,2,pending,historical_query
R-Q-SL-13-029-05-general-web,Q-SL-13-029-05,SL-13-029,general_web,3,pending,baseline
R-Q-SL-13-029-05-image-search,Q-SL-13-029-05,SL-13-029,image_search,4,pending,baseline
R-Q-SL-13-030-01-local-folder,Q-SL-13-030-01,SL-13-030,local_folder,1,pending,local_source_enabled
R-Q-SL-13-030-01-general-web,Q-SL-13-030-01,SL-13-030,general_web,3,pending,baseline
R-Q-SL-13-030-01-image-search,Q-SL-13-030-01,SL-13-030,image_search,4,pending,baseline
R-Q-SL-13-030-02-local-folder,Q-SL-13-030-02,SL-13-030,local_folder,1,pending,local_source_enabled
R-Q-SL-13-030-02-general-web,Q-SL-13-030-02,SL-13-030,general_web,3,pending,baseline
R-Q-SL-13-030-02-image-search,Q-SL-13-030-02,SL-13-030,image_search,4,pending,baseline
R-Q-SL-13-030-03-local-folder,Q-SL-13-030-03,SL-13-030,local_folder,1,pending,local_source_enabled
R-Q-SL-13-030-03-general-web,Q-SL-13-030-03,SL-13-030,general_web,3,pending,baseline
R-Q-SL-13-030-03-image-search,Q-SL-13-030-03,SL-13-030,image_search,4,pending,baseline
R-Q-SL-13-030-04-local-folder,Q-SL-13-030-04,SL-13-030,local_folder,1,pending,local_source_enabled
R-Q-SL-13-030-04-wikimedia,Q-SL-13-030-04,SL-13-030,wikimedia,2,pending,historical_query
R-Q-SL-13-030-04-general-web,Q-SL-13-030-04,SL-13-030,general_web,3,pending,baseline
R-Q-SL-13-030-04-image-search,Q-SL-13-030-04,SL-13-030,image_search,4,pending,baseline
R-Q-SL-13-030-05-local-folder,Q-SL-13-030-05,SL-13-030,local_folder,1,pending,local_source_enabled
R-Q-SL-13-030-05-general-web,Q-SL-13-030-05,SL-13-030,general_web,3,pending,baseline
R-Q-SL-13-030-05-image-search,Q-SL-13-030-05,SL-13-030,image_search,4,pending,baseline
R-Q-SL-13-031-01-local-folder,Q-SL-13-031-01,SL-13-031,local_folder,1,pending,local_source_enabled
R-Q-SL-13-031-01-general-web,Q-SL-13-031-01,SL-13-031,general_web,3,pending,baseline
R-Q-SL-13-031-01-image-search,Q-SL-13-031-01,SL-13-031,image_search,4,pending,baseline
R-Q-SL-13-031-02-local-folder,Q-SL-13-031-02,SL-13-031,local_folder,1,pending,local_source_enabled
R-Q-SL-13-031-02-general-web,Q-SL-13-031-02,SL-13-031,general_web,3,pending,baseline
R-Q-SL-13-031-02-image-search,Q-SL-13-031-02,SL-13-031,image_search,4,pending,baseline
R-Q-SL-13-031-03-local-folder,Q-SL-13-031-03,SL-13-031,local_folder,1,pending,local_source_enabled
R-Q-SL-13-031-03-general-web,Q-SL-13-031-03,SL-13-031,general_web,3,pending,baseline
R-Q-SL-13-031-03-image-search,Q-SL-13-031-03,SL-13-031,image_search,4,pending,baseline
R-Q-SL-13-031-04-local-folder,Q-SL-13-031-04,SL-13-031,local_folder,1,pending,local_source_enabled
R-Q-SL-13-031-04-general-web,Q-SL-13-031-04,SL-13-031,general_web,3,pending,baseline
R-Q-SL-13-031-04-image-search,Q-SL-13-031-04,SL-13-031,image_search,4,pending,baseline
R-Q-SL-13-031-05-local-folder,Q-SL-13-031-05,SL-13-031,local_folder,1,pending,local_source_enabled
R-Q-SL-13-031-05-wikimedia,Q-SL-13-031-05,SL-13-031,wikimedia,2,pending,historical_query
R-Q-SL-13-031-05-general-web,Q-SL-13-031-05,SL-13-031,general_web,3,pending,baseline
R-Q-SL-13-031-05-image-search,Q-SL-13-031-05,SL-13-031,image_search,4,pending,baseline
R-Q-SL-13-032-01-local-folder,Q-SL-13-032-01,SL-13-032,local_folder,1,pending,local_source_enabled
R-Q-SL-13-032-01-wikimedia,Q-SL-13-032-01,SL-13-032,wikimedia,2,pending,historical_query
R-Q-SL-13-032-01-general-web,Q-SL-13-032-01,SL-13-032,general_web,3,pending,baseline
R-Q-SL-13-032-01-image-search,Q-SL-13-032-01,SL-13-032,image_search,4,pending,baseline
R-Q-SL-13-032-02-local-folder,Q-SL-13-032-02,SL-13-032,local_folder,1,pending,local_source_enabled
R-Q-SL-13-032-02-wikimedia,Q-SL-13-032-02,SL-13-032,wikimedia,2,pending,historical_query
R-Q-SL-13-032-02-general-web,Q-SL-13-032-02,SL-13-032,general_web,3,pending,baseline
R-Q-SL-13-032-02-image-search,Q-SL-13-032-02,SL-13-032,image_search,4,pending,baseline
R-Q-SL-13-032-03-local-folder,Q-SL-13-032-03,SL-13-032,local_folder,1,pending,local_source_enabled
R-Q-SL-13-032-03-wikimedia,Q-SL-13-032-03,SL-13-032,wikimedia,2,pending,historical_query
R-Q-SL-13-032-03-general-web,Q-SL-13-032-03,SL-13-032,general_web,3,pending,baseline
R-Q-SL-13-032-03-image-search,Q-SL-13-032-03,SL-13-032,image_search,4,pending,baseline
R-Q-SL-13-032-04-local-folder,Q-SL-13-032-04,SL-13-032,local_folder,1,pending,local_source_enabled
R-Q-SL-13-032-04-wikimedia,Q-SL-13-032-04,SL-13-032,wikimedia,2,pending,historical_query
R-Q-SL-13-032-04-general-web,Q-SL-13-032-04,SL-13-032,general_web,3,pending,baseline
R-Q-SL-13-032-04-image-search,Q-SL-13-032-04,SL-13-032,image_search,4,pending,baseline
R-Q-SL-13-032-05-local-folder,Q-SL-13-032-05,SL-13-032,local_folder,1,pending,local_source_enabled
R-Q-SL-13-032-05-wikimedia,Q-SL-13-032-05,SL-13-032,wikimedia,2,pending,historical_query
R-Q-SL-13-032-05-general-web,Q-SL-13-032-05,SL-13-032,general_web,3,pending,baseline
R-Q-SL-13-032-05-image-search,Q-SL-13-032-05,SL-13-032,image_search,4,pending,baseline
R-Q-SL-13-033-01-local-folder,Q-SL-13-033-01,SL-13-033,local_folder,1,pending,local_source_enabled
R-Q-SL-13-033-01-general-web,Q-SL-13-033-01,SL-13-033,general_web,3,pending,baseline
R-Q-SL-13-033-01-image-search,Q-SL-13-033-01,SL-13-033,image_search,4,pending,baseline
R-Q-SL-13-033-02-local-folder,Q-SL-13-033-02,SL-13-033,local_folder,1,pending,local_source_enabled
R-Q-SL-13-033-02-general-web,Q-SL-13-033-02,SL-13-033,general_web,3,pending,baseline
R-Q-SL-13-033-02-image-search,Q-SL-13-033-02,SL-13-033,image_search,4,pending,baseline
R-Q-SL-13-033-03-local-folder,Q-SL-13-033-03,SL-13-033,local_folder,1,pending,local_source_enabled
R-Q-SL-13-033-03-general-web,Q-SL-13-033-03,SL-13-033,general_web,3,pending,baseline
R-Q-SL-13-033-03-image-search,Q-SL-13-033-03,SL-13-033,image_search,4,pending,baseline
R-Q-SL-13-033-04-local-folder,Q-SL-13-033-04,SL-13-033,local_folder,1,pending,local_source_enabled
R-Q-SL-13-033-04-wikimedia,Q-SL-13-033-04,SL-13-033,wikimedia,2,pending,historical_query
R-Q-SL-13-033-04-general-web,Q-SL-13-033-04,SL-13-033,general_web,3,pending,baseline
R-Q-SL-13-033-04-image-search,Q-SL-13-033-04,SL-13-033,image_search,4,pending,baseline
R-Q-SL-13-033-05-local-folder,Q-SL-13-033-05,SL-13-033,local_folder,1,pending,local_source_enabled
R-Q-SL-13-033-05-general-web,Q-SL-13-033-05,SL-13-033,general_web,3,pending,baseline
R-Q-SL-13-033-05-image-search,Q-SL-13-033-05,SL-13-033,image_search,4,pending,baseline
R-Q-SL-13-034-01-local-folder,Q-SL-13-034-01,SL-13-034,local_folder,1,pending,local_source_enabled
R-Q-SL-13-034-01-wikimedia,Q-SL-13-034-01,SL-13-034,wikimedia,2,pending,historical_query
R-Q-SL-13-034-01-general-web,Q-SL-13-034-01,SL-13-034,general_web,3,pending,baseline
R-Q-SL-13-034-01-image-search,Q-SL-13-034-01,SL-13-034,image_search,4,pending,baseline
R-Q-SL-13-034-02-local-folder,Q-SL-13-034-02,SL-13-034,local_folder,1,pending,local_source_enabled
R-Q-SL-13-034-02-wikimedia,Q-SL-13-034-02,SL-13-034,wikimedia,2,pending,historical_query
R-Q-SL-13-034-02-general-web,Q-SL-13-034-02,SL-13-034,general_web,3,pending,baseline
R-Q-SL-13-034-02-image-search,Q-SL-13-034-02,SL-13-034,image_search,4,pending,baseline
R-Q-SL-13-034-03-local-folder,Q-SL-13-034-03,SL-13-034,local_folder,1,pending,local_source_enabled
R-Q-SL-13-034-03-wikimedia,Q-SL-13-034-03,SL-13-034,wikimedia,2,pending,historical_query
R-Q-SL-13-034-03-general-web,Q-SL-13-034-03,SL-13-034,general_web,3,pending,baseline
R-Q-SL-13-034-03-image-search,Q-SL-13-034-03,SL-13-034,image_search,4,pending,baseline
R-Q-SL-13-034-04-local-folder,Q-SL-13-034-04,SL-13-034,local_folder,1,pending,local_source_enabled
R-Q-SL-13-034-04-wikimedia,Q-SL-13-034-04,SL-13-034,wikimedia,2,pending,historical_query
R-Q-SL-13-034-04-general-web,Q-SL-13-034-04,SL-13-034,general_web,3,pending,baseline
R-Q-SL-13-034-04-image-search,Q-SL-13-034-04,SL-13-034,image_search,4,pending,baseline
R-Q-SL-13-034-05-local-folder,Q-SL-13-034-05,SL-13-034,local_folder,1,pending,local_source_enabled
R-Q-SL-13-034-05-wikimedia,Q-SL-13-034-05,SL-13-034,wikimedia,2,pending,historical_query
R-Q-SL-13-034-05-general-web,Q-SL-13-034-05,SL-13-034,general_web,3,pending,baseline
R-Q-SL-13-034-05-image-search,Q-SL-13-034-05,SL-13-034,image_search,4,pending,baseline
R-Q-SL-13-035-01-local-folder,Q-SL-13-035-01,SL-13-035,local_folder,1,pending,local_source_enabled
R-Q-SL-13-035-01-general-web,Q-SL-13-035-01,SL-13-035,general_web,3,pending,baseline
R-Q-SL-13-035-01-image-search,Q-SL-13-035-01,SL-13-035,image_search,4,pending,baseline
R-Q-SL-13-035-02-local-folder,Q-SL-13-035-02,SL-13-035,local_folder,1,pending,local_source_enabled
R-Q-SL-13-035-02-general-web,Q-SL-13-035-02,SL-13-035,general_web,3,pending,baseline
R-Q-SL-13-035-02-image-search,Q-SL-13-035-02,SL-13-035,image_search,4,pending,baseline
R-Q-SL-13-035-03-local-folder,Q-SL-13-035-03,SL-13-035,local_folder,1,pending,local_source_enabled
R-Q-SL-13-035-03-general-web,Q-SL-13-035-03,SL-13-035,general_web,3,pending,baseline
R-Q-SL-13-035-03-image-search,Q-SL-13-035-03,SL-13-035,image_search,4,pending,baseline
R-Q-SL-13-035-04-local-folder,Q-SL-13-035-04,SL-13-035,local_folder,1,pending,local_source_enabled
R-Q-SL-13-035-04-wikimedia,Q-SL-13-035-04,SL-13-035,wikimedia,2,pending,historical_query
R-Q-SL-13-035-04-general-web,Q-SL-13-035-04,SL-13-035,general_web,3,pending,baseline
R-Q-SL-13-035-04-image-search,Q-SL-13-035-04,SL-13-035,image_search,4,pending,baseline
R-Q-SL-13-035-05-local-folder,Q-SL-13-035-05,SL-13-035,local_folder,1,pending,local_source_enabled
R-Q-SL-13-035-05-general-web,Q-SL-13-035-05,SL-13-035,general_web,3,pending,baseline
R-Q-SL-13-035-05-image-search,Q-SL-13-035-05,SL-13-035,image_search,4,pending,baseline
R-Q-SL-13-036-01-local-folder,Q-SL-13-036-01,SL-13-036,local_folder,1,pending,local_source_enabled
R-Q-SL-13-036-01-general-web,Q-SL-13-036-01,SL-13-036,general_web,3,pending,baseline
R-Q-SL-13-036-01-image-search,Q-SL-13-036-01,SL-13-036,image_search,4,pending,baseline
R-Q-SL-13-036-02-local-folder,Q-SL-13-036-02,SL-13-036,local_folder,1,pending,local_source_enabled
R-Q-SL-13-036-02-general-web,Q-SL-13-036-02,SL-13-036,general_web,3,pending,baseline
R-Q-SL-13-036-02-image-search,Q-SL-13-036-02,SL-13-036,image_search,4,pending,baseline
R-Q-SL-13-036-03-local-folder,Q-SL-13-036-03,SL-13-036,local_folder,1,pending,local_source_enabled
R-Q-SL-13-036-03-general-web,Q-SL-13-036-03,SL-13-036,general_web,3,pending,baseline
R-Q-SL-13-036-03-image-search,Q-SL-13-036-03,SL-13-036,image_search,4,pending,baseline
R-Q-SL-13-036-04-local-folder,Q-SL-13-036-04,SL-13-036,local_folder,1,pending,local_source_enabled
R-Q-SL-13-036-04-wikimedia,Q-SL-13-036-04,SL-13-036,wikimedia,2,pending,historical_query
R-Q-SL-13-036-04-general-web,Q-SL-13-036-04,SL-13-036,general_web,3,pending,baseline
R-Q-SL-13-036-04-image-search,Q-SL-13-036-04,SL-13-036,image_search,4,pending,baseline
R-Q-SL-13-036-05-local-folder,Q-SL-13-036-05,SL-13-036,local_folder,1,pending,local_source_enabled
R-Q-SL-13-036-05-general-web,Q-SL-13-036-05,SL-13-036,general_web,3,pending,baseline
R-Q-SL-13-036-05-image-search,Q-SL-13-036-05,SL-13-036,image_search,4,pending,baseline
R-Q-SL-13-037-01-local-folder,Q-SL-13-037-01,SL-13-037,local_folder,1,pending,local_source_enabled
R-Q-SL-13-037-01-general-web,Q-SL-13-037-01,SL-13-037,general_web,3,pending,baseline
R-Q-SL-13-037-01-image-search,Q-SL-13-037-01,SL-13-037,image_search,4,pending,baseline
R-Q-SL-13-037-02-local-folder,Q-SL-13-037-02,SL-13-037,local_folder,1,pending,local_source_enabled
R-Q-SL-13-037-02-general-web,Q-SL-13-037-02,SL-13-037,general_web,3,pending,baseline
R-Q-SL-13-037-02-image-search,Q-SL-13-037-02,SL-13-037,image_search,4,pending,baseline
R-Q-SL-13-037-03-local-folder,Q-SL-13-037-03,SL-13-037,local_folder,1,pending,local_source_enabled
R-Q-SL-13-037-03-general-web,Q-SL-13-037-03,SL-13-037,general_web,3,pending,baseline
R-Q-SL-13-037-03-image-search,Q-SL-13-037-03,SL-13-037,image_search,4,pending,baseline
R-Q-SL-13-037-04-local-folder,Q-SL-13-037-04,SL-13-037,local_folder,1,pending,local_source_enabled
R-Q-SL-13-037-04-wikimedia,Q-SL-13-037-04,SL-13-037,wikimedia,2,pending,historical_query
R-Q-SL-13-037-04-general-web,Q-SL-13-037-04,SL-13-037,general_web,3,pending,baseline
R-Q-SL-13-037-04-image-search,Q-SL-13-037-04,SL-13-037,image_search,4,pending,baseline
R-Q-SL-13-037-05-local-folder,Q-SL-13-037-05,SL-13-037,local_folder,1,pending,local_source_enabled
R-Q-SL-13-037-05-general-web,Q-SL-13-037-05,SL-13-037,general_web,3,pending,baseline
R-Q-SL-13-037-05-image-search,Q-SL-13-037-05,SL-13-037,image_search,4,pending,baseline
R-Q-SL-13-038-01-local-folder,Q-SL-13-038-01,SL-13-038,local_folder,1,pending,local_source_enabled
R-Q-SL-13-038-01-general-web,Q-SL-13-038-01,SL-13-038,general_web,3,pending,baseline
R-Q-SL-13-038-01-image-search,Q-SL-13-038-01,SL-13-038,image_search,4,pending,baseline
R-Q-SL-13-038-02-local-folder,Q-SL-13-038-02,SL-13-038,local_folder,1,pending,local_source_enabled
R-Q-SL-13-038-02-general-web,Q-SL-13-038-02,SL-13-038,general_web,3,pending,baseline
R-Q-SL-13-038-02-image-search,Q-SL-13-038-02,SL-13-038,image_search,4,pending,baseline
R-Q-SL-13-038-03-local-folder,Q-SL-13-038-03,SL-13-038,local_folder,1,pending,local_source_enabled
R-Q-SL-13-038-03-general-web,Q-SL-13-038-03,SL-13-038,general_web,3,pending,baseline
R-Q-SL-13-038-03-image-search,Q-SL-13-038-03,SL-13-038,image_search,4,pending,baseline
R-Q-SL-13-038-04-local-folder,Q-SL-13-038-04,SL-13-038,local_folder,1,pending,local_source_enabled
R-Q-SL-13-038-04-wikimedia,Q-SL-13-038-04,SL-13-038,wikimedia,2,pending,historical_query
R-Q-SL-13-038-04-general-web,Q-SL-13-038-04,SL-13-038,general_web,3,pending,baseline
R-Q-SL-13-038-04-image-search,Q-SL-13-038-04,SL-13-038,image_search,4,pending,baseline
R-Q-SL-13-038-05-local-folder,Q-SL-13-038-05,SL-13-038,local_folder,1,pending,local_source_enabled
R-Q-SL-13-038-05-general-web,Q-SL-13-038-05,SL-13-038,general_web,3,pending,baseline
R-Q-SL-13-038-05-image-search,Q-SL-13-038-05,SL-13-038,image_search,4,pending,baseline
R-Q-SL-13-039-01-local-folder,Q-SL-13-039-01,SL-13-039,local_folder,1,pending,local_source_enabled
R-Q-SL-13-039-01-wikimedia,Q-SL-13-039-01,SL-13-039,wikimedia,2,pending,historical_query
R-Q-SL-13-039-01-general-web,Q-SL-13-039-01,SL-13-039,general_web,3,pending,baseline
R-Q-SL-13-039-01-image-search,Q-SL-13-039-01,SL-13-039,image_search,4,pending,baseline
R-Q-SL-13-039-02-local-folder,Q-SL-13-039-02,SL-13-039,local_folder,1,pending,local_source_enabled
R-Q-SL-13-039-02-wikimedia,Q-SL-13-039-02,SL-13-039,wikimedia,2,pending,historical_query
R-Q-SL-13-039-02-general-web,Q-SL-13-039-02,SL-13-039,general_web,3,pending,baseline
R-Q-SL-13-039-02-image-search,Q-SL-13-039-02,SL-13-039,image_search,4,pending,baseline
R-Q-SL-13-039-03-local-folder,Q-SL-13-039-03,SL-13-039,local_folder,1,pending,local_source_enabled
R-Q-SL-13-039-03-wikimedia,Q-SL-13-039-03,SL-13-039,wikimedia,2,pending,historical_query
R-Q-SL-13-039-03-general-web,Q-SL-13-039-03,SL-13-039,general_web,3,pending,baseline
R-Q-SL-13-039-03-image-search,Q-SL-13-039-03,SL-13-039,image_search,4,pending,baseline
R-Q-SL-13-039-04-local-folder,Q-SL-13-039-04,SL-13-039,local_folder,1,pending,local_source_enabled
R-Q-SL-13-039-04-wikimedia,Q-SL-13-039-04,SL-13-039,wikimedia,2,pending,historical_query
R-Q-SL-13-039-04-general-web,Q-SL-13-039-04,SL-13-039,general_web,3,pending,baseline
R-Q-SL-13-039-04-image-search,Q-SL-13-039-04,SL-13-039,image_search,4,pending,baseline
R-Q-SL-13-039-05-local-folder,Q-SL-13-039-05,SL-13-039,local_folder,1,pending,local_source_enabled
R-Q-SL-13-039-05-wikimedia,Q-SL-13-039-05,SL-13-039,wikimedia,2,pending,historical_query
R-Q-SL-13-039-05-general-web,Q-SL-13-039-05,SL-13-039,general_web,3,pending,baseline
R-Q-SL-13-039-05-image-search,Q-SL-13-039-05,SL-13-039,image_search,4,pending,baseline
R-Q-SL-13-040-01-local-folder,Q-SL-13-040-01,SL-13-040,local_folder,1,pending,local_source_enabled
R-Q-SL-13-040-01-general-web,Q-SL-13-040-01,SL-13-040,general_web,3,pending,baseline
R-Q-SL-13-040-01-image-search,Q-SL-13-040-01,SL-13-040,image_search,4,pending,baseline
R-Q-SL-13-040-02-local-folder,Q-SL-13-040-02,SL-13-040,local_folder,1,pending,local_source_enabled
R-Q-SL-13-040-02-general-web,Q-SL-13-040-02,SL-13-040,general_web,3,pending,baseline
R-Q-SL-13-040-02-image-search,Q-SL-13-040-02,SL-13-040,image_search,4,pending,baseline
R-Q-SL-13-040-03-local-folder,Q-SL-13-040-03,SL-13-040,local_folder,1,pending,local_source_enabled
R-Q-SL-13-040-03-general-web,Q-SL-13-040-03,SL-13-040,general_web,3,pending,baseline
R-Q-SL-13-040-03-image-search,Q-SL-13-040-03,SL-13-040,image_search,4,pending,baseline
R-Q-SL-13-040-04-local-folder,Q-SL-13-040-04,SL-13-040,local_folder,1,pending,local_source_enabled
R-Q-SL-13-040-04-wikimedia,Q-SL-13-040-04,SL-13-040,wikimedia,2,pending,historical_query
R-Q-SL-13-040-04-general-web,Q-SL-13-040-04,SL-13-040,general_web,3,pending,baseline
R-Q-SL-13-040-04-image-search,Q-SL-13-040-04,SL-13-040,image_search,4,pending,baseline
R-Q-SL-13-040-05-local-folder,Q-SL-13-040-05,SL-13-040,local_folder,1,pending,local_source_enabled
R-Q-SL-13-040-05-general-web,Q-SL-13-040-05,SL-13-040,general_web,3,pending,baseline
R-Q-SL-13-040-05-image-search,Q-SL-13-040-05,SL-13-040,image_search,4,pending,baseline
R-Q-SL-14-001-01-local-folder,Q-SL-14-001-01,SL-14-001,local_folder,1,pending,local_source_enabled
R-Q-SL-14-001-01-general-web,Q-SL-14-001-01,SL-14-001,general_web,3,pending,baseline
R-Q-SL-14-001-01-image-search,Q-SL-14-001-01,SL-14-001,image_search,4,pending,baseline
R-Q-SL-14-001-02-local-folder,Q-SL-14-001-02,SL-14-001,local_folder,1,pending,local_source_enabled
R-Q-SL-14-001-02-general-web,Q-SL-14-001-02,SL-14-001,general_web,3,pending,baseline
R-Q-SL-14-001-02-image-search,Q-SL-14-001-02,SL-14-001,image_search,4,pending,baseline
R-Q-SL-14-001-03-local-folder,Q-SL-14-001-03,SL-14-001,local_folder,1,pending,local_source_enabled
R-Q-SL-14-001-03-general-web,Q-SL-14-001-03,SL-14-001,general_web,3,pending,baseline
R-Q-SL-14-001-03-image-search,Q-SL-14-001-03,SL-14-001,image_search,4,pending,baseline
R-Q-SL-14-001-04-local-folder,Q-SL-14-001-04,SL-14-001,local_folder,1,pending,local_source_enabled
R-Q-SL-14-001-04-general-web,Q-SL-14-001-04,SL-14-001,general_web,3,pending,baseline
R-Q-SL-14-001-04-image-search,Q-SL-14-001-04,SL-14-001,image_search,4,pending,baseline
R-Q-SL-14-001-05-local-folder,Q-SL-14-001-05,SL-14-001,local_folder,1,pending,local_source_enabled
R-Q-SL-14-001-05-general-web,Q-SL-14-001-05,SL-14-001,general_web,3,pending,baseline
R-Q-SL-14-001-05-image-search,Q-SL-14-001-05,SL-14-001,image_search,4,pending,baseline
R-Q-SL-14-002-01-local-folder,Q-SL-14-002-01,SL-14-002,local_folder,1,pending,local_source_enabled
R-Q-SL-14-002-01-general-web,Q-SL-14-002-01,SL-14-002,general_web,3,pending,baseline
R-Q-SL-14-002-01-image-search,Q-SL-14-002-01,SL-14-002,image_search,4,pending,baseline
R-Q-SL-14-002-02-local-folder,Q-SL-14-002-02,SL-14-002,local_folder,1,pending,local_source_enabled
R-Q-SL-14-002-02-general-web,Q-SL-14-002-02,SL-14-002,general_web,3,pending,baseline
R-Q-SL-14-002-02-image-search,Q-SL-14-002-02,SL-14-002,image_search,4,pending,baseline
R-Q-SL-14-002-03-local-folder,Q-SL-14-002-03,SL-14-002,local_folder,1,pending,local_source_enabled
R-Q-SL-14-002-03-general-web,Q-SL-14-002-03,SL-14-002,general_web,3,pending,baseline
R-Q-SL-14-002-03-image-search,Q-SL-14-002-03,SL-14-002,image_search,4,pending,baseline
R-Q-SL-14-002-04-local-folder,Q-SL-14-002-04,SL-14-002,local_folder,1,pending,local_source_enabled
R-Q-SL-14-002-04-wikimedia,Q-SL-14-002-04,SL-14-002,wikimedia,2,pending,historical_query
R-Q-SL-14-002-04-general-web,Q-SL-14-002-04,SL-14-002,general_web,3,pending,baseline
R-Q-SL-14-002-04-image-search,Q-SL-14-002-04,SL-14-002,image_search,4,pending,baseline
R-Q-SL-14-002-05-local-folder,Q-SL-14-002-05,SL-14-002,local_folder,1,pending,local_source_enabled
R-Q-SL-14-002-05-general-web,Q-SL-14-002-05,SL-14-002,general_web,3,pending,baseline
R-Q-SL-14-002-05-image-search,Q-SL-14-002-05,SL-14-002,image_search,4,pending,baseline
R-Q-SL-14-003-01-local-folder,Q-SL-14-003-01,SL-14-003,local_folder,1,pending,local_source_enabled
R-Q-SL-14-003-01-general-web,Q-SL-14-003-01,SL-14-003,general_web,3,pending,baseline
R-Q-SL-14-003-01-image-search,Q-SL-14-003-01,SL-14-003,image_search,4,pending,baseline
R-Q-SL-14-003-02-local-folder,Q-SL-14-003-02,SL-14-003,local_folder,1,pending,local_source_enabled
R-Q-SL-14-003-02-general-web,Q-SL-14-003-02,SL-14-003,general_web,3,pending,baseline
R-Q-SL-14-003-02-image-search,Q-SL-14-003-02,SL-14-003,image_search,4,pending,baseline
R-Q-SL-14-003-03-local-folder,Q-SL-14-003-03,SL-14-003,local_folder,1,pending,local_source_enabled
R-Q-SL-14-003-03-general-web,Q-SL-14-003-03,SL-14-003,general_web,3,pending,baseline
R-Q-SL-14-003-03-image-search,Q-SL-14-003-03,SL-14-003,image_search,4,pending,baseline
R-Q-SL-14-003-04-local-folder,Q-SL-14-003-04,SL-14-003,local_folder,1,pending,local_source_enabled
R-Q-SL-14-003-04-general-web,Q-SL-14-003-04,SL-14-003,general_web,3,pending,baseline
R-Q-SL-14-003-04-image-search,Q-SL-14-003-04,SL-14-003,image_search,4,pending,baseline
R-Q-SL-14-003-05-local-folder,Q-SL-14-003-05,SL-14-003,local_folder,1,pending,local_source_enabled
R-Q-SL-14-003-05-general-web,Q-SL-14-003-05,SL-14-003,general_web,3,pending,baseline
R-Q-SL-14-003-05-image-search,Q-SL-14-003-05,SL-14-003,image_search,4,pending,baseline
R-Q-SL-14-004-01-local-folder,Q-SL-14-004-01,SL-14-004,local_folder,1,pending,local_source_enabled
R-Q-SL-14-004-01-general-web,Q-SL-14-004-01,SL-14-004,general_web,3,pending,baseline
R-Q-SL-14-004-01-image-search,Q-SL-14-004-01,SL-14-004,image_search,4,pending,baseline
R-Q-SL-14-004-02-local-folder,Q-SL-14-004-02,SL-14-004,local_folder,1,pending,local_source_enabled
R-Q-SL-14-004-02-general-web,Q-SL-14-004-02,SL-14-004,general_web,3,pending,baseline
R-Q-SL-14-004-02-image-search,Q-SL-14-004-02,SL-14-004,image_search,4,pending,baseline
R-Q-SL-14-004-03-local-folder,Q-SL-14-004-03,SL-14-004,local_folder,1,pending,local_source_enabled
R-Q-SL-14-004-03-general-web,Q-SL-14-004-03,SL-14-004,general_web,3,pending,baseline
R-Q-SL-14-004-03-image-search,Q-SL-14-004-03,SL-14-004,image_search,4,pending,baseline
R-Q-SL-14-004-04-local-folder,Q-SL-14-004-04,SL-14-004,local_folder,1,pending,local_source_enabled
R-Q-SL-14-004-04-wikimedia,Q-SL-14-004-04,SL-14-004,wikimedia,2,pending,historical_query
R-Q-SL-14-004-04-general-web,Q-SL-14-004-04,SL-14-004,general_web,3,pending,baseline
R-Q-SL-14-004-04-image-search,Q-SL-14-004-04,SL-14-004,image_search,4,pending,baseline
R-Q-SL-14-004-05-local-folder,Q-SL-14-004-05,SL-14-004,local_folder,1,pending,local_source_enabled
R-Q-SL-14-004-05-general-web,Q-SL-14-004-05,SL-14-004,general_web,3,pending,baseline
R-Q-SL-14-004-05-image-search,Q-SL-14-004-05,SL-14-004,image_search,4,pending,baseline
R-Q-SL-14-005-01-local-folder,Q-SL-14-005-01,SL-14-005,local_folder,1,pending,local_source_enabled
R-Q-SL-14-005-01-general-web,Q-SL-14-005-01,SL-14-005,general_web,3,pending,baseline
R-Q-SL-14-005-01-image-search,Q-SL-14-005-01,SL-14-005,image_search,4,pending,baseline
R-Q-SL-14-005-02-local-folder,Q-SL-14-005-02,SL-14-005,local_folder,1,pending,local_source_enabled
R-Q-SL-14-005-02-general-web,Q-SL-14-005-02,SL-14-005,general_web,3,pending,baseline
R-Q-SL-14-005-02-image-search,Q-SL-14-005-02,SL-14-005,image_search,4,pending,baseline
R-Q-SL-14-005-03-local-folder,Q-SL-14-005-03,SL-14-005,local_folder,1,pending,local_source_enabled
R-Q-SL-14-005-03-general-web,Q-SL-14-005-03,SL-14-005,general_web,3,pending,baseline
R-Q-SL-14-005-03-image-search,Q-SL-14-005-03,SL-14-005,image_search,4,pending,baseline
R-Q-SL-14-005-04-local-folder,Q-SL-14-005-04,SL-14-005,local_folder,1,pending,local_source_enabled
R-Q-SL-14-005-04-wikimedia,Q-SL-14-005-04,SL-14-005,wikimedia,2,pending,historical_query
R-Q-SL-14-005-04-general-web,Q-SL-14-005-04,SL-14-005,general_web,3,pending,baseline
R-Q-SL-14-005-04-image-search,Q-SL-14-005-04,SL-14-005,image_search,4,pending,baseline
R-Q-SL-14-005-05-local-folder,Q-SL-14-005-05,SL-14-005,local_folder,1,pending,local_source_enabled
R-Q-SL-14-005-05-wikimedia,Q-SL-14-005-05,SL-14-005,wikimedia,2,pending,historical_query
R-Q-SL-14-005-05-general-web,Q-SL-14-005-05,SL-14-005,general_web,3,pending,baseline
R-Q-SL-14-005-05-image-search,Q-SL-14-005-05,SL-14-005,image_search,4,pending,baseline
R-Q-SL-14-006-01-local-folder,Q-SL-14-006-01,SL-14-006,local_folder,1,pending,local_source_enabled
R-Q-SL-14-006-01-general-web,Q-SL-14-006-01,SL-14-006,general_web,3,pending,baseline
R-Q-SL-14-006-01-image-search,Q-SL-14-006-01,SL-14-006,image_search,4,pending,baseline
R-Q-SL-14-006-02-local-folder,Q-SL-14-006-02,SL-14-006,local_folder,1,pending,local_source_enabled
R-Q-SL-14-006-02-general-web,Q-SL-14-006-02,SL-14-006,general_web,3,pending,baseline
R-Q-SL-14-006-02-image-search,Q-SL-14-006-02,SL-14-006,image_search,4,pending,baseline
R-Q-SL-14-006-03-local-folder,Q-SL-14-006-03,SL-14-006,local_folder,1,pending,local_source_enabled
R-Q-SL-14-006-03-general-web,Q-SL-14-006-03,SL-14-006,general_web,3,pending,baseline
R-Q-SL-14-006-03-image-search,Q-SL-14-006-03,SL-14-006,image_search,4,pending,baseline
R-Q-SL-14-006-04-local-folder,Q-SL-14-006-04,SL-14-006,local_folder,1,pending,local_source_enabled
R-Q-SL-14-006-04-wikimedia,Q-SL-14-006-04,SL-14-006,wikimedia,2,pending,historical_query
R-Q-SL-14-006-04-general-web,Q-SL-14-006-04,SL-14-006,general_web,3,pending,baseline
R-Q-SL-14-006-04-image-search,Q-SL-14-006-04,SL-14-006,image_search,4,pending,baseline
R-Q-SL-14-006-05-local-folder,Q-SL-14-006-05,SL-14-006,local_folder,1,pending,local_source_enabled
R-Q-SL-14-006-05-wikimedia,Q-SL-14-006-05,SL-14-006,wikimedia,2,pending,historical_query
R-Q-SL-14-006-05-general-web,Q-SL-14-006-05,SL-14-006,general_web,3,pending,baseline
R-Q-SL-14-006-05-image-search,Q-SL-14-006-05,SL-14-006,image_search,4,pending,baseline
R-Q-SL-14-007-01-local-folder,Q-SL-14-007-01,SL-14-007,local_folder,1,pending,local_source_enabled
R-Q-SL-14-007-01-general-web,Q-SL-14-007-01,SL-14-007,general_web,3,pending,baseline
R-Q-SL-14-007-01-image-search,Q-SL-14-007-01,SL-14-007,image_search,4,pending,baseline
R-Q-SL-14-007-02-local-folder,Q-SL-14-007-02,SL-14-007,local_folder,1,pending,local_source_enabled
R-Q-SL-14-007-02-general-web,Q-SL-14-007-02,SL-14-007,general_web,3,pending,baseline
R-Q-SL-14-007-02-image-search,Q-SL-14-007-02,SL-14-007,image_search,4,pending,baseline
R-Q-SL-14-007-03-local-folder,Q-SL-14-007-03,SL-14-007,local_folder,1,pending,local_source_enabled
R-Q-SL-14-007-03-general-web,Q-SL-14-007-03,SL-14-007,general_web,3,pending,baseline
R-Q-SL-14-007-03-image-search,Q-SL-14-007-03,SL-14-007,image_search,4,pending,baseline
R-Q-SL-14-007-04-local-folder,Q-SL-14-007-04,SL-14-007,local_folder,1,pending,local_source_enabled
R-Q-SL-14-007-04-general-web,Q-SL-14-007-04,SL-14-007,general_web,3,pending,baseline
R-Q-SL-14-007-04-image-search,Q-SL-14-007-04,SL-14-007,image_search,4,pending,baseline
R-Q-SL-14-007-05-local-folder,Q-SL-14-007-05,SL-14-007,local_folder,1,pending,local_source_enabled
R-Q-SL-14-007-05-general-web,Q-SL-14-007-05,SL-14-007,general_web,3,pending,baseline
R-Q-SL-14-007-05-image-search,Q-SL-14-007-05,SL-14-007,image_search,4,pending,baseline
R-Q-SL-14-008-01-local-folder,Q-SL-14-008-01,SL-14-008,local_folder,1,pending,local_source_enabled
R-Q-SL-14-008-01-wikimedia,Q-SL-14-008-01,SL-14-008,wikimedia,2,pending,category_rule
R-Q-SL-14-008-01-general-web,Q-SL-14-008-01,SL-14-008,general_web,3,pending,baseline
R-Q-SL-14-008-01-image-search,Q-SL-14-008-01,SL-14-008,image_search,4,pending,baseline
R-Q-SL-14-008-02-local-folder,Q-SL-14-008-02,SL-14-008,local_folder,1,pending,local_source_enabled
R-Q-SL-14-008-02-wikimedia,Q-SL-14-008-02,SL-14-008,wikimedia,2,pending,category_rule
R-Q-SL-14-008-02-general-web,Q-SL-14-008-02,SL-14-008,general_web,3,pending,baseline
R-Q-SL-14-008-02-image-search,Q-SL-14-008-02,SL-14-008,image_search,4,pending,baseline
R-Q-SL-14-008-03-local-folder,Q-SL-14-008-03,SL-14-008,local_folder,1,pending,local_source_enabled
R-Q-SL-14-008-03-wikimedia,Q-SL-14-008-03,SL-14-008,wikimedia,2,pending,category_rule
R-Q-SL-14-008-03-general-web,Q-SL-14-008-03,SL-14-008,general_web,3,pending,baseline
R-Q-SL-14-008-03-image-search,Q-SL-14-008-03,SL-14-008,image_search,4,pending,baseline
R-Q-SL-14-008-04-local-folder,Q-SL-14-008-04,SL-14-008,local_folder,1,pending,local_source_enabled
R-Q-SL-14-008-04-wikimedia,Q-SL-14-008-04,SL-14-008,wikimedia,2,pending,category_rule
R-Q-SL-14-008-04-general-web,Q-SL-14-008-04,SL-14-008,general_web,3,pending,baseline
R-Q-SL-14-008-04-image-search,Q-SL-14-008-04,SL-14-008,image_search,4,pending,baseline
R-Q-SL-14-008-05-local-folder,Q-SL-14-008-05,SL-14-008,local_folder,1,pending,local_source_enabled
R-Q-SL-14-008-05-wikimedia,Q-SL-14-008-05,SL-14-008,wikimedia,2,pending,"category_rule,historical_query"
R-Q-SL-14-008-05-general-web,Q-SL-14-008-05,SL-14-008,general_web,3,pending,baseline
R-Q-SL-14-008-05-image-search,Q-SL-14-008-05,SL-14-008,image_search,4,pending,baseline
R-Q-SL-14-009-01-local-folder,Q-SL-14-009-01,SL-14-009,local_folder,1,pending,local_source_enabled
R-Q-SL-14-009-01-wikimedia,Q-SL-14-009-01,SL-14-009,wikimedia,2,pending,"category_rule,historical_query"
R-Q-SL-14-009-01-general-web,Q-SL-14-009-01,SL-14-009,general_web,3,pending,baseline
R-Q-SL-14-009-01-image-search,Q-SL-14-009-01,SL-14-009,image_search,4,pending,baseline
R-Q-SL-14-009-02-local-folder,Q-SL-14-009-02,SL-14-009,local_folder,1,pending,local_source_enabled
R-Q-SL-14-009-02-wikimedia,Q-SL-14-009-02,SL-14-009,wikimedia,2,pending,"category_rule,historical_query"
R-Q-SL-14-009-02-general-web,Q-SL-14-009-02,SL-14-009,general_web,3,pending,baseline
R-Q-SL-14-009-02-image-search,Q-SL-14-009-02,SL-14-009,image_search,4,pending,baseline
R-Q-SL-14-009-03-local-folder,Q-SL-14-009-03,SL-14-009,local_folder,1,pending,local_source_enabled
R-Q-SL-14-009-03-wikimedia,Q-SL-14-009-03,SL-14-009,wikimedia,2,pending,"category_rule,historical_query"
R-Q-SL-14-009-03-general-web,Q-SL-14-009-03,SL-14-009,general_web,3,pending,baseline
R-Q-SL-14-009-03-image-search,Q-SL-14-009-03,SL-14-009,image_search,4,pending,baseline
R-Q-SL-14-009-04-local-folder,Q-SL-14-009-04,SL-14-009,local_folder,1,pending,local_source_enabled
R-Q-SL-14-009-04-wikimedia,Q-SL-14-009-04,SL-14-009,wikimedia,2,pending,"category_rule,historical_query"
R-Q-SL-14-009-04-general-web,Q-SL-14-009-04,SL-14-009,general_web,3,pending,baseline
R-Q-SL-14-009-04-image-search,Q-SL-14-009-04,SL-14-009,image_search,4,pending,baseline
R-Q-SL-14-009-05-local-folder,Q-SL-14-009-05,SL-14-009,local_folder,1,pending,local_source_enabled
R-Q-SL-14-009-05-wikimedia,Q-SL-14-009-05,SL-14-009,wikimedia,2,pending,"category_rule,historical_query"
R-Q-SL-14-009-05-general-web,Q-SL-14-009-05,SL-14-009,general_web,3,pending,baseline
R-Q-SL-14-009-05-image-search,Q-SL-14-009-05,SL-14-009,image_search,4,pending,baseline
R-Q-SL-14-010-01-local-folder,Q-SL-14-010-01,SL-14-010,local_folder,1,pending,local_source_enabled
R-Q-SL-14-010-01-general-web,Q-SL-14-010-01,SL-14-010,general_web,3,pending,baseline
R-Q-SL-14-010-01-image-search,Q-SL-14-010-01,SL-14-010,image_search,4,pending,baseline
R-Q-SL-14-010-02-local-folder,Q-SL-14-010-02,SL-14-010,local_folder,1,pending,local_source_enabled
R-Q-SL-14-010-02-general-web,Q-SL-14-010-02,SL-14-010,general_web,3,pending,baseline
R-Q-SL-14-010-02-image-search,Q-SL-14-010-02,SL-14-010,image_search,4,pending,baseline
R-Q-SL-14-010-03-local-folder,Q-SL-14-010-03,SL-14-010,local_folder,1,pending,local_source_enabled
R-Q-SL-14-010-03-general-web,Q-SL-14-010-03,SL-14-010,general_web,3,pending,baseline
R-Q-SL-14-010-03-image-search,Q-SL-14-010-03,SL-14-010,image_search,4,pending,baseline
R-Q-SL-14-010-04-local-folder,Q-SL-14-010-04,SL-14-010,local_folder,1,pending,local_source_enabled
R-Q-SL-14-010-04-wikimedia,Q-SL-14-010-04,SL-14-010,wikimedia,2,pending,historical_query
R-Q-SL-14-010-04-general-web,Q-SL-14-010-04,SL-14-010,general_web,3,pending,baseline
R-Q-SL-14-010-04-image-search,Q-SL-14-010-04,SL-14-010,image_search,4,pending,baseline
R-Q-SL-14-010-05-local-folder,Q-SL-14-010-05,SL-14-010,local_folder,1,pending,local_source_enabled
R-Q-SL-14-010-05-general-web,Q-SL-14-010-05,SL-14-010,general_web,3,pending,baseline
R-Q-SL-14-010-05-image-search,Q-SL-14-010-05,SL-14-010,image_search,4,pending,baseline
R-Q-SL-14-011-01-local-folder,Q-SL-14-011-01,SL-14-011,local_folder,1,pending,local_source_enabled
R-Q-SL-14-011-01-general-web,Q-SL-14-011-01,SL-14-011,general_web,3,pending,baseline
R-Q-SL-14-011-01-image-search,Q-SL-14-011-01,SL-14-011,image_search,4,pending,baseline
R-Q-SL-14-011-02-local-folder,Q-SL-14-011-02,SL-14-011,local_folder,1,pending,local_source_enabled
R-Q-SL-14-011-02-general-web,Q-SL-14-011-02,SL-14-011,general_web,3,pending,baseline
R-Q-SL-14-011-02-image-search,Q-SL-14-011-02,SL-14-011,image_search,4,pending,baseline
R-Q-SL-14-011-03-local-folder,Q-SL-14-011-03,SL-14-011,local_folder,1,pending,local_source_enabled
R-Q-SL-14-011-03-general-web,Q-SL-14-011-03,SL-14-011,general_web,3,pending,baseline
R-Q-SL-14-011-03-image-search,Q-SL-14-011-03,SL-14-011,image_search,4,pending,baseline
R-Q-SL-14-011-04-local-folder,Q-SL-14-011-04,SL-14-011,local_folder,1,pending,local_source_enabled
R-Q-SL-14-011-04-wikimedia,Q-SL-14-011-04,SL-14-011,wikimedia,2,pending,historical_query
R-Q-SL-14-011-04-general-web,Q-SL-14-011-04,SL-14-011,general_web,3,pending,baseline
R-Q-SL-14-011-04-image-search,Q-SL-14-011-04,SL-14-011,image_search,4,pending,baseline
R-Q-SL-14-011-05-local-folder,Q-SL-14-011-05,SL-14-011,local_folder,1,pending,local_source_enabled
R-Q-SL-14-011-05-wikimedia,Q-SL-14-011-05,SL-14-011,wikimedia,2,pending,historical_query
R-Q-SL-14-011-05-general-web,Q-SL-14-011-05,SL-14-011,general_web,3,pending,baseline
R-Q-SL-14-011-05-image-search,Q-SL-14-011-05,SL-14-011,image_search,4,pending,baseline
R-Q-SL-14-012-01-local-folder,Q-SL-14-012-01,SL-14-012,local_folder,1,pending,local_source_enabled
R-Q-SL-14-012-01-wikimedia,Q-SL-14-012-01,SL-14-012,wikimedia,2,pending,historical_query
R-Q-SL-14-012-01-general-web,Q-SL-14-012-01,SL-14-012,general_web,3,pending,baseline
R-Q-SL-14-012-01-image-search,Q-SL-14-012-01,SL-14-012,image_search,4,pending,baseline
R-Q-SL-14-012-02-local-folder,Q-SL-14-012-02,SL-14-012,local_folder,1,pending,local_source_enabled
R-Q-SL-14-012-02-wikimedia,Q-SL-14-012-02,SL-14-012,wikimedia,2,pending,historical_query
R-Q-SL-14-012-02-general-web,Q-SL-14-012-02,SL-14-012,general_web,3,pending,baseline
R-Q-SL-14-012-02-image-search,Q-SL-14-012-02,SL-14-012,image_search,4,pending,baseline
R-Q-SL-14-012-03-local-folder,Q-SL-14-012-03,SL-14-012,local_folder,1,pending,local_source_enabled
R-Q-SL-14-012-03-wikimedia,Q-SL-14-012-03,SL-14-012,wikimedia,2,pending,historical_query
R-Q-SL-14-012-03-general-web,Q-SL-14-012-03,SL-14-012,general_web,3,pending,baseline
R-Q-SL-14-012-03-image-search,Q-SL-14-012-03,SL-14-012,image_search,4,pending,baseline
R-Q-SL-14-012-04-local-folder,Q-SL-14-012-04,SL-14-012,local_folder,1,pending,local_source_enabled
R-Q-SL-14-012-04-wikimedia,Q-SL-14-012-04,SL-14-012,wikimedia,2,pending,historical_query
R-Q-SL-14-012-04-general-web,Q-SL-14-012-04,SL-14-012,general_web,3,pending,baseline
R-Q-SL-14-012-04-image-search,Q-SL-14-012-04,SL-14-012,image_search,4,pending,baseline
R-Q-SL-14-012-05-local-folder,Q-SL-14-012-05,SL-14-012,local_folder,1,pending,local_source_enabled
R-Q-SL-14-012-05-wikimedia,Q-SL-14-012-05,SL-14-012,wikimedia,2,pending,historical_query
R-Q-SL-14-012-05-general-web,Q-SL-14-012-05,SL-14-012,general_web,3,pending,baseline
R-Q-SL-14-012-05-image-search,Q-SL-14-012-05,SL-14-012,image_search,4,pending,baseline
R-Q-SL-14-013-01-local-folder,Q-SL-14-013-01,SL-14-013,local_folder,1,pending,local_source_enabled
R-Q-SL-14-013-01-general-web,Q-SL-14-013-01,SL-14-013,general_web,3,pending,baseline
R-Q-SL-14-013-01-image-search,Q-SL-14-013-01,SL-14-013,image_search,4,pending,baseline
R-Q-SL-14-013-02-local-folder,Q-SL-14-013-02,SL-14-013,local_folder,1,pending,local_source_enabled
R-Q-SL-14-013-02-general-web,Q-SL-14-013-02,SL-14-013,general_web,3,pending,baseline
R-Q-SL-14-013-02-image-search,Q-SL-14-013-02,SL-14-013,image_search,4,pending,baseline
R-Q-SL-14-013-03-local-folder,Q-SL-14-013-03,SL-14-013,local_folder,1,pending,local_source_enabled
R-Q-SL-14-013-03-general-web,Q-SL-14-013-03,SL-14-013,general_web,3,pending,baseline
R-Q-SL-14-013-03-image-search,Q-SL-14-013-03,SL-14-013,image_search,4,pending,baseline
R-Q-SL-14-013-04-local-folder,Q-SL-14-013-04,SL-14-013,local_folder,1,pending,local_source_enabled
R-Q-SL-14-013-04-wikimedia,Q-SL-14-013-04,SL-14-013,wikimedia,2,pending,historical_query
R-Q-SL-14-013-04-general-web,Q-SL-14-013-04,SL-14-013,general_web,3,pending,baseline
R-Q-SL-14-013-04-image-search,Q-SL-14-013-04,SL-14-013,image_search,4,pending,baseline
R-Q-SL-14-013-05-local-folder,Q-SL-14-013-05,SL-14-013,local_folder,1,pending,local_source_enabled
R-Q-SL-14-013-05-general-web,Q-SL-14-013-05,SL-14-013,general_web,3,pending,baseline
R-Q-SL-14-013-05-image-search,Q-SL-14-013-05,SL-14-013,image_search,4,pending,baseline
R-Q-SL-14-014-01-local-folder,Q-SL-14-014-01,SL-14-014,local_folder,1,pending,local_source_enabled
R-Q-SL-14-014-01-general-web,Q-SL-14-014-01,SL-14-014,general_web,3,pending,baseline
R-Q-SL-14-014-01-image-search,Q-SL-14-014-01,SL-14-014,image_search,4,pending,baseline
R-Q-SL-14-014-02-local-folder,Q-SL-14-014-02,SL-14-014,local_folder,1,pending,local_source_enabled
R-Q-SL-14-014-02-general-web,Q-SL-14-014-02,SL-14-014,general_web,3,pending,baseline
R-Q-SL-14-014-02-image-search,Q-SL-14-014-02,SL-14-014,image_search,4,pending,baseline
R-Q-SL-14-014-03-local-folder,Q-SL-14-014-03,SL-14-014,local_folder,1,pending,local_source_enabled
R-Q-SL-14-014-03-general-web,Q-SL-14-014-03,SL-14-014,general_web,3,pending,baseline
R-Q-SL-14-014-03-image-search,Q-SL-14-014-03,SL-14-014,image_search,4,pending,baseline
R-Q-SL-14-014-04-local-folder,Q-SL-14-014-04,SL-14-014,local_folder,1,pending,local_source_enabled
R-Q-SL-14-014-04-wikimedia,Q-SL-14-014-04,SL-14-014,wikimedia,2,pending,historical_query
R-Q-SL-14-014-04-general-web,Q-SL-14-014-04,SL-14-014,general_web,3,pending,baseline
R-Q-SL-14-014-04-image-search,Q-SL-14-014-04,SL-14-014,image_search,4,pending,baseline
R-Q-SL-14-014-05-local-folder,Q-SL-14-014-05,SL-14-014,local_folder,1,pending,local_source_enabled
R-Q-SL-14-014-05-wikimedia,Q-SL-14-014-05,SL-14-014,wikimedia,2,pending,historical_query
R-Q-SL-14-014-05-general-web,Q-SL-14-014-05,SL-14-014,general_web,3,pending,baseline
R-Q-SL-14-014-05-image-search,Q-SL-14-014-05,SL-14-014,image_search,4,pending,baseline
R-Q-SL-14-015-01-local-folder,Q-SL-14-015-01,SL-14-015,local_folder,1,pending,local_source_enabled
R-Q-SL-14-015-01-wikimedia,Q-SL-14-015-01,SL-14-015,wikimedia,2,pending,historical_query
R-Q-SL-14-015-01-general-web,Q-SL-14-015-01,SL-14-015,general_web,3,pending,baseline
R-Q-SL-14-015-01-image-search,Q-SL-14-015-01,SL-14-015,image_search,4,pending,baseline
R-Q-SL-14-015-02-local-folder,Q-SL-14-015-02,SL-14-015,local_folder,1,pending,local_source_enabled
R-Q-SL-14-015-02-wikimedia,Q-SL-14-015-02,SL-14-015,wikimedia,2,pending,historical_query
R-Q-SL-14-015-02-general-web,Q-SL-14-015-02,SL-14-015,general_web,3,pending,baseline
R-Q-SL-14-015-02-image-search,Q-SL-14-015-02,SL-14-015,image_search,4,pending,baseline
R-Q-SL-14-015-03-local-folder,Q-SL-14-015-03,SL-14-015,local_folder,1,pending,local_source_enabled
R-Q-SL-14-015-03-wikimedia,Q-SL-14-015-03,SL-14-015,wikimedia,2,pending,historical_query
R-Q-SL-14-015-03-general-web,Q-SL-14-015-03,SL-14-015,general_web,3,pending,baseline
R-Q-SL-14-015-03-image-search,Q-SL-14-015-03,SL-14-015,image_search,4,pending,baseline
R-Q-SL-14-015-04-local-folder,Q-SL-14-015-04,SL-14-015,local_folder,1,pending,local_source_enabled
R-Q-SL-14-015-04-wikimedia,Q-SL-14-015-04,SL-14-015,wikimedia,2,pending,historical_query
R-Q-SL-14-015-04-general-web,Q-SL-14-015-04,SL-14-015,general_web,3,pending,baseline
R-Q-SL-14-015-04-image-search,Q-SL-14-015-04,SL-14-015,image_search,4,pending,baseline
R-Q-SL-14-015-05-local-folder,Q-SL-14-015-05,SL-14-015,local_folder,1,pending,local_source_enabled
R-Q-SL-14-015-05-wikimedia,Q-SL-14-015-05,SL-14-015,wikimedia,2,pending,historical_query
R-Q-SL-14-015-05-general-web,Q-SL-14-015-05,SL-14-015,general_web,3,pending,baseline
R-Q-SL-14-015-05-image-search,Q-SL-14-015-05,SL-14-015,image_search,4,pending,baseline
R-Q-SL-14-016-01-local-folder,Q-SL-14-016-01,SL-14-016,local_folder,1,pending,local_source_enabled
R-Q-SL-14-016-01-general-web,Q-SL-14-016-01,SL-14-016,general_web,3,pending,baseline
R-Q-SL-14-016-01-image-search,Q-SL-14-016-01,SL-14-016,image_search,4,pending,baseline
R-Q-SL-14-016-02-local-folder,Q-SL-14-016-02,SL-14-016,local_folder,1,pending,local_source_enabled
R-Q-SL-14-016-02-general-web,Q-SL-14-016-02,SL-14-016,general_web,3,pending,baseline
R-Q-SL-14-016-02-image-search,Q-SL-14-016-02,SL-14-016,image_search,4,pending,baseline
R-Q-SL-14-016-03-local-folder,Q-SL-14-016-03,SL-14-016,local_folder,1,pending,local_source_enabled
R-Q-SL-14-016-03-general-web,Q-SL-14-016-03,SL-14-016,general_web,3,pending,baseline
R-Q-SL-14-016-03-image-search,Q-SL-14-016-03,SL-14-016,image_search,4,pending,baseline
R-Q-SL-14-016-04-local-folder,Q-SL-14-016-04,SL-14-016,local_folder,1,pending,local_source_enabled
R-Q-SL-14-016-04-wikimedia,Q-SL-14-016-04,SL-14-016,wikimedia,2,pending,historical_query
R-Q-SL-14-016-04-general-web,Q-SL-14-016-04,SL-14-016,general_web,3,pending,baseline
R-Q-SL-14-016-04-image-search,Q-SL-14-016-04,SL-14-016,image_search,4,pending,baseline
R-Q-SL-14-016-05-local-folder,Q-SL-14-016-05,SL-14-016,local_folder,1,pending,local_source_enabled
R-Q-SL-14-016-05-general-web,Q-SL-14-016-05,SL-14-016,general_web,3,pending,baseline
R-Q-SL-14-016-05-image-search,Q-SL-14-016-05,SL-14-016,image_search,4,pending,baseline
R-Q-SL-14-017-01-local-folder,Q-SL-14-017-01,SL-14-017,local_folder,1,pending,local_source_enabled
R-Q-SL-14-017-01-general-web,Q-SL-14-017-01,SL-14-017,general_web,3,pending,baseline
R-Q-SL-14-017-01-image-search,Q-SL-14-017-01,SL-14-017,image_search,4,pending,baseline
R-Q-SL-14-017-02-local-folder,Q-SL-14-017-02,SL-14-017,local_folder,1,pending,local_source_enabled
R-Q-SL-14-017-02-general-web,Q-SL-14-017-02,SL-14-017,general_web,3,pending,baseline
R-Q-SL-14-017-02-image-search,Q-SL-14-017-02,SL-14-017,image_search,4,pending,baseline
R-Q-SL-14-017-03-local-folder,Q-SL-14-017-03,SL-14-017,local_folder,1,pending,local_source_enabled
R-Q-SL-14-017-03-general-web,Q-SL-14-017-03,SL-14-017,general_web,3,pending,baseline
R-Q-SL-14-017-03-image-search,Q-SL-14-017-03,SL-14-017,image_search,4,pending,baseline
R-Q-SL-14-017-04-local-folder,Q-SL-14-017-04,SL-14-017,local_folder,1,pending,local_source_enabled
R-Q-SL-14-017-04-general-web,Q-SL-14-017-04,SL-14-017,general_web,3,pending,baseline
R-Q-SL-14-017-04-image-search,Q-SL-14-017-04,SL-14-017,image_search,4,pending,baseline
R-Q-SL-14-017-05-local-folder,Q-SL-14-017-05,SL-14-017,local_folder,1,pending,local_source_enabled
R-Q-SL-14-017-05-wikimedia,Q-SL-14-017-05,SL-14-017,wikimedia,2,pending,historical_query
R-Q-SL-14-017-05-general-web,Q-SL-14-017-05,SL-14-017,general_web,3,pending,baseline
R-Q-SL-14-017-05-image-search,Q-SL-14-017-05,SL-14-017,image_search,4,pending,baseline
R-Q-SL-14-018-01-local-folder,Q-SL-14-018-01,SL-14-018,local_folder,1,pending,local_source_enabled
R-Q-SL-14-018-01-wikimedia,Q-SL-14-018-01,SL-14-018,wikimedia,2,pending,historical_query
R-Q-SL-14-018-01-general-web,Q-SL-14-018-01,SL-14-018,general_web,3,pending,baseline
R-Q-SL-14-018-01-image-search,Q-SL-14-018-01,SL-14-018,image_search,4,pending,baseline
R-Q-SL-14-018-02-local-folder,Q-SL-14-018-02,SL-14-018,local_folder,1,pending,local_source_enabled
R-Q-SL-14-018-02-wikimedia,Q-SL-14-018-02,SL-14-018,wikimedia,2,pending,historical_query
R-Q-SL-14-018-02-general-web,Q-SL-14-018-02,SL-14-018,general_web,3,pending,baseline
R-Q-SL-14-018-02-image-search,Q-SL-14-018-02,SL-14-018,image_search,4,pending,baseline
R-Q-SL-14-018-03-local-folder,Q-SL-14-018-03,SL-14-018,local_folder,1,pending,local_source_enabled
R-Q-SL-14-018-03-wikimedia,Q-SL-14-018-03,SL-14-018,wikimedia,2,pending,historical_query
R-Q-SL-14-018-03-general-web,Q-SL-14-018-03,SL-14-018,general_web,3,pending,baseline
R-Q-SL-14-018-03-image-search,Q-SL-14-018-03,SL-14-018,image_search,4,pending,baseline
R-Q-SL-14-018-04-local-folder,Q-SL-14-018-04,SL-14-018,local_folder,1,pending,local_source_enabled
R-Q-SL-14-018-04-wikimedia,Q-SL-14-018-04,SL-14-018,wikimedia,2,pending,historical_query
R-Q-SL-14-018-04-general-web,Q-SL-14-018-04,SL-14-018,general_web,3,pending,baseline
R-Q-SL-14-018-04-image-search,Q-SL-14-018-04,SL-14-018,image_search,4,pending,baseline
R-Q-SL-14-018-05-local-folder,Q-SL-14-018-05,SL-14-018,local_folder,1,pending,local_source_enabled
R-Q-SL-14-018-05-wikimedia,Q-SL-14-018-05,SL-14-018,wikimedia,2,pending,historical_query
R-Q-SL-14-018-05-general-web,Q-SL-14-018-05,SL-14-018,general_web,3,pending,baseline
R-Q-SL-14-018-05-image-search,Q-SL-14-018-05,SL-14-018,image_search,4,pending,baseline
R-Q-SL-14-019-01-local-folder,Q-SL-14-019-01,SL-14-019,local_folder,1,pending,local_source_enabled
R-Q-SL-14-019-01-general-web,Q-SL-14-019-01,SL-14-019,general_web,3,pending,baseline
R-Q-SL-14-019-01-image-search,Q-SL-14-019-01,SL-14-019,image_search,4,pending,baseline
R-Q-SL-14-019-02-local-folder,Q-SL-14-019-02,SL-14-019,local_folder,1,pending,local_source_enabled
R-Q-SL-14-019-02-general-web,Q-SL-14-019-02,SL-14-019,general_web,3,pending,baseline
R-Q-SL-14-019-02-image-search,Q-SL-14-019-02,SL-14-019,image_search,4,pending,baseline
R-Q-SL-14-019-03-local-folder,Q-SL-14-019-03,SL-14-019,local_folder,1,pending,local_source_enabled
R-Q-SL-14-019-03-general-web,Q-SL-14-019-03,SL-14-019,general_web,3,pending,baseline
R-Q-SL-14-019-03-image-search,Q-SL-14-019-03,SL-14-019,image_search,4,pending,baseline
R-Q-SL-14-019-04-local-folder,Q-SL-14-019-04,SL-14-019,local_folder,1,pending,local_source_enabled
R-Q-SL-14-019-04-wikimedia,Q-SL-14-019-04,SL-14-019,wikimedia,2,pending,historical_query
R-Q-SL-14-019-04-general-web,Q-SL-14-019-04,SL-14-019,general_web,3,pending,baseline
R-Q-SL-14-019-04-image-search,Q-SL-14-019-04,SL-14-019,image_search,4,pending,baseline
R-Q-SL-14-019-05-local-folder,Q-SL-14-019-05,SL-14-019,local_folder,1,pending,local_source_enabled
R-Q-SL-14-019-05-general-web,Q-SL-14-019-05,SL-14-019,general_web,3,pending,baseline
R-Q-SL-14-019-05-image-search,Q-SL-14-019-05,SL-14-019,image_search,4,pending,baseline
R-Q-SL-14-020-01-local-folder,Q-SL-14-020-01,SL-14-020,local_folder,1,pending,local_source_enabled
R-Q-SL-14-020-01-general-web,Q-SL-14-020-01,SL-14-020,general_web,3,pending,baseline
R-Q-SL-14-020-01-image-search,Q-SL-14-020-01,SL-14-020,image_search,4,pending,baseline
R-Q-SL-14-020-02-local-folder,Q-SL-14-020-02,SL-14-020,local_folder,1,pending,local_source_enabled
R-Q-SL-14-020-02-general-web,Q-SL-14-020-02,SL-14-020,general_web,3,pending,baseline
R-Q-SL-14-020-02-image-search,Q-SL-14-020-02,SL-14-020,image_search,4,pending,baseline
R-Q-SL-14-020-03-local-folder,Q-SL-14-020-03,SL-14-020,local_folder,1,pending,local_source_enabled
R-Q-SL-14-020-03-general-web,Q-SL-14-020-03,SL-14-020,general_web,3,pending,baseline
R-Q-SL-14-020-03-image-search,Q-SL-14-020-03,SL-14-020,image_search,4,pending,baseline
R-Q-SL-14-020-04-local-folder,Q-SL-14-020-04,SL-14-020,local_folder,1,pending,local_source_enabled
R-Q-SL-14-020-04-general-web,Q-SL-14-020-04,SL-14-020,general_web,3,pending,baseline
R-Q-SL-14-020-04-image-search,Q-SL-14-020-04,SL-14-020,image_search,4,pending,baseline
R-Q-SL-14-020-05-local-folder,Q-SL-14-020-05,SL-14-020,local_folder,1,pending,local_source_enabled
R-Q-SL-14-020-05-wikimedia,Q-SL-14-020-05,SL-14-020,wikimedia,2,pending,historical_query
R-Q-SL-14-020-05-general-web,Q-SL-14-020-05,SL-14-020,general_web,3,pending,baseline
R-Q-SL-14-020-05-image-search,Q-SL-14-020-05,SL-14-020,image_search,4,pending,baseline
R-Q-SL-14-021-01-local-folder,Q-SL-14-021-01,SL-14-021,local_folder,1,pending,local_source_enabled
R-Q-SL-14-021-01-wikimedia,Q-SL-14-021-01,SL-14-021,wikimedia,2,pending,historical_query
R-Q-SL-14-021-01-general-web,Q-SL-14-021-01,SL-14-021,general_web,3,pending,baseline
R-Q-SL-14-021-01-image-search,Q-SL-14-021-01,SL-14-021,image_search,4,pending,baseline
R-Q-SL-14-021-02-local-folder,Q-SL-14-021-02,SL-14-021,local_folder,1,pending,local_source_enabled
R-Q-SL-14-021-02-wikimedia,Q-SL-14-021-02,SL-14-021,wikimedia,2,pending,historical_query
R-Q-SL-14-021-02-general-web,Q-SL-14-021-02,SL-14-021,general_web,3,pending,baseline
R-Q-SL-14-021-02-image-search,Q-SL-14-021-02,SL-14-021,image_search,4,pending,baseline
R-Q-SL-14-021-03-local-folder,Q-SL-14-021-03,SL-14-021,local_folder,1,pending,local_source_enabled
R-Q-SL-14-021-03-wikimedia,Q-SL-14-021-03,SL-14-021,wikimedia,2,pending,historical_query
R-Q-SL-14-021-03-general-web,Q-SL-14-021-03,SL-14-021,general_web,3,pending,baseline
R-Q-SL-14-021-03-image-search,Q-SL-14-021-03,SL-14-021,image_search,4,pending,baseline
R-Q-SL-14-021-04-local-folder,Q-SL-14-021-04,SL-14-021,local_folder,1,pending,local_source_enabled
R-Q-SL-14-021-04-wikimedia,Q-SL-14-021-04,SL-14-021,wikimedia,2,pending,historical_query
R-Q-SL-14-021-04-general-web,Q-SL-14-021-04,SL-14-021,general_web,3,pending,baseline
R-Q-SL-14-021-04-image-search,Q-SL-14-021-04,SL-14-021,image_search,4,pending,baseline
R-Q-SL-14-021-05-local-folder,Q-SL-14-021-05,SL-14-021,local_folder,1,pending,local_source_enabled
R-Q-SL-14-021-05-wikimedia,Q-SL-14-021-05,SL-14-021,wikimedia,2,pending,historical_query
R-Q-SL-14-021-05-general-web,Q-SL-14-021-05,SL-14-021,general_web,3,pending,baseline
R-Q-SL-14-021-05-image-search,Q-SL-14-021-05,SL-14-021,image_search,4,pending,baseline
R-Q-SL-14-022-01-local-folder,Q-SL-14-022-01,SL-14-022,local_folder,1,pending,local_source_enabled
R-Q-SL-14-022-01-general-web,Q-SL-14-022-01,SL-14-022,general_web,3,pending,baseline
R-Q-SL-14-022-01-image-search,Q-SL-14-022-01,SL-14-022,image_search,4,pending,baseline
R-Q-SL-14-022-02-local-folder,Q-SL-14-022-02,SL-14-022,local_folder,1,pending,local_source_enabled
R-Q-SL-14-022-02-general-web,Q-SL-14-022-02,SL-14-022,general_web,3,pending,baseline
R-Q-SL-14-022-02-image-search,Q-SL-14-022-02,SL-14-022,image_search,4,pending,baseline
R-Q-SL-14-022-03-local-folder,Q-SL-14-022-03,SL-14-022,local_folder,1,pending,local_source_enabled
R-Q-SL-14-022-03-general-web,Q-SL-14-022-03,SL-14-022,general_web,3,pending,baseline
R-Q-SL-14-022-03-image-search,Q-SL-14-022-03,SL-14-022,image_search,4,pending,baseline
R-Q-SL-14-022-04-local-folder,Q-SL-14-022-04,SL-14-022,local_folder,1,pending,local_source_enabled
R-Q-SL-14-022-04-wikimedia,Q-SL-14-022-04,SL-14-022,wikimedia,2,pending,historical_query
R-Q-SL-14-022-04-general-web,Q-SL-14-022-04,SL-14-022,general_web,3,pending,baseline
R-Q-SL-14-022-04-image-search,Q-SL-14-022-04,SL-14-022,image_search,4,pending,baseline
R-Q-SL-14-022-05-local-folder,Q-SL-14-022-05,SL-14-022,local_folder,1,pending,local_source_enabled
R-Q-SL-14-022-05-general-web,Q-SL-14-022-05,SL-14-022,general_web,3,pending,baseline
R-Q-SL-14-022-05-image-search,Q-SL-14-022-05,SL-14-022,image_search,4,pending,baseline
R-Q-SL-14-023-01-local-folder,Q-SL-14-023-01,SL-14-023,local_folder,1,pending,local_source_enabled
R-Q-SL-14-023-01-general-web,Q-SL-14-023-01,SL-14-023,general_web,3,pending,baseline
R-Q-SL-14-023-01-image-search,Q-SL-14-023-01,SL-14-023,image_search,4,pending,baseline
R-Q-SL-14-023-02-local-folder,Q-SL-14-023-02,SL-14-023,local_folder,1,pending,local_source_enabled
R-Q-SL-14-023-02-general-web,Q-SL-14-023-02,SL-14-023,general_web,3,pending,baseline
R-Q-SL-14-023-02-image-search,Q-SL-14-023-02,SL-14-023,image_search,4,pending,baseline
R-Q-SL-14-023-03-local-folder,Q-SL-14-023-03,SL-14-023,local_folder,1,pending,local_source_enabled
R-Q-SL-14-023-03-general-web,Q-SL-14-023-03,SL-14-023,general_web,3,pending,baseline
R-Q-SL-14-023-03-image-search,Q-SL-14-023-03,SL-14-023,image_search,4,pending,baseline
R-Q-SL-14-023-04-local-folder,Q-SL-14-023-04,SL-14-023,local_folder,1,pending,local_source_enabled
R-Q-SL-14-023-04-wikimedia,Q-SL-14-023-04,SL-14-023,wikimedia,2,pending,historical_query
R-Q-SL-14-023-04-general-web,Q-SL-14-023-04,SL-14-023,general_web,3,pending,baseline
R-Q-SL-14-023-04-image-search,Q-SL-14-023-04,SL-14-023,image_search,4,pending,baseline
R-Q-SL-14-023-05-local-folder,Q-SL-14-023-05,SL-14-023,local_folder,1,pending,local_source_enabled
R-Q-SL-14-023-05-general-web,Q-SL-14-023-05,SL-14-023,general_web,3,pending,baseline
R-Q-SL-14-023-05-image-search,Q-SL-14-023-05,SL-14-023,image_search,4,pending,baseline
R-Q-SL-14-024-01-local-folder,Q-SL-14-024-01,SL-14-024,local_folder,1,pending,local_source_enabled
R-Q-SL-14-024-01-wikimedia,Q-SL-14-024-01,SL-14-024,wikimedia,2,pending,historical_query
R-Q-SL-14-024-01-general-web,Q-SL-14-024-01,SL-14-024,general_web,3,pending,baseline
R-Q-SL-14-024-01-image-search,Q-SL-14-024-01,SL-14-024,image_search,4,pending,baseline
R-Q-SL-14-024-02-local-folder,Q-SL-14-024-02,SL-14-024,local_folder,1,pending,local_source_enabled
R-Q-SL-14-024-02-wikimedia,Q-SL-14-024-02,SL-14-024,wikimedia,2,pending,historical_query
R-Q-SL-14-024-02-general-web,Q-SL-14-024-02,SL-14-024,general_web,3,pending,baseline
R-Q-SL-14-024-02-image-search,Q-SL-14-024-02,SL-14-024,image_search,4,pending,baseline
R-Q-SL-14-024-03-local-folder,Q-SL-14-024-03,SL-14-024,local_folder,1,pending,local_source_enabled
R-Q-SL-14-024-03-wikimedia,Q-SL-14-024-03,SL-14-024,wikimedia,2,pending,historical_query
R-Q-SL-14-024-03-general-web,Q-SL-14-024-03,SL-14-024,general_web,3,pending,baseline
R-Q-SL-14-024-03-image-search,Q-SL-14-024-03,SL-14-024,image_search,4,pending,baseline
R-Q-SL-14-024-04-local-folder,Q-SL-14-024-04,SL-14-024,local_folder,1,pending,local_source_enabled
R-Q-SL-14-024-04-wikimedia,Q-SL-14-024-04,SL-14-024,wikimedia,2,pending,historical_query
R-Q-SL-14-024-04-general-web,Q-SL-14-024-04,SL-14-024,general_web,3,pending,baseline
R-Q-SL-14-024-04-image-search,Q-SL-14-024-04,SL-14-024,image_search,4,pending,baseline
R-Q-SL-14-024-05-local-folder,Q-SL-14-024-05,SL-14-024,local_folder,1,pending,local_source_enabled
R-Q-SL-14-024-05-wikimedia,Q-SL-14-024-05,SL-14-024,wikimedia,2,pending,historical_query
R-Q-SL-14-024-05-general-web,Q-SL-14-024-05,SL-14-024,general_web,3,pending,baseline
R-Q-SL-14-024-05-image-search,Q-SL-14-024-05,SL-14-024,image_search,4,pending,baseline
R-Q-SL-14-025-01-local-folder,Q-SL-14-025-01,SL-14-025,local_folder,1,pending,local_source_enabled
R-Q-SL-14-025-01-general-web,Q-SL-14-025-01,SL-14-025,general_web,3,pending,baseline
R-Q-SL-14-025-01-image-search,Q-SL-14-025-01,SL-14-025,image_search,4,pending,baseline
R-Q-SL-14-025-02-local-folder,Q-SL-14-025-02,SL-14-025,local_folder,1,pending,local_source_enabled
R-Q-SL-14-025-02-general-web,Q-SL-14-025-02,SL-14-025,general_web,3,pending,baseline
R-Q-SL-14-025-02-image-search,Q-SL-14-025-02,SL-14-025,image_search,4,pending,baseline
R-Q-SL-14-025-03-local-folder,Q-SL-14-025-03,SL-14-025,local_folder,1,pending,local_source_enabled
R-Q-SL-14-025-03-general-web,Q-SL-14-025-03,SL-14-025,general_web,3,pending,baseline
R-Q-SL-14-025-03-image-search,Q-SL-14-025-03,SL-14-025,image_search,4,pending,baseline
R-Q-SL-14-025-04-local-folder,Q-SL-14-025-04,SL-14-025,local_folder,1,pending,local_source_enabled
R-Q-SL-14-025-04-wikimedia,Q-SL-14-025-04,SL-14-025,wikimedia,2,pending,historical_query
R-Q-SL-14-025-04-general-web,Q-SL-14-025-04,SL-14-025,general_web,3,pending,baseline
R-Q-SL-14-025-04-image-search,Q-SL-14-025-04,SL-14-025,image_search,4,pending,baseline
R-Q-SL-14-025-05-local-folder,Q-SL-14-025-05,SL-14-025,local_folder,1,pending,local_source_enabled
R-Q-SL-14-025-05-general-web,Q-SL-14-025-05,SL-14-025,general_web,3,pending,baseline
R-Q-SL-14-025-05-image-search,Q-SL-14-025-05,SL-14-025,image_search,4,pending,baseline
R-Q-SL-14-026-01-local-folder,Q-SL-14-026-01,SL-14-026,local_folder,1,pending,local_source_enabled
R-Q-SL-14-026-01-wikimedia,Q-SL-14-026-01,SL-14-026,wikimedia,2,pending,historical_query
R-Q-SL-14-026-01-general-web,Q-SL-14-026-01,SL-14-026,general_web,3,pending,baseline
R-Q-SL-14-026-01-image-search,Q-SL-14-026-01,SL-14-026,image_search,4,pending,baseline
R-Q-SL-14-026-02-local-folder,Q-SL-14-026-02,SL-14-026,local_folder,1,pending,local_source_enabled
R-Q-SL-14-026-02-wikimedia,Q-SL-14-026-02,SL-14-026,wikimedia,2,pending,historical_query
R-Q-SL-14-026-02-general-web,Q-SL-14-026-02,SL-14-026,general_web,3,pending,baseline
R-Q-SL-14-026-02-image-search,Q-SL-14-026-02,SL-14-026,image_search,4,pending,baseline
R-Q-SL-14-026-03-local-folder,Q-SL-14-026-03,SL-14-026,local_folder,1,pending,local_source_enabled
R-Q-SL-14-026-03-wikimedia,Q-SL-14-026-03,SL-14-026,wikimedia,2,pending,historical_query
R-Q-SL-14-026-03-general-web,Q-SL-14-026-03,SL-14-026,general_web,3,pending,baseline
R-Q-SL-14-026-03-image-search,Q-SL-14-026-03,SL-14-026,image_search,4,pending,baseline
R-Q-SL-14-026-04-local-folder,Q-SL-14-026-04,SL-14-026,local_folder,1,pending,local_source_enabled
R-Q-SL-14-026-04-wikimedia,Q-SL-14-026-04,SL-14-026,wikimedia,2,pending,historical_query
R-Q-SL-14-026-04-general-web,Q-SL-14-026-04,SL-14-026,general_web,3,pending,baseline
R-Q-SL-14-026-04-image-search,Q-SL-14-026-04,SL-14-026,image_search,4,pending,baseline
R-Q-SL-14-026-05-local-folder,Q-SL-14-026-05,SL-14-026,local_folder,1,pending,local_source_enabled
R-Q-SL-14-026-05-wikimedia,Q-SL-14-026-05,SL-14-026,wikimedia,2,pending,historical_query
R-Q-SL-14-026-05-general-web,Q-SL-14-026-05,SL-14-026,general_web,3,pending,baseline
R-Q-SL-14-026-05-image-search,Q-SL-14-026-05,SL-14-026,image_search,4,pending,baseline
R-Q-SL-14-027-01-local-folder,Q-SL-14-027-01,SL-14-027,local_folder,1,pending,local_source_enabled
R-Q-SL-14-027-01-general-web,Q-SL-14-027-01,SL-14-027,general_web,3,pending,baseline
R-Q-SL-14-027-01-image-search,Q-SL-14-027-01,SL-14-027,image_search,4,pending,baseline
R-Q-SL-14-027-02-local-folder,Q-SL-14-027-02,SL-14-027,local_folder,1,pending,local_source_enabled
R-Q-SL-14-027-02-general-web,Q-SL-14-027-02,SL-14-027,general_web,3,pending,baseline
R-Q-SL-14-027-02-image-search,Q-SL-14-027-02,SL-14-027,image_search,4,pending,baseline
R-Q-SL-14-027-03-local-folder,Q-SL-14-027-03,SL-14-027,local_folder,1,pending,local_source_enabled
R-Q-SL-14-027-03-general-web,Q-SL-14-027-03,SL-14-027,general_web,3,pending,baseline
R-Q-SL-14-027-03-image-search,Q-SL-14-027-03,SL-14-027,image_search,4,pending,baseline
R-Q-SL-14-027-04-local-folder,Q-SL-14-027-04,SL-14-027,local_folder,1,pending,local_source_enabled
R-Q-SL-14-027-04-general-web,Q-SL-14-027-04,SL-14-027,general_web,3,pending,baseline
R-Q-SL-14-027-04-image-search,Q-SL-14-027-04,SL-14-027,image_search,4,pending,baseline
R-Q-SL-14-027-05-local-folder,Q-SL-14-027-05,SL-14-027,local_folder,1,pending,local_source_enabled
R-Q-SL-14-027-05-general-web,Q-SL-14-027-05,SL-14-027,general_web,3,pending,baseline
R-Q-SL-14-027-05-image-search,Q-SL-14-027-05,SL-14-027,image_search,4,pending,baseline
R-Q-SL-14-028-01-local-folder,Q-SL-14-028-01,SL-14-028,local_folder,1,pending,local_source_enabled
R-Q-SL-14-028-01-general-web,Q-SL-14-028-01,SL-14-028,general_web,3,pending,baseline
R-Q-SL-14-028-01-image-search,Q-SL-14-028-01,SL-14-028,image_search,4,pending,baseline
R-Q-SL-14-028-02-local-folder,Q-SL-14-028-02,SL-14-028,local_folder,1,pending,local_source_enabled
R-Q-SL-14-028-02-general-web,Q-SL-14-028-02,SL-14-028,general_web,3,pending,baseline
R-Q-SL-14-028-02-image-search,Q-SL-14-028-02,SL-14-028,image_search,4,pending,baseline
R-Q-SL-14-028-03-local-folder,Q-SL-14-028-03,SL-14-028,local_folder,1,pending,local_source_enabled
R-Q-SL-14-028-03-general-web,Q-SL-14-028-03,SL-14-028,general_web,3,pending,baseline
R-Q-SL-14-028-03-image-search,Q-SL-14-028-03,SL-14-028,image_search,4,pending,baseline
R-Q-SL-14-028-04-local-folder,Q-SL-14-028-04,SL-14-028,local_folder,1,pending,local_source_enabled
R-Q-SL-14-028-04-general-web,Q-SL-14-028-04,SL-14-028,general_web,3,pending,baseline
R-Q-SL-14-028-04-image-search,Q-SL-14-028-04,SL-14-028,image_search,4,pending,baseline
R-Q-SL-14-028-05-local-folder,Q-SL-14-028-05,SL-14-028,local_folder,1,pending,local_source_enabled
R-Q-SL-14-028-05-general-web,Q-SL-14-028-05,SL-14-028,general_web,3,pending,baseline
R-Q-SL-14-028-05-image-search,Q-SL-14-028-05,SL-14-028,image_search,4,pending,baseline
R-Q-SL-14-029-01-local-folder,Q-SL-14-029-01,SL-14-029,local_folder,1,pending,local_source_enabled
R-Q-SL-14-029-01-general-web,Q-SL-14-029-01,SL-14-029,general_web,3,pending,baseline
R-Q-SL-14-029-01-image-search,Q-SL-14-029-01,SL-14-029,image_search,4,pending,baseline
R-Q-SL-14-029-02-local-folder,Q-SL-14-029-02,SL-14-029,local_folder,1,pending,local_source_enabled
R-Q-SL-14-029-02-general-web,Q-SL-14-029-02,SL-14-029,general_web,3,pending,baseline
R-Q-SL-14-029-02-image-search,Q-SL-14-029-02,SL-14-029,image_search,4,pending,baseline
R-Q-SL-14-029-03-local-folder,Q-SL-14-029-03,SL-14-029,local_folder,1,pending,local_source_enabled
R-Q-SL-14-029-03-general-web,Q-SL-14-029-03,SL-14-029,general_web,3,pending,baseline
R-Q-SL-14-029-03-image-search,Q-SL-14-029-03,SL-14-029,image_search,4,pending,baseline
R-Q-SL-14-029-04-local-folder,Q-SL-14-029-04,SL-14-029,local_folder,1,pending,local_source_enabled
R-Q-SL-14-029-04-general-web,Q-SL-14-029-04,SL-14-029,general_web,3,pending,baseline
R-Q-SL-14-029-04-image-search,Q-SL-14-029-04,SL-14-029,image_search,4,pending,baseline
R-Q-SL-14-029-05-local-folder,Q-SL-14-029-05,SL-14-029,local_folder,1,pending,local_source_enabled
R-Q-SL-14-029-05-general-web,Q-SL-14-029-05,SL-14-029,general_web,3,pending,baseline
R-Q-SL-14-029-05-image-search,Q-SL-14-029-05,SL-14-029,image_search,4,pending,baseline
R-Q-SL-14-030-01-local-folder,Q-SL-14-030-01,SL-14-030,local_folder,1,pending,local_source_enabled
R-Q-SL-14-030-01-general-web,Q-SL-14-030-01,SL-14-030,general_web,3,pending,baseline
R-Q-SL-14-030-01-image-search,Q-SL-14-030-01,SL-14-030,image_search,4,pending,baseline
R-Q-SL-14-030-02-local-folder,Q-SL-14-030-02,SL-14-030,local_folder,1,pending,local_source_enabled
R-Q-SL-14-030-02-general-web,Q-SL-14-030-02,SL-14-030,general_web,3,pending,baseline
R-Q-SL-14-030-02-image-search,Q-SL-14-030-02,SL-14-030,image_search,4,pending,baseline
R-Q-SL-14-030-03-local-folder,Q-SL-14-030-03,SL-14-030,local_folder,1,pending,local_source_enabled
R-Q-SL-14-030-03-general-web,Q-SL-14-030-03,SL-14-030,general_web,3,pending,baseline
R-Q-SL-14-030-03-image-search,Q-SL-14-030-03,SL-14-030,image_search,4,pending,baseline
R-Q-SL-14-030-04-local-folder,Q-SL-14-030-04,SL-14-030,local_folder,1,pending,local_source_enabled
R-Q-SL-14-030-04-general-web,Q-SL-14-030-04,SL-14-030,general_web,3,pending,baseline
R-Q-SL-14-030-04-image-search,Q-SL-14-030-04,SL-14-030,image_search,4,pending,baseline
R-Q-SL-14-030-05-local-folder,Q-SL-14-030-05,SL-14-030,local_folder,1,pending,local_source_enabled
R-Q-SL-14-030-05-general-web,Q-SL-14-030-05,SL-14-030,general_web,3,pending,baseline
R-Q-SL-14-030-05-image-search,Q-SL-14-030-05,SL-14-030,image_search,4,pending,baseline
R-Q-SL-14-031-01-local-folder,Q-SL-14-031-01,SL-14-031,local_folder,1,pending,local_source_enabled
R-Q-SL-14-031-01-wikimedia,Q-SL-14-031-01,SL-14-031,wikimedia,2,pending,historical_query
R-Q-SL-14-031-01-general-web,Q-SL-14-031-01,SL-14-031,general_web,3,pending,baseline
R-Q-SL-14-031-01-image-search,Q-SL-14-031-01,SL-14-031,image_search,4,pending,baseline
R-Q-SL-14-031-02-local-folder,Q-SL-14-031-02,SL-14-031,local_folder,1,pending,local_source_enabled
R-Q-SL-14-031-02-wikimedia,Q-SL-14-031-02,SL-14-031,wikimedia,2,pending,historical_query
R-Q-SL-14-031-02-general-web,Q-SL-14-031-02,SL-14-031,general_web,3,pending,baseline
R-Q-SL-14-031-02-image-search,Q-SL-14-031-02,SL-14-031,image_search,4,pending,baseline
R-Q-SL-14-031-03-local-folder,Q-SL-14-031-03,SL-14-031,local_folder,1,pending,local_source_enabled
R-Q-SL-14-031-03-wikimedia,Q-SL-14-031-03,SL-14-031,wikimedia,2,pending,historical_query
R-Q-SL-14-031-03-general-web,Q-SL-14-031-03,SL-14-031,general_web,3,pending,baseline
R-Q-SL-14-031-03-image-search,Q-SL-14-031-03,SL-14-031,image_search,4,pending,baseline
R-Q-SL-14-031-04-local-folder,Q-SL-14-031-04,SL-14-031,local_folder,1,pending,local_source_enabled
R-Q-SL-14-031-04-wikimedia,Q-SL-14-031-04,SL-14-031,wikimedia,2,pending,historical_query
R-Q-SL-14-031-04-general-web,Q-SL-14-031-04,SL-14-031,general_web,3,pending,baseline
R-Q-SL-14-031-04-image-search,Q-SL-14-031-04,SL-14-031,image_search,4,pending,baseline
R-Q-SL-14-031-05-local-folder,Q-SL-14-031-05,SL-14-031,local_folder,1,pending,local_source_enabled
R-Q-SL-14-031-05-wikimedia,Q-SL-14-031-05,SL-14-031,wikimedia,2,pending,historical_query
R-Q-SL-14-031-05-general-web,Q-SL-14-031-05,SL-14-031,general_web,3,pending,baseline
R-Q-SL-14-031-05-image-search,Q-SL-14-031-05,SL-14-031,image_search,4,pending,baseline
R-Q-SL-14-032-01-local-folder,Q-SL-14-032-01,SL-14-032,local_folder,1,pending,local_source_enabled
R-Q-SL-14-032-01-general-web,Q-SL-14-032-01,SL-14-032,general_web,3,pending,baseline
R-Q-SL-14-032-01-image-search,Q-SL-14-032-01,SL-14-032,image_search,4,pending,baseline
R-Q-SL-14-032-02-local-folder,Q-SL-14-032-02,SL-14-032,local_folder,1,pending,local_source_enabled
R-Q-SL-14-032-02-general-web,Q-SL-14-032-02,SL-14-032,general_web,3,pending,baseline
R-Q-SL-14-032-02-image-search,Q-SL-14-032-02,SL-14-032,image_search,4,pending,baseline
R-Q-SL-14-032-03-local-folder,Q-SL-14-032-03,SL-14-032,local_folder,1,pending,local_source_enabled
R-Q-SL-14-032-03-general-web,Q-SL-14-032-03,SL-14-032,general_web,3,pending,baseline
R-Q-SL-14-032-03-image-search,Q-SL-14-032-03,SL-14-032,image_search,4,pending,baseline
R-Q-SL-14-032-04-local-folder,Q-SL-14-032-04,SL-14-032,local_folder,1,pending,local_source_enabled
R-Q-SL-14-032-04-wikimedia,Q-SL-14-032-04,SL-14-032,wikimedia,2,pending,historical_query
R-Q-SL-14-032-04-general-web,Q-SL-14-032-04,SL-14-032,general_web,3,pending,baseline
R-Q-SL-14-032-04-image-search,Q-SL-14-032-04,SL-14-032,image_search,4,pending,baseline
R-Q-SL-14-032-05-local-folder,Q-SL-14-032-05,SL-14-032,local_folder,1,pending,local_source_enabled
R-Q-SL-14-032-05-general-web,Q-SL-14-032-05,SL-14-032,general_web,3,pending,baseline
R-Q-SL-14-032-05-image-search,Q-SL-14-032-05,SL-14-032,image_search,4,pending,baseline
R-Q-SL-14-033-01-local-folder,Q-SL-14-033-01,SL-14-033,local_folder,1,pending,local_source_enabled
R-Q-SL-14-033-01-general-web,Q-SL-14-033-01,SL-14-033,general_web,3,pending,baseline
R-Q-SL-14-033-01-image-search,Q-SL-14-033-01,SL-14-033,image_search,4,pending,baseline
R-Q-SL-14-033-02-local-folder,Q-SL-14-033-02,SL-14-033,local_folder,1,pending,local_source_enabled
R-Q-SL-14-033-02-general-web,Q-SL-14-033-02,SL-14-033,general_web,3,pending,baseline
R-Q-SL-14-033-02-image-search,Q-SL-14-033-02,SL-14-033,image_search,4,pending,baseline
R-Q-SL-14-033-03-local-folder,Q-SL-14-033-03,SL-14-033,local_folder,1,pending,local_source_enabled
R-Q-SL-14-033-03-general-web,Q-SL-14-033-03,SL-14-033,general_web,3,pending,baseline
R-Q-SL-14-033-03-image-search,Q-SL-14-033-03,SL-14-033,image_search,4,pending,baseline
R-Q-SL-14-033-04-local-folder,Q-SL-14-033-04,SL-14-033,local_folder,1,pending,local_source_enabled
R-Q-SL-14-033-04-wikimedia,Q-SL-14-033-04,SL-14-033,wikimedia,2,pending,historical_query
R-Q-SL-14-033-04-general-web,Q-SL-14-033-04,SL-14-033,general_web,3,pending,baseline
R-Q-SL-14-033-04-image-search,Q-SL-14-033-04,SL-14-033,image_search,4,pending,baseline
R-Q-SL-14-033-05-local-folder,Q-SL-14-033-05,SL-14-033,local_folder,1,pending,local_source_enabled
R-Q-SL-14-033-05-general-web,Q-SL-14-033-05,SL-14-033,general_web,3,pending,baseline
R-Q-SL-14-033-05-image-search,Q-SL-14-033-05,SL-14-033,image_search,4,pending,baseline
R-Q-SL-14-034-01-local-folder,Q-SL-14-034-01,SL-14-034,local_folder,1,pending,local_source_enabled
R-Q-SL-14-034-01-general-web,Q-SL-14-034-01,SL-14-034,general_web,3,pending,baseline
R-Q-SL-14-034-01-image-search,Q-SL-14-034-01,SL-14-034,image_search,4,pending,baseline
R-Q-SL-14-034-02-local-folder,Q-SL-14-034-02,SL-14-034,local_folder,1,pending,local_source_enabled
R-Q-SL-14-034-02-general-web,Q-SL-14-034-02,SL-14-034,general_web,3,pending,baseline
R-Q-SL-14-034-02-image-search,Q-SL-14-034-02,SL-14-034,image_search,4,pending,baseline
R-Q-SL-14-034-03-local-folder,Q-SL-14-034-03,SL-14-034,local_folder,1,pending,local_source_enabled
R-Q-SL-14-034-03-general-web,Q-SL-14-034-03,SL-14-034,general_web,3,pending,baseline
R-Q-SL-14-034-03-image-search,Q-SL-14-034-03,SL-14-034,image_search,4,pending,baseline
R-Q-SL-14-034-04-local-folder,Q-SL-14-034-04,SL-14-034,local_folder,1,pending,local_source_enabled
R-Q-SL-14-034-04-wikimedia,Q-SL-14-034-04,SL-14-034,wikimedia,2,pending,historical_query
R-Q-SL-14-034-04-general-web,Q-SL-14-034-04,SL-14-034,general_web,3,pending,baseline
R-Q-SL-14-034-04-image-search,Q-SL-14-034-04,SL-14-034,image_search,4,pending,baseline
R-Q-SL-14-034-05-local-folder,Q-SL-14-034-05,SL-14-034,local_folder,1,pending,local_source_enabled
R-Q-SL-14-034-05-general-web,Q-SL-14-034-05,SL-14-034,general_web,3,pending,baseline
R-Q-SL-14-034-05-image-search,Q-SL-14-034-05,SL-14-034,image_search,4,pending,baseline
R-Q-SL-14-035-01-local-folder,Q-SL-14-035-01,SL-14-035,local_folder,1,pending,local_source_enabled
R-Q-SL-14-035-01-general-web,Q-SL-14-035-01,SL-14-035,general_web,3,pending,baseline
R-Q-SL-14-035-01-image-search,Q-SL-14-035-01,SL-14-035,image_search,4,pending,baseline
R-Q-SL-14-035-02-local-folder,Q-SL-14-035-02,SL-14-035,local_folder,1,pending,local_source_enabled
R-Q-SL-14-035-02-general-web,Q-SL-14-035-02,SL-14-035,general_web,3,pending,baseline
R-Q-SL-14-035-02-image-search,Q-SL-14-035-02,SL-14-035,image_search,4,pending,baseline
R-Q-SL-14-035-03-local-folder,Q-SL-14-035-03,SL-14-035,local_folder,1,pending,local_source_enabled
R-Q-SL-14-035-03-general-web,Q-SL-14-035-03,SL-14-035,general_web,3,pending,baseline
R-Q-SL-14-035-03-image-search,Q-SL-14-035-03,SL-14-035,image_search,4,pending,baseline
R-Q-SL-14-035-04-local-folder,Q-SL-14-035-04,SL-14-035,local_folder,1,pending,local_source_enabled
R-Q-SL-14-035-04-wikimedia,Q-SL-14-035-04,SL-14-035,wikimedia,2,pending,historical_query
R-Q-SL-14-035-04-general-web,Q-SL-14-035-04,SL-14-035,general_web,3,pending,baseline
R-Q-SL-14-035-04-image-search,Q-SL-14-035-04,SL-14-035,image_search,4,pending,baseline
R-Q-SL-14-035-05-local-folder,Q-SL-14-035-05,SL-14-035,local_folder,1,pending,local_source_enabled
R-Q-SL-14-035-05-general-web,Q-SL-14-035-05,SL-14-035,general_web,3,pending,baseline
R-Q-SL-14-035-05-image-search,Q-SL-14-035-05,SL-14-035,image_search,4,pending,baseline
R-Q-SL-15-001-01-local-folder,Q-SL-15-001-01,SL-15-001,local_folder,1,pending,local_source_enabled
R-Q-SL-15-001-01-general-web,Q-SL-15-001-01,SL-15-001,general_web,3,pending,baseline
R-Q-SL-15-001-01-image-search,Q-SL-15-001-01,SL-15-001,image_search,4,pending,baseline
R-Q-SL-15-001-02-local-folder,Q-SL-15-001-02,SL-15-001,local_folder,1,pending,local_source_enabled
R-Q-SL-15-001-02-general-web,Q-SL-15-001-02,SL-15-001,general_web,3,pending,baseline
R-Q-SL-15-001-02-image-search,Q-SL-15-001-02,SL-15-001,image_search,4,pending,baseline
R-Q-SL-15-001-03-local-folder,Q-SL-15-001-03,SL-15-001,local_folder,1,pending,local_source_enabled
R-Q-SL-15-001-03-general-web,Q-SL-15-001-03,SL-15-001,general_web,3,pending,baseline
R-Q-SL-15-001-03-image-search,Q-SL-15-001-03,SL-15-001,image_search,4,pending,baseline
R-Q-SL-15-001-04-local-folder,Q-SL-15-001-04,SL-15-001,local_folder,1,pending,local_source_enabled
R-Q-SL-15-001-04-wikimedia,Q-SL-15-001-04,SL-15-001,wikimedia,2,pending,historical_query
R-Q-SL-15-001-04-general-web,Q-SL-15-001-04,SL-15-001,general_web,3,pending,baseline
R-Q-SL-15-001-04-image-search,Q-SL-15-001-04,SL-15-001,image_search,4,pending,baseline
R-Q-SL-15-001-05-local-folder,Q-SL-15-001-05,SL-15-001,local_folder,1,pending,local_source_enabled
R-Q-SL-15-001-05-wikimedia,Q-SL-15-001-05,SL-15-001,wikimedia,2,pending,historical_query
R-Q-SL-15-001-05-general-web,Q-SL-15-001-05,SL-15-001,general_web,3,pending,baseline
R-Q-SL-15-001-05-image-search,Q-SL-15-001-05,SL-15-001,image_search,4,pending,baseline
R-Q-SL-15-002-01-local-folder,Q-SL-15-002-01,SL-15-002,local_folder,1,pending,local_source_enabled
R-Q-SL-15-002-01-general-web,Q-SL-15-002-01,SL-15-002,general_web,3,pending,baseline
R-Q-SL-15-002-01-image-search,Q-SL-15-002-01,SL-15-002,image_search,4,pending,baseline
R-Q-SL-15-002-02-local-folder,Q-SL-15-002-02,SL-15-002,local_folder,1,pending,local_source_enabled
R-Q-SL-15-002-02-general-web,Q-SL-15-002-02,SL-15-002,general_web,3,pending,baseline
R-Q-SL-15-002-02-image-search,Q-SL-15-002-02,SL-15-002,image_search,4,pending,baseline
R-Q-SL-15-002-03-local-folder,Q-SL-15-002-03,SL-15-002,local_folder,1,pending,local_source_enabled
R-Q-SL-15-002-03-general-web,Q-SL-15-002-03,SL-15-002,general_web,3,pending,baseline
R-Q-SL-15-002-03-image-search,Q-SL-15-002-03,SL-15-002,image_search,4,pending,baseline
R-Q-SL-15-002-04-local-folder,Q-SL-15-002-04,SL-15-002,local_folder,1,pending,local_source_enabled
R-Q-SL-15-002-04-wikimedia,Q-SL-15-002-04,SL-15-002,wikimedia,2,pending,historical_query
R-Q-SL-15-002-04-general-web,Q-SL-15-002-04,SL-15-002,general_web,3,pending,baseline
R-Q-SL-15-002-04-image-search,Q-SL-15-002-04,SL-15-002,image_search,4,pending,baseline
R-Q-SL-15-002-05-local-folder,Q-SL-15-002-05,SL-15-002,local_folder,1,pending,local_source_enabled
R-Q-SL-15-002-05-wikimedia,Q-SL-15-002-05,SL-15-002,wikimedia,2,pending,historical_query
R-Q-SL-15-002-05-general-web,Q-SL-15-002-05,SL-15-002,general_web,3,pending,baseline
R-Q-SL-15-002-05-image-search,Q-SL-15-002-05,SL-15-002,image_search,4,pending,baseline
R-Q-SL-15-003-01-local-folder,Q-SL-15-003-01,SL-15-003,local_folder,1,pending,local_source_enabled
R-Q-SL-15-003-01-general-web,Q-SL-15-003-01,SL-15-003,general_web,3,pending,baseline
R-Q-SL-15-003-01-image-search,Q-SL-15-003-01,SL-15-003,image_search,4,pending,baseline
R-Q-SL-15-003-02-local-folder,Q-SL-15-003-02,SL-15-003,local_folder,1,pending,local_source_enabled
R-Q-SL-15-003-02-general-web,Q-SL-15-003-02,SL-15-003,general_web,3,pending,baseline
R-Q-SL-15-003-02-image-search,Q-SL-15-003-02,SL-15-003,image_search,4,pending,baseline
R-Q-SL-15-003-03-local-folder,Q-SL-15-003-03,SL-15-003,local_folder,1,pending,local_source_enabled
R-Q-SL-15-003-03-general-web,Q-SL-15-003-03,SL-15-003,general_web,3,pending,baseline
R-Q-SL-15-003-03-image-search,Q-SL-15-003-03,SL-15-003,image_search,4,pending,baseline
R-Q-SL-15-003-04-local-folder,Q-SL-15-003-04,SL-15-003,local_folder,1,pending,local_source_enabled
R-Q-SL-15-003-04-wikimedia,Q-SL-15-003-04,SL-15-003,wikimedia,2,pending,historical_query
R-Q-SL-15-003-04-general-web,Q-SL-15-003-04,SL-15-003,general_web,3,pending,baseline
R-Q-SL-15-003-04-image-search,Q-SL-15-003-04,SL-15-003,image_search,4,pending,baseline
R-Q-SL-15-003-05-local-folder,Q-SL-15-003-05,SL-15-003,local_folder,1,pending,local_source_enabled
R-Q-SL-15-003-05-wikimedia,Q-SL-15-003-05,SL-15-003,wikimedia,2,pending,historical_query
R-Q-SL-15-003-05-general-web,Q-SL-15-003-05,SL-15-003,general_web,3,pending,baseline
R-Q-SL-15-003-05-image-search,Q-SL-15-003-05,SL-15-003,image_search,4,pending,baseline
R-Q-SL-15-004-01-local-folder,Q-SL-15-004-01,SL-15-004,local_folder,1,pending,local_source_enabled
R-Q-SL-15-004-01-general-web,Q-SL-15-004-01,SL-15-004,general_web,3,pending,baseline
R-Q-SL-15-004-01-image-search,Q-SL-15-004-01,SL-15-004,image_search,4,pending,baseline
R-Q-SL-15-004-02-local-folder,Q-SL-15-004-02,SL-15-004,local_folder,1,pending,local_source_enabled
R-Q-SL-15-004-02-general-web,Q-SL-15-004-02,SL-15-004,general_web,3,pending,baseline
R-Q-SL-15-004-02-image-search,Q-SL-15-004-02,SL-15-004,image_search,4,pending,baseline
R-Q-SL-15-004-03-local-folder,Q-SL-15-004-03,SL-15-004,local_folder,1,pending,local_source_enabled
R-Q-SL-15-004-03-general-web,Q-SL-15-004-03,SL-15-004,general_web,3,pending,baseline
R-Q-SL-15-004-03-image-search,Q-SL-15-004-03,SL-15-004,image_search,4,pending,baseline
R-Q-SL-15-004-04-local-folder,Q-SL-15-004-04,SL-15-004,local_folder,1,pending,local_source_enabled
R-Q-SL-15-004-04-wikimedia,Q-SL-15-004-04,SL-15-004,wikimedia,2,pending,historical_query
R-Q-SL-15-004-04-general-web,Q-SL-15-004-04,SL-15-004,general_web,3,pending,baseline
R-Q-SL-15-004-04-image-search,Q-SL-15-004-04,SL-15-004,image_search,4,pending,baseline
R-Q-SL-15-004-05-local-folder,Q-SL-15-004-05,SL-15-004,local_folder,1,pending,local_source_enabled
R-Q-SL-15-004-05-wikimedia,Q-SL-15-004-05,SL-15-004,wikimedia,2,pending,historical_query
R-Q-SL-15-004-05-general-web,Q-SL-15-004-05,SL-15-004,general_web,3,pending,baseline
R-Q-SL-15-004-05-image-search,Q-SL-15-004-05,SL-15-004,image_search,4,pending,baseline
R-Q-SL-15-005-01-local-folder,Q-SL-15-005-01,SL-15-005,local_folder,1,pending,local_source_enabled
R-Q-SL-15-005-01-general-web,Q-SL-15-005-01,SL-15-005,general_web,3,pending,baseline
R-Q-SL-15-005-01-image-search,Q-SL-15-005-01,SL-15-005,image_search,4,pending,baseline
R-Q-SL-15-005-02-local-folder,Q-SL-15-005-02,SL-15-005,local_folder,1,pending,local_source_enabled
R-Q-SL-15-005-02-general-web,Q-SL-15-005-02,SL-15-005,general_web,3,pending,baseline
R-Q-SL-15-005-02-image-search,Q-SL-15-005-02,SL-15-005,image_search,4,pending,baseline
R-Q-SL-15-005-03-local-folder,Q-SL-15-005-03,SL-15-005,local_folder,1,pending,local_source_enabled
R-Q-SL-15-005-03-general-web,Q-SL-15-005-03,SL-15-005,general_web,3,pending,baseline
R-Q-SL-15-005-03-image-search,Q-SL-15-005-03,SL-15-005,image_search,4,pending,baseline
R-Q-SL-15-005-04-local-folder,Q-SL-15-005-04,SL-15-005,local_folder,1,pending,local_source_enabled
R-Q-SL-15-005-04-wikimedia,Q-SL-15-005-04,SL-15-005,wikimedia,2,pending,historical_query
R-Q-SL-15-005-04-general-web,Q-SL-15-005-04,SL-15-005,general_web,3,pending,baseline
R-Q-SL-15-005-04-image-search,Q-SL-15-005-04,SL-15-005,image_search,4,pending,baseline
R-Q-SL-15-005-05-local-folder,Q-SL-15-005-05,SL-15-005,local_folder,1,pending,local_source_enabled
R-Q-SL-15-005-05-wikimedia,Q-SL-15-005-05,SL-15-005,wikimedia,2,pending,historical_query
R-Q-SL-15-005-05-general-web,Q-SL-15-005-05,SL-15-005,general_web,3,pending,baseline
R-Q-SL-15-005-05-image-search,Q-SL-15-005-05,SL-15-005,image_search,4,pending,baseline
R-Q-SL-15-006-01-local-folder,Q-SL-15-006-01,SL-15-006,local_folder,1,pending,local_source_enabled
R-Q-SL-15-006-01-general-web,Q-SL-15-006-01,SL-15-006,general_web,3,pending,baseline
R-Q-SL-15-006-01-image-search,Q-SL-15-006-01,SL-15-006,image_search,4,pending,baseline
R-Q-SL-15-006-02-local-folder,Q-SL-15-006-02,SL-15-006,local_folder,1,pending,local_source_enabled
R-Q-SL-15-006-02-general-web,Q-SL-15-006-02,SL-15-006,general_web,3,pending,baseline
R-Q-SL-15-006-02-image-search,Q-SL-15-006-02,SL-15-006,image_search,4,pending,baseline
R-Q-SL-15-006-03-local-folder,Q-SL-15-006-03,SL-15-006,local_folder,1,pending,local_source_enabled
R-Q-SL-15-006-03-general-web,Q-SL-15-006-03,SL-15-006,general_web,3,pending,baseline
R-Q-SL-15-006-03-image-search,Q-SL-15-006-03,SL-15-006,image_search,4,pending,baseline
R-Q-SL-15-006-04-local-folder,Q-SL-15-006-04,SL-15-006,local_folder,1,pending,local_source_enabled
R-Q-SL-15-006-04-wikimedia,Q-SL-15-006-04,SL-15-006,wikimedia,2,pending,historical_query
R-Q-SL-15-006-04-general-web,Q-SL-15-006-04,SL-15-006,general_web,3,pending,baseline
R-Q-SL-15-006-04-image-search,Q-SL-15-006-04,SL-15-006,image_search,4,pending,baseline
R-Q-SL-15-006-05-local-folder,Q-SL-15-006-05,SL-15-006,local_folder,1,pending,local_source_enabled
R-Q-SL-15-006-05-wikimedia,Q-SL-15-006-05,SL-15-006,wikimedia,2,pending,historical_query
R-Q-SL-15-006-05-general-web,Q-SL-15-006-05,SL-15-006,general_web,3,pending,baseline
R-Q-SL-15-006-05-image-search,Q-SL-15-006-05,SL-15-006,image_search,4,pending,baseline
R-Q-SL-15-007-01-local-folder,Q-SL-15-007-01,SL-15-007,local_folder,1,pending,local_source_enabled
R-Q-SL-15-007-01-general-web,Q-SL-15-007-01,SL-15-007,general_web,3,pending,baseline
R-Q-SL-15-007-01-image-search,Q-SL-15-007-01,SL-15-007,image_search,4,pending,baseline
R-Q-SL-15-007-02-local-folder,Q-SL-15-007-02,SL-15-007,local_folder,1,pending,local_source_enabled
R-Q-SL-15-007-02-general-web,Q-SL-15-007-02,SL-15-007,general_web,3,pending,baseline
R-Q-SL-15-007-02-image-search,Q-SL-15-007-02,SL-15-007,image_search,4,pending,baseline
R-Q-SL-15-007-03-local-folder,Q-SL-15-007-03,SL-15-007,local_folder,1,pending,local_source_enabled
R-Q-SL-15-007-03-general-web,Q-SL-15-007-03,SL-15-007,general_web,3,pending,baseline
R-Q-SL-15-007-03-image-search,Q-SL-15-007-03,SL-15-007,image_search,4,pending,baseline
R-Q-SL-15-007-04-local-folder,Q-SL-15-007-04,SL-15-007,local_folder,1,pending,local_source_enabled
R-Q-SL-15-007-04-wikimedia,Q-SL-15-007-04,SL-15-007,wikimedia,2,pending,historical_query
R-Q-SL-15-007-04-general-web,Q-SL-15-007-04,SL-15-007,general_web,3,pending,baseline
R-Q-SL-15-007-04-image-search,Q-SL-15-007-04,SL-15-007,image_search,4,pending,baseline
R-Q-SL-15-007-05-local-folder,Q-SL-15-007-05,SL-15-007,local_folder,1,pending,local_source_enabled
R-Q-SL-15-007-05-wikimedia,Q-SL-15-007-05,SL-15-007,wikimedia,2,pending,historical_query
R-Q-SL-15-007-05-general-web,Q-SL-15-007-05,SL-15-007,general_web,3,pending,baseline
R-Q-SL-15-007-05-image-search,Q-SL-15-007-05,SL-15-007,image_search,4,pending,baseline
R-Q-SL-15-008-01-local-folder,Q-SL-15-008-01,SL-15-008,local_folder,1,pending,local_source_enabled
R-Q-SL-15-008-01-general-web,Q-SL-15-008-01,SL-15-008,general_web,3,pending,baseline
R-Q-SL-15-008-01-image-search,Q-SL-15-008-01,SL-15-008,image_search,4,pending,baseline
R-Q-SL-15-008-02-local-folder,Q-SL-15-008-02,SL-15-008,local_folder,1,pending,local_source_enabled
R-Q-SL-15-008-02-general-web,Q-SL-15-008-02,SL-15-008,general_web,3,pending,baseline
R-Q-SL-15-008-02-image-search,Q-SL-15-008-02,SL-15-008,image_search,4,pending,baseline
R-Q-SL-15-008-03-local-folder,Q-SL-15-008-03,SL-15-008,local_folder,1,pending,local_source_enabled
R-Q-SL-15-008-03-general-web,Q-SL-15-008-03,SL-15-008,general_web,3,pending,baseline
R-Q-SL-15-008-03-image-search,Q-SL-15-008-03,SL-15-008,image_search,4,pending,baseline
R-Q-SL-15-008-04-local-folder,Q-SL-15-008-04,SL-15-008,local_folder,1,pending,local_source_enabled
R-Q-SL-15-008-04-wikimedia,Q-SL-15-008-04,SL-15-008,wikimedia,2,pending,historical_query
R-Q-SL-15-008-04-general-web,Q-SL-15-008-04,SL-15-008,general_web,3,pending,baseline
R-Q-SL-15-008-04-image-search,Q-SL-15-008-04,SL-15-008,image_search,4,pending,baseline
R-Q-SL-15-008-05-local-folder,Q-SL-15-008-05,SL-15-008,local_folder,1,pending,local_source_enabled
R-Q-SL-15-008-05-wikimedia,Q-SL-15-008-05,SL-15-008,wikimedia,2,pending,historical_query
R-Q-SL-15-008-05-general-web,Q-SL-15-008-05,SL-15-008,general_web,3,pending,baseline
R-Q-SL-15-008-05-image-search,Q-SL-15-008-05,SL-15-008,image_search,4,pending,baseline
R-Q-SL-15-009-01-local-folder,Q-SL-15-009-01,SL-15-009,local_folder,1,pending,local_source_enabled
R-Q-SL-15-009-01-general-web,Q-SL-15-009-01,SL-15-009,general_web,3,pending,baseline
R-Q-SL-15-009-01-image-search,Q-SL-15-009-01,SL-15-009,image_search,4,pending,baseline
R-Q-SL-15-009-02-local-folder,Q-SL-15-009-02,SL-15-009,local_folder,1,pending,local_source_enabled
R-Q-SL-15-009-02-general-web,Q-SL-15-009-02,SL-15-009,general_web,3,pending,baseline
R-Q-SL-15-009-02-image-search,Q-SL-15-009-02,SL-15-009,image_search,4,pending,baseline
R-Q-SL-15-009-03-local-folder,Q-SL-15-009-03,SL-15-009,local_folder,1,pending,local_source_enabled
R-Q-SL-15-009-03-general-web,Q-SL-15-009-03,SL-15-009,general_web,3,pending,baseline
R-Q-SL-15-009-03-image-search,Q-SL-15-009-03,SL-15-009,image_search,4,pending,baseline
R-Q-SL-15-009-04-local-folder,Q-SL-15-009-04,SL-15-009,local_folder,1,pending,local_source_enabled
R-Q-SL-15-009-04-wikimedia,Q-SL-15-009-04,SL-15-009,wikimedia,2,pending,historical_query
R-Q-SL-15-009-04-general-web,Q-SL-15-009-04,SL-15-009,general_web,3,pending,baseline
R-Q-SL-15-009-04-image-search,Q-SL-15-009-04,SL-15-009,image_search,4,pending,baseline
R-Q-SL-15-009-05-local-folder,Q-SL-15-009-05,SL-15-009,local_folder,1,pending,local_source_enabled
R-Q-SL-15-009-05-wikimedia,Q-SL-15-009-05,SL-15-009,wikimedia,2,pending,historical_query
R-Q-SL-15-009-05-general-web,Q-SL-15-009-05,SL-15-009,general_web,3,pending,baseline
R-Q-SL-15-009-05-image-search,Q-SL-15-009-05,SL-15-009,image_search,4,pending,baseline
R-Q-SL-15-010-01-local-folder,Q-SL-15-010-01,SL-15-010,local_folder,1,pending,local_source_enabled
R-Q-SL-15-010-01-general-web,Q-SL-15-010-01,SL-15-010,general_web,3,pending,baseline
R-Q-SL-15-010-01-image-search,Q-SL-15-010-01,SL-15-010,image_search,4,pending,baseline
R-Q-SL-15-010-02-local-folder,Q-SL-15-010-02,SL-15-010,local_folder,1,pending,local_source_enabled
R-Q-SL-15-010-02-general-web,Q-SL-15-010-02,SL-15-010,general_web,3,pending,baseline
R-Q-SL-15-010-02-image-search,Q-SL-15-010-02,SL-15-010,image_search,4,pending,baseline
R-Q-SL-15-010-03-local-folder,Q-SL-15-010-03,SL-15-010,local_folder,1,pending,local_source_enabled
R-Q-SL-15-010-03-general-web,Q-SL-15-010-03,SL-15-010,general_web,3,pending,baseline
R-Q-SL-15-010-03-image-search,Q-SL-15-010-03,SL-15-010,image_search,4,pending,baseline
R-Q-SL-15-010-04-local-folder,Q-SL-15-010-04,SL-15-010,local_folder,1,pending,local_source_enabled
R-Q-SL-15-010-04-wikimedia,Q-SL-15-010-04,SL-15-010,wikimedia,2,pending,historical_query
R-Q-SL-15-010-04-general-web,Q-SL-15-010-04,SL-15-010,general_web,3,pending,baseline
R-Q-SL-15-010-04-image-search,Q-SL-15-010-04,SL-15-010,image_search,4,pending,baseline
R-Q-SL-15-010-05-local-folder,Q-SL-15-010-05,SL-15-010,local_folder,1,pending,local_source_enabled
R-Q-SL-15-010-05-wikimedia,Q-SL-15-010-05,SL-15-010,wikimedia,2,pending,historical_query
R-Q-SL-15-010-05-general-web,Q-SL-15-010-05,SL-15-010,general_web,3,pending,baseline
R-Q-SL-15-010-05-image-search,Q-SL-15-010-05,SL-15-010,image_search,4,pending,baseline
R-Q-SL-15-011-01-local-folder,Q-SL-15-011-01,SL-15-011,local_folder,1,pending,local_source_enabled
R-Q-SL-15-011-01-general-web,Q-SL-15-011-01,SL-15-011,general_web,3,pending,baseline
R-Q-SL-15-011-01-image-search,Q-SL-15-011-01,SL-15-011,image_search,4,pending,baseline
R-Q-SL-15-011-02-local-folder,Q-SL-15-011-02,SL-15-011,local_folder,1,pending,local_source_enabled
R-Q-SL-15-011-02-general-web,Q-SL-15-011-02,SL-15-011,general_web,3,pending,baseline
R-Q-SL-15-011-02-image-search,Q-SL-15-011-02,SL-15-011,image_search,4,pending,baseline
R-Q-SL-15-011-03-local-folder,Q-SL-15-011-03,SL-15-011,local_folder,1,pending,local_source_enabled
R-Q-SL-15-011-03-general-web,Q-SL-15-011-03,SL-15-011,general_web,3,pending,baseline
R-Q-SL-15-011-03-image-search,Q-SL-15-011-03,SL-15-011,image_search,4,pending,baseline
R-Q-SL-15-011-04-local-folder,Q-SL-15-011-04,SL-15-011,local_folder,1,pending,local_source_enabled
R-Q-SL-15-011-04-wikimedia,Q-SL-15-011-04,SL-15-011,wikimedia,2,pending,historical_query
R-Q-SL-15-011-04-general-web,Q-SL-15-011-04,SL-15-011,general_web,3,pending,baseline
R-Q-SL-15-011-04-image-search,Q-SL-15-011-04,SL-15-011,image_search,4,pending,baseline
R-Q-SL-15-011-05-local-folder,Q-SL-15-011-05,SL-15-011,local_folder,1,pending,local_source_enabled
R-Q-SL-15-011-05-wikimedia,Q-SL-15-011-05,SL-15-011,wikimedia,2,pending,historical_query
R-Q-SL-15-011-05-general-web,Q-SL-15-011-05,SL-15-011,general_web,3,pending,baseline
R-Q-SL-15-011-05-image-search,Q-SL-15-011-05,SL-15-011,image_search,4,pending,baseline
R-Q-SL-15-012-01-local-folder,Q-SL-15-012-01,SL-15-012,local_folder,1,pending,local_source_enabled
R-Q-SL-15-012-01-general-web,Q-SL-15-012-01,SL-15-012,general_web,3,pending,baseline
R-Q-SL-15-012-01-image-search,Q-SL-15-012-01,SL-15-012,image_search,4,pending,baseline
R-Q-SL-15-012-02-local-folder,Q-SL-15-012-02,SL-15-012,local_folder,1,pending,local_source_enabled
R-Q-SL-15-012-02-general-web,Q-SL-15-012-02,SL-15-012,general_web,3,pending,baseline
R-Q-SL-15-012-02-image-search,Q-SL-15-012-02,SL-15-012,image_search,4,pending,baseline
R-Q-SL-15-012-03-local-folder,Q-SL-15-012-03,SL-15-012,local_folder,1,pending,local_source_enabled
R-Q-SL-15-012-03-general-web,Q-SL-15-012-03,SL-15-012,general_web,3,pending,baseline
R-Q-SL-15-012-03-image-search,Q-SL-15-012-03,SL-15-012,image_search,4,pending,baseline
R-Q-SL-15-012-04-local-folder,Q-SL-15-012-04,SL-15-012,local_folder,1,pending,local_source_enabled
R-Q-SL-15-012-04-wikimedia,Q-SL-15-012-04,SL-15-012,wikimedia,2,pending,historical_query
R-Q-SL-15-012-04-general-web,Q-SL-15-012-04,SL-15-012,general_web,3,pending,baseline
R-Q-SL-15-012-04-image-search,Q-SL-15-012-04,SL-15-012,image_search,4,pending,baseline
R-Q-SL-15-012-05-local-folder,Q-SL-15-012-05,SL-15-012,local_folder,1,pending,local_source_enabled
R-Q-SL-15-012-05-wikimedia,Q-SL-15-012-05,SL-15-012,wikimedia,2,pending,historical_query
R-Q-SL-15-012-05-general-web,Q-SL-15-012-05,SL-15-012,general_web,3,pending,baseline
R-Q-SL-15-012-05-image-search,Q-SL-15-012-05,SL-15-012,image_search,4,pending,baseline
R-Q-SL-15-013-01-local-folder,Q-SL-15-013-01,SL-15-013,local_folder,1,pending,local_source_enabled
R-Q-SL-15-013-01-general-web,Q-SL-15-013-01,SL-15-013,general_web,3,pending,baseline
R-Q-SL-15-013-01-image-search,Q-SL-15-013-01,SL-15-013,image_search,4,pending,baseline
R-Q-SL-15-013-02-local-folder,Q-SL-15-013-02,SL-15-013,local_folder,1,pending,local_source_enabled
R-Q-SL-15-013-02-general-web,Q-SL-15-013-02,SL-15-013,general_web,3,pending,baseline
R-Q-SL-15-013-02-image-search,Q-SL-15-013-02,SL-15-013,image_search,4,pending,baseline
R-Q-SL-15-013-03-local-folder,Q-SL-15-013-03,SL-15-013,local_folder,1,pending,local_source_enabled
R-Q-SL-15-013-03-general-web,Q-SL-15-013-03,SL-15-013,general_web,3,pending,baseline
R-Q-SL-15-013-03-image-search,Q-SL-15-013-03,SL-15-013,image_search,4,pending,baseline
R-Q-SL-15-013-04-local-folder,Q-SL-15-013-04,SL-15-013,local_folder,1,pending,local_source_enabled
R-Q-SL-15-013-04-wikimedia,Q-SL-15-013-04,SL-15-013,wikimedia,2,pending,historical_query
R-Q-SL-15-013-04-general-web,Q-SL-15-013-04,SL-15-013,general_web,3,pending,baseline
R-Q-SL-15-013-04-image-search,Q-SL-15-013-04,SL-15-013,image_search,4,pending,baseline
R-Q-SL-15-013-05-local-folder,Q-SL-15-013-05,SL-15-013,local_folder,1,pending,local_source_enabled
R-Q-SL-15-013-05-wikimedia,Q-SL-15-013-05,SL-15-013,wikimedia,2,pending,historical_query
R-Q-SL-15-013-05-general-web,Q-SL-15-013-05,SL-15-013,general_web,3,pending,baseline
R-Q-SL-15-013-05-image-search,Q-SL-15-013-05,SL-15-013,image_search,4,pending,baseline
R-Q-SL-15-014-01-local-folder,Q-SL-15-014-01,SL-15-014,local_folder,1,pending,local_source_enabled
R-Q-SL-15-014-01-general-web,Q-SL-15-014-01,SL-15-014,general_web,3,pending,baseline
R-Q-SL-15-014-01-image-search,Q-SL-15-014-01,SL-15-014,image_search,4,pending,baseline
R-Q-SL-15-014-02-local-folder,Q-SL-15-014-02,SL-15-014,local_folder,1,pending,local_source_enabled
R-Q-SL-15-014-02-general-web,Q-SL-15-014-02,SL-15-014,general_web,3,pending,baseline
R-Q-SL-15-014-02-image-search,Q-SL-15-014-02,SL-15-014,image_search,4,pending,baseline
R-Q-SL-15-014-03-local-folder,Q-SL-15-014-03,SL-15-014,local_folder,1,pending,local_source_enabled
R-Q-SL-15-014-03-general-web,Q-SL-15-014-03,SL-15-014,general_web,3,pending,baseline
R-Q-SL-15-014-03-image-search,Q-SL-15-014-03,SL-15-014,image_search,4,pending,baseline
R-Q-SL-15-014-04-local-folder,Q-SL-15-014-04,SL-15-014,local_folder,1,pending,local_source_enabled
R-Q-SL-15-014-04-wikimedia,Q-SL-15-014-04,SL-15-014,wikimedia,2,pending,historical_query
R-Q-SL-15-014-04-general-web,Q-SL-15-014-04,SL-15-014,general_web,3,pending,baseline
R-Q-SL-15-014-04-image-search,Q-SL-15-014-04,SL-15-014,image_search,4,pending,baseline
R-Q-SL-15-014-05-local-folder,Q-SL-15-014-05,SL-15-014,local_folder,1,pending,local_source_enabled
R-Q-SL-15-014-05-wikimedia,Q-SL-15-014-05,SL-15-014,wikimedia,2,pending,historical_query
R-Q-SL-15-014-05-general-web,Q-SL-15-014-05,SL-15-014,general_web,3,pending,baseline
R-Q-SL-15-014-05-image-search,Q-SL-15-014-05,SL-15-014,image_search,4,pending,baseline
R-Q-SL-15-015-01-local-folder,Q-SL-15-015-01,SL-15-015,local_folder,1,pending,local_source_enabled
R-Q-SL-15-015-01-general-web,Q-SL-15-015-01,SL-15-015,general_web,3,pending,baseline
R-Q-SL-15-015-01-image-search,Q-SL-15-015-01,SL-15-015,image_search,4,pending,baseline
R-Q-SL-15-015-02-local-folder,Q-SL-15-015-02,SL-15-015,local_folder,1,pending,local_source_enabled
R-Q-SL-15-015-02-general-web,Q-SL-15-015-02,SL-15-015,general_web,3,pending,baseline
R-Q-SL-15-015-02-image-search,Q-SL-15-015-02,SL-15-015,image_search,4,pending,baseline
R-Q-SL-15-015-03-local-folder,Q-SL-15-015-03,SL-15-015,local_folder,1,pending,local_source_enabled
R-Q-SL-15-015-03-general-web,Q-SL-15-015-03,SL-15-015,general_web,3,pending,baseline
R-Q-SL-15-015-03-image-search,Q-SL-15-015-03,SL-15-015,image_search,4,pending,baseline
R-Q-SL-15-015-04-local-folder,Q-SL-15-015-04,SL-15-015,local_folder,1,pending,local_source_enabled
R-Q-SL-15-015-04-wikimedia,Q-SL-15-015-04,SL-15-015,wikimedia,2,pending,historical_query
R-Q-SL-15-015-04-general-web,Q-SL-15-015-04,SL-15-015,general_web,3,pending,baseline
R-Q-SL-15-015-04-image-search,Q-SL-15-015-04,SL-15-015,image_search,4,pending,baseline
R-Q-SL-15-015-05-local-folder,Q-SL-15-015-05,SL-15-015,local_folder,1,pending,local_source_enabled
R-Q-SL-15-015-05-wikimedia,Q-SL-15-015-05,SL-15-015,wikimedia,2,pending,historical_query
R-Q-SL-15-015-05-general-web,Q-SL-15-015-05,SL-15-015,general_web,3,pending,baseline
R-Q-SL-15-015-05-image-search,Q-SL-15-015-05,SL-15-015,image_search,4,pending,baseline
R-Q-SL-15-016-01-local-folder,Q-SL-15-016-01,SL-15-016,local_folder,1,pending,local_source_enabled
R-Q-SL-15-016-01-general-web,Q-SL-15-016-01,SL-15-016,general_web,3,pending,baseline
R-Q-SL-15-016-01-image-search,Q-SL-15-016-01,SL-15-016,image_search,4,pending,baseline
R-Q-SL-15-016-02-local-folder,Q-SL-15-016-02,SL-15-016,local_folder,1,pending,local_source_enabled
R-Q-SL-15-016-02-general-web,Q-SL-15-016-02,SL-15-016,general_web,3,pending,baseline
R-Q-SL-15-016-02-image-search,Q-SL-15-016-02,SL-15-016,image_search,4,pending,baseline
R-Q-SL-15-016-03-local-folder,Q-SL-15-016-03,SL-15-016,local_folder,1,pending,local_source_enabled
R-Q-SL-15-016-03-general-web,Q-SL-15-016-03,SL-15-016,general_web,3,pending,baseline
R-Q-SL-15-016-03-image-search,Q-SL-15-016-03,SL-15-016,image_search,4,pending,baseline
R-Q-SL-15-016-04-local-folder,Q-SL-15-016-04,SL-15-016,local_folder,1,pending,local_source_enabled
R-Q-SL-15-016-04-wikimedia,Q-SL-15-016-04,SL-15-016,wikimedia,2,pending,historical_query
R-Q-SL-15-016-04-general-web,Q-SL-15-016-04,SL-15-016,general_web,3,pending,baseline
R-Q-SL-15-016-04-image-search,Q-SL-15-016-04,SL-15-016,image_search,4,pending,baseline
R-Q-SL-15-016-05-local-folder,Q-SL-15-016-05,SL-15-016,local_folder,1,pending,local_source_enabled
R-Q-SL-15-016-05-wikimedia,Q-SL-15-016-05,SL-15-016,wikimedia,2,pending,historical_query
R-Q-SL-15-016-05-general-web,Q-SL-15-016-05,SL-15-016,general_web,3,pending,baseline
R-Q-SL-15-016-05-image-search,Q-SL-15-016-05,SL-15-016,image_search,4,pending,baseline
R-Q-SL-15-017-01-local-folder,Q-SL-15-017-01,SL-15-017,local_folder,1,pending,local_source_enabled
R-Q-SL-15-017-01-wikimedia,Q-SL-15-017-01,SL-15-017,wikimedia,2,pending,historical_query
R-Q-SL-15-017-01-general-web,Q-SL-15-017-01,SL-15-017,general_web,3,pending,baseline
R-Q-SL-15-017-01-image-search,Q-SL-15-017-01,SL-15-017,image_search,4,pending,baseline
R-Q-SL-15-017-02-local-folder,Q-SL-15-017-02,SL-15-017,local_folder,1,pending,local_source_enabled
R-Q-SL-15-017-02-wikimedia,Q-SL-15-017-02,SL-15-017,wikimedia,2,pending,historical_query
R-Q-SL-15-017-02-general-web,Q-SL-15-017-02,SL-15-017,general_web,3,pending,baseline
R-Q-SL-15-017-02-image-search,Q-SL-15-017-02,SL-15-017,image_search,4,pending,baseline
R-Q-SL-15-017-03-local-folder,Q-SL-15-017-03,SL-15-017,local_folder,1,pending,local_source_enabled
R-Q-SL-15-017-03-wikimedia,Q-SL-15-017-03,SL-15-017,wikimedia,2,pending,historical_query
R-Q-SL-15-017-03-general-web,Q-SL-15-017-03,SL-15-017,general_web,3,pending,baseline
R-Q-SL-15-017-03-image-search,Q-SL-15-017-03,SL-15-017,image_search,4,pending,baseline
R-Q-SL-15-017-04-local-folder,Q-SL-15-017-04,SL-15-017,local_folder,1,pending,local_source_enabled
R-Q-SL-15-017-04-wikimedia,Q-SL-15-017-04,SL-15-017,wikimedia,2,pending,historical_query
R-Q-SL-15-017-04-general-web,Q-SL-15-017-04,SL-15-017,general_web,3,pending,baseline
R-Q-SL-15-017-04-image-search,Q-SL-15-017-04,SL-15-017,image_search,4,pending,baseline
R-Q-SL-15-017-05-local-folder,Q-SL-15-017-05,SL-15-017,local_folder,1,pending,local_source_enabled
R-Q-SL-15-017-05-wikimedia,Q-SL-15-017-05,SL-15-017,wikimedia,2,pending,historical_query
R-Q-SL-15-017-05-general-web,Q-SL-15-017-05,SL-15-017,general_web,3,pending,baseline
R-Q-SL-15-017-05-image-search,Q-SL-15-017-05,SL-15-017,image_search,4,pending,baseline
R-Q-SL-15-018-01-local-folder,Q-SL-15-018-01,SL-15-018,local_folder,1,pending,local_source_enabled
R-Q-SL-15-018-01-general-web,Q-SL-15-018-01,SL-15-018,general_web,3,pending,baseline
R-Q-SL-15-018-01-image-search,Q-SL-15-018-01,SL-15-018,image_search,4,pending,baseline
R-Q-SL-15-018-02-local-folder,Q-SL-15-018-02,SL-15-018,local_folder,1,pending,local_source_enabled
R-Q-SL-15-018-02-general-web,Q-SL-15-018-02,SL-15-018,general_web,3,pending,baseline
R-Q-SL-15-018-02-image-search,Q-SL-15-018-02,SL-15-018,image_search,4,pending,baseline
R-Q-SL-15-018-03-local-folder,Q-SL-15-018-03,SL-15-018,local_folder,1,pending,local_source_enabled
R-Q-SL-15-018-03-general-web,Q-SL-15-018-03,SL-15-018,general_web,3,pending,baseline
R-Q-SL-15-018-03-image-search,Q-SL-15-018-03,SL-15-018,image_search,4,pending,baseline
R-Q-SL-15-018-04-local-folder,Q-SL-15-018-04,SL-15-018,local_folder,1,pending,local_source_enabled
R-Q-SL-15-018-04-wikimedia,Q-SL-15-018-04,SL-15-018,wikimedia,2,pending,historical_query
R-Q-SL-15-018-04-general-web,Q-SL-15-018-04,SL-15-018,general_web,3,pending,baseline
R-Q-SL-15-018-04-image-search,Q-SL-15-018-04,SL-15-018,image_search,4,pending,baseline
R-Q-SL-15-018-05-local-folder,Q-SL-15-018-05,SL-15-018,local_folder,1,pending,local_source_enabled
R-Q-SL-15-018-05-general-web,Q-SL-15-018-05,SL-15-018,general_web,3,pending,baseline
R-Q-SL-15-018-05-image-search,Q-SL-15-018-05,SL-15-018,image_search,4,pending,baseline
R-Q-SL-15-019-01-local-folder,Q-SL-15-019-01,SL-15-019,local_folder,1,pending,local_source_enabled
R-Q-SL-15-019-01-general-web,Q-SL-15-019-01,SL-15-019,general_web,3,pending,baseline
R-Q-SL-15-019-01-image-search,Q-SL-15-019-01,SL-15-019,image_search,4,pending,baseline
R-Q-SL-15-019-02-local-folder,Q-SL-15-019-02,SL-15-019,local_folder,1,pending,local_source_enabled
R-Q-SL-15-019-02-general-web,Q-SL-15-019-02,SL-15-019,general_web,3,pending,baseline
R-Q-SL-15-019-02-image-search,Q-SL-15-019-02,SL-15-019,image_search,4,pending,baseline
R-Q-SL-15-019-03-local-folder,Q-SL-15-019-03,SL-15-019,local_folder,1,pending,local_source_enabled
R-Q-SL-15-019-03-general-web,Q-SL-15-019-03,SL-15-019,general_web,3,pending,baseline
R-Q-SL-15-019-03-image-search,Q-SL-15-019-03,SL-15-019,image_search,4,pending,baseline
R-Q-SL-15-019-04-local-folder,Q-SL-15-019-04,SL-15-019,local_folder,1,pending,local_source_enabled
R-Q-SL-15-019-04-wikimedia,Q-SL-15-019-04,SL-15-019,wikimedia,2,pending,historical_query
R-Q-SL-15-019-04-general-web,Q-SL-15-019-04,SL-15-019,general_web,3,pending,baseline
R-Q-SL-15-019-04-image-search,Q-SL-15-019-04,SL-15-019,image_search,4,pending,baseline
R-Q-SL-15-019-05-local-folder,Q-SL-15-019-05,SL-15-019,local_folder,1,pending,local_source_enabled
R-Q-SL-15-019-05-wikimedia,Q-SL-15-019-05,SL-15-019,wikimedia,2,pending,historical_query
R-Q-SL-15-019-05-general-web,Q-SL-15-019-05,SL-15-019,general_web,3,pending,baseline
R-Q-SL-15-019-05-image-search,Q-SL-15-019-05,SL-15-019,image_search,4,pending,baseline
R-Q-SL-15-020-01-local-folder,Q-SL-15-020-01,SL-15-020,local_folder,1,pending,local_source_enabled
R-Q-SL-15-020-01-wikimedia,Q-SL-15-020-01,SL-15-020,wikimedia,2,pending,historical_query
R-Q-SL-15-020-01-general-web,Q-SL-15-020-01,SL-15-020,general_web,3,pending,baseline
R-Q-SL-15-020-01-image-search,Q-SL-15-020-01,SL-15-020,image_search,4,pending,baseline
R-Q-SL-15-020-02-local-folder,Q-SL-15-020-02,SL-15-020,local_folder,1,pending,local_source_enabled
R-Q-SL-15-020-02-wikimedia,Q-SL-15-020-02,SL-15-020,wikimedia,2,pending,historical_query
R-Q-SL-15-020-02-general-web,Q-SL-15-020-02,SL-15-020,general_web,3,pending,baseline
R-Q-SL-15-020-02-image-search,Q-SL-15-020-02,SL-15-020,image_search,4,pending,baseline
R-Q-SL-15-020-03-local-folder,Q-SL-15-020-03,SL-15-020,local_folder,1,pending,local_source_enabled
R-Q-SL-15-020-03-wikimedia,Q-SL-15-020-03,SL-15-020,wikimedia,2,pending,historical_query
R-Q-SL-15-020-03-general-web,Q-SL-15-020-03,SL-15-020,general_web,3,pending,baseline
R-Q-SL-15-020-03-image-search,Q-SL-15-020-03,SL-15-020,image_search,4,pending,baseline
R-Q-SL-15-020-04-local-folder,Q-SL-15-020-04,SL-15-020,local_folder,1,pending,local_source_enabled
R-Q-SL-15-020-04-wikimedia,Q-SL-15-020-04,SL-15-020,wikimedia,2,pending,historical_query
R-Q-SL-15-020-04-general-web,Q-SL-15-020-04,SL-15-020,general_web,3,pending,baseline
R-Q-SL-15-020-04-image-search,Q-SL-15-020-04,SL-15-020,image_search,4,pending,baseline
R-Q-SL-15-020-05-local-folder,Q-SL-15-020-05,SL-15-020,local_folder,1,pending,local_source_enabled
R-Q-SL-15-020-05-wikimedia,Q-SL-15-020-05,SL-15-020,wikimedia,2,pending,historical_query
R-Q-SL-15-020-05-general-web,Q-SL-15-020-05,SL-15-020,general_web,3,pending,baseline
R-Q-SL-15-020-05-image-search,Q-SL-15-020-05,SL-15-020,image_search,4,pending,baseline
R-Q-SL-15-021-01-local-folder,Q-SL-15-021-01,SL-15-021,local_folder,1,pending,local_source_enabled
R-Q-SL-15-021-01-general-web,Q-SL-15-021-01,SL-15-021,general_web,3,pending,baseline
R-Q-SL-15-021-01-image-search,Q-SL-15-021-01,SL-15-021,image_search,4,pending,baseline
R-Q-SL-15-021-02-local-folder,Q-SL-15-021-02,SL-15-021,local_folder,1,pending,local_source_enabled
R-Q-SL-15-021-02-general-web,Q-SL-15-021-02,SL-15-021,general_web,3,pending,baseline
R-Q-SL-15-021-02-image-search,Q-SL-15-021-02,SL-15-021,image_search,4,pending,baseline
R-Q-SL-15-021-03-local-folder,Q-SL-15-021-03,SL-15-021,local_folder,1,pending,local_source_enabled
R-Q-SL-15-021-03-general-web,Q-SL-15-021-03,SL-15-021,general_web,3,pending,baseline
R-Q-SL-15-021-03-image-search,Q-SL-15-021-03,SL-15-021,image_search,4,pending,baseline
R-Q-SL-15-021-04-local-folder,Q-SL-15-021-04,SL-15-021,local_folder,1,pending,local_source_enabled
R-Q-SL-15-021-04-wikimedia,Q-SL-15-021-04,SL-15-021,wikimedia,2,pending,historical_query
R-Q-SL-15-021-04-general-web,Q-SL-15-021-04,SL-15-021,general_web,3,pending,baseline
R-Q-SL-15-021-04-image-search,Q-SL-15-021-04,SL-15-021,image_search,4,pending,baseline
R-Q-SL-15-021-05-local-folder,Q-SL-15-021-05,SL-15-021,local_folder,1,pending,local_source_enabled
R-Q-SL-15-021-05-general-web,Q-SL-15-021-05,SL-15-021,general_web,3,pending,baseline
R-Q-SL-15-021-05-image-search,Q-SL-15-021-05,SL-15-021,image_search,4,pending,baseline
R-Q-SL-15-022-01-local-folder,Q-SL-15-022-01,SL-15-022,local_folder,1,pending,local_source_enabled
R-Q-SL-15-022-01-general-web,Q-SL-15-022-01,SL-15-022,general_web,3,pending,baseline
R-Q-SL-15-022-01-image-search,Q-SL-15-022-01,SL-15-022,image_search,4,pending,baseline
R-Q-SL-15-022-02-local-folder,Q-SL-15-022-02,SL-15-022,local_folder,1,pending,local_source_enabled
R-Q-SL-15-022-02-general-web,Q-SL-15-022-02,SL-15-022,general_web,3,pending,baseline
R-Q-SL-15-022-02-image-search,Q-SL-15-022-02,SL-15-022,image_search,4,pending,baseline
R-Q-SL-15-022-03-local-folder,Q-SL-15-022-03,SL-15-022,local_folder,1,pending,local_source_enabled
R-Q-SL-15-022-03-general-web,Q-SL-15-022-03,SL-15-022,general_web,3,pending,baseline
R-Q-SL-15-022-03-image-search,Q-SL-15-022-03,SL-15-022,image_search,4,pending,baseline
R-Q-SL-15-022-04-local-folder,Q-SL-15-022-04,SL-15-022,local_folder,1,pending,local_source_enabled
R-Q-SL-15-022-04-wikimedia,Q-SL-15-022-04,SL-15-022,wikimedia,2,pending,historical_query
R-Q-SL-15-022-04-general-web,Q-SL-15-022-04,SL-15-022,general_web,3,pending,baseline
R-Q-SL-15-022-04-image-search,Q-SL-15-022-04,SL-15-022,image_search,4,pending,baseline
R-Q-SL-15-022-05-local-folder,Q-SL-15-022-05,SL-15-022,local_folder,1,pending,local_source_enabled
R-Q-SL-15-022-05-wikimedia,Q-SL-15-022-05,SL-15-022,wikimedia,2,pending,historical_query
R-Q-SL-15-022-05-general-web,Q-SL-15-022-05,SL-15-022,general_web,3,pending,baseline
R-Q-SL-15-022-05-image-search,Q-SL-15-022-05,SL-15-022,image_search,4,pending,baseline
R-Q-SL-15-023-01-local-folder,Q-SL-15-023-01,SL-15-023,local_folder,1,pending,local_source_enabled
R-Q-SL-15-023-01-wikimedia,Q-SL-15-023-01,SL-15-023,wikimedia,2,pending,historical_query
R-Q-SL-15-023-01-general-web,Q-SL-15-023-01,SL-15-023,general_web,3,pending,baseline
R-Q-SL-15-023-01-image-search,Q-SL-15-023-01,SL-15-023,image_search,4,pending,baseline
R-Q-SL-15-023-02-local-folder,Q-SL-15-023-02,SL-15-023,local_folder,1,pending,local_source_enabled
R-Q-SL-15-023-02-wikimedia,Q-SL-15-023-02,SL-15-023,wikimedia,2,pending,historical_query
R-Q-SL-15-023-02-general-web,Q-SL-15-023-02,SL-15-023,general_web,3,pending,baseline
R-Q-SL-15-023-02-image-search,Q-SL-15-023-02,SL-15-023,image_search,4,pending,baseline
R-Q-SL-15-023-03-local-folder,Q-SL-15-023-03,SL-15-023,local_folder,1,pending,local_source_enabled
R-Q-SL-15-023-03-wikimedia,Q-SL-15-023-03,SL-15-023,wikimedia,2,pending,historical_query
R-Q-SL-15-023-03-general-web,Q-SL-15-023-03,SL-15-023,general_web,3,pending,baseline
R-Q-SL-15-023-03-image-search,Q-SL-15-023-03,SL-15-023,image_search,4,pending,baseline
R-Q-SL-15-023-04-local-folder,Q-SL-15-023-04,SL-15-023,local_folder,1,pending,local_source_enabled
R-Q-SL-15-023-04-wikimedia,Q-SL-15-023-04,SL-15-023,wikimedia,2,pending,historical_query
R-Q-SL-15-023-04-general-web,Q-SL-15-023-04,SL-15-023,general_web,3,pending,baseline
R-Q-SL-15-023-04-image-search,Q-SL-15-023-04,SL-15-023,image_search,4,pending,baseline
R-Q-SL-15-023-05-local-folder,Q-SL-15-023-05,SL-15-023,local_folder,1,pending,local_source_enabled
R-Q-SL-15-023-05-wikimedia,Q-SL-15-023-05,SL-15-023,wikimedia,2,pending,historical_query
R-Q-SL-15-023-05-general-web,Q-SL-15-023-05,SL-15-023,general_web,3,pending,baseline
R-Q-SL-15-023-05-image-search,Q-SL-15-023-05,SL-15-023,image_search,4,pending,baseline
R-Q-SL-15-024-01-local-folder,Q-SL-15-024-01,SL-15-024,local_folder,1,pending,local_source_enabled
R-Q-SL-15-024-01-general-web,Q-SL-15-024-01,SL-15-024,general_web,3,pending,baseline
R-Q-SL-15-024-01-image-search,Q-SL-15-024-01,SL-15-024,image_search,4,pending,baseline
R-Q-SL-15-024-02-local-folder,Q-SL-15-024-02,SL-15-024,local_folder,1,pending,local_source_enabled
R-Q-SL-15-024-02-general-web,Q-SL-15-024-02,SL-15-024,general_web,3,pending,baseline
R-Q-SL-15-024-02-image-search,Q-SL-15-024-02,SL-15-024,image_search,4,pending,baseline
R-Q-SL-15-024-03-local-folder,Q-SL-15-024-03,SL-15-024,local_folder,1,pending,local_source_enabled
R-Q-SL-15-024-03-general-web,Q-SL-15-024-03,SL-15-024,general_web,3,pending,baseline
R-Q-SL-15-024-03-image-search,Q-SL-15-024-03,SL-15-024,image_search,4,pending,baseline
R-Q-SL-15-024-04-local-folder,Q-SL-15-024-04,SL-15-024,local_folder,1,pending,local_source_enabled
R-Q-SL-15-024-04-wikimedia,Q-SL-15-024-04,SL-15-024,wikimedia,2,pending,historical_query
R-Q-SL-15-024-04-general-web,Q-SL-15-024-04,SL-15-024,general_web,3,pending,baseline
R-Q-SL-15-024-04-image-search,Q-SL-15-024-04,SL-15-024,image_search,4,pending,baseline
R-Q-SL-15-024-05-local-folder,Q-SL-15-024-05,SL-15-024,local_folder,1,pending,local_source_enabled
R-Q-SL-15-024-05-general-web,Q-SL-15-024-05,SL-15-024,general_web,3,pending,baseline
R-Q-SL-15-024-05-image-search,Q-SL-15-024-05,SL-15-024,image_search,4,pending,baseline
R-Q-SL-15-025-01-local-folder,Q-SL-15-025-01,SL-15-025,local_folder,1,pending,local_source_enabled
R-Q-SL-15-025-01-general-web,Q-SL-15-025-01,SL-15-025,general_web,3,pending,baseline
R-Q-SL-15-025-01-image-search,Q-SL-15-025-01,SL-15-025,image_search,4,pending,baseline
R-Q-SL-15-025-02-local-folder,Q-SL-15-025-02,SL-15-025,local_folder,1,pending,local_source_enabled
R-Q-SL-15-025-02-general-web,Q-SL-15-025-02,SL-15-025,general_web,3,pending,baseline
R-Q-SL-15-025-02-image-search,Q-SL-15-025-02,SL-15-025,image_search,4,pending,baseline
R-Q-SL-15-025-03-local-folder,Q-SL-15-025-03,SL-15-025,local_folder,1,pending,local_source_enabled
R-Q-SL-15-025-03-general-web,Q-SL-15-025-03,SL-15-025,general_web,3,pending,baseline
R-Q-SL-15-025-03-image-search,Q-SL-15-025-03,SL-15-025,image_search,4,pending,baseline
R-Q-SL-15-025-04-local-folder,Q-SL-15-025-04,SL-15-025,local_folder,1,pending,local_source_enabled
R-Q-SL-15-025-04-wikimedia,Q-SL-15-025-04,SL-15-025,wikimedia,2,pending,historical_query
R-Q-SL-15-025-04-general-web,Q-SL-15-025-04,SL-15-025,general_web,3,pending,baseline
R-Q-SL-15-025-04-image-search,Q-SL-15-025-04,SL-15-025,image_search,4,pending,baseline
R-Q-SL-15-025-05-local-folder,Q-SL-15-025-05,SL-15-025,local_folder,1,pending,local_source_enabled
R-Q-SL-15-025-05-wikimedia,Q-SL-15-025-05,SL-15-025,wikimedia,2,pending,historical_query
R-Q-SL-15-025-05-general-web,Q-SL-15-025-05,SL-15-025,general_web,3,pending,baseline
R-Q-SL-15-025-05-image-search,Q-SL-15-025-05,SL-15-025,image_search,4,pending,baseline
R-Q-SL-15-026-01-local-folder,Q-SL-15-026-01,SL-15-026,local_folder,1,pending,local_source_enabled
R-Q-SL-15-026-01-wikimedia,Q-SL-15-026-01,SL-15-026,wikimedia,2,pending,historical_query
R-Q-SL-15-026-01-general-web,Q-SL-15-026-01,SL-15-026,general_web,3,pending,baseline
R-Q-SL-15-026-01-image-search,Q-SL-15-026-01,SL-15-026,image_search,4,pending,baseline
R-Q-SL-15-026-02-local-folder,Q-SL-15-026-02,SL-15-026,local_folder,1,pending,local_source_enabled
R-Q-SL-15-026-02-wikimedia,Q-SL-15-026-02,SL-15-026,wikimedia,2,pending,historical_query
R-Q-SL-15-026-02-general-web,Q-SL-15-026-02,SL-15-026,general_web,3,pending,baseline
R-Q-SL-15-026-02-image-search,Q-SL-15-026-02,SL-15-026,image_search,4,pending,baseline
R-Q-SL-15-026-03-local-folder,Q-SL-15-026-03,SL-15-026,local_folder,1,pending,local_source_enabled
R-Q-SL-15-026-03-wikimedia,Q-SL-15-026-03,SL-15-026,wikimedia,2,pending,historical_query
R-Q-SL-15-026-03-general-web,Q-SL-15-026-03,SL-15-026,general_web,3,pending,baseline
R-Q-SL-15-026-03-image-search,Q-SL-15-026-03,SL-15-026,image_search,4,pending,baseline
R-Q-SL-15-026-04-local-folder,Q-SL-15-026-04,SL-15-026,local_folder,1,pending,local_source_enabled
R-Q-SL-15-026-04-wikimedia,Q-SL-15-026-04,SL-15-026,wikimedia,2,pending,historical_query
R-Q-SL-15-026-04-general-web,Q-SL-15-026-04,SL-15-026,general_web,3,pending,baseline
R-Q-SL-15-026-04-image-search,Q-SL-15-026-04,SL-15-026,image_search,4,pending,baseline
R-Q-SL-15-026-05-local-folder,Q-SL-15-026-05,SL-15-026,local_folder,1,pending,local_source_enabled
R-Q-SL-15-026-05-wikimedia,Q-SL-15-026-05,SL-15-026,wikimedia,2,pending,historical_query
R-Q-SL-15-026-05-general-web,Q-SL-15-026-05,SL-15-026,general_web,3,pending,baseline
R-Q-SL-15-026-05-image-search,Q-SL-15-026-05,SL-15-026,image_search,4,pending,baseline
R-Q-SL-15-027-01-local-folder,Q-SL-15-027-01,SL-15-027,local_folder,1,pending,local_source_enabled
R-Q-SL-15-027-01-general-web,Q-SL-15-027-01,SL-15-027,general_web,3,pending,baseline
R-Q-SL-15-027-01-image-search,Q-SL-15-027-01,SL-15-027,image_search,4,pending,baseline
R-Q-SL-15-027-02-local-folder,Q-SL-15-027-02,SL-15-027,local_folder,1,pending,local_source_enabled
R-Q-SL-15-027-02-general-web,Q-SL-15-027-02,SL-15-027,general_web,3,pending,baseline
R-Q-SL-15-027-02-image-search,Q-SL-15-027-02,SL-15-027,image_search,4,pending,baseline
R-Q-SL-15-027-03-local-folder,Q-SL-15-027-03,SL-15-027,local_folder,1,pending,local_source_enabled
R-Q-SL-15-027-03-general-web,Q-SL-15-027-03,SL-15-027,general_web,3,pending,baseline
R-Q-SL-15-027-03-image-search,Q-SL-15-027-03,SL-15-027,image_search,4,pending,baseline
R-Q-SL-15-027-04-local-folder,Q-SL-15-027-04,SL-15-027,local_folder,1,pending,local_source_enabled
R-Q-SL-15-027-04-wikimedia,Q-SL-15-027-04,SL-15-027,wikimedia,2,pending,historical_query
R-Q-SL-15-027-04-general-web,Q-SL-15-027-04,SL-15-027,general_web,3,pending,baseline
R-Q-SL-15-027-04-image-search,Q-SL-15-027-04,SL-15-027,image_search,4,pending,baseline
R-Q-SL-15-027-05-local-folder,Q-SL-15-027-05,SL-15-027,local_folder,1,pending,local_source_enabled
R-Q-SL-15-027-05-general-web,Q-SL-15-027-05,SL-15-027,general_web,3,pending,baseline
R-Q-SL-15-027-05-image-search,Q-SL-15-027-05,SL-15-027,image_search,4,pending,baseline
R-Q-SL-15-028-01-local-folder,Q-SL-15-028-01,SL-15-028,local_folder,1,pending,local_source_enabled
R-Q-SL-15-028-01-general-web,Q-SL-15-028-01,SL-15-028,general_web,3,pending,baseline
R-Q-SL-15-028-01-image-search,Q-SL-15-028-01,SL-15-028,image_search,4,pending,baseline
R-Q-SL-15-028-02-local-folder,Q-SL-15-028-02,SL-15-028,local_folder,1,pending,local_source_enabled
R-Q-SL-15-028-02-general-web,Q-SL-15-028-02,SL-15-028,general_web,3,pending,baseline
R-Q-SL-15-028-02-image-search,Q-SL-15-028-02,SL-15-028,image_search,4,pending,baseline
R-Q-SL-15-028-03-local-folder,Q-SL-15-028-03,SL-15-028,local_folder,1,pending,local_source_enabled
R-Q-SL-15-028-03-general-web,Q-SL-15-028-03,SL-15-028,general_web,3,pending,baseline
R-Q-SL-15-028-03-image-search,Q-SL-15-028-03,SL-15-028,image_search,4,pending,baseline
R-Q-SL-15-028-04-local-folder,Q-SL-15-028-04,SL-15-028,local_folder,1,pending,local_source_enabled
R-Q-SL-15-028-04-wikimedia,Q-SL-15-028-04,SL-15-028,wikimedia,2,pending,historical_query
R-Q-SL-15-028-04-general-web,Q-SL-15-028-04,SL-15-028,general_web,3,pending,baseline
R-Q-SL-15-028-04-image-search,Q-SL-15-028-04,SL-15-028,image_search,4,pending,baseline
R-Q-SL-15-028-05-local-folder,Q-SL-15-028-05,SL-15-028,local_folder,1,pending,local_source_enabled
R-Q-SL-15-028-05-wikimedia,Q-SL-15-028-05,SL-15-028,wikimedia,2,pending,historical_query
R-Q-SL-15-028-05-general-web,Q-SL-15-028-05,SL-15-028,general_web,3,pending,baseline
R-Q-SL-15-028-05-image-search,Q-SL-15-028-05,SL-15-028,image_search,4,pending,baseline
R-Q-SL-15-029-01-local-folder,Q-SL-15-029-01,SL-15-029,local_folder,1,pending,local_source_enabled
R-Q-SL-15-029-01-wikimedia,Q-SL-15-029-01,SL-15-029,wikimedia,2,pending,historical_query
R-Q-SL-15-029-01-general-web,Q-SL-15-029-01,SL-15-029,general_web,3,pending,baseline
R-Q-SL-15-029-01-image-search,Q-SL-15-029-01,SL-15-029,image_search,4,pending,baseline
R-Q-SL-15-029-02-local-folder,Q-SL-15-029-02,SL-15-029,local_folder,1,pending,local_source_enabled
R-Q-SL-15-029-02-wikimedia,Q-SL-15-029-02,SL-15-029,wikimedia,2,pending,historical_query
R-Q-SL-15-029-02-general-web,Q-SL-15-029-02,SL-15-029,general_web,3,pending,baseline
R-Q-SL-15-029-02-image-search,Q-SL-15-029-02,SL-15-029,image_search,4,pending,baseline
R-Q-SL-15-029-03-local-folder,Q-SL-15-029-03,SL-15-029,local_folder,1,pending,local_source_enabled
R-Q-SL-15-029-03-wikimedia,Q-SL-15-029-03,SL-15-029,wikimedia,2,pending,historical_query
R-Q-SL-15-029-03-general-web,Q-SL-15-029-03,SL-15-029,general_web,3,pending,baseline
R-Q-SL-15-029-03-image-search,Q-SL-15-029-03,SL-15-029,image_search,4,pending,baseline
R-Q-SL-15-029-04-local-folder,Q-SL-15-029-04,SL-15-029,local_folder,1,pending,local_source_enabled
R-Q-SL-15-029-04-wikimedia,Q-SL-15-029-04,SL-15-029,wikimedia,2,pending,historical_query
R-Q-SL-15-029-04-general-web,Q-SL-15-029-04,SL-15-029,general_web,3,pending,baseline
R-Q-SL-15-029-04-image-search,Q-SL-15-029-04,SL-15-029,image_search,4,pending,baseline
R-Q-SL-15-029-05-local-folder,Q-SL-15-029-05,SL-15-029,local_folder,1,pending,local_source_enabled
R-Q-SL-15-029-05-wikimedia,Q-SL-15-029-05,SL-15-029,wikimedia,2,pending,historical_query
R-Q-SL-15-029-05-general-web,Q-SL-15-029-05,SL-15-029,general_web,3,pending,baseline
R-Q-SL-15-029-05-image-search,Q-SL-15-029-05,SL-15-029,image_search,4,pending,baseline
R-Q-SL-15-030-01-local-folder,Q-SL-15-030-01,SL-15-030,local_folder,1,pending,local_source_enabled
R-Q-SL-15-030-01-general-web,Q-SL-15-030-01,SL-15-030,general_web,3,pending,baseline
R-Q-SL-15-030-01-image-search,Q-SL-15-030-01,SL-15-030,image_search,4,pending,baseline
R-Q-SL-15-030-02-local-folder,Q-SL-15-030-02,SL-15-030,local_folder,1,pending,local_source_enabled
R-Q-SL-15-030-02-general-web,Q-SL-15-030-02,SL-15-030,general_web,3,pending,baseline
R-Q-SL-15-030-02-image-search,Q-SL-15-030-02,SL-15-030,image_search,4,pending,baseline
R-Q-SL-15-030-03-local-folder,Q-SL-15-030-03,SL-15-030,local_folder,1,pending,local_source_enabled
R-Q-SL-15-030-03-general-web,Q-SL-15-030-03,SL-15-030,general_web,3,pending,baseline
R-Q-SL-15-030-03-image-search,Q-SL-15-030-03,SL-15-030,image_search,4,pending,baseline
R-Q-SL-15-030-04-local-folder,Q-SL-15-030-04,SL-15-030,local_folder,1,pending,local_source_enabled
R-Q-SL-15-030-04-wikimedia,Q-SL-15-030-04,SL-15-030,wikimedia,2,pending,historical_query
R-Q-SL-15-030-04-general-web,Q-SL-15-030-04,SL-15-030,general_web,3,pending,baseline
R-Q-SL-15-030-04-image-search,Q-SL-15-030-04,SL-15-030,image_search,4,pending,baseline
R-Q-SL-15-030-05-local-folder,Q-SL-15-030-05,SL-15-030,local_folder,1,pending,local_source_enabled
R-Q-SL-15-030-05-general-web,Q-SL-15-030-05,SL-15-030,general_web,3,pending,baseline
R-Q-SL-15-030-05-image-search,Q-SL-15-030-05,SL-15-030,image_search,4,pending,baseline
R-Q-SL-15-031-01-local-folder,Q-SL-15-031-01,SL-15-031,local_folder,1,pending,local_source_enabled
R-Q-SL-15-031-01-general-web,Q-SL-15-031-01,SL-15-031,general_web,3,pending,baseline
R-Q-SL-15-031-01-image-search,Q-SL-15-031-01,SL-15-031,image_search,4,pending,baseline
R-Q-SL-15-031-02-local-folder,Q-SL-15-031-02,SL-15-031,local_folder,1,pending,local_source_enabled
R-Q-SL-15-031-02-general-web,Q-SL-15-031-02,SL-15-031,general_web,3,pending,baseline
R-Q-SL-15-031-02-image-search,Q-SL-15-031-02,SL-15-031,image_search,4,pending,baseline
R-Q-SL-15-031-03-local-folder,Q-SL-15-031-03,SL-15-031,local_folder,1,pending,local_source_enabled
R-Q-SL-15-031-03-general-web,Q-SL-15-031-03,SL-15-031,general_web,3,pending,baseline
R-Q-SL-15-031-03-image-search,Q-SL-15-031-03,SL-15-031,image_search,4,pending,baseline
R-Q-SL-15-031-04-local-folder,Q-SL-15-031-04,SL-15-031,local_folder,1,pending,local_source_enabled
R-Q-SL-15-031-04-wikimedia,Q-SL-15-031-04,SL-15-031,wikimedia,2,pending,historical_query
R-Q-SL-15-031-04-general-web,Q-SL-15-031-04,SL-15-031,general_web,3,pending,baseline
R-Q-SL-15-031-04-image-search,Q-SL-15-031-04,SL-15-031,image_search,4,pending,baseline
R-Q-SL-15-031-05-local-folder,Q-SL-15-031-05,SL-15-031,local_folder,1,pending,local_source_enabled
R-Q-SL-15-031-05-wikimedia,Q-SL-15-031-05,SL-15-031,wikimedia,2,pending,historical_query
R-Q-SL-15-031-05-general-web,Q-SL-15-031-05,SL-15-031,general_web,3,pending,baseline
R-Q-SL-15-031-05-image-search,Q-SL-15-031-05,SL-15-031,image_search,4,pending,baseline
R-Q-SL-15-032-01-local-folder,Q-SL-15-032-01,SL-15-032,local_folder,1,pending,local_source_enabled
R-Q-SL-15-032-01-wikimedia,Q-SL-15-032-01,SL-15-032,wikimedia,2,pending,historical_query
R-Q-SL-15-032-01-general-web,Q-SL-15-032-01,SL-15-032,general_web,3,pending,baseline
R-Q-SL-15-032-01-image-search,Q-SL-15-032-01,SL-15-032,image_search,4,pending,baseline
R-Q-SL-15-032-02-local-folder,Q-SL-15-032-02,SL-15-032,local_folder,1,pending,local_source_enabled
R-Q-SL-15-032-02-wikimedia,Q-SL-15-032-02,SL-15-032,wikimedia,2,pending,historical_query
R-Q-SL-15-032-02-general-web,Q-SL-15-032-02,SL-15-032,general_web,3,pending,baseline
R-Q-SL-15-032-02-image-search,Q-SL-15-032-02,SL-15-032,image_search,4,pending,baseline
R-Q-SL-15-032-03-local-folder,Q-SL-15-032-03,SL-15-032,local_folder,1,pending,local_source_enabled
R-Q-SL-15-032-03-wikimedia,Q-SL-15-032-03,SL-15-032,wikimedia,2,pending,historical_query
R-Q-SL-15-032-03-general-web,Q-SL-15-032-03,SL-15-032,general_web,3,pending,baseline
R-Q-SL-15-032-03-image-search,Q-SL-15-032-03,SL-15-032,image_search,4,pending,baseline
R-Q-SL-15-032-04-local-folder,Q-SL-15-032-04,SL-15-032,local_folder,1,pending,local_source_enabled
R-Q-SL-15-032-04-wikimedia,Q-SL-15-032-04,SL-15-032,wikimedia,2,pending,historical_query
R-Q-SL-15-032-04-general-web,Q-SL-15-032-04,SL-15-032,general_web,3,pending,baseline
R-Q-SL-15-032-04-image-search,Q-SL-15-032-04,SL-15-032,image_search,4,pending,baseline
R-Q-SL-15-032-05-local-folder,Q-SL-15-032-05,SL-15-032,local_folder,1,pending,local_source_enabled
R-Q-SL-15-032-05-wikimedia,Q-SL-15-032-05,SL-15-032,wikimedia,2,pending,historical_query
R-Q-SL-15-032-05-general-web,Q-SL-15-032-05,SL-15-032,general_web,3,pending,baseline
R-Q-SL-15-032-05-image-search,Q-SL-15-032-05,SL-15-032,image_search,4,pending,baseline
R-Q-SL-15-033-01-local-folder,Q-SL-15-033-01,SL-15-033,local_folder,1,pending,local_source_enabled
R-Q-SL-15-033-01-general-web,Q-SL-15-033-01,SL-15-033,general_web,3,pending,baseline
R-Q-SL-15-033-01-image-search,Q-SL-15-033-01,SL-15-033,image_search,4,pending,baseline
R-Q-SL-15-033-02-local-folder,Q-SL-15-033-02,SL-15-033,local_folder,1,pending,local_source_enabled
R-Q-SL-15-033-02-general-web,Q-SL-15-033-02,SL-15-033,general_web,3,pending,baseline
R-Q-SL-15-033-02-image-search,Q-SL-15-033-02,SL-15-033,image_search,4,pending,baseline
R-Q-SL-15-033-03-local-folder,Q-SL-15-033-03,SL-15-033,local_folder,1,pending,local_source_enabled
R-Q-SL-15-033-03-general-web,Q-SL-15-033-03,SL-15-033,general_web,3,pending,baseline
R-Q-SL-15-033-03-image-search,Q-SL-15-033-03,SL-15-033,image_search,4,pending,baseline
R-Q-SL-15-033-04-local-folder,Q-SL-15-033-04,SL-15-033,local_folder,1,pending,local_source_enabled
R-Q-SL-15-033-04-wikimedia,Q-SL-15-033-04,SL-15-033,wikimedia,2,pending,historical_query
R-Q-SL-15-033-04-general-web,Q-SL-15-033-04,SL-15-033,general_web,3,pending,baseline
R-Q-SL-15-033-04-image-search,Q-SL-15-033-04,SL-15-033,image_search,4,pending,baseline
R-Q-SL-15-033-05-local-folder,Q-SL-15-033-05,SL-15-033,local_folder,1,pending,local_source_enabled
R-Q-SL-15-033-05-general-web,Q-SL-15-033-05,SL-15-033,general_web,3,pending,baseline
R-Q-SL-15-033-05-image-search,Q-SL-15-033-05,SL-15-033,image_search,4,pending,baseline
R-Q-SL-15-034-01-local-folder,Q-SL-15-034-01,SL-15-034,local_folder,1,pending,local_source_enabled
R-Q-SL-15-034-01-general-web,Q-SL-15-034-01,SL-15-034,general_web,3,pending,baseline
R-Q-SL-15-034-01-image-search,Q-SL-15-034-01,SL-15-034,image_search,4,pending,baseline
R-Q-SL-15-034-02-local-folder,Q-SL-15-034-02,SL-15-034,local_folder,1,pending,local_source_enabled
R-Q-SL-15-034-02-general-web,Q-SL-15-034-02,SL-15-034,general_web,3,pending,baseline
R-Q-SL-15-034-02-image-search,Q-SL-15-034-02,SL-15-034,image_search,4,pending,baseline
R-Q-SL-15-034-03-local-folder,Q-SL-15-034-03,SL-15-034,local_folder,1,pending,local_source_enabled
R-Q-SL-15-034-03-general-web,Q-SL-15-034-03,SL-15-034,general_web,3,pending,baseline
R-Q-SL-15-034-03-image-search,Q-SL-15-034-03,SL-15-034,image_search,4,pending,baseline
R-Q-SL-15-034-04-local-folder,Q-SL-15-034-04,SL-15-034,local_folder,1,pending,local_source_enabled
R-Q-SL-15-034-04-wikimedia,Q-SL-15-034-04,SL-15-034,wikimedia,2,pending,historical_query
R-Q-SL-15-034-04-general-web,Q-SL-15-034-04,SL-15-034,general_web,3,pending,baseline
R-Q-SL-15-034-04-image-search,Q-SL-15-034-04,SL-15-034,image_search,4,pending,baseline
R-Q-SL-15-034-05-local-folder,Q-SL-15-034-05,SL-15-034,local_folder,1,pending,local_source_enabled
R-Q-SL-15-034-05-wikimedia,Q-SL-15-034-05,SL-15-034,wikimedia,2,pending,historical_query
R-Q-SL-15-034-05-general-web,Q-SL-15-034-05,SL-15-034,general_web,3,pending,baseline
R-Q-SL-15-034-05-image-search,Q-SL-15-034-05,SL-15-034,image_search,4,pending,baseline
R-Q-SL-15-035-01-local-folder,Q-SL-15-035-01,SL-15-035,local_folder,1,pending,local_source_enabled
R-Q-SL-15-035-01-wikimedia,Q-SL-15-035-01,SL-15-035,wikimedia,2,pending,historical_query
R-Q-SL-15-035-01-general-web,Q-SL-15-035-01,SL-15-035,general_web,3,pending,baseline
R-Q-SL-15-035-01-image-search,Q-SL-15-035-01,SL-15-035,image_search,4,pending,baseline
R-Q-SL-15-035-02-local-folder,Q-SL-15-035-02,SL-15-035,local_folder,1,pending,local_source_enabled
R-Q-SL-15-035-02-wikimedia,Q-SL-15-035-02,SL-15-035,wikimedia,2,pending,historical_query
R-Q-SL-15-035-02-general-web,Q-SL-15-035-02,SL-15-035,general_web,3,pending,baseline
R-Q-SL-15-035-02-image-search,Q-SL-15-035-02,SL-15-035,image_search,4,pending,baseline
R-Q-SL-15-035-03-local-folder,Q-SL-15-035-03,SL-15-035,local_folder,1,pending,local_source_enabled
R-Q-SL-15-035-03-wikimedia,Q-SL-15-035-03,SL-15-035,wikimedia,2,pending,historical_query
R-Q-SL-15-035-03-general-web,Q-SL-15-035-03,SL-15-035,general_web,3,pending,baseline
R-Q-SL-15-035-03-image-search,Q-SL-15-035-03,SL-15-035,image_search,4,pending,baseline
R-Q-SL-15-035-04-local-folder,Q-SL-15-035-04,SL-15-035,local_folder,1,pending,local_source_enabled
R-Q-SL-15-035-04-wikimedia,Q-SL-15-035-04,SL-15-035,wikimedia,2,pending,historical_query
R-Q-SL-15-035-04-general-web,Q-SL-15-035-04,SL-15-035,general_web,3,pending,baseline
R-Q-SL-15-035-04-image-search,Q-SL-15-035-04,SL-15-035,image_search,4,pending,baseline
R-Q-SL-15-035-05-local-folder,Q-SL-15-035-05,SL-15-035,local_folder,1,pending,local_source_enabled
R-Q-SL-15-035-05-wikimedia,Q-SL-15-035-05,SL-15-035,wikimedia,2,pending,historical_query
R-Q-SL-15-035-05-general-web,Q-SL-15-035-05,SL-15-035,general_web,3,pending,baseline
R-Q-SL-15-035-05-image-search,Q-SL-15-035-05,SL-15-035,image_search,4,pending,baseline
R-Q-SL-15-036-01-local-folder,Q-SL-15-036-01,SL-15-036,local_folder,1,pending,local_source_enabled
R-Q-SL-15-036-01-general-web,Q-SL-15-036-01,SL-15-036,general_web,3,pending,baseline
R-Q-SL-15-036-01-image-search,Q-SL-15-036-01,SL-15-036,image_search,4,pending,baseline
R-Q-SL-15-036-02-local-folder,Q-SL-15-036-02,SL-15-036,local_folder,1,pending,local_source_enabled
R-Q-SL-15-036-02-general-web,Q-SL-15-036-02,SL-15-036,general_web,3,pending,baseline
R-Q-SL-15-036-02-image-search,Q-SL-15-036-02,SL-15-036,image_search,4,pending,baseline
R-Q-SL-15-036-03-local-folder,Q-SL-15-036-03,SL-15-036,local_folder,1,pending,local_source_enabled
R-Q-SL-15-036-03-general-web,Q-SL-15-036-03,SL-15-036,general_web,3,pending,baseline
R-Q-SL-15-036-03-image-search,Q-SL-15-036-03,SL-15-036,image_search,4,pending,baseline
R-Q-SL-15-036-04-local-folder,Q-SL-15-036-04,SL-15-036,local_folder,1,pending,local_source_enabled
R-Q-SL-15-036-04-wikimedia,Q-SL-15-036-04,SL-15-036,wikimedia,2,pending,historical_query
R-Q-SL-15-036-04-general-web,Q-SL-15-036-04,SL-15-036,general_web,3,pending,baseline
R-Q-SL-15-036-04-image-search,Q-SL-15-036-04,SL-15-036,image_search,4,pending,baseline
R-Q-SL-15-036-05-local-folder,Q-SL-15-036-05,SL-15-036,local_folder,1,pending,local_source_enabled
R-Q-SL-15-036-05-general-web,Q-SL-15-036-05,SL-15-036,general_web,3,pending,baseline
R-Q-SL-15-036-05-image-search,Q-SL-15-036-05,SL-15-036,image_search,4,pending,baseline
R-Q-SL-15-037-01-local-folder,Q-SL-15-037-01,SL-15-037,local_folder,1,pending,local_source_enabled
R-Q-SL-15-037-01-general-web,Q-SL-15-037-01,SL-15-037,general_web,3,pending,baseline
R-Q-SL-15-037-01-image-search,Q-SL-15-037-01,SL-15-037,image_search,4,pending,baseline
R-Q-SL-15-037-02-local-folder,Q-SL-15-037-02,SL-15-037,local_folder,1,pending,local_source_enabled
R-Q-SL-15-037-02-general-web,Q-SL-15-037-02,SL-15-037,general_web,3,pending,baseline
R-Q-SL-15-037-02-image-search,Q-SL-15-037-02,SL-15-037,image_search,4,pending,baseline
R-Q-SL-15-037-03-local-folder,Q-SL-15-037-03,SL-15-037,local_folder,1,pending,local_source_enabled
R-Q-SL-15-037-03-general-web,Q-SL-15-037-03,SL-15-037,general_web,3,pending,baseline
R-Q-SL-15-037-03-image-search,Q-SL-15-037-03,SL-15-037,image_search,4,pending,baseline
R-Q-SL-15-037-04-local-folder,Q-SL-15-037-04,SL-15-037,local_folder,1,pending,local_source_enabled
R-Q-SL-15-037-04-wikimedia,Q-SL-15-037-04,SL-15-037,wikimedia,2,pending,historical_query
R-Q-SL-15-037-04-general-web,Q-SL-15-037-04,SL-15-037,general_web,3,pending,baseline
R-Q-SL-15-037-04-image-search,Q-SL-15-037-04,SL-15-037,image_search,4,pending,baseline
R-Q-SL-15-037-05-local-folder,Q-SL-15-037-05,SL-15-037,local_folder,1,pending,local_source_enabled
R-Q-SL-15-037-05-wikimedia,Q-SL-15-037-05,SL-15-037,wikimedia,2,pending,historical_query
R-Q-SL-15-037-05-general-web,Q-SL-15-037-05,SL-15-037,general_web,3,pending,baseline
R-Q-SL-15-037-05-image-search,Q-SL-15-037-05,SL-15-037,image_search,4,pending,baseline
R-Q-SL-15-038-01-local-folder,Q-SL-15-038-01,SL-15-038,local_folder,1,pending,local_source_enabled
R-Q-SL-15-038-01-wikimedia,Q-SL-15-038-01,SL-15-038,wikimedia,2,pending,historical_query
R-Q-SL-15-038-01-general-web,Q-SL-15-038-01,SL-15-038,general_web,3,pending,baseline
R-Q-SL-15-038-01-image-search,Q-SL-15-038-01,SL-15-038,image_search,4,pending,baseline
R-Q-SL-15-038-02-local-folder,Q-SL-15-038-02,SL-15-038,local_folder,1,pending,local_source_enabled
R-Q-SL-15-038-02-wikimedia,Q-SL-15-038-02,SL-15-038,wikimedia,2,pending,historical_query
R-Q-SL-15-038-02-general-web,Q-SL-15-038-02,SL-15-038,general_web,3,pending,baseline
R-Q-SL-15-038-02-image-search,Q-SL-15-038-02,SL-15-038,image_search,4,pending,baseline
R-Q-SL-15-038-03-local-folder,Q-SL-15-038-03,SL-15-038,local_folder,1,pending,local_source_enabled
R-Q-SL-15-038-03-wikimedia,Q-SL-15-038-03,SL-15-038,wikimedia,2,pending,historical_query
R-Q-SL-15-038-03-general-web,Q-SL-15-038-03,SL-15-038,general_web,3,pending,baseline
R-Q-SL-15-038-03-image-search,Q-SL-15-038-03,SL-15-038,image_search,4,pending,baseline
R-Q-SL-15-038-04-local-folder,Q-SL-15-038-04,SL-15-038,local_folder,1,pending,local_source_enabled
R-Q-SL-15-038-04-wikimedia,Q-SL-15-038-04,SL-15-038,wikimedia,2,pending,historical_query
R-Q-SL-15-038-04-general-web,Q-SL-15-038-04,SL-15-038,general_web,3,pending,baseline
R-Q-SL-15-038-04-image-search,Q-SL-15-038-04,SL-15-038,image_search,4,pending,baseline
R-Q-SL-15-038-05-local-folder,Q-SL-15-038-05,SL-15-038,local_folder,1,pending,local_source_enabled
R-Q-SL-15-038-05-wikimedia,Q-SL-15-038-05,SL-15-038,wikimedia,2,pending,historical_query
R-Q-SL-15-038-05-general-web,Q-SL-15-038-05,SL-15-038,general_web,3,pending,baseline
R-Q-SL-15-038-05-image-search,Q-SL-15-038-05,SL-15-038,image_search,4,pending,baseline
R-Q-SL-15-039-01-local-folder,Q-SL-15-039-01,SL-15-039,local_folder,1,pending,local_source_enabled
R-Q-SL-15-039-01-general-web,Q-SL-15-039-01,SL-15-039,general_web,3,pending,baseline
R-Q-SL-15-039-01-image-search,Q-SL-15-039-01,SL-15-039,image_search,4,pending,baseline
R-Q-SL-15-039-02-local-folder,Q-SL-15-039-02,SL-15-039,local_folder,1,pending,local_source_enabled
R-Q-SL-15-039-02-general-web,Q-SL-15-039-02,SL-15-039,general_web,3,pending,baseline
R-Q-SL-15-039-02-image-search,Q-SL-15-039-02,SL-15-039,image_search,4,pending,baseline
R-Q-SL-15-039-03-local-folder,Q-SL-15-039-03,SL-15-039,local_folder,1,pending,local_source_enabled
R-Q-SL-15-039-03-general-web,Q-SL-15-039-03,SL-15-039,general_web,3,pending,baseline
R-Q-SL-15-039-03-image-search,Q-SL-15-039-03,SL-15-039,image_search,4,pending,baseline
R-Q-SL-15-039-04-local-folder,Q-SL-15-039-04,SL-15-039,local_folder,1,pending,local_source_enabled
R-Q-SL-15-039-04-wikimedia,Q-SL-15-039-04,SL-15-039,wikimedia,2,pending,historical_query
R-Q-SL-15-039-04-general-web,Q-SL-15-039-04,SL-15-039,general_web,3,pending,baseline
R-Q-SL-15-039-04-image-search,Q-SL-15-039-04,SL-15-039,image_search,4,pending,baseline
R-Q-SL-15-039-05-local-folder,Q-SL-15-039-05,SL-15-039,local_folder,1,pending,local_source_enabled
R-Q-SL-15-039-05-general-web,Q-SL-15-039-05,SL-15-039,general_web,3,pending,baseline
R-Q-SL-15-039-05-image-search,Q-SL-15-039-05,SL-15-039,image_search,4,pending,baseline
R-Q-SL-15-040-01-local-folder,Q-SL-15-040-01,SL-15-040,local_folder,1,pending,local_source_enabled
R-Q-SL-15-040-01-general-web,Q-SL-15-040-01,SL-15-040,general_web,3,pending,baseline
R-Q-SL-15-040-01-image-search,Q-SL-15-040-01,SL-15-040,image_search,4,pending,baseline
R-Q-SL-15-040-02-local-folder,Q-SL-15-040-02,SL-15-040,local_folder,1,pending,local_source_enabled
R-Q-SL-15-040-02-general-web,Q-SL-15-040-02,SL-15-040,general_web,3,pending,baseline
R-Q-SL-15-040-02-image-search,Q-SL-15-040-02,SL-15-040,image_search,4,pending,baseline
R-Q-SL-15-040-03-local-folder,Q-SL-15-040-03,SL-15-040,local_folder,1,pending,local_source_enabled
R-Q-SL-15-040-03-general-web,Q-SL-15-040-03,SL-15-040,general_web,3,pending,baseline
R-Q-SL-15-040-03-image-search,Q-SL-15-040-03,SL-15-040,image_search,4,pending,baseline
R-Q-SL-15-040-04-local-folder,Q-SL-15-040-04,SL-15-040,local_folder,1,pending,local_source_enabled
R-Q-SL-15-040-04-wikimedia,Q-SL-15-040-04,SL-15-040,wikimedia,2,pending,historical_query
R-Q-SL-15-040-04-general-web,Q-SL-15-040-04,SL-15-040,general_web,3,pending,baseline
R-Q-SL-15-040-04-image-search,Q-SL-15-040-04,SL-15-040,image_search,4,pending,baseline
R-Q-SL-15-040-05-local-folder,Q-SL-15-040-05,SL-15-040,local_folder,1,pending,local_source_enabled
R-Q-SL-15-040-05-wikimedia,Q-SL-15-040-05,SL-15-040,wikimedia,2,pending,historical_query
R-Q-SL-15-040-05-general-web,Q-SL-15-040-05,SL-15-040,general_web,3,pending,baseline
R-Q-SL-15-040-05-image-search,Q-SL-15-040-05,SL-15-040,image_search,4,pending,baseline
R-Q-SL-15-041-01-local-folder,Q-SL-15-041-01,SL-15-041,local_folder,1,pending,local_source_enabled
R-Q-SL-15-041-01-wikimedia,Q-SL-15-041-01,SL-15-041,wikimedia,2,pending,historical_query
R-Q-SL-15-041-01-general-web,Q-SL-15-041-01,SL-15-041,general_web,3,pending,baseline
R-Q-SL-15-041-01-image-search,Q-SL-15-041-01,SL-15-041,image_search,4,pending,baseline
R-Q-SL-15-041-02-local-folder,Q-SL-15-041-02,SL-15-041,local_folder,1,pending,local_source_enabled
R-Q-SL-15-041-02-wikimedia,Q-SL-15-041-02,SL-15-041,wikimedia,2,pending,historical_query
R-Q-SL-15-041-02-general-web,Q-SL-15-041-02,SL-15-041,general_web,3,pending,baseline
R-Q-SL-15-041-02-image-search,Q-SL-15-041-02,SL-15-041,image_search,4,pending,baseline
R-Q-SL-15-041-03-local-folder,Q-SL-15-041-03,SL-15-041,local_folder,1,pending,local_source_enabled
R-Q-SL-15-041-03-wikimedia,Q-SL-15-041-03,SL-15-041,wikimedia,2,pending,historical_query
R-Q-SL-15-041-03-general-web,Q-SL-15-041-03,SL-15-041,general_web,3,pending,baseline
R-Q-SL-15-041-03-image-search,Q-SL-15-041-03,SL-15-041,image_search,4,pending,baseline
R-Q-SL-15-041-04-local-folder,Q-SL-15-041-04,SL-15-041,local_folder,1,pending,local_source_enabled
R-Q-SL-15-041-04-wikimedia,Q-SL-15-041-04,SL-15-041,wikimedia,2,pending,historical_query
R-Q-SL-15-041-04-general-web,Q-SL-15-041-04,SL-15-041,general_web,3,pending,baseline
R-Q-SL-15-041-04-image-search,Q-SL-15-041-04,SL-15-041,image_search,4,pending,baseline
R-Q-SL-15-041-05-local-folder,Q-SL-15-041-05,SL-15-041,local_folder,1,pending,local_source_enabled
R-Q-SL-15-041-05-wikimedia,Q-SL-15-041-05,SL-15-041,wikimedia,2,pending,historical_query
R-Q-SL-15-041-05-general-web,Q-SL-15-041-05,SL-15-041,general_web,3,pending,baseline
R-Q-SL-15-041-05-image-search,Q-SL-15-041-05,SL-15-041,image_search,4,pending,baseline
R-Q-SL-15-042-01-local-folder,Q-SL-15-042-01,SL-15-042,local_folder,1,pending,local_source_enabled
R-Q-SL-15-042-01-general-web,Q-SL-15-042-01,SL-15-042,general_web,3,pending,baseline
R-Q-SL-15-042-01-image-search,Q-SL-15-042-01,SL-15-042,image_search,4,pending,baseline
R-Q-SL-15-042-02-local-folder,Q-SL-15-042-02,SL-15-042,local_folder,1,pending,local_source_enabled
R-Q-SL-15-042-02-general-web,Q-SL-15-042-02,SL-15-042,general_web,3,pending,baseline
R-Q-SL-15-042-02-image-search,Q-SL-15-042-02,SL-15-042,image_search,4,pending,baseline
R-Q-SL-15-042-03-local-folder,Q-SL-15-042-03,SL-15-042,local_folder,1,pending,local_source_enabled
R-Q-SL-15-042-03-general-web,Q-SL-15-042-03,SL-15-042,general_web,3,pending,baseline
R-Q-SL-15-042-03-image-search,Q-SL-15-042-03,SL-15-042,image_search,4,pending,baseline
R-Q-SL-15-042-04-local-folder,Q-SL-15-042-04,SL-15-042,local_folder,1,pending,local_source_enabled
R-Q-SL-15-042-04-wikimedia,Q-SL-15-042-04,SL-15-042,wikimedia,2,pending,historical_query
R-Q-SL-15-042-04-general-web,Q-SL-15-042-04,SL-15-042,general_web,3,pending,baseline
R-Q-SL-15-042-04-image-search,Q-SL-15-042-04,SL-15-042,image_search,4,pending,baseline
R-Q-SL-15-042-05-local-folder,Q-SL-15-042-05,SL-15-042,local_folder,1,pending,local_source_enabled
R-Q-SL-15-042-05-general-web,Q-SL-15-042-05,SL-15-042,general_web,3,pending,baseline
R-Q-SL-15-042-05-image-search,Q-SL-15-042-05,SL-15-042,image_search,4,pending,baseline
R-Q-SL-15-043-01-local-folder,Q-SL-15-043-01,SL-15-043,local_folder,1,pending,local_source_enabled
R-Q-SL-15-043-01-general-web,Q-SL-15-043-01,SL-15-043,general_web,3,pending,baseline
R-Q-SL-15-043-01-image-search,Q-SL-15-043-01,SL-15-043,image_search,4,pending,baseline
R-Q-SL-15-043-02-local-folder,Q-SL-15-043-02,SL-15-043,local_folder,1,pending,local_source_enabled
R-Q-SL-15-043-02-general-web,Q-SL-15-043-02,SL-15-043,general_web,3,pending,baseline
R-Q-SL-15-043-02-image-search,Q-SL-15-043-02,SL-15-043,image_search,4,pending,baseline
R-Q-SL-15-043-03-local-folder,Q-SL-15-043-03,SL-15-043,local_folder,1,pending,local_source_enabled
R-Q-SL-15-043-03-general-web,Q-SL-15-043-03,SL-15-043,general_web,3,pending,baseline
R-Q-SL-15-043-03-image-search,Q-SL-15-043-03,SL-15-043,image_search,4,pending,baseline
R-Q-SL-15-043-04-local-folder,Q-SL-15-043-04,SL-15-043,local_folder,1,pending,local_source_enabled
R-Q-SL-15-043-04-wikimedia,Q-SL-15-043-04,SL-15-043,wikimedia,2,pending,historical_query
R-Q-SL-15-043-04-general-web,Q-SL-15-043-04,SL-15-043,general_web,3,pending,baseline
R-Q-SL-15-043-04-image-search,Q-SL-15-043-04,SL-15-043,image_search,4,pending,baseline
R-Q-SL-15-043-05-local-folder,Q-SL-15-043-05,SL-15-043,local_folder,1,pending,local_source_enabled
R-Q-SL-15-043-05-wikimedia,Q-SL-15-043-05,SL-15-043,wikimedia,2,pending,historical_query
R-Q-SL-15-043-05-general-web,Q-SL-15-043-05,SL-15-043,general_web,3,pending,baseline
R-Q-SL-15-043-05-image-search,Q-SL-15-043-05,SL-15-043,image_search,4,pending,baseline
R-Q-SL-15-044-01-local-folder,Q-SL-15-044-01,SL-15-044,local_folder,1,pending,local_source_enabled
R-Q-SL-15-044-01-wikimedia,Q-SL-15-044-01,SL-15-044,wikimedia,2,pending,historical_query
R-Q-SL-15-044-01-general-web,Q-SL-15-044-01,SL-15-044,general_web,3,pending,baseline
R-Q-SL-15-044-01-image-search,Q-SL-15-044-01,SL-15-044,image_search,4,pending,baseline
R-Q-SL-15-044-02-local-folder,Q-SL-15-044-02,SL-15-044,local_folder,1,pending,local_source_enabled
R-Q-SL-15-044-02-wikimedia,Q-SL-15-044-02,SL-15-044,wikimedia,2,pending,historical_query
R-Q-SL-15-044-02-general-web,Q-SL-15-044-02,SL-15-044,general_web,3,pending,baseline
R-Q-SL-15-044-02-image-search,Q-SL-15-044-02,SL-15-044,image_search,4,pending,baseline
R-Q-SL-15-044-03-local-folder,Q-SL-15-044-03,SL-15-044,local_folder,1,pending,local_source_enabled
R-Q-SL-15-044-03-wikimedia,Q-SL-15-044-03,SL-15-044,wikimedia,2,pending,historical_query
R-Q-SL-15-044-03-general-web,Q-SL-15-044-03,SL-15-044,general_web,3,pending,baseline
R-Q-SL-15-044-03-image-search,Q-SL-15-044-03,SL-15-044,image_search,4,pending,baseline
R-Q-SL-15-044-04-local-folder,Q-SL-15-044-04,SL-15-044,local_folder,1,pending,local_source_enabled
R-Q-SL-15-044-04-wikimedia,Q-SL-15-044-04,SL-15-044,wikimedia,2,pending,historical_query
R-Q-SL-15-044-04-general-web,Q-SL-15-044-04,SL-15-044,general_web,3,pending,baseline
R-Q-SL-15-044-04-image-search,Q-SL-15-044-04,SL-15-044,image_search,4,pending,baseline
R-Q-SL-15-044-05-local-folder,Q-SL-15-044-05,SL-15-044,local_folder,1,pending,local_source_enabled
R-Q-SL-15-044-05-wikimedia,Q-SL-15-044-05,SL-15-044,wikimedia,2,pending,historical_query
R-Q-SL-15-044-05-general-web,Q-SL-15-044-05,SL-15-044,general_web,3,pending,baseline
R-Q-SL-15-044-05-image-search,Q-SL-15-044-05,SL-15-044,image_search,4,pending,baseline
R-Q-SL-15-045-01-local-folder,Q-SL-15-045-01,SL-15-045,local_folder,1,pending,local_source_enabled
R-Q-SL-15-045-01-general-web,Q-SL-15-045-01,SL-15-045,general_web,3,pending,baseline
R-Q-SL-15-045-01-image-search,Q-SL-15-045-01,SL-15-045,image_search,4,pending,baseline
R-Q-SL-15-045-02-local-folder,Q-SL-15-045-02,SL-15-045,local_folder,1,pending,local_source_enabled
R-Q-SL-15-045-02-general-web,Q-SL-15-045-02,SL-15-045,general_web,3,pending,baseline
R-Q-SL-15-045-02-image-search,Q-SL-15-045-02,SL-15-045,image_search,4,pending,baseline
R-Q-SL-15-045-03-local-folder,Q-SL-15-045-03,SL-15-045,local_folder,1,pending,local_source_enabled
R-Q-SL-15-045-03-general-web,Q-SL-15-045-03,SL-15-045,general_web,3,pending,baseline
R-Q-SL-15-045-03-image-search,Q-SL-15-045-03,SL-15-045,image_search,4,pending,baseline
R-Q-SL-15-045-04-local-folder,Q-SL-15-045-04,SL-15-045,local_folder,1,pending,local_source_enabled
R-Q-SL-15-045-04-wikimedia,Q-SL-15-045-04,SL-15-045,wikimedia,2,pending,historical_query
R-Q-SL-15-045-04-general-web,Q-SL-15-045-04,SL-15-045,general_web,3,pending,baseline
R-Q-SL-15-045-04-image-search,Q-SL-15-045-04,SL-15-045,image_search,4,pending,baseline
R-Q-SL-15-045-05-local-folder,Q-SL-15-045-05,SL-15-045,local_folder,1,pending,local_source_enabled
R-Q-SL-15-045-05-general-web,Q-SL-15-045-05,SL-15-045,general_web,3,pending,baseline
R-Q-SL-15-045-05-image-search,Q-SL-15-045-05,SL-15-045,image_search,4,pending,baseline
R-Q-SL-15-046-01-local-folder,Q-SL-15-046-01,SL-15-046,local_folder,1,pending,local_source_enabled
R-Q-SL-15-046-01-general-web,Q-SL-15-046-01,SL-15-046,general_web,3,pending,baseline
R-Q-SL-15-046-01-image-search,Q-SL-15-046-01,SL-15-046,image_search,4,pending,baseline
R-Q-SL-15-046-02-local-folder,Q-SL-15-046-02,SL-15-046,local_folder,1,pending,local_source_enabled
R-Q-SL-15-046-02-general-web,Q-SL-15-046-02,SL-15-046,general_web,3,pending,baseline
R-Q-SL-15-046-02-image-search,Q-SL-15-046-02,SL-15-046,image_search,4,pending,baseline
R-Q-SL-15-046-03-local-folder,Q-SL-15-046-03,SL-15-046,local_folder,1,pending,local_source_enabled
R-Q-SL-15-046-03-general-web,Q-SL-15-046-03,SL-15-046,general_web,3,pending,baseline
R-Q-SL-15-046-03-image-search,Q-SL-15-046-03,SL-15-046,image_search,4,pending,baseline
R-Q-SL-15-046-04-local-folder,Q-SL-15-046-04,SL-15-046,local_folder,1,pending,local_source_enabled
R-Q-SL-15-046-04-wikimedia,Q-SL-15-046-04,SL-15-046,wikimedia,2,pending,historical_query
R-Q-SL-15-046-04-general-web,Q-SL-15-046-04,SL-15-046,general_web,3,pending,baseline
R-Q-SL-15-046-04-image-search,Q-SL-15-046-04,SL-15-046,image_search,4,pending,baseline
R-Q-SL-15-046-05-local-folder,Q-SL-15-046-05,SL-15-046,local_folder,1,pending,local_source_enabled
R-Q-SL-15-046-05-wikimedia,Q-SL-15-046-05,SL-15-046,wikimedia,2,pending,historical_query
R-Q-SL-15-046-05-general-web,Q-SL-15-046-05,SL-15-046,general_web,3,pending,baseline
R-Q-SL-15-046-05-image-search,Q-SL-15-046-05,SL-15-046,image_search,4,pending,baseline
R-Q-SL-15-047-01-local-folder,Q-SL-15-047-01,SL-15-047,local_folder,1,pending,local_source_enabled
R-Q-SL-15-047-01-wikimedia,Q-SL-15-047-01,SL-15-047,wikimedia,2,pending,historical_query
R-Q-SL-15-047-01-general-web,Q-SL-15-047-01,SL-15-047,general_web,3,pending,baseline
R-Q-SL-15-047-01-image-search,Q-SL-15-047-01,SL-15-047,image_search,4,pending,baseline
R-Q-SL-15-047-02-local-folder,Q-SL-15-047-02,SL-15-047,local_folder,1,pending,local_source_enabled
R-Q-SL-15-047-02-wikimedia,Q-SL-15-047-02,SL-15-047,wikimedia,2,pending,historical_query
R-Q-SL-15-047-02-general-web,Q-SL-15-047-02,SL-15-047,general_web,3,pending,baseline
R-Q-SL-15-047-02-image-search,Q-SL-15-047-02,SL-15-047,image_search,4,pending,baseline
R-Q-SL-15-047-03-local-folder,Q-SL-15-047-03,SL-15-047,local_folder,1,pending,local_source_enabled
R-Q-SL-15-047-03-wikimedia,Q-SL-15-047-03,SL-15-047,wikimedia,2,pending,historical_query
R-Q-SL-15-047-03-general-web,Q-SL-15-047-03,SL-15-047,general_web,3,pending,baseline
R-Q-SL-15-047-03-image-search,Q-SL-15-047-03,SL-15-047,image_search,4,pending,baseline
R-Q-SL-15-047-04-local-folder,Q-SL-15-047-04,SL-15-047,local_folder,1,pending,local_source_enabled
R-Q-SL-15-047-04-wikimedia,Q-SL-15-047-04,SL-15-047,wikimedia,2,pending,historical_query
R-Q-SL-15-047-04-general-web,Q-SL-15-047-04,SL-15-047,general_web,3,pending,baseline
R-Q-SL-15-047-04-image-search,Q-SL-15-047-04,SL-15-047,image_search,4,pending,baseline
R-Q-SL-15-047-05-local-folder,Q-SL-15-047-05,SL-15-047,local_folder,1,pending,local_source_enabled
R-Q-SL-15-047-05-wikimedia,Q-SL-15-047-05,SL-15-047,wikimedia,2,pending,historical_query
R-Q-SL-15-047-05-general-web,Q-SL-15-047-05,SL-15-047,general_web,3,pending,baseline
R-Q-SL-15-047-05-image-search,Q-SL-15-047-05,SL-15-047,image_search,4,pending,baseline
R-Q-SL-15-048-01-local-folder,Q-SL-15-048-01,SL-15-048,local_folder,1,pending,local_source_enabled
R-Q-SL-15-048-01-general-web,Q-SL-15-048-01,SL-15-048,general_web,3,pending,baseline
R-Q-SL-15-048-01-image-search,Q-SL-15-048-01,SL-15-048,image_search,4,pending,baseline
R-Q-SL-15-048-02-local-folder,Q-SL-15-048-02,SL-15-048,local_folder,1,pending,local_source_enabled
R-Q-SL-15-048-02-general-web,Q-SL-15-048-02,SL-15-048,general_web,3,pending,baseline
R-Q-SL-15-048-02-image-search,Q-SL-15-048-02,SL-15-048,image_search,4,pending,baseline
R-Q-SL-15-048-03-local-folder,Q-SL-15-048-03,SL-15-048,local_folder,1,pending,local_source_enabled
R-Q-SL-15-048-03-general-web,Q-SL-15-048-03,SL-15-048,general_web,3,pending,baseline
R-Q-SL-15-048-03-image-search,Q-SL-15-048-03,SL-15-048,image_search,4,pending,baseline
R-Q-SL-15-048-04-local-folder,Q-SL-15-048-04,SL-15-048,local_folder,1,pending,local_source_enabled
R-Q-SL-15-048-04-wikimedia,Q-SL-15-048-04,SL-15-048,wikimedia,2,pending,historical_query
R-Q-SL-15-048-04-general-web,Q-SL-15-048-04,SL-15-048,general_web,3,pending,baseline
R-Q-SL-15-048-04-image-search,Q-SL-15-048-04,SL-15-048,image_search,4,pending,baseline
R-Q-SL-15-048-05-local-folder,Q-SL-15-048-05,SL-15-048,local_folder,1,pending,local_source_enabled
R-Q-SL-15-048-05-general-web,Q-SL-15-048-05,SL-15-048,general_web,3,pending,baseline
R-Q-SL-15-048-05-image-search,Q-SL-15-048-05,SL-15-048,image_search,4,pending,baseline
R-Q-SL-15-049-01-local-folder,Q-SL-15-049-01,SL-15-049,local_folder,1,pending,local_source_enabled
R-Q-SL-15-049-01-general-web,Q-SL-15-049-01,SL-15-049,general_web,3,pending,baseline
R-Q-SL-15-049-01-image-search,Q-SL-15-049-01,SL-15-049,image_search,4,pending,baseline
R-Q-SL-15-049-02-local-folder,Q-SL-15-049-02,SL-15-049,local_folder,1,pending,local_source_enabled
R-Q-SL-15-049-02-general-web,Q-SL-15-049-02,SL-15-049,general_web,3,pending,baseline
R-Q-SL-15-049-02-image-search,Q-SL-15-049-02,SL-15-049,image_search,4,pending,baseline
R-Q-SL-15-049-03-local-folder,Q-SL-15-049-03,SL-15-049,local_folder,1,pending,local_source_enabled
R-Q-SL-15-049-03-general-web,Q-SL-15-049-03,SL-15-049,general_web,3,pending,baseline
R-Q-SL-15-049-03-image-search,Q-SL-15-049-03,SL-15-049,image_search,4,pending,baseline
R-Q-SL-15-049-04-local-folder,Q-SL-15-049-04,SL-15-049,local_folder,1,pending,local_source_enabled
R-Q-SL-15-049-04-wikimedia,Q-SL-15-049-04,SL-15-049,wikimedia,2,pending,historical_query
R-Q-SL-15-049-04-general-web,Q-SL-15-049-04,SL-15-049,general_web,3,pending,baseline
R-Q-SL-15-049-04-image-search,Q-SL-15-049-04,SL-15-049,image_search,4,pending,baseline
R-Q-SL-15-049-05-local-folder,Q-SL-15-049-05,SL-15-049,local_folder,1,pending,local_source_enabled
R-Q-SL-15-049-05-general-web,Q-SL-15-049-05,SL-15-049,general_web,3,pending,baseline
R-Q-SL-15-049-05-image-search,Q-SL-15-049-05,SL-15-049,image_search,4,pending,baseline
R-Q-SL-15-050-01-local-folder,Q-SL-15-050-01,SL-15-050,local_folder,1,pending,local_source_enabled
R-Q-SL-15-050-01-wikimedia,Q-SL-15-050-01,SL-15-050,wikimedia,2,pending,historical_query
R-Q-SL-15-050-01-general-web,Q-SL-15-050-01,SL-15-050,general_web,3,pending,baseline
R-Q-SL-15-050-01-image-search,Q-SL-15-050-01,SL-15-050,image_search,4,pending,baseline
R-Q-SL-15-050-02-local-folder,Q-SL-15-050-02,SL-15-050,local_folder,1,pending,local_source_enabled
R-Q-SL-15-050-02-wikimedia,Q-SL-15-050-02,SL-15-050,wikimedia,2,pending,historical_query
R-Q-SL-15-050-02-general-web,Q-SL-15-050-02,SL-15-050,general_web,3,pending,baseline
R-Q-SL-15-050-02-image-search,Q-SL-15-050-02,SL-15-050,image_search,4,pending,baseline
R-Q-SL-15-050-03-local-folder,Q-SL-15-050-03,SL-15-050,local_folder,1,pending,local_source_enabled
R-Q-SL-15-050-03-wikimedia,Q-SL-15-050-03,SL-15-050,wikimedia,2,pending,historical_query
R-Q-SL-15-050-03-general-web,Q-SL-15-050-03,SL-15-050,general_web,3,pending,baseline
R-Q-SL-15-050-03-image-search,Q-SL-15-050-03,SL-15-050,image_search,4,pending,baseline
R-Q-SL-15-050-04-local-folder,Q-SL-15-050-04,SL-15-050,local_folder,1,pending,local_source_enabled
R-Q-SL-15-050-04-wikimedia,Q-SL-15-050-04,SL-15-050,wikimedia,2,pending,historical_query
R-Q-SL-15-050-04-general-web,Q-SL-15-050-04,SL-15-050,general_web,3,pending,baseline
R-Q-SL-15-050-04-image-search,Q-SL-15-050-04,SL-15-050,image_search,4,pending,baseline
R-Q-SL-15-050-05-local-folder,Q-SL-15-050-05,SL-15-050,local_folder,1,pending,local_source_enabled
R-Q-SL-15-050-05-wikimedia,Q-SL-15-050-05,SL-15-050,wikimedia,2,pending,historical_query
R-Q-SL-15-050-05-general-web,Q-SL-15-050-05,SL-15-050,general_web,3,pending,baseline
R-Q-SL-15-050-05-image-search,Q-SL-15-050-05,SL-15-050,image_search,4,pending,baseline
R-Q-SL-15-051-01-local-folder,Q-SL-15-051-01,SL-15-051,local_folder,1,pending,local_source_enabled
R-Q-SL-15-051-01-general-web,Q-SL-15-051-01,SL-15-051,general_web,3,pending,baseline
R-Q-SL-15-051-01-image-search,Q-SL-15-051-01,SL-15-051,image_search,4,pending,baseline
R-Q-SL-15-051-02-local-folder,Q-SL-15-051-02,SL-15-051,local_folder,1,pending,local_source_enabled
R-Q-SL-15-051-02-general-web,Q-SL-15-051-02,SL-15-051,general_web,3,pending,baseline
R-Q-SL-15-051-02-image-search,Q-SL-15-051-02,SL-15-051,image_search,4,pending,baseline
R-Q-SL-15-051-03-local-folder,Q-SL-15-051-03,SL-15-051,local_folder,1,pending,local_source_enabled
R-Q-SL-15-051-03-general-web,Q-SL-15-051-03,SL-15-051,general_web,3,pending,baseline
R-Q-SL-15-051-03-image-search,Q-SL-15-051-03,SL-15-051,image_search,4,pending,baseline
R-Q-SL-15-051-04-local-folder,Q-SL-15-051-04,SL-15-051,local_folder,1,pending,local_source_enabled
R-Q-SL-15-051-04-wikimedia,Q-SL-15-051-04,SL-15-051,wikimedia,2,pending,historical_query
R-Q-SL-15-051-04-general-web,Q-SL-15-051-04,SL-15-051,general_web,3,pending,baseline
R-Q-SL-15-051-04-image-search,Q-SL-15-051-04,SL-15-051,image_search,4,pending,baseline
R-Q-SL-15-051-05-local-folder,Q-SL-15-051-05,SL-15-051,local_folder,1,pending,local_source_enabled
R-Q-SL-15-051-05-general-web,Q-SL-15-051-05,SL-15-051,general_web,3,pending,baseline
R-Q-SL-15-051-05-image-search,Q-SL-15-051-05,SL-15-051,image_search,4,pending,baseline
R-Q-SL-15-052-01-local-folder,Q-SL-15-052-01,SL-15-052,local_folder,1,pending,local_source_enabled
R-Q-SL-15-052-01-general-web,Q-SL-15-052-01,SL-15-052,general_web,3,pending,baseline
R-Q-SL-15-052-01-image-search,Q-SL-15-052-01,SL-15-052,image_search,4,pending,baseline
R-Q-SL-15-052-02-local-folder,Q-SL-15-052-02,SL-15-052,local_folder,1,pending,local_source_enabled
R-Q-SL-15-052-02-general-web,Q-SL-15-052-02,SL-15-052,general_web,3,pending,baseline
R-Q-SL-15-052-02-image-search,Q-SL-15-052-02,SL-15-052,image_search,4,pending,baseline
R-Q-SL-15-052-03-local-folder,Q-SL-15-052-03,SL-15-052,local_folder,1,pending,local_source_enabled
R-Q-SL-15-052-03-general-web,Q-SL-15-052-03,SL-15-052,general_web,3,pending,baseline
R-Q-SL-15-052-03-image-search,Q-SL-15-052-03,SL-15-052,image_search,4,pending,baseline
R-Q-SL-15-052-04-local-folder,Q-SL-15-052-04,SL-15-052,local_folder,1,pending,local_source_enabled
R-Q-SL-15-052-04-wikimedia,Q-SL-15-052-04,SL-15-052,wikimedia,2,pending,historical_query
R-Q-SL-15-052-04-general-web,Q-SL-15-052-04,SL-15-052,general_web,3,pending,baseline
R-Q-SL-15-052-04-image-search,Q-SL-15-052-04,SL-15-052,image_search,4,pending,baseline
R-Q-SL-15-052-05-local-folder,Q-SL-15-052-05,SL-15-052,local_folder,1,pending,local_source_enabled
R-Q-SL-15-052-05-general-web,Q-SL-15-052-05,SL-15-052,general_web,3,pending,baseline
R-Q-SL-15-052-05-image-search,Q-SL-15-052-05,SL-15-052,image_search,4,pending,baseline
R-Q-SL-15-053-01-local-folder,Q-SL-15-053-01,SL-15-053,local_folder,1,pending,local_source_enabled
R-Q-SL-15-053-01-wikimedia,Q-SL-15-053-01,SL-15-053,wikimedia,2,pending,historical_query
R-Q-SL-15-053-01-general-web,Q-SL-15-053-01,SL-15-053,general_web,3,pending,baseline
R-Q-SL-15-053-01-image-search,Q-SL-15-053-01,SL-15-053,image_search,4,pending,baseline
R-Q-SL-15-053-02-local-folder,Q-SL-15-053-02,SL-15-053,local_folder,1,pending,local_source_enabled
R-Q-SL-15-053-02-wikimedia,Q-SL-15-053-02,SL-15-053,wikimedia,2,pending,historical_query
R-Q-SL-15-053-02-general-web,Q-SL-15-053-02,SL-15-053,general_web,3,pending,baseline
R-Q-SL-15-053-02-image-search,Q-SL-15-053-02,SL-15-053,image_search,4,pending,baseline
R-Q-SL-15-053-03-local-folder,Q-SL-15-053-03,SL-15-053,local_folder,1,pending,local_source_enabled
R-Q-SL-15-053-03-wikimedia,Q-SL-15-053-03,SL-15-053,wikimedia,2,pending,historical_query
R-Q-SL-15-053-03-general-web,Q-SL-15-053-03,SL-15-053,general_web,3,pending,baseline
R-Q-SL-15-053-03-image-search,Q-SL-15-053-03,SL-15-053,image_search,4,pending,baseline
R-Q-SL-15-053-04-local-folder,Q-SL-15-053-04,SL-15-053,local_folder,1,pending,local_source_enabled
R-Q-SL-15-053-04-wikimedia,Q-SL-15-053-04,SL-15-053,wikimedia,2,pending,historical_query
R-Q-SL-15-053-04-general-web,Q-SL-15-053-04,SL-15-053,general_web,3,pending,baseline
R-Q-SL-15-053-04-image-search,Q-SL-15-053-04,SL-15-053,image_search,4,pending,baseline
R-Q-SL-15-053-05-local-folder,Q-SL-15-053-05,SL-15-053,local_folder,1,pending,local_source_enabled
R-Q-SL-15-053-05-wikimedia,Q-SL-15-053-05,SL-15-053,wikimedia,2,pending,historical_query
R-Q-SL-15-053-05-general-web,Q-SL-15-053-05,SL-15-053,general_web,3,pending,baseline
R-Q-SL-15-053-05-image-search,Q-SL-15-053-05,SL-15-053,image_search,4,pending,baseline
R-Q-SL-15-054-01-local-folder,Q-SL-15-054-01,SL-15-054,local_folder,1,pending,local_source_enabled
R-Q-SL-15-054-01-general-web,Q-SL-15-054-01,SL-15-054,general_web,3,pending,baseline
R-Q-SL-15-054-01-image-search,Q-SL-15-054-01,SL-15-054,image_search,4,pending,baseline
R-Q-SL-15-054-02-local-folder,Q-SL-15-054-02,SL-15-054,local_folder,1,pending,local_source_enabled
R-Q-SL-15-054-02-general-web,Q-SL-15-054-02,SL-15-054,general_web,3,pending,baseline
R-Q-SL-15-054-02-image-search,Q-SL-15-054-02,SL-15-054,image_search,4,pending,baseline
R-Q-SL-15-054-03-local-folder,Q-SL-15-054-03,SL-15-054,local_folder,1,pending,local_source_enabled
R-Q-SL-15-054-03-general-web,Q-SL-15-054-03,SL-15-054,general_web,3,pending,baseline
R-Q-SL-15-054-03-image-search,Q-SL-15-054-03,SL-15-054,image_search,4,pending,baseline
R-Q-SL-15-054-04-local-folder,Q-SL-15-054-04,SL-15-054,local_folder,1,pending,local_source_enabled
R-Q-SL-15-054-04-wikimedia,Q-SL-15-054-04,SL-15-054,wikimedia,2,pending,historical_query
R-Q-SL-15-054-04-general-web,Q-SL-15-054-04,SL-15-054,general_web,3,pending,baseline
R-Q-SL-15-054-04-image-search,Q-SL-15-054-04,SL-15-054,image_search,4,pending,baseline
R-Q-SL-15-054-05-local-folder,Q-SL-15-054-05,SL-15-054,local_folder,1,pending,local_source_enabled
R-Q-SL-15-054-05-general-web,Q-SL-15-054-05,SL-15-054,general_web,3,pending,baseline
R-Q-SL-15-054-05-image-search,Q-SL-15-054-05,SL-15-054,image_search,4,pending,baseline
R-Q-SL-15-055-01-local-folder,Q-SL-15-055-01,SL-15-055,local_folder,1,pending,local_source_enabled
R-Q-SL-15-055-01-general-web,Q-SL-15-055-01,SL-15-055,general_web,3,pending,baseline
R-Q-SL-15-055-01-image-search,Q-SL-15-055-01,SL-15-055,image_search,4,pending,baseline
R-Q-SL-15-055-02-local-folder,Q-SL-15-055-02,SL-15-055,local_folder,1,pending,local_source_enabled
R-Q-SL-15-055-02-general-web,Q-SL-15-055-02,SL-15-055,general_web,3,pending,baseline
R-Q-SL-15-055-02-image-search,Q-SL-15-055-02,SL-15-055,image_search,4,pending,baseline
R-Q-SL-15-055-03-local-folder,Q-SL-15-055-03,SL-15-055,local_folder,1,pending,local_source_enabled
R-Q-SL-15-055-03-general-web,Q-SL-15-055-03,SL-15-055,general_web,3,pending,baseline
R-Q-SL-15-055-03-image-search,Q-SL-15-055-03,SL-15-055,image_search,4,pending,baseline
R-Q-SL-15-055-04-local-folder,Q-SL-15-055-04,SL-15-055,local_folder,1,pending,local_source_enabled
R-Q-SL-15-055-04-wikimedia,Q-SL-15-055-04,SL-15-055,wikimedia,2,pending,historical_query
R-Q-SL-15-055-04-general-web,Q-SL-15-055-04,SL-15-055,general_web,3,pending,baseline
R-Q-SL-15-055-04-image-search,Q-SL-15-055-04,SL-15-055,image_search,4,pending,baseline
R-Q-SL-15-055-05-local-folder,Q-SL-15-055-05,SL-15-055,local_folder,1,pending,local_source_enabled
R-Q-SL-15-055-05-general-web,Q-SL-15-055-05,SL-15-055,general_web,3,pending,baseline
R-Q-SL-15-055-05-image-search,Q-SL-15-055-05,SL-15-055,image_search,4,pending,baseline
R-Q-SL-15-056-01-local-folder,Q-SL-15-056-01,SL-15-056,local_folder,1,pending,local_source_enabled
R-Q-SL-15-056-01-wikimedia,Q-SL-15-056-01,SL-15-056,wikimedia,2,pending,historical_query
R-Q-SL-15-056-01-general-web,Q-SL-15-056-01,SL-15-056,general_web,3,pending,baseline
R-Q-SL-15-056-01-image-search,Q-SL-15-056-01,SL-15-056,image_search,4,pending,baseline
R-Q-SL-15-056-02-local-folder,Q-SL-15-056-02,SL-15-056,local_folder,1,pending,local_source_enabled
R-Q-SL-15-056-02-wikimedia,Q-SL-15-056-02,SL-15-056,wikimedia,2,pending,historical_query
R-Q-SL-15-056-02-general-web,Q-SL-15-056-02,SL-15-056,general_web,3,pending,baseline
R-Q-SL-15-056-02-image-search,Q-SL-15-056-02,SL-15-056,image_search,4,pending,baseline
R-Q-SL-15-056-03-local-folder,Q-SL-15-056-03,SL-15-056,local_folder,1,pending,local_source_enabled
R-Q-SL-15-056-03-wikimedia,Q-SL-15-056-03,SL-15-056,wikimedia,2,pending,historical_query
R-Q-SL-15-056-03-general-web,Q-SL-15-056-03,SL-15-056,general_web,3,pending,baseline
R-Q-SL-15-056-03-image-search,Q-SL-15-056-03,SL-15-056,image_search,4,pending,baseline
R-Q-SL-15-056-04-local-folder,Q-SL-15-056-04,SL-15-056,local_folder,1,pending,local_source_enabled
R-Q-SL-15-056-04-wikimedia,Q-SL-15-056-04,SL-15-056,wikimedia,2,pending,historical_query
R-Q-SL-15-056-04-general-web,Q-SL-15-056-04,SL-15-056,general_web,3,pending,baseline
R-Q-SL-15-056-04-image-search,Q-SL-15-056-04,SL-15-056,image_search,4,pending,baseline
R-Q-SL-15-056-05-local-folder,Q-SL-15-056-05,SL-15-056,local_folder,1,pending,local_source_enabled
R-Q-SL-15-056-05-wikimedia,Q-SL-15-056-05,SL-15-056,wikimedia,2,pending,historical_query
R-Q-SL-15-056-05-general-web,Q-SL-15-056-05,SL-15-056,general_web,3,pending,baseline
R-Q-SL-15-056-05-image-search,Q-SL-15-056-05,SL-15-056,image_search,4,pending,baseline
R-Q-SL-15-057-01-local-folder,Q-SL-15-057-01,SL-15-057,local_folder,1,pending,local_source_enabled
R-Q-SL-15-057-01-general-web,Q-SL-15-057-01,SL-15-057,general_web,3,pending,baseline
R-Q-SL-15-057-01-image-search,Q-SL-15-057-01,SL-15-057,image_search,4,pending,baseline
R-Q-SL-15-057-02-local-folder,Q-SL-15-057-02,SL-15-057,local_folder,1,pending,local_source_enabled
R-Q-SL-15-057-02-general-web,Q-SL-15-057-02,SL-15-057,general_web,3,pending,baseline
R-Q-SL-15-057-02-image-search,Q-SL-15-057-02,SL-15-057,image_search,4,pending,baseline
R-Q-SL-15-057-03-local-folder,Q-SL-15-057-03,SL-15-057,local_folder,1,pending,local_source_enabled
R-Q-SL-15-057-03-general-web,Q-SL-15-057-03,SL-15-057,general_web,3,pending,baseline
R-Q-SL-15-057-03-image-search,Q-SL-15-057-03,SL-15-057,image_search,4,pending,baseline
R-Q-SL-15-057-04-local-folder,Q-SL-15-057-04,SL-15-057,local_folder,1,pending,local_source_enabled
R-Q-SL-15-057-04-wikimedia,Q-SL-15-057-04,SL-15-057,wikimedia,2,pending,historical_query
R-Q-SL-15-057-04-general-web,Q-SL-15-057-04,SL-15-057,general_web,3,pending,baseline
R-Q-SL-15-057-04-image-search,Q-SL-15-057-04,SL-15-057,image_search,4,pending,baseline
R-Q-SL-15-057-05-local-folder,Q-SL-15-057-05,SL-15-057,local_folder,1,pending,local_source_enabled
R-Q-SL-15-057-05-general-web,Q-SL-15-057-05,SL-15-057,general_web,3,pending,baseline
R-Q-SL-15-057-05-image-search,Q-SL-15-057-05,SL-15-057,image_search,4,pending,baseline
R-Q-SL-15-058-01-local-folder,Q-SL-15-058-01,SL-15-058,local_folder,1,pending,local_source_enabled
R-Q-SL-15-058-01-wikimedia,Q-SL-15-058-01,SL-15-058,wikimedia,2,pending,historical_query
R-Q-SL-15-058-01-general-web,Q-SL-15-058-01,SL-15-058,general_web,3,pending,baseline
R-Q-SL-15-058-01-image-search,Q-SL-15-058-01,SL-15-058,image_search,4,pending,baseline
R-Q-SL-15-058-02-local-folder,Q-SL-15-058-02,SL-15-058,local_folder,1,pending,local_source_enabled
R-Q-SL-15-058-02-wikimedia,Q-SL-15-058-02,SL-15-058,wikimedia,2,pending,historical_query
R-Q-SL-15-058-02-general-web,Q-SL-15-058-02,SL-15-058,general_web,3,pending,baseline
R-Q-SL-15-058-02-image-search,Q-SL-15-058-02,SL-15-058,image_search,4,pending,baseline
R-Q-SL-15-058-03-local-folder,Q-SL-15-058-03,SL-15-058,local_folder,1,pending,local_source_enabled
R-Q-SL-15-058-03-wikimedia,Q-SL-15-058-03,SL-15-058,wikimedia,2,pending,historical_query
R-Q-SL-15-058-03-general-web,Q-SL-15-058-03,SL-15-058,general_web,3,pending,baseline
R-Q-SL-15-058-03-image-search,Q-SL-15-058-03,SL-15-058,image_search,4,pending,baseline
R-Q-SL-15-058-04-local-folder,Q-SL-15-058-04,SL-15-058,local_folder,1,pending,local_source_enabled
R-Q-SL-15-058-04-wikimedia,Q-SL-15-058-04,SL-15-058,wikimedia,2,pending,historical_query
R-Q-SL-15-058-04-general-web,Q-SL-15-058-04,SL-15-058,general_web,3,pending,baseline
R-Q-SL-15-058-04-image-search,Q-SL-15-058-04,SL-15-058,image_search,4,pending,baseline
R-Q-SL-15-058-05-local-folder,Q-SL-15-058-05,SL-15-058,local_folder,1,pending,local_source_enabled
R-Q-SL-15-058-05-wikimedia,Q-SL-15-058-05,SL-15-058,wikimedia,2,pending,historical_query
R-Q-SL-15-058-05-general-web,Q-SL-15-058-05,SL-15-058,general_web,3,pending,baseline
R-Q-SL-15-058-05-image-search,Q-SL-15-058-05,SL-15-058,image_search,4,pending,baseline
R-Q-SL-15-059-01-local-folder,Q-SL-15-059-01,SL-15-059,local_folder,1,pending,local_source_enabled
R-Q-SL-15-059-01-wikimedia,Q-SL-15-059-01,SL-15-059,wikimedia,2,pending,historical_query
R-Q-SL-15-059-01-general-web,Q-SL-15-059-01,SL-15-059,general_web,3,pending,baseline
R-Q-SL-15-059-01-image-search,Q-SL-15-059-01,SL-15-059,image_search,4,pending,baseline
R-Q-SL-15-059-02-local-folder,Q-SL-15-059-02,SL-15-059,local_folder,1,pending,local_source_enabled
R-Q-SL-15-059-02-wikimedia,Q-SL-15-059-02,SL-15-059,wikimedia,2,pending,historical_query
R-Q-SL-15-059-02-general-web,Q-SL-15-059-02,SL-15-059,general_web,3,pending,baseline
R-Q-SL-15-059-02-image-search,Q-SL-15-059-02,SL-15-059,image_search,4,pending,baseline
R-Q-SL-15-059-03-local-folder,Q-SL-15-059-03,SL-15-059,local_folder,1,pending,local_source_enabled
R-Q-SL-15-059-03-wikimedia,Q-SL-15-059-03,SL-15-059,wikimedia,2,pending,historical_query
R-Q-SL-15-059-03-general-web,Q-SL-15-059-03,SL-15-059,general_web,3,pending,baseline
R-Q-SL-15-059-03-image-search,Q-SL-15-059-03,SL-15-059,image_search,4,pending,baseline
R-Q-SL-15-059-04-local-folder,Q-SL-15-059-04,SL-15-059,local_folder,1,pending,local_source_enabled
R-Q-SL-15-059-04-wikimedia,Q-SL-15-059-04,SL-15-059,wikimedia,2,pending,historical_query
R-Q-SL-15-059-04-general-web,Q-SL-15-059-04,SL-15-059,general_web,3,pending,baseline
R-Q-SL-15-059-04-image-search,Q-SL-15-059-04,SL-15-059,image_search,4,pending,baseline
R-Q-SL-15-059-05-local-folder,Q-SL-15-059-05,SL-15-059,local_folder,1,pending,local_source_enabled
R-Q-SL-15-059-05-wikimedia,Q-SL-15-059-05,SL-15-059,wikimedia,2,pending,historical_query
R-Q-SL-15-059-05-general-web,Q-SL-15-059-05,SL-15-059,general_web,3,pending,baseline
R-Q-SL-15-059-05-image-search,Q-SL-15-059-05,SL-15-059,image_search,4,pending,baseline
R-Q-SL-15-060-01-local-folder,Q-SL-15-060-01,SL-15-060,local_folder,1,pending,local_source_enabled
R-Q-SL-15-060-01-wikimedia,Q-SL-15-060-01,SL-15-060,wikimedia,2,pending,historical_query
R-Q-SL-15-060-01-general-web,Q-SL-15-060-01,SL-15-060,general_web,3,pending,baseline
R-Q-SL-15-060-01-image-search,Q-SL-15-060-01,SL-15-060,image_search,4,pending,baseline
R-Q-SL-15-060-02-local-folder,Q-SL-15-060-02,SL-15-060,local_folder,1,pending,local_source_enabled
R-Q-SL-15-060-02-wikimedia,Q-SL-15-060-02,SL-15-060,wikimedia,2,pending,historical_query
R-Q-SL-15-060-02-general-web,Q-SL-15-060-02,SL-15-060,general_web,3,pending,baseline
R-Q-SL-15-060-02-image-search,Q-SL-15-060-02,SL-15-060,image_search,4,pending,baseline
R-Q-SL-15-060-03-local-folder,Q-SL-15-060-03,SL-15-060,local_folder,1,pending,local_source_enabled
R-Q-SL-15-060-03-wikimedia,Q-SL-15-060-03,SL-15-060,wikimedia,2,pending,historical_query
R-Q-SL-15-060-03-general-web,Q-SL-15-060-03,SL-15-060,general_web,3,pending,baseline
R-Q-SL-15-060-03-image-search,Q-SL-15-060-03,SL-15-060,image_search,4,pending,baseline
R-Q-SL-15-060-04-local-folder,Q-SL-15-060-04,SL-15-060,local_folder,1,pending,local_source_enabled
R-Q-SL-15-060-04-wikimedia,Q-SL-15-060-04,SL-15-060,wikimedia,2,pending,historical_query
R-Q-SL-15-060-04-general-web,Q-SL-15-060-04,SL-15-060,general_web,3,pending,baseline
R-Q-SL-15-060-04-image-search,Q-SL-15-060-04,SL-15-060,image_search,4,pending,baseline
R-Q-SL-15-060-05-local-folder,Q-SL-15-060-05,SL-15-060,local_folder,1,pending,local_source_enabled
R-Q-SL-15-060-05-wikimedia,Q-SL-15-060-05,SL-15-060,wikimedia,2,pending,historical_query
R-Q-SL-15-060-05-general-web,Q-SL-15-060-05,SL-15-060,general_web,3,pending,baseline
R-Q-SL-15-060-05-image-search,Q-SL-15-060-05,SL-15-060,image_search,4,pending,baseline
R-Q-SL-15-061-01-local-folder,Q-SL-15-061-01,SL-15-061,local_folder,1,pending,local_source_enabled
R-Q-SL-15-061-01-wikimedia,Q-SL-15-061-01,SL-15-061,wikimedia,2,pending,historical_query
R-Q-SL-15-061-01-general-web,Q-SL-15-061-01,SL-15-061,general_web,3,pending,baseline
R-Q-SL-15-061-01-image-search,Q-SL-15-061-01,SL-15-061,image_search,4,pending,baseline
R-Q-SL-15-061-02-local-folder,Q-SL-15-061-02,SL-15-061,local_folder,1,pending,local_source_enabled
R-Q-SL-15-061-02-wikimedia,Q-SL-15-061-02,SL-15-061,wikimedia,2,pending,historical_query
R-Q-SL-15-061-02-general-web,Q-SL-15-061-02,SL-15-061,general_web,3,pending,baseline
R-Q-SL-15-061-02-image-search,Q-SL-15-061-02,SL-15-061,image_search,4,pending,baseline
R-Q-SL-15-061-03-local-folder,Q-SL-15-061-03,SL-15-061,local_folder,1,pending,local_source_enabled
R-Q-SL-15-061-03-wikimedia,Q-SL-15-061-03,SL-15-061,wikimedia,2,pending,historical_query
R-Q-SL-15-061-03-general-web,Q-SL-15-061-03,SL-15-061,general_web,3,pending,baseline
R-Q-SL-15-061-03-image-search,Q-SL-15-061-03,SL-15-061,image_search,4,pending,baseline
R-Q-SL-15-061-04-local-folder,Q-SL-15-061-04,SL-15-061,local_folder,1,pending,local_source_enabled
R-Q-SL-15-061-04-wikimedia,Q-SL-15-061-04,SL-15-061,wikimedia,2,pending,historical_query
R-Q-SL-15-061-04-general-web,Q-SL-15-061-04,SL-15-061,general_web,3,pending,baseline
R-Q-SL-15-061-04-image-search,Q-SL-15-061-04,SL-15-061,image_search,4,pending,baseline
R-Q-SL-15-061-05-local-folder,Q-SL-15-061-05,SL-15-061,local_folder,1,pending,local_source_enabled
R-Q-SL-15-061-05-wikimedia,Q-SL-15-061-05,SL-15-061,wikimedia,2,pending,historical_query
R-Q-SL-15-061-05-general-web,Q-SL-15-061-05,SL-15-061,general_web,3,pending,baseline
R-Q-SL-15-061-05-image-search,Q-SL-15-061-05,SL-15-061,image_search,4,pending,baseline
R-Q-SL-15-062-01-local-folder,Q-SL-15-062-01,SL-15-062,local_folder,1,pending,local_source_enabled
R-Q-SL-15-062-01-wikimedia,Q-SL-15-062-01,SL-15-062,wikimedia,2,pending,historical_query
R-Q-SL-15-062-01-general-web,Q-SL-15-062-01,SL-15-062,general_web,3,pending,baseline
R-Q-SL-15-062-01-image-search,Q-SL-15-062-01,SL-15-062,image_search,4,pending,baseline
R-Q-SL-15-062-02-local-folder,Q-SL-15-062-02,SL-15-062,local_folder,1,pending,local_source_enabled
R-Q-SL-15-062-02-wikimedia,Q-SL-15-062-02,SL-15-062,wikimedia,2,pending,historical_query
R-Q-SL-15-062-02-general-web,Q-SL-15-062-02,SL-15-062,general_web,3,pending,baseline
R-Q-SL-15-062-02-image-search,Q-SL-15-062-02,SL-15-062,image_search,4,pending,baseline
R-Q-SL-15-062-03-local-folder,Q-SL-15-062-03,SL-15-062,local_folder,1,pending,local_source_enabled
R-Q-SL-15-062-03-wikimedia,Q-SL-15-062-03,SL-15-062,wikimedia,2,pending,historical_query
R-Q-SL-15-062-03-general-web,Q-SL-15-062-03,SL-15-062,general_web,3,pending,baseline
R-Q-SL-15-062-03-image-search,Q-SL-15-062-03,SL-15-062,image_search,4,pending,baseline
R-Q-SL-15-062-04-local-folder,Q-SL-15-062-04,SL-15-062,local_folder,1,pending,local_source_enabled
R-Q-SL-15-062-04-wikimedia,Q-SL-15-062-04,SL-15-062,wikimedia,2,pending,historical_query
R-Q-SL-15-062-04-general-web,Q-SL-15-062-04,SL-15-062,general_web,3,pending,baseline
R-Q-SL-15-062-04-image-search,Q-SL-15-062-04,SL-15-062,image_search,4,pending,baseline
R-Q-SL-15-062-05-local-folder,Q-SL-15-062-05,SL-15-062,local_folder,1,pending,local_source_enabled
R-Q-SL-15-062-05-wikimedia,Q-SL-15-062-05,SL-15-062,wikimedia,2,pending,historical_query
R-Q-SL-15-062-05-general-web,Q-SL-15-062-05,SL-15-062,general_web,3,pending,baseline
R-Q-SL-15-062-05-image-search,Q-SL-15-062-05,SL-15-062,image_search,4,pending,baseline
R-Q-SL-15-063-01-local-folder,Q-SL-15-063-01,SL-15-063,local_folder,1,pending,local_source_enabled
R-Q-SL-15-063-01-wikimedia,Q-SL-15-063-01,SL-15-063,wikimedia,2,pending,historical_query
R-Q-SL-15-063-01-general-web,Q-SL-15-063-01,SL-15-063,general_web,3,pending,baseline
R-Q-SL-15-063-01-image-search,Q-SL-15-063-01,SL-15-063,image_search,4,pending,baseline
R-Q-SL-15-063-02-local-folder,Q-SL-15-063-02,SL-15-063,local_folder,1,pending,local_source_enabled
R-Q-SL-15-063-02-wikimedia,Q-SL-15-063-02,SL-15-063,wikimedia,2,pending,historical_query
R-Q-SL-15-063-02-general-web,Q-SL-15-063-02,SL-15-063,general_web,3,pending,baseline
R-Q-SL-15-063-02-image-search,Q-SL-15-063-02,SL-15-063,image_search,4,pending,baseline
R-Q-SL-15-063-03-local-folder,Q-SL-15-063-03,SL-15-063,local_folder,1,pending,local_source_enabled
R-Q-SL-15-063-03-wikimedia,Q-SL-15-063-03,SL-15-063,wikimedia,2,pending,historical_query
R-Q-SL-15-063-03-general-web,Q-SL-15-063-03,SL-15-063,general_web,3,pending,baseline
R-Q-SL-15-063-03-image-search,Q-SL-15-063-03,SL-15-063,image_search,4,pending,baseline
R-Q-SL-15-063-04-local-folder,Q-SL-15-063-04,SL-15-063,local_folder,1,pending,local_source_enabled
R-Q-SL-15-063-04-wikimedia,Q-SL-15-063-04,SL-15-063,wikimedia,2,pending,historical_query
R-Q-SL-15-063-04-general-web,Q-SL-15-063-04,SL-15-063,general_web,3,pending,baseline
R-Q-SL-15-063-04-image-search,Q-SL-15-063-04,SL-15-063,image_search,4,pending,baseline
R-Q-SL-15-063-05-local-folder,Q-SL-15-063-05,SL-15-063,local_folder,1,pending,local_source_enabled
R-Q-SL-15-063-05-wikimedia,Q-SL-15-063-05,SL-15-063,wikimedia,2,pending,historical_query
R-Q-SL-15-063-05-general-web,Q-SL-15-063-05,SL-15-063,general_web,3,pending,baseline
R-Q-SL-15-063-05-image-search,Q-SL-15-063-05,SL-15-063,image_search,4,pending,baseline
R-Q-SL-15-064-01-local-folder,Q-SL-15-064-01,SL-15-064,local_folder,1,pending,local_source_enabled
R-Q-SL-15-064-01-general-web,Q-SL-15-064-01,SL-15-064,general_web,3,pending,baseline
R-Q-SL-15-064-01-image-search,Q-SL-15-064-01,SL-15-064,image_search,4,pending,baseline
R-Q-SL-15-064-02-local-folder,Q-SL-15-064-02,SL-15-064,local_folder,1,pending,local_source_enabled
R-Q-SL-15-064-02-general-web,Q-SL-15-064-02,SL-15-064,general_web,3,pending,baseline
R-Q-SL-15-064-02-image-search,Q-SL-15-064-02,SL-15-064,image_search,4,pending,baseline
R-Q-SL-15-064-03-local-folder,Q-SL-15-064-03,SL-15-064,local_folder,1,pending,local_source_enabled
R-Q-SL-15-064-03-general-web,Q-SL-15-064-03,SL-15-064,general_web,3,pending,baseline
R-Q-SL-15-064-03-image-search,Q-SL-15-064-03,SL-15-064,image_search,4,pending,baseline
R-Q-SL-15-064-04-local-folder,Q-SL-15-064-04,SL-15-064,local_folder,1,pending,local_source_enabled
R-Q-SL-15-064-04-wikimedia,Q-SL-15-064-04,SL-15-064,wikimedia,2,pending,historical_query
R-Q-SL-15-064-04-general-web,Q-SL-15-064-04,SL-15-064,general_web,3,pending,baseline
R-Q-SL-15-064-04-image-search,Q-SL-15-064-04,SL-15-064,image_search,4,pending,baseline
R-Q-SL-15-064-05-local-folder,Q-SL-15-064-05,SL-15-064,local_folder,1,pending,local_source_enabled
R-Q-SL-15-064-05-general-web,Q-SL-15-064-05,SL-15-064,general_web,3,pending,baseline
R-Q-SL-15-064-05-image-search,Q-SL-15-064-05,SL-15-064,image_search,4,pending,baseline
R-Q-SL-15-065-01-local-folder,Q-SL-15-065-01,SL-15-065,local_folder,1,pending,local_source_enabled
R-Q-SL-15-065-01-general-web,Q-SL-15-065-01,SL-15-065,general_web,3,pending,baseline
R-Q-SL-15-065-01-image-search,Q-SL-15-065-01,SL-15-065,image_search,4,pending,baseline
R-Q-SL-15-065-02-local-folder,Q-SL-15-065-02,SL-15-065,local_folder,1,pending,local_source_enabled
R-Q-SL-15-065-02-general-web,Q-SL-15-065-02,SL-15-065,general_web,3,pending,baseline
R-Q-SL-15-065-02-image-search,Q-SL-15-065-02,SL-15-065,image_search,4,pending,baseline
R-Q-SL-15-065-03-local-folder,Q-SL-15-065-03,SL-15-065,local_folder,1,pending,local_source_enabled
R-Q-SL-15-065-03-general-web,Q-SL-15-065-03,SL-15-065,general_web,3,pending,baseline
R-Q-SL-15-065-03-image-search,Q-SL-15-065-03,SL-15-065,image_search,4,pending,baseline
R-Q-SL-15-065-04-local-folder,Q-SL-15-065-04,SL-15-065,local_folder,1,pending,local_source_enabled
R-Q-SL-15-065-04-wikimedia,Q-SL-15-065-04,SL-15-065,wikimedia,2,pending,historical_query
R-Q-SL-15-065-04-general-web,Q-SL-15-065-04,SL-15-065,general_web,3,pending,baseline
R-Q-SL-15-065-04-image-search,Q-SL-15-065-04,SL-15-065,image_search,4,pending,baseline
R-Q-SL-15-065-05-local-folder,Q-SL-15-065-05,SL-15-065,local_folder,1,pending,local_source_enabled
R-Q-SL-15-065-05-general-web,Q-SL-15-065-05,SL-15-065,general_web,3,pending,baseline
R-Q-SL-15-065-05-image-search,Q-SL-15-065-05,SL-15-065,image_search,4,pending,baseline
R-Q-SL-15-066-01-local-folder,Q-SL-15-066-01,SL-15-066,local_folder,1,pending,local_source_enabled
R-Q-SL-15-066-01-general-web,Q-SL-15-066-01,SL-15-066,general_web,3,pending,baseline
R-Q-SL-15-066-01-image-search,Q-SL-15-066-01,SL-15-066,image_search,4,pending,baseline
R-Q-SL-15-066-02-local-folder,Q-SL-15-066-02,SL-15-066,local_folder,1,pending,local_source_enabled
R-Q-SL-15-066-02-general-web,Q-SL-15-066-02,SL-15-066,general_web,3,pending,baseline
R-Q-SL-15-066-02-image-search,Q-SL-15-066-02,SL-15-066,image_search,4,pending,baseline
R-Q-SL-15-066-03-local-folder,Q-SL-15-066-03,SL-15-066,local_folder,1,pending,local_source_enabled
R-Q-SL-15-066-03-general-web,Q-SL-15-066-03,SL-15-066,general_web,3,pending,baseline
R-Q-SL-15-066-03-image-search,Q-SL-15-066-03,SL-15-066,image_search,4,pending,baseline
R-Q-SL-15-066-04-local-folder,Q-SL-15-066-04,SL-15-066,local_folder,1,pending,local_source_enabled
R-Q-SL-15-066-04-wikimedia,Q-SL-15-066-04,SL-15-066,wikimedia,2,pending,historical_query
R-Q-SL-15-066-04-general-web,Q-SL-15-066-04,SL-15-066,general_web,3,pending,baseline
R-Q-SL-15-066-04-image-search,Q-SL-15-066-04,SL-15-066,image_search,4,pending,baseline
R-Q-SL-15-066-05-local-folder,Q-SL-15-066-05,SL-15-066,local_folder,1,pending,local_source_enabled
R-Q-SL-15-066-05-general-web,Q-SL-15-066-05,SL-15-066,general_web,3,pending,baseline
R-Q-SL-15-066-05-image-search,Q-SL-15-066-05,SL-15-066,image_search,4,pending,baseline
R-Q-SL-15-067-01-local-folder,Q-SL-15-067-01,SL-15-067,local_folder,1,pending,local_source_enabled
R-Q-SL-15-067-01-general-web,Q-SL-15-067-01,SL-15-067,general_web,3,pending,baseline
R-Q-SL-15-067-01-image-search,Q-SL-15-067-01,SL-15-067,image_search,4,pending,baseline
R-Q-SL-15-067-02-local-folder,Q-SL-15-067-02,SL-15-067,local_folder,1,pending,local_source_enabled
R-Q-SL-15-067-02-general-web,Q-SL-15-067-02,SL-15-067,general_web,3,pending,baseline
R-Q-SL-15-067-02-image-search,Q-SL-15-067-02,SL-15-067,image_search,4,pending,baseline
R-Q-SL-15-067-03-local-folder,Q-SL-15-067-03,SL-15-067,local_folder,1,pending,local_source_enabled
R-Q-SL-15-067-03-general-web,Q-SL-15-067-03,SL-15-067,general_web,3,pending,baseline
R-Q-SL-15-067-03-image-search,Q-SL-15-067-03,SL-15-067,image_search,4,pending,baseline
R-Q-SL-15-067-04-local-folder,Q-SL-15-067-04,SL-15-067,local_folder,1,pending,local_source_enabled
R-Q-SL-15-067-04-wikimedia,Q-SL-15-067-04,SL-15-067,wikimedia,2,pending,historical_query
R-Q-SL-15-067-04-general-web,Q-SL-15-067-04,SL-15-067,general_web,3,pending,baseline
R-Q-SL-15-067-04-image-search,Q-SL-15-067-04,SL-15-067,image_search,4,pending,baseline
R-Q-SL-15-067-05-local-folder,Q-SL-15-067-05,SL-15-067,local_folder,1,pending,local_source_enabled
R-Q-SL-15-067-05-general-web,Q-SL-15-067-05,SL-15-067,general_web,3,pending,baseline
R-Q-SL-15-067-05-image-search,Q-SL-15-067-05,SL-15-067,image_search,4,pending,baseline
R-Q-SL-15-068-01-local-folder,Q-SL-15-068-01,SL-15-068,local_folder,1,pending,local_source_enabled
R-Q-SL-15-068-01-wikimedia,Q-SL-15-068-01,SL-15-068,wikimedia,2,pending,historical_query
R-Q-SL-15-068-01-general-web,Q-SL-15-068-01,SL-15-068,general_web,3,pending,baseline
R-Q-SL-15-068-01-image-search,Q-SL-15-068-01,SL-15-068,image_search,4,pending,baseline
R-Q-SL-15-068-02-local-folder,Q-SL-15-068-02,SL-15-068,local_folder,1,pending,local_source_enabled
R-Q-SL-15-068-02-wikimedia,Q-SL-15-068-02,SL-15-068,wikimedia,2,pending,historical_query
R-Q-SL-15-068-02-general-web,Q-SL-15-068-02,SL-15-068,general_web,3,pending,baseline
R-Q-SL-15-068-02-image-search,Q-SL-15-068-02,SL-15-068,image_search,4,pending,baseline
R-Q-SL-15-068-03-local-folder,Q-SL-15-068-03,SL-15-068,local_folder,1,pending,local_source_enabled
R-Q-SL-15-068-03-wikimedia,Q-SL-15-068-03,SL-15-068,wikimedia,2,pending,historical_query
R-Q-SL-15-068-03-general-web,Q-SL-15-068-03,SL-15-068,general_web,3,pending,baseline
R-Q-SL-15-068-03-image-search,Q-SL-15-068-03,SL-15-068,image_search,4,pending,baseline
R-Q-SL-15-068-04-local-folder,Q-SL-15-068-04,SL-15-068,local_folder,1,pending,local_source_enabled
R-Q-SL-15-068-04-wikimedia,Q-SL-15-068-04,SL-15-068,wikimedia,2,pending,historical_query
R-Q-SL-15-068-04-general-web,Q-SL-15-068-04,SL-15-068,general_web,3,pending,baseline
R-Q-SL-15-068-04-image-search,Q-SL-15-068-04,SL-15-068,image_search,4,pending,baseline
R-Q-SL-15-068-05-local-folder,Q-SL-15-068-05,SL-15-068,local_folder,1,pending,local_source_enabled
R-Q-SL-15-068-05-wikimedia,Q-SL-15-068-05,SL-15-068,wikimedia,2,pending,historical_query
R-Q-SL-15-068-05-general-web,Q-SL-15-068-05,SL-15-068,general_web,3,pending,baseline
R-Q-SL-15-068-05-image-search,Q-SL-15-068-05,SL-15-068,image_search,4,pending,baseline
R-Q-SL-15-069-01-local-folder,Q-SL-15-069-01,SL-15-069,local_folder,1,pending,local_source_enabled
R-Q-SL-15-069-01-general-web,Q-SL-15-069-01,SL-15-069,general_web,3,pending,baseline
R-Q-SL-15-069-01-image-search,Q-SL-15-069-01,SL-15-069,image_search,4,pending,baseline
R-Q-SL-15-069-02-local-folder,Q-SL-15-069-02,SL-15-069,local_folder,1,pending,local_source_enabled
R-Q-SL-15-069-02-general-web,Q-SL-15-069-02,SL-15-069,general_web,3,pending,baseline
R-Q-SL-15-069-02-image-search,Q-SL-15-069-02,SL-15-069,image_search,4,pending,baseline
R-Q-SL-15-069-03-local-folder,Q-SL-15-069-03,SL-15-069,local_folder,1,pending,local_source_enabled
R-Q-SL-15-069-03-general-web,Q-SL-15-069-03,SL-15-069,general_web,3,pending,baseline
R-Q-SL-15-069-03-image-search,Q-SL-15-069-03,SL-15-069,image_search,4,pending,baseline
R-Q-SL-15-069-04-local-folder,Q-SL-15-069-04,SL-15-069,local_folder,1,pending,local_source_enabled
R-Q-SL-15-069-04-wikimedia,Q-SL-15-069-04,SL-15-069,wikimedia,2,pending,historical_query
R-Q-SL-15-069-04-general-web,Q-SL-15-069-04,SL-15-069,general_web,3,pending,baseline
R-Q-SL-15-069-04-image-search,Q-SL-15-069-04,SL-15-069,image_search,4,pending,baseline
R-Q-SL-15-069-05-local-folder,Q-SL-15-069-05,SL-15-069,local_folder,1,pending,local_source_enabled
R-Q-SL-15-069-05-general-web,Q-SL-15-069-05,SL-15-069,general_web,3,pending,baseline
R-Q-SL-15-069-05-image-search,Q-SL-15-069-05,SL-15-069,image_search,4,pending,baseline
R-Q-SL-15-070-01-local-folder,Q-SL-15-070-01,SL-15-070,local_folder,1,pending,local_source_enabled
R-Q-SL-15-070-01-general-web,Q-SL-15-070-01,SL-15-070,general_web,3,pending,baseline
R-Q-SL-15-070-01-image-search,Q-SL-15-070-01,SL-15-070,image_search,4,pending,baseline
R-Q-SL-15-070-02-local-folder,Q-SL-15-070-02,SL-15-070,local_folder,1,pending,local_source_enabled
R-Q-SL-15-070-02-general-web,Q-SL-15-070-02,SL-15-070,general_web,3,pending,baseline
R-Q-SL-15-070-02-image-search,Q-SL-15-070-02,SL-15-070,image_search,4,pending,baseline
R-Q-SL-15-070-03-local-folder,Q-SL-15-070-03,SL-15-070,local_folder,1,pending,local_source_enabled
R-Q-SL-15-070-03-general-web,Q-SL-15-070-03,SL-15-070,general_web,3,pending,baseline
R-Q-SL-15-070-03-image-search,Q-SL-15-070-03,SL-15-070,image_search,4,pending,baseline
R-Q-SL-15-070-04-local-folder,Q-SL-15-070-04,SL-15-070,local_folder,1,pending,local_source_enabled
R-Q-SL-15-070-04-wikimedia,Q-SL-15-070-04,SL-15-070,wikimedia,2,pending,historical_query
R-Q-SL-15-070-04-general-web,Q-SL-15-070-04,SL-15-070,general_web,3,pending,baseline
R-Q-SL-15-070-04-image-search,Q-SL-15-070-04,SL-15-070,image_search,4,pending,baseline
R-Q-SL-15-070-05-local-folder,Q-SL-15-070-05,SL-15-070,local_folder,1,pending,local_source_enabled
R-Q-SL-15-070-05-general-web,Q-SL-15-070-05,SL-15-070,general_web,3,pending,baseline
R-Q-SL-15-070-05-image-search,Q-SL-15-070-05,SL-15-070,image_search,4,pending,baseline
R-Q-SL-16-001-01-local-folder,Q-SL-16-001-01,SL-16-001,local_folder,1,pending,local_source_enabled
R-Q-SL-16-001-01-wikimedia,Q-SL-16-001-01,SL-16-001,wikimedia,2,pending,"category_rule,historical_query"
R-Q-SL-16-001-01-general-web,Q-SL-16-001-01,SL-16-001,general_web,3,pending,baseline
R-Q-SL-16-001-01-image-search,Q-SL-16-001-01,SL-16-001,image_search,4,pending,baseline
R-Q-SL-16-001-02-local-folder,Q-SL-16-001-02,SL-16-001,local_folder,1,pending,local_source_enabled
R-Q-SL-16-001-02-wikimedia,Q-SL-16-001-02,SL-16-001,wikimedia,2,pending,"category_rule,historical_query"
R-Q-SL-16-001-02-general-web,Q-SL-16-001-02,SL-16-001,general_web,3,pending,baseline
R-Q-SL-16-001-02-image-search,Q-SL-16-001-02,SL-16-001,image_search,4,pending,baseline
R-Q-SL-16-001-03-local-folder,Q-SL-16-001-03,SL-16-001,local_folder,1,pending,local_source_enabled
R-Q-SL-16-001-03-wikimedia,Q-SL-16-001-03,SL-16-001,wikimedia,2,pending,"category_rule,historical_query"
R-Q-SL-16-001-03-general-web,Q-SL-16-001-03,SL-16-001,general_web,3,pending,baseline
R-Q-SL-16-001-03-image-search,Q-SL-16-001-03,SL-16-001,image_search,4,pending,baseline
R-Q-SL-16-001-04-local-folder,Q-SL-16-001-04,SL-16-001,local_folder,1,pending,local_source_enabled
R-Q-SL-16-001-04-wikimedia,Q-SL-16-001-04,SL-16-001,wikimedia,2,pending,"category_rule,historical_query"
R-Q-SL-16-001-04-general-web,Q-SL-16-001-04,SL-16-001,general_web,3,pending,baseline
R-Q-SL-16-001-04-image-search,Q-SL-16-001-04,SL-16-001,image_search,4,pending,baseline
R-Q-SL-16-001-05-local-folder,Q-SL-16-001-05,SL-16-001,local_folder,1,pending,local_source_enabled
R-Q-SL-16-001-05-wikimedia,Q-SL-16-001-05,SL-16-001,wikimedia,2,pending,"category_rule,historical_query"
R-Q-SL-16-001-05-general-web,Q-SL-16-001-05,SL-16-001,general_web,3,pending,baseline
R-Q-SL-16-001-05-image-search,Q-SL-16-001-05,SL-16-001,image_search,4,pending,baseline
R-Q-SL-16-002-01-local-folder,Q-SL-16-002-01,SL-16-002,local_folder,1,pending,local_source_enabled
R-Q-SL-16-002-01-wikimedia,Q-SL-16-002-01,SL-16-002,wikimedia,2,pending,"category_rule,historical_query"
R-Q-SL-16-002-01-general-web,Q-SL-16-002-01,SL-16-002,general_web,3,pending,baseline
R-Q-SL-16-002-01-image-search,Q-SL-16-002-01,SL-16-002,image_search,4,pending,baseline
R-Q-SL-16-002-02-local-folder,Q-SL-16-002-02,SL-16-002,local_folder,1,pending,local_source_enabled
R-Q-SL-16-002-02-wikimedia,Q-SL-16-002-02,SL-16-002,wikimedia,2,pending,"category_rule,historical_query"
R-Q-SL-16-002-02-general-web,Q-SL-16-002-02,SL-16-002,general_web,3,pending,baseline
R-Q-SL-16-002-02-image-search,Q-SL-16-002-02,SL-16-002,image_search,4,pending,baseline
R-Q-SL-16-002-03-local-folder,Q-SL-16-002-03,SL-16-002,local_folder,1,pending,local_source_enabled
R-Q-SL-16-002-03-wikimedia,Q-SL-16-002-03,SL-16-002,wikimedia,2,pending,"category_rule,historical_query"
R-Q-SL-16-002-03-general-web,Q-SL-16-002-03,SL-16-002,general_web,3,pending,baseline
R-Q-SL-16-002-03-image-search,Q-SL-16-002-03,SL-16-002,image_search,4,pending,baseline
R-Q-SL-16-002-04-local-folder,Q-SL-16-002-04,SL-16-002,local_folder,1,pending,local_source_enabled
R-Q-SL-16-002-04-wikimedia,Q-SL-16-002-04,SL-16-002,wikimedia,2,pending,"category_rule,historical_query"
R-Q-SL-16-002-04-general-web,Q-SL-16-002-04,SL-16-002,general_web,3,pending,baseline
R-Q-SL-16-002-04-image-search,Q-SL-16-002-04,SL-16-002,image_search,4,pending,baseline
R-Q-SL-16-002-05-local-folder,Q-SL-16-002-05,SL-16-002,local_folder,1,pending,local_source_enabled
R-Q-SL-16-002-05-wikimedia,Q-SL-16-002-05,SL-16-002,wikimedia,2,pending,"category_rule,historical_query"
R-Q-SL-16-002-05-general-web,Q-SL-16-002-05,SL-16-002,general_web,3,pending,baseline
R-Q-SL-16-002-05-image-search,Q-SL-16-002-05,SL-16-002,image_search,4,pending,baseline
R-Q-SL-16-003-01-local-folder,Q-SL-16-003-01,SL-16-003,local_folder,1,pending,local_source_enabled
R-Q-SL-16-003-01-wikimedia,Q-SL-16-003-01,SL-16-003,wikimedia,2,pending,historical_query
R-Q-SL-16-003-01-general-web,Q-SL-16-003-01,SL-16-003,general_web,3,pending,baseline
R-Q-SL-16-003-01-image-search,Q-SL-16-003-01,SL-16-003,image_search,4,pending,baseline
R-Q-SL-16-003-02-local-folder,Q-SL-16-003-02,SL-16-003,local_folder,1,pending,local_source_enabled
R-Q-SL-16-003-02-wikimedia,Q-SL-16-003-02,SL-16-003,wikimedia,2,pending,historical_query
R-Q-SL-16-003-02-general-web,Q-SL-16-003-02,SL-16-003,general_web,3,pending,baseline
R-Q-SL-16-003-02-image-search,Q-SL-16-003-02,SL-16-003,image_search,4,pending,baseline
R-Q-SL-16-003-03-local-folder,Q-SL-16-003-03,SL-16-003,local_folder,1,pending,local_source_enabled
R-Q-SL-16-003-03-wikimedia,Q-SL-16-003-03,SL-16-003,wikimedia,2,pending,historical_query
R-Q-SL-16-003-03-general-web,Q-SL-16-003-03,SL-16-003,general_web,3,pending,baseline
R-Q-SL-16-003-03-image-search,Q-SL-16-003-03,SL-16-003,image_search,4,pending,baseline
R-Q-SL-16-003-04-local-folder,Q-SL-16-003-04,SL-16-003,local_folder,1,pending,local_source_enabled
R-Q-SL-16-003-04-wikimedia,Q-SL-16-003-04,SL-16-003,wikimedia,2,pending,historical_query
R-Q-SL-16-003-04-general-web,Q-SL-16-003-04,SL-16-003,general_web,3,pending,baseline
R-Q-SL-16-003-04-image-search,Q-SL-16-003-04,SL-16-003,image_search,4,pending,baseline
R-Q-SL-16-003-05-local-folder,Q-SL-16-003-05,SL-16-003,local_folder,1,pending,local_source_enabled
R-Q-SL-16-003-05-wikimedia,Q-SL-16-003-05,SL-16-003,wikimedia,2,pending,historical_query
R-Q-SL-16-003-05-general-web,Q-SL-16-003-05,SL-16-003,general_web,3,pending,baseline
R-Q-SL-16-003-05-image-search,Q-SL-16-003-05,SL-16-003,image_search,4,pending,baseline
R-Q-SL-16-004-01-local-folder,Q-SL-16-004-01,SL-16-004,local_folder,1,pending,local_source_enabled
R-Q-SL-16-004-01-wikimedia,Q-SL-16-004-01,SL-16-004,wikimedia,2,pending,"category_rule,historical_query"
R-Q-SL-16-004-01-general-web,Q-SL-16-004-01,SL-16-004,general_web,3,pending,baseline
R-Q-SL-16-004-01-image-search,Q-SL-16-004-01,SL-16-004,image_search,4,pending,baseline
R-Q-SL-16-004-02-local-folder,Q-SL-16-004-02,SL-16-004,local_folder,1,pending,local_source_enabled
R-Q-SL-16-004-02-wikimedia,Q-SL-16-004-02,SL-16-004,wikimedia,2,pending,"category_rule,historical_query"
R-Q-SL-16-004-02-general-web,Q-SL-16-004-02,SL-16-004,general_web,3,pending,baseline
R-Q-SL-16-004-02-image-search,Q-SL-16-004-02,SL-16-004,image_search,4,pending,baseline
R-Q-SL-16-004-03-local-folder,Q-SL-16-004-03,SL-16-004,local_folder,1,pending,local_source_enabled
R-Q-SL-16-004-03-wikimedia,Q-SL-16-004-03,SL-16-004,wikimedia,2,pending,"category_rule,historical_query"
R-Q-SL-16-004-03-general-web,Q-SL-16-004-03,SL-16-004,general_web,3,pending,baseline
R-Q-SL-16-004-03-image-search,Q-SL-16-004-03,SL-16-004,image_search,4,pending,baseline
R-Q-SL-16-004-04-local-folder,Q-SL-16-004-04,SL-16-004,local_folder,1,pending,local_source_enabled
R-Q-SL-16-004-04-wikimedia,Q-SL-16-004-04,SL-16-004,wikimedia,2,pending,"category_rule,historical_query"
R-Q-SL-16-004-04-general-web,Q-SL-16-004-04,SL-16-004,general_web,3,pending,baseline
R-Q-SL-16-004-04-image-search,Q-SL-16-004-04,SL-16-004,image_search,4,pending,baseline
R-Q-SL-16-004-05-local-folder,Q-SL-16-004-05,SL-16-004,local_folder,1,pending,local_source_enabled
R-Q-SL-16-004-05-wikimedia,Q-SL-16-004-05,SL-16-004,wikimedia,2,pending,"category_rule,historical_query"
R-Q-SL-16-004-05-general-web,Q-SL-16-004-05,SL-16-004,general_web,3,pending,baseline
R-Q-SL-16-004-05-image-search,Q-SL-16-004-05,SL-16-004,image_search,4,pending,baseline
R-Q-SL-16-005-01-local-folder,Q-SL-16-005-01,SL-16-005,local_folder,1,pending,local_source_enabled
R-Q-SL-16-005-01-wikimedia,Q-SL-16-005-01,SL-16-005,wikimedia,2,pending,historical_query
R-Q-SL-16-005-01-general-web,Q-SL-16-005-01,SL-16-005,general_web,3,pending,baseline
R-Q-SL-16-005-01-image-search,Q-SL-16-005-01,SL-16-005,image_search,4,pending,baseline
R-Q-SL-16-005-02-local-folder,Q-SL-16-005-02,SL-16-005,local_folder,1,pending,local_source_enabled
R-Q-SL-16-005-02-wikimedia,Q-SL-16-005-02,SL-16-005,wikimedia,2,pending,historical_query
R-Q-SL-16-005-02-general-web,Q-SL-16-005-02,SL-16-005,general_web,3,pending,baseline
R-Q-SL-16-005-02-image-search,Q-SL-16-005-02,SL-16-005,image_search,4,pending,baseline
R-Q-SL-16-005-03-local-folder,Q-SL-16-005-03,SL-16-005,local_folder,1,pending,local_source_enabled
R-Q-SL-16-005-03-wikimedia,Q-SL-16-005-03,SL-16-005,wikimedia,2,pending,historical_query
R-Q-SL-16-005-03-general-web,Q-SL-16-005-03,SL-16-005,general_web,3,pending,baseline
R-Q-SL-16-005-03-image-search,Q-SL-16-005-03,SL-16-005,image_search,4,pending,baseline
R-Q-SL-16-005-04-local-folder,Q-SL-16-005-04,SL-16-005,local_folder,1,pending,local_source_enabled
R-Q-SL-16-005-04-wikimedia,Q-SL-16-005-04,SL-16-005,wikimedia,2,pending,historical_query
R-Q-SL-16-005-04-general-web,Q-SL-16-005-04,SL-16-005,general_web,3,pending,baseline
R-Q-SL-16-005-04-image-search,Q-SL-16-005-04,SL-16-005,image_search,4,pending,baseline
R-Q-SL-16-005-05-local-folder,Q-SL-16-005-05,SL-16-005,local_folder,1,pending,local_source_enabled
R-Q-SL-16-005-05-wikimedia,Q-SL-16-005-05,SL-16-005,wikimedia,2,pending,historical_query
R-Q-SL-16-005-05-general-web,Q-SL-16-005-05,SL-16-005,general_web,3,pending,baseline
R-Q-SL-16-005-05-image-search,Q-SL-16-005-05,SL-16-005,image_search,4,pending,baseline
R-Q-SL-16-006-01-local-folder,Q-SL-16-006-01,SL-16-006,local_folder,1,pending,local_source_enabled
R-Q-SL-16-006-01-wikimedia,Q-SL-16-006-01,SL-16-006,wikimedia,2,pending,"category_rule,historical_query"
R-Q-SL-16-006-01-general-web,Q-SL-16-006-01,SL-16-006,general_web,3,pending,baseline
R-Q-SL-16-006-01-image-search,Q-SL-16-006-01,SL-16-006,image_search,4,pending,baseline
R-Q-SL-16-006-02-local-folder,Q-SL-16-006-02,SL-16-006,local_folder,1,pending,local_source_enabled
R-Q-SL-16-006-02-wikimedia,Q-SL-16-006-02,SL-16-006,wikimedia,2,pending,"category_rule,historical_query"
R-Q-SL-16-006-02-general-web,Q-SL-16-006-02,SL-16-006,general_web,3,pending,baseline
R-Q-SL-16-006-02-image-search,Q-SL-16-006-02,SL-16-006,image_search,4,pending,baseline
R-Q-SL-16-006-03-local-folder,Q-SL-16-006-03,SL-16-006,local_folder,1,pending,local_source_enabled
R-Q-SL-16-006-03-wikimedia,Q-SL-16-006-03,SL-16-006,wikimedia,2,pending,"category_rule,historical_query"
R-Q-SL-16-006-03-general-web,Q-SL-16-006-03,SL-16-006,general_web,3,pending,baseline
R-Q-SL-16-006-03-image-search,Q-SL-16-006-03,SL-16-006,image_search,4,pending,baseline
R-Q-SL-16-006-04-local-folder,Q-SL-16-006-04,SL-16-006,local_folder,1,pending,local_source_enabled
R-Q-SL-16-006-04-wikimedia,Q-SL-16-006-04,SL-16-006,wikimedia,2,pending,"category_rule,historical_query"
R-Q-SL-16-006-04-general-web,Q-SL-16-006-04,SL-16-006,general_web,3,pending,baseline
R-Q-SL-16-006-04-image-search,Q-SL-16-006-04,SL-16-006,image_search,4,pending,baseline
R-Q-SL-16-006-05-local-folder,Q-SL-16-006-05,SL-16-006,local_folder,1,pending,local_source_enabled
R-Q-SL-16-006-05-wikimedia,Q-SL-16-006-05,SL-16-006,wikimedia,2,pending,category_rule
R-Q-SL-16-006-05-general-web,Q-SL-16-006-05,SL-16-006,general_web,3,pending,baseline
R-Q-SL-16-006-05-image-search,Q-SL-16-006-05,SL-16-006,image_search,4,pending,baseline
R-Q-SL-16-007-01-local-folder,Q-SL-16-007-01,SL-16-007,local_folder,1,pending,local_source_enabled
R-Q-SL-16-007-01-wikimedia,Q-SL-16-007-01,SL-16-007,wikimedia,2,pending,"category_rule,historical_query"
R-Q-SL-16-007-01-general-web,Q-SL-16-007-01,SL-16-007,general_web,3,pending,baseline
R-Q-SL-16-007-01-image-search,Q-SL-16-007-01,SL-16-007,image_search,4,pending,baseline
R-Q-SL-16-007-02-local-folder,Q-SL-16-007-02,SL-16-007,local_folder,1,pending,local_source_enabled
R-Q-SL-16-007-02-wikimedia,Q-SL-16-007-02,SL-16-007,wikimedia,2,pending,"category_rule,historical_query"
R-Q-SL-16-007-02-general-web,Q-SL-16-007-02,SL-16-007,general_web,3,pending,baseline
R-Q-SL-16-007-02-image-search,Q-SL-16-007-02,SL-16-007,image_search,4,pending,baseline
R-Q-SL-16-007-03-local-folder,Q-SL-16-007-03,SL-16-007,local_folder,1,pending,local_source_enabled
R-Q-SL-16-007-03-wikimedia,Q-SL-16-007-03,SL-16-007,wikimedia,2,pending,"category_rule,historical_query"
R-Q-SL-16-007-03-general-web,Q-SL-16-007-03,SL-16-007,general_web,3,pending,baseline
R-Q-SL-16-007-03-image-search,Q-SL-16-007-03,SL-16-007,image_search,4,pending,baseline
R-Q-SL-16-007-04-local-folder,Q-SL-16-007-04,SL-16-007,local_folder,1,pending,local_source_enabled
R-Q-SL-16-007-04-wikimedia,Q-SL-16-007-04,SL-16-007,wikimedia,2,pending,"category_rule,historical_query"
R-Q-SL-16-007-04-general-web,Q-SL-16-007-04,SL-16-007,general_web,3,pending,baseline
R-Q-SL-16-007-04-image-search,Q-SL-16-007-04,SL-16-007,image_search,4,pending,baseline
R-Q-SL-16-007-05-local-folder,Q-SL-16-007-05,SL-16-007,local_folder,1,pending,local_source_enabled
R-Q-SL-16-007-05-wikimedia,Q-SL-16-007-05,SL-16-007,wikimedia,2,pending,"category_rule,historical_query"
R-Q-SL-16-007-05-general-web,Q-SL-16-007-05,SL-16-007,general_web,3,pending,baseline
R-Q-SL-16-007-05-image-search,Q-SL-16-007-05,SL-16-007,image_search,4,pending,baseline
R-Q-SL-16-008-01-local-folder,Q-SL-16-008-01,SL-16-008,local_folder,1,pending,local_source_enabled
R-Q-SL-16-008-01-wikimedia,Q-SL-16-008-01,SL-16-008,wikimedia,2,pending,historical_query
R-Q-SL-16-008-01-general-web,Q-SL-16-008-01,SL-16-008,general_web,3,pending,baseline
R-Q-SL-16-008-01-image-search,Q-SL-16-008-01,SL-16-008,image_search,4,pending,baseline
R-Q-SL-16-008-02-local-folder,Q-SL-16-008-02,SL-16-008,local_folder,1,pending,local_source_enabled
R-Q-SL-16-008-02-wikimedia,Q-SL-16-008-02,SL-16-008,wikimedia,2,pending,historical_query
R-Q-SL-16-008-02-general-web,Q-SL-16-008-02,SL-16-008,general_web,3,pending,baseline
R-Q-SL-16-008-02-image-search,Q-SL-16-008-02,SL-16-008,image_search,4,pending,baseline
R-Q-SL-16-008-03-local-folder,Q-SL-16-008-03,SL-16-008,local_folder,1,pending,local_source_enabled
R-Q-SL-16-008-03-wikimedia,Q-SL-16-008-03,SL-16-008,wikimedia,2,pending,historical_query
R-Q-SL-16-008-03-general-web,Q-SL-16-008-03,SL-16-008,general_web,3,pending,baseline
R-Q-SL-16-008-03-image-search,Q-SL-16-008-03,SL-16-008,image_search,4,pending,baseline
R-Q-SL-16-008-04-local-folder,Q-SL-16-008-04,SL-16-008,local_folder,1,pending,local_source_enabled
R-Q-SL-16-008-04-wikimedia,Q-SL-16-008-04,SL-16-008,wikimedia,2,pending,historical_query
R-Q-SL-16-008-04-general-web,Q-SL-16-008-04,SL-16-008,general_web,3,pending,baseline
R-Q-SL-16-008-04-image-search,Q-SL-16-008-04,SL-16-008,image_search,4,pending,baseline
R-Q-SL-16-008-05-local-folder,Q-SL-16-008-05,SL-16-008,local_folder,1,pending,local_source_enabled
R-Q-SL-16-008-05-wikimedia,Q-SL-16-008-05,SL-16-008,wikimedia,2,pending,historical_query
R-Q-SL-16-008-05-general-web,Q-SL-16-008-05,SL-16-008,general_web,3,pending,baseline
R-Q-SL-16-008-05-image-search,Q-SL-16-008-05,SL-16-008,image_search,4,pending,baseline
R-Q-SL-16-009-01-local-folder,Q-SL-16-009-01,SL-16-009,local_folder,1,pending,local_source_enabled
R-Q-SL-16-009-01-wikimedia,Q-SL-16-009-01,SL-16-009,wikimedia,2,pending,"category_rule,historical_query"
R-Q-SL-16-009-01-general-web,Q-SL-16-009-01,SL-16-009,general_web,3,pending,baseline
R-Q-SL-16-009-01-image-search,Q-SL-16-009-01,SL-16-009,image_search,4,pending,baseline
R-Q-SL-16-009-02-local-folder,Q-SL-16-009-02,SL-16-009,local_folder,1,pending,local_source_enabled
R-Q-SL-16-009-02-wikimedia,Q-SL-16-009-02,SL-16-009,wikimedia,2,pending,"category_rule,historical_query"
R-Q-SL-16-009-02-general-web,Q-SL-16-009-02,SL-16-009,general_web,3,pending,baseline
R-Q-SL-16-009-02-image-search,Q-SL-16-009-02,SL-16-009,image_search,4,pending,baseline
R-Q-SL-16-009-03-local-folder,Q-SL-16-009-03,SL-16-009,local_folder,1,pending,local_source_enabled
R-Q-SL-16-009-03-wikimedia,Q-SL-16-009-03,SL-16-009,wikimedia,2,pending,"category_rule,historical_query"
R-Q-SL-16-009-03-general-web,Q-SL-16-009-03,SL-16-009,general_web,3,pending,baseline
R-Q-SL-16-009-03-image-search,Q-SL-16-009-03,SL-16-009,image_search,4,pending,baseline
R-Q-SL-16-009-04-local-folder,Q-SL-16-009-04,SL-16-009,local_folder,1,pending,local_source_enabled
R-Q-SL-16-009-04-wikimedia,Q-SL-16-009-04,SL-16-009,wikimedia,2,pending,"category_rule,historical_query"
R-Q-SL-16-009-04-general-web,Q-SL-16-009-04,SL-16-009,general_web,3,pending,baseline
R-Q-SL-16-009-04-image-search,Q-SL-16-009-04,SL-16-009,image_search,4,pending,baseline
R-Q-SL-16-009-05-local-folder,Q-SL-16-009-05,SL-16-009,local_folder,1,pending,local_source_enabled
R-Q-SL-16-009-05-wikimedia,Q-SL-16-009-05,SL-16-009,wikimedia,2,pending,"category_rule,historical_query"
R-Q-SL-16-009-05-general-web,Q-SL-16-009-05,SL-16-009,general_web,3,pending,baseline
R-Q-SL-16-009-05-image-search,Q-SL-16-009-05,SL-16-009,image_search,4,pending,baseline
R-Q-SL-16-010-01-local-folder,Q-SL-16-010-01,SL-16-010,local_folder,1,pending,local_source_enabled
R-Q-SL-16-010-01-wikimedia,Q-SL-16-010-01,SL-16-010,wikimedia,2,pending,historical_query
R-Q-SL-16-010-01-general-web,Q-SL-16-010-01,SL-16-010,general_web,3,pending,baseline
R-Q-SL-16-010-01-image-search,Q-SL-16-010-01,SL-16-010,image_search,4,pending,baseline
R-Q-SL-16-010-02-local-folder,Q-SL-16-010-02,SL-16-010,local_folder,1,pending,local_source_enabled
R-Q-SL-16-010-02-wikimedia,Q-SL-16-010-02,SL-16-010,wikimedia,2,pending,historical_query
R-Q-SL-16-010-02-general-web,Q-SL-16-010-02,SL-16-010,general_web,3,pending,baseline
R-Q-SL-16-010-02-image-search,Q-SL-16-010-02,SL-16-010,image_search,4,pending,baseline
R-Q-SL-16-010-03-local-folder,Q-SL-16-010-03,SL-16-010,local_folder,1,pending,local_source_enabled
R-Q-SL-16-010-03-wikimedia,Q-SL-16-010-03,SL-16-010,wikimedia,2,pending,historical_query
R-Q-SL-16-010-03-general-web,Q-SL-16-010-03,SL-16-010,general_web,3,pending,baseline
R-Q-SL-16-010-03-image-search,Q-SL-16-010-03,SL-16-010,image_search,4,pending,baseline
R-Q-SL-16-010-04-local-folder,Q-SL-16-010-04,SL-16-010,local_folder,1,pending,local_source_enabled
R-Q-SL-16-010-04-wikimedia,Q-SL-16-010-04,SL-16-010,wikimedia,2,pending,historical_query
R-Q-SL-16-010-04-general-web,Q-SL-16-010-04,SL-16-010,general_web,3,pending,baseline
R-Q-SL-16-010-04-image-search,Q-SL-16-010-04,SL-16-010,image_search,4,pending,baseline
R-Q-SL-16-010-05-local-folder,Q-SL-16-010-05,SL-16-010,local_folder,1,pending,local_source_enabled
R-Q-SL-16-010-05-wikimedia,Q-SL-16-010-05,SL-16-010,wikimedia,2,pending,historical_query
R-Q-SL-16-010-05-general-web,Q-SL-16-010-05,SL-16-010,general_web,3,pending,baseline
R-Q-SL-16-010-05-image-search,Q-SL-16-010-05,SL-16-010,image_search,4,pending,baseline
R-Q-SL-16-011-01-local-folder,Q-SL-16-011-01,SL-16-011,local_folder,1,pending,local_source_enabled
R-Q-SL-16-011-01-wikimedia,Q-SL-16-011-01,SL-16-011,wikimedia,2,pending,"category_rule,historical_query"
R-Q-SL-16-011-01-general-web,Q-SL-16-011-01,SL-16-011,general_web,3,pending,baseline
R-Q-SL-16-011-01-image-search,Q-SL-16-011-01,SL-16-011,image_search,4,pending,baseline
R-Q-SL-16-011-02-local-folder,Q-SL-16-011-02,SL-16-011,local_folder,1,pending,local_source_enabled
R-Q-SL-16-011-02-wikimedia,Q-SL-16-011-02,SL-16-011,wikimedia,2,pending,"category_rule,historical_query"
R-Q-SL-16-011-02-general-web,Q-SL-16-011-02,SL-16-011,general_web,3,pending,baseline
R-Q-SL-16-011-02-image-search,Q-SL-16-011-02,SL-16-011,image_search,4,pending,baseline
R-Q-SL-16-011-03-local-folder,Q-SL-16-011-03,SL-16-011,local_folder,1,pending,local_source_enabled
R-Q-SL-16-011-03-wikimedia,Q-SL-16-011-03,SL-16-011,wikimedia,2,pending,"category_rule,historical_query"
R-Q-SL-16-011-03-general-web,Q-SL-16-011-03,SL-16-011,general_web,3,pending,baseline
R-Q-SL-16-011-03-image-search,Q-SL-16-011-03,SL-16-011,image_search,4,pending,baseline
R-Q-SL-16-011-04-local-folder,Q-SL-16-011-04,SL-16-011,local_folder,1,pending,local_source_enabled
R-Q-SL-16-011-04-wikimedia,Q-SL-16-011-04,SL-16-011,wikimedia,2,pending,"category_rule,historical_query"
R-Q-SL-16-011-04-general-web,Q-SL-16-011-04,SL-16-011,general_web,3,pending,baseline
R-Q-SL-16-011-04-image-search,Q-SL-16-011-04,SL-16-011,image_search,4,pending,baseline
R-Q-SL-16-011-05-local-folder,Q-SL-16-011-05,SL-16-011,local_folder,1,pending,local_source_enabled
R-Q-SL-16-011-05-wikimedia,Q-SL-16-011-05,SL-16-011,wikimedia,2,pending,"category_rule,historical_query"
R-Q-SL-16-011-05-general-web,Q-SL-16-011-05,SL-16-011,general_web,3,pending,baseline
R-Q-SL-16-011-05-image-search,Q-SL-16-011-05,SL-16-011,image_search,4,pending,baseline
R-Q-SL-16-012-01-local-folder,Q-SL-16-012-01,SL-16-012,local_folder,1,pending,local_source_enabled
R-Q-SL-16-012-01-wikimedia,Q-SL-16-012-01,SL-16-012,wikimedia,2,pending,"category_rule,historical_query"
R-Q-SL-16-012-01-general-web,Q-SL-16-012-01,SL-16-012,general_web,3,pending,baseline
R-Q-SL-16-012-01-image-search,Q-SL-16-012-01,SL-16-012,image_search,4,pending,baseline
R-Q-SL-16-012-02-local-folder,Q-SL-16-012-02,SL-16-012,local_folder,1,pending,local_source_enabled
R-Q-SL-16-012-02-wikimedia,Q-SL-16-012-02,SL-16-012,wikimedia,2,pending,"category_rule,historical_query"
R-Q-SL-16-012-02-general-web,Q-SL-16-012-02,SL-16-012,general_web,3,pending,baseline
R-Q-SL-16-012-02-image-search,Q-SL-16-012-02,SL-16-012,image_search,4,pending,baseline
R-Q-SL-16-012-03-local-folder,Q-SL-16-012-03,SL-16-012,local_folder,1,pending,local_source_enabled
R-Q-SL-16-012-03-wikimedia,Q-SL-16-012-03,SL-16-012,wikimedia,2,pending,"category_rule,historical_query"
R-Q-SL-16-012-03-general-web,Q-SL-16-012-03,SL-16-012,general_web,3,pending,baseline
R-Q-SL-16-012-03-image-search,Q-SL-16-012-03,SL-16-012,image_search,4,pending,baseline
R-Q-SL-16-012-04-local-folder,Q-SL-16-012-04,SL-16-012,local_folder,1,pending,local_source_enabled
R-Q-SL-16-012-04-wikimedia,Q-SL-16-012-04,SL-16-012,wikimedia,2,pending,"category_rule,historical_query"
R-Q-SL-16-012-04-general-web,Q-SL-16-012-04,SL-16-012,general_web,3,pending,baseline
R-Q-SL-16-012-04-image-search,Q-SL-16-012-04,SL-16-012,image_search,4,pending,baseline
R-Q-SL-16-012-05-local-folder,Q-SL-16-012-05,SL-16-012,local_folder,1,pending,local_source_enabled
R-Q-SL-16-012-05-wikimedia,Q-SL-16-012-05,SL-16-012,wikimedia,2,pending,"category_rule,historical_query"
R-Q-SL-16-012-05-general-web,Q-SL-16-012-05,SL-16-012,general_web,3,pending,baseline
R-Q-SL-16-012-05-image-search,Q-SL-16-012-05,SL-16-012,image_search,4,pending,baseline
R-Q-SL-16-013-01-local-folder,Q-SL-16-013-01,SL-16-013,local_folder,1,pending,local_source_enabled
R-Q-SL-16-013-01-wikimedia,Q-SL-16-013-01,SL-16-013,wikimedia,2,pending,"category_rule,historical_query"
R-Q-SL-16-013-01-general-web,Q-SL-16-013-01,SL-16-013,general_web,3,pending,baseline
R-Q-SL-16-013-01-image-search,Q-SL-16-013-01,SL-16-013,image_search,4,pending,baseline
R-Q-SL-16-013-02-local-folder,Q-SL-16-013-02,SL-16-013,local_folder,1,pending,local_source_enabled
R-Q-SL-16-013-02-wikimedia,Q-SL-16-013-02,SL-16-013,wikimedia,2,pending,"category_rule,historical_query"
R-Q-SL-16-013-02-general-web,Q-SL-16-013-02,SL-16-013,general_web,3,pending,baseline
R-Q-SL-16-013-02-image-search,Q-SL-16-013-02,SL-16-013,image_search,4,pending,baseline
R-Q-SL-16-013-03-local-folder,Q-SL-16-013-03,SL-16-013,local_folder,1,pending,local_source_enabled
R-Q-SL-16-013-03-wikimedia,Q-SL-16-013-03,SL-16-013,wikimedia,2,pending,"category_rule,historical_query"
R-Q-SL-16-013-03-general-web,Q-SL-16-013-03,SL-16-013,general_web,3,pending,baseline
R-Q-SL-16-013-03-image-search,Q-SL-16-013-03,SL-16-013,image_search,4,pending,baseline
R-Q-SL-16-013-04-local-folder,Q-SL-16-013-04,SL-16-013,local_folder,1,pending,local_source_enabled
R-Q-SL-16-013-04-wikimedia,Q-SL-16-013-04,SL-16-013,wikimedia,2,pending,"category_rule,historical_query"
R-Q-SL-16-013-04-general-web,Q-SL-16-013-04,SL-16-013,general_web,3,pending,baseline
R-Q-SL-16-013-04-image-search,Q-SL-16-013-04,SL-16-013,image_search,4,pending,baseline
R-Q-SL-16-013-05-local-folder,Q-SL-16-013-05,SL-16-013,local_folder,1,pending,local_source_enabled
R-Q-SL-16-013-05-wikimedia,Q-SL-16-013-05,SL-16-013,wikimedia,2,pending,category_rule
R-Q-SL-16-013-05-general-web,Q-SL-16-013-05,SL-16-013,general_web,3,pending,baseline
R-Q-SL-16-013-05-image-search,Q-SL-16-013-05,SL-16-013,image_search,4,pending,baseline
R-Q-SL-16-014-01-local-folder,Q-SL-16-014-01,SL-16-014,local_folder,1,pending,local_source_enabled
R-Q-SL-16-014-01-wikimedia,Q-SL-16-014-01,SL-16-014,wikimedia,2,pending,historical_query
R-Q-SL-16-014-01-general-web,Q-SL-16-014-01,SL-16-014,general_web,3,pending,baseline
R-Q-SL-16-014-01-image-search,Q-SL-16-014-01,SL-16-014,image_search,4,pending,baseline
R-Q-SL-16-014-02-local-folder,Q-SL-16-014-02,SL-16-014,local_folder,1,pending,local_source_enabled
R-Q-SL-16-014-02-wikimedia,Q-SL-16-014-02,SL-16-014,wikimedia,2,pending,historical_query
R-Q-SL-16-014-02-general-web,Q-SL-16-014-02,SL-16-014,general_web,3,pending,baseline
R-Q-SL-16-014-02-image-search,Q-SL-16-014-02,SL-16-014,image_search,4,pending,baseline
R-Q-SL-16-014-03-local-folder,Q-SL-16-014-03,SL-16-014,local_folder,1,pending,local_source_enabled
R-Q-SL-16-014-03-wikimedia,Q-SL-16-014-03,SL-16-014,wikimedia,2,pending,historical_query
R-Q-SL-16-014-03-general-web,Q-SL-16-014-03,SL-16-014,general_web,3,pending,baseline
R-Q-SL-16-014-03-image-search,Q-SL-16-014-03,SL-16-014,image_search,4,pending,baseline
R-Q-SL-16-014-04-local-folder,Q-SL-16-014-04,SL-16-014,local_folder,1,pending,local_source_enabled
R-Q-SL-16-014-04-wikimedia,Q-SL-16-014-04,SL-16-014,wikimedia,2,pending,historical_query
R-Q-SL-16-014-04-general-web,Q-SL-16-014-04,SL-16-014,general_web,3,pending,baseline
R-Q-SL-16-014-04-image-search,Q-SL-16-014-04,SL-16-014,image_search,4,pending,baseline
R-Q-SL-16-014-05-local-folder,Q-SL-16-014-05,SL-16-014,local_folder,1,pending,local_source_enabled
R-Q-SL-16-014-05-wikimedia,Q-SL-16-014-05,SL-16-014,wikimedia,2,pending,historical_query
R-Q-SL-16-014-05-general-web,Q-SL-16-014-05,SL-16-014,general_web,3,pending,baseline
R-Q-SL-16-014-05-image-search,Q-SL-16-014-05,SL-16-014,image_search,4,pending,baseline
R-Q-SL-16-015-01-local-folder,Q-SL-16-015-01,SL-16-015,local_folder,1,pending,local_source_enabled
R-Q-SL-16-015-01-wikimedia,Q-SL-16-015-01,SL-16-015,wikimedia,2,pending,historical_query
R-Q-SL-16-015-01-general-web,Q-SL-16-015-01,SL-16-015,general_web,3,pending,baseline
R-Q-SL-16-015-01-image-search,Q-SL-16-015-01,SL-16-015,image_search,4,pending,baseline
R-Q-SL-16-015-02-local-folder,Q-SL-16-015-02,SL-16-015,local_folder,1,pending,local_source_enabled
R-Q-SL-16-015-02-wikimedia,Q-SL-16-015-02,SL-16-015,wikimedia,2,pending,historical_query
R-Q-SL-16-015-02-general-web,Q-SL-16-015-02,SL-16-015,general_web,3,pending,baseline
R-Q-SL-16-015-02-image-search,Q-SL-16-015-02,SL-16-015,image_search,4,pending,baseline
R-Q-SL-16-015-03-local-folder,Q-SL-16-015-03,SL-16-015,local_folder,1,pending,local_source_enabled
R-Q-SL-16-015-03-wikimedia,Q-SL-16-015-03,SL-16-015,wikimedia,2,pending,historical_query
R-Q-SL-16-015-03-general-web,Q-SL-16-015-03,SL-16-015,general_web,3,pending,baseline
R-Q-SL-16-015-03-image-search,Q-SL-16-015-03,SL-16-015,image_search,4,pending,baseline
R-Q-SL-16-015-04-local-folder,Q-SL-16-015-04,SL-16-015,local_folder,1,pending,local_source_enabled
R-Q-SL-16-015-04-wikimedia,Q-SL-16-015-04,SL-16-015,wikimedia,2,pending,historical_query
R-Q-SL-16-015-04-general-web,Q-SL-16-015-04,SL-16-015,general_web,3,pending,baseline
R-Q-SL-16-015-04-image-search,Q-SL-16-015-04,SL-16-015,image_search,4,pending,baseline
R-Q-SL-16-015-05-local-folder,Q-SL-16-015-05,SL-16-015,local_folder,1,pending,local_source_enabled
R-Q-SL-16-015-05-wikimedia,Q-SL-16-015-05,SL-16-015,wikimedia,2,pending,historical_query
R-Q-SL-16-015-05-general-web,Q-SL-16-015-05,SL-16-015,general_web,3,pending,baseline
R-Q-SL-16-015-05-image-search,Q-SL-16-015-05,SL-16-015,image_search,4,pending,baseline
R-Q-SL-16-016-01-local-folder,Q-SL-16-016-01,SL-16-016,local_folder,1,pending,local_source_enabled
R-Q-SL-16-016-01-wikimedia,Q-SL-16-016-01,SL-16-016,wikimedia,2,pending,historical_query
R-Q-SL-16-016-01-general-web,Q-SL-16-016-01,SL-16-016,general_web,3,pending,baseline
R-Q-SL-16-016-01-image-search,Q-SL-16-016-01,SL-16-016,image_search,4,pending,baseline
R-Q-SL-16-016-02-local-folder,Q-SL-16-016-02,SL-16-016,local_folder,1,pending,local_source_enabled
R-Q-SL-16-016-02-wikimedia,Q-SL-16-016-02,SL-16-016,wikimedia,2,pending,historical_query
R-Q-SL-16-016-02-general-web,Q-SL-16-016-02,SL-16-016,general_web,3,pending,baseline
R-Q-SL-16-016-02-image-search,Q-SL-16-016-02,SL-16-016,image_search,4,pending,baseline
R-Q-SL-16-016-03-local-folder,Q-SL-16-016-03,SL-16-016,local_folder,1,pending,local_source_enabled
R-Q-SL-16-016-03-general-web,Q-SL-16-016-03,SL-16-016,general_web,3,pending,baseline
R-Q-SL-16-016-03-image-search,Q-SL-16-016-03,SL-16-016,image_search,4,pending,baseline
R-Q-SL-16-016-04-local-folder,Q-SL-16-016-04,SL-16-016,local_folder,1,pending,local_source_enabled
R-Q-SL-16-016-04-wikimedia,Q-SL-16-016-04,SL-16-016,wikimedia,2,pending,historical_query
R-Q-SL-16-016-04-general-web,Q-SL-16-016-04,SL-16-016,general_web,3,pending,baseline
R-Q-SL-16-016-04-image-search,Q-SL-16-016-04,SL-16-016,image_search,4,pending,baseline
R-Q-SL-16-016-05-local-folder,Q-SL-16-016-05,SL-16-016,local_folder,1,pending,local_source_enabled
R-Q-SL-16-016-05-general-web,Q-SL-16-016-05,SL-16-016,general_web,3,pending,baseline
R-Q-SL-16-016-05-image-search,Q-SL-16-016-05,SL-16-016,image_search,4,pending,baseline
R-Q-SL-16-017-01-local-folder,Q-SL-16-017-01,SL-16-017,local_folder,1,pending,local_source_enabled
R-Q-SL-16-017-01-wikimedia,Q-SL-16-017-01,SL-16-017,wikimedia,2,pending,"category_rule,historical_query"
R-Q-SL-16-017-01-general-web,Q-SL-16-017-01,SL-16-017,general_web,3,pending,baseline
R-Q-SL-16-017-01-image-search,Q-SL-16-017-01,SL-16-017,image_search,4,pending,baseline
R-Q-SL-16-017-02-local-folder,Q-SL-16-017-02,SL-16-017,local_folder,1,pending,local_source_enabled
R-Q-SL-16-017-02-wikimedia,Q-SL-16-017-02,SL-16-017,wikimedia,2,pending,"category_rule,historical_query"
R-Q-SL-16-017-02-general-web,Q-SL-16-017-02,SL-16-017,general_web,3,pending,baseline
R-Q-SL-16-017-02-image-search,Q-SL-16-017-02,SL-16-017,image_search,4,pending,baseline
R-Q-SL-16-017-03-local-folder,Q-SL-16-017-03,SL-16-017,local_folder,1,pending,local_source_enabled
R-Q-SL-16-017-03-wikimedia,Q-SL-16-017-03,SL-16-017,wikimedia,2,pending,"category_rule,historical_query"
R-Q-SL-16-017-03-general-web,Q-SL-16-017-03,SL-16-017,general_web,3,pending,baseline
R-Q-SL-16-017-03-image-search,Q-SL-16-017-03,SL-16-017,image_search,4,pending,baseline
R-Q-SL-16-017-04-local-folder,Q-SL-16-017-04,SL-16-017,local_folder,1,pending,local_source_enabled
R-Q-SL-16-017-04-wikimedia,Q-SL-16-017-04,SL-16-017,wikimedia,2,pending,"category_rule,historical_query"
R-Q-SL-16-017-04-general-web,Q-SL-16-017-04,SL-16-017,general_web,3,pending,baseline
R-Q-SL-16-017-04-image-search,Q-SL-16-017-04,SL-16-017,image_search,4,pending,baseline
R-Q-SL-16-017-05-local-folder,Q-SL-16-017-05,SL-16-017,local_folder,1,pending,local_source_enabled
R-Q-SL-16-017-05-wikimedia,Q-SL-16-017-05,SL-16-017,wikimedia,2,pending,"category_rule,historical_query"
R-Q-SL-16-017-05-general-web,Q-SL-16-017-05,SL-16-017,general_web,3,pending,baseline
R-Q-SL-16-017-05-image-search,Q-SL-16-017-05,SL-16-017,image_search,4,pending,baseline
R-Q-SL-16-018-01-local-folder,Q-SL-16-018-01,SL-16-018,local_folder,1,pending,local_source_enabled
R-Q-SL-16-018-01-wikimedia,Q-SL-16-018-01,SL-16-018,wikimedia,2,pending,"category_rule,historical_query"
R-Q-SL-16-018-01-general-web,Q-SL-16-018-01,SL-16-018,general_web,3,pending,baseline
R-Q-SL-16-018-01-image-search,Q-SL-16-018-01,SL-16-018,image_search,4,pending,baseline
R-Q-SL-16-018-02-local-folder,Q-SL-16-018-02,SL-16-018,local_folder,1,pending,local_source_enabled
R-Q-SL-16-018-02-wikimedia,Q-SL-16-018-02,SL-16-018,wikimedia,2,pending,"category_rule,historical_query"
R-Q-SL-16-018-02-general-web,Q-SL-16-018-02,SL-16-018,general_web,3,pending,baseline
R-Q-SL-16-018-02-image-search,Q-SL-16-018-02,SL-16-018,image_search,4,pending,baseline
R-Q-SL-16-018-03-local-folder,Q-SL-16-018-03,SL-16-018,local_folder,1,pending,local_source_enabled
R-Q-SL-16-018-03-wikimedia,Q-SL-16-018-03,SL-16-018,wikimedia,2,pending,"category_rule,historical_query"
R-Q-SL-16-018-03-general-web,Q-SL-16-018-03,SL-16-018,general_web,3,pending,baseline
R-Q-SL-16-018-03-image-search,Q-SL-16-018-03,SL-16-018,image_search,4,pending,baseline
R-Q-SL-16-018-04-local-folder,Q-SL-16-018-04,SL-16-018,local_folder,1,pending,local_source_enabled
R-Q-SL-16-018-04-wikimedia,Q-SL-16-018-04,SL-16-018,wikimedia,2,pending,"category_rule,historical_query"
R-Q-SL-16-018-04-general-web,Q-SL-16-018-04,SL-16-018,general_web,3,pending,baseline
R-Q-SL-16-018-04-image-search,Q-SL-16-018-04,SL-16-018,image_search,4,pending,baseline
R-Q-SL-16-018-05-local-folder,Q-SL-16-018-05,SL-16-018,local_folder,1,pending,local_source_enabled
R-Q-SL-16-018-05-wikimedia,Q-SL-16-018-05,SL-16-018,wikimedia,2,pending,"category_rule,historical_query"
R-Q-SL-16-018-05-general-web,Q-SL-16-018-05,SL-16-018,general_web,3,pending,baseline
R-Q-SL-16-018-05-image-search,Q-SL-16-018-05,SL-16-018,image_search,4,pending,baseline
R-Q-SL-16-019-01-local-folder,Q-SL-16-019-01,SL-16-019,local_folder,1,pending,local_source_enabled
R-Q-SL-16-019-01-wikimedia,Q-SL-16-019-01,SL-16-019,wikimedia,2,pending,"category_rule,historical_query"
R-Q-SL-16-019-01-general-web,Q-SL-16-019-01,SL-16-019,general_web,3,pending,baseline
R-Q-SL-16-019-01-image-search,Q-SL-16-019-01,SL-16-019,image_search,4,pending,baseline
R-Q-SL-16-019-02-local-folder,Q-SL-16-019-02,SL-16-019,local_folder,1,pending,local_source_enabled
R-Q-SL-16-019-02-wikimedia,Q-SL-16-019-02,SL-16-019,wikimedia,2,pending,"category_rule,historical_query"
R-Q-SL-16-019-02-general-web,Q-SL-16-019-02,SL-16-019,general_web,3,pending,baseline
R-Q-SL-16-019-02-image-search,Q-SL-16-019-02,SL-16-019,image_search,4,pending,baseline
R-Q-SL-16-019-03-local-folder,Q-SL-16-019-03,SL-16-019,local_folder,1,pending,local_source_enabled
R-Q-SL-16-019-03-wikimedia,Q-SL-16-019-03,SL-16-019,wikimedia,2,pending,"category_rule,historical_query"
R-Q-SL-16-019-03-general-web,Q-SL-16-019-03,SL-16-019,general_web,3,pending,baseline
R-Q-SL-16-019-03-image-search,Q-SL-16-019-03,SL-16-019,image_search,4,pending,baseline
R-Q-SL-16-019-04-local-folder,Q-SL-16-019-04,SL-16-019,local_folder,1,pending,local_source_enabled
R-Q-SL-16-019-04-wikimedia,Q-SL-16-019-04,SL-16-019,wikimedia,2,pending,"category_rule,historical_query"
R-Q-SL-16-019-04-general-web,Q-SL-16-019-04,SL-16-019,general_web,3,pending,baseline
R-Q-SL-16-019-04-image-search,Q-SL-16-019-04,SL-16-019,image_search,4,pending,baseline
R-Q-SL-16-019-05-local-folder,Q-SL-16-019-05,SL-16-019,local_folder,1,pending,local_source_enabled
R-Q-SL-16-019-05-wikimedia,Q-SL-16-019-05,SL-16-019,wikimedia,2,pending,category_rule
R-Q-SL-16-019-05-general-web,Q-SL-16-019-05,SL-16-019,general_web,3,pending,baseline
R-Q-SL-16-019-05-image-search,Q-SL-16-019-05,SL-16-019,image_search,4,pending,baseline
R-Q-SL-16-020-01-local-folder,Q-SL-16-020-01,SL-16-020,local_folder,1,pending,local_source_enabled
R-Q-SL-16-020-01-wikimedia,Q-SL-16-020-01,SL-16-020,wikimedia,2,pending,"category_rule,historical_query"
R-Q-SL-16-020-01-general-web,Q-SL-16-020-01,SL-16-020,general_web,3,pending,baseline
R-Q-SL-16-020-01-image-search,Q-SL-16-020-01,SL-16-020,image_search,4,pending,baseline
R-Q-SL-16-020-02-local-folder,Q-SL-16-020-02,SL-16-020,local_folder,1,pending,local_source_enabled
R-Q-SL-16-020-02-wikimedia,Q-SL-16-020-02,SL-16-020,wikimedia,2,pending,"category_rule,historical_query"
R-Q-SL-16-020-02-general-web,Q-SL-16-020-02,SL-16-020,general_web,3,pending,baseline
R-Q-SL-16-020-02-image-search,Q-SL-16-020-02,SL-16-020,image_search,4,pending,baseline
R-Q-SL-16-020-03-local-folder,Q-SL-16-020-03,SL-16-020,local_folder,1,pending,local_source_enabled
R-Q-SL-16-020-03-wikimedia,Q-SL-16-020-03,SL-16-020,wikimedia,2,pending,"category_rule,historical_query"
R-Q-SL-16-020-03-general-web,Q-SL-16-020-03,SL-16-020,general_web,3,pending,baseline
R-Q-SL-16-020-03-image-search,Q-SL-16-020-03,SL-16-020,image_search,4,pending,baseline
R-Q-SL-16-020-04-local-folder,Q-SL-16-020-04,SL-16-020,local_folder,1,pending,local_source_enabled
R-Q-SL-16-020-04-wikimedia,Q-SL-16-020-04,SL-16-020,wikimedia,2,pending,"category_rule,historical_query"
R-Q-SL-16-020-04-general-web,Q-SL-16-020-04,SL-16-020,general_web,3,pending,baseline
R-Q-SL-16-020-04-image-search,Q-SL-16-020-04,SL-16-020,image_search,4,pending,baseline
R-Q-SL-16-020-05-local-folder,Q-SL-16-020-05,SL-16-020,local_folder,1,pending,local_source_enabled
R-Q-SL-16-020-05-wikimedia,Q-SL-16-020-05,SL-16-020,wikimedia,2,pending,"category_rule,historical_query"
R-Q-SL-16-020-05-general-web,Q-SL-16-020-05,SL-16-020,general_web,3,pending,baseline
R-Q-SL-16-020-05-image-search,Q-SL-16-020-05,SL-16-020,image_search,4,pending,baseline
R-Q-SL-16-021-01-local-folder,Q-SL-16-021-01,SL-16-021,local_folder,1,pending,local_source_enabled
R-Q-SL-16-021-01-wikimedia,Q-SL-16-021-01,SL-16-021,wikimedia,2,pending,"category_rule,historical_query"
R-Q-SL-16-021-01-general-web,Q-SL-16-021-01,SL-16-021,general_web,3,pending,baseline
R-Q-SL-16-021-01-image-search,Q-SL-16-021-01,SL-16-021,image_search,4,pending,baseline
R-Q-SL-16-021-02-local-folder,Q-SL-16-021-02,SL-16-021,local_folder,1,pending,local_source_enabled
R-Q-SL-16-021-02-wikimedia,Q-SL-16-021-02,SL-16-021,wikimedia,2,pending,"category_rule,historical_query"
R-Q-SL-16-021-02-general-web,Q-SL-16-021-02,SL-16-021,general_web,3,pending,baseline
R-Q-SL-16-021-02-image-search,Q-SL-16-021-02,SL-16-021,image_search,4,pending,baseline
R-Q-SL-16-021-03-local-folder,Q-SL-16-021-03,SL-16-021,local_folder,1,pending,local_source_enabled
R-Q-SL-16-021-03-wikimedia,Q-SL-16-021-03,SL-16-021,wikimedia,2,pending,"category_rule,historical_query"
R-Q-SL-16-021-03-general-web,Q-SL-16-021-03,SL-16-021,general_web,3,pending,baseline
R-Q-SL-16-021-03-image-search,Q-SL-16-021-03,SL-16-021,image_search,4,pending,baseline
R-Q-SL-16-021-04-local-folder,Q-SL-16-021-04,SL-16-021,local_folder,1,pending,local_source_enabled
R-Q-SL-16-021-04-wikimedia,Q-SL-16-021-04,SL-16-021,wikimedia,2,pending,"category_rule,historical_query"
R-Q-SL-16-021-04-general-web,Q-SL-16-021-04,SL-16-021,general_web,3,pending,baseline
R-Q-SL-16-021-04-image-search,Q-SL-16-021-04,SL-16-021,image_search,4,pending,baseline
R-Q-SL-16-021-05-local-folder,Q-SL-16-021-05,SL-16-021,local_folder,1,pending,local_source_enabled
R-Q-SL-16-021-05-wikimedia,Q-SL-16-021-05,SL-16-021,wikimedia,2,pending,"category_rule,historical_query"
R-Q-SL-16-021-05-general-web,Q-SL-16-021-05,SL-16-021,general_web,3,pending,baseline
R-Q-SL-16-021-05-image-search,Q-SL-16-021-05,SL-16-021,image_search,4,pending,baseline
R-Q-SL-16-022-01-local-folder,Q-SL-16-022-01,SL-16-022,local_folder,1,pending,local_source_enabled
R-Q-SL-16-022-01-wikimedia,Q-SL-16-022-01,SL-16-022,wikimedia,2,pending,"category_rule,historical_query"
R-Q-SL-16-022-01-general-web,Q-SL-16-022-01,SL-16-022,general_web,3,pending,baseline
R-Q-SL-16-022-01-image-search,Q-SL-16-022-01,SL-16-022,image_search,4,pending,baseline
R-Q-SL-16-022-02-local-folder,Q-SL-16-022-02,SL-16-022,local_folder,1,pending,local_source_enabled
R-Q-SL-16-022-02-wikimedia,Q-SL-16-022-02,SL-16-022,wikimedia,2,pending,"category_rule,historical_query"
R-Q-SL-16-022-02-general-web,Q-SL-16-022-02,SL-16-022,general_web,3,pending,baseline
R-Q-SL-16-022-02-image-search,Q-SL-16-022-02,SL-16-022,image_search,4,pending,baseline
R-Q-SL-16-022-03-local-folder,Q-SL-16-022-03,SL-16-022,local_folder,1,pending,local_source_enabled
R-Q-SL-16-022-03-wikimedia,Q-SL-16-022-03,SL-16-022,wikimedia,2,pending,"category_rule,historical_query"
R-Q-SL-16-022-03-general-web,Q-SL-16-022-03,SL-16-022,general_web,3,pending,baseline
R-Q-SL-16-022-03-image-search,Q-SL-16-022-03,SL-16-022,image_search,4,pending,baseline
R-Q-SL-16-022-04-local-folder,Q-SL-16-022-04,SL-16-022,local_folder,1,pending,local_source_enabled
R-Q-SL-16-022-04-wikimedia,Q-SL-16-022-04,SL-16-022,wikimedia,2,pending,"category_rule,historical_query"
R-Q-SL-16-022-04-general-web,Q-SL-16-022-04,SL-16-022,general_web,3,pending,baseline
R-Q-SL-16-022-04-image-search,Q-SL-16-022-04,SL-16-022,image_search,4,pending,baseline
R-Q-SL-16-022-05-local-folder,Q-SL-16-022-05,SL-16-022,local_folder,1,pending,local_source_enabled
R-Q-SL-16-022-05-wikimedia,Q-SL-16-022-05,SL-16-022,wikimedia,2,pending,"category_rule,historical_query"
R-Q-SL-16-022-05-general-web,Q-SL-16-022-05,SL-16-022,general_web,3,pending,baseline
R-Q-SL-16-022-05-image-search,Q-SL-16-022-05,SL-16-022,image_search,4,pending,baseline
R-Q-SL-16-023-01-local-folder,Q-SL-16-023-01,SL-16-023,local_folder,1,pending,local_source_enabled
R-Q-SL-16-023-01-wikimedia,Q-SL-16-023-01,SL-16-023,wikimedia,2,pending,"category_rule,historical_query"
R-Q-SL-16-023-01-general-web,Q-SL-16-023-01,SL-16-023,general_web,3,pending,baseline
R-Q-SL-16-023-01-image-search,Q-SL-16-023-01,SL-16-023,image_search,4,pending,baseline
R-Q-SL-16-023-02-local-folder,Q-SL-16-023-02,SL-16-023,local_folder,1,pending,local_source_enabled
R-Q-SL-16-023-02-wikimedia,Q-SL-16-023-02,SL-16-023,wikimedia,2,pending,"category_rule,historical_query"
R-Q-SL-16-023-02-general-web,Q-SL-16-023-02,SL-16-023,general_web,3,pending,baseline
R-Q-SL-16-023-02-image-search,Q-SL-16-023-02,SL-16-023,image_search,4,pending,baseline
R-Q-SL-16-023-03-local-folder,Q-SL-16-023-03,SL-16-023,local_folder,1,pending,local_source_enabled
R-Q-SL-16-023-03-wikimedia,Q-SL-16-023-03,SL-16-023,wikimedia,2,pending,"category_rule,historical_query"
R-Q-SL-16-023-03-general-web,Q-SL-16-023-03,SL-16-023,general_web,3,pending,baseline
R-Q-SL-16-023-03-image-search,Q-SL-16-023-03,SL-16-023,image_search,4,pending,baseline
R-Q-SL-16-023-04-local-folder,Q-SL-16-023-04,SL-16-023,local_folder,1,pending,local_source_enabled
R-Q-SL-16-023-04-wikimedia,Q-SL-16-023-04,SL-16-023,wikimedia,2,pending,"category_rule,historical_query"
R-Q-SL-16-023-04-general-web,Q-SL-16-023-04,SL-16-023,general_web,3,pending,baseline
R-Q-SL-16-023-04-image-search,Q-SL-16-023-04,SL-16-023,image_search,4,pending,baseline
R-Q-SL-16-023-05-local-folder,Q-SL-16-023-05,SL-16-023,local_folder,1,pending,local_source_enabled
R-Q-SL-16-023-05-wikimedia,Q-SL-16-023-05,SL-16-023,wikimedia,2,pending,"category_rule,historical_query"
R-Q-SL-16-023-05-general-web,Q-SL-16-023-05,SL-16-023,general_web,3,pending,baseline
R-Q-SL-16-023-05-image-search,Q-SL-16-023-05,SL-16-023,image_search,4,pending,baseline
R-Q-SL-16-024-01-local-folder,Q-SL-16-024-01,SL-16-024,local_folder,1,pending,local_source_enabled
R-Q-SL-16-024-01-wikimedia,Q-SL-16-024-01,SL-16-024,wikimedia,2,pending,"category_rule,historical_query"
R-Q-SL-16-024-01-general-web,Q-SL-16-024-01,SL-16-024,general_web,3,pending,baseline
R-Q-SL-16-024-01-image-search,Q-SL-16-024-01,SL-16-024,image_search,4,pending,baseline
R-Q-SL-16-024-02-local-folder,Q-SL-16-024-02,SL-16-024,local_folder,1,pending,local_source_enabled
R-Q-SL-16-024-02-wikimedia,Q-SL-16-024-02,SL-16-024,wikimedia,2,pending,"category_rule,historical_query"
R-Q-SL-16-024-02-general-web,Q-SL-16-024-02,SL-16-024,general_web,3,pending,baseline
R-Q-SL-16-024-02-image-search,Q-SL-16-024-02,SL-16-024,image_search,4,pending,baseline
R-Q-SL-16-024-03-local-folder,Q-SL-16-024-03,SL-16-024,local_folder,1,pending,local_source_enabled
R-Q-SL-16-024-03-wikimedia,Q-SL-16-024-03,SL-16-024,wikimedia,2,pending,"category_rule,historical_query"
R-Q-SL-16-024-03-general-web,Q-SL-16-024-03,SL-16-024,general_web,3,pending,baseline
R-Q-SL-16-024-03-image-search,Q-SL-16-024-03,SL-16-024,image_search,4,pending,baseline
R-Q-SL-16-024-04-local-folder,Q-SL-16-024-04,SL-16-024,local_folder,1,pending,local_source_enabled
R-Q-SL-16-024-04-wikimedia,Q-SL-16-024-04,SL-16-024,wikimedia,2,pending,"category_rule,historical_query"
R-Q-SL-16-024-04-general-web,Q-SL-16-024-04,SL-16-024,general_web,3,pending,baseline
R-Q-SL-16-024-04-image-search,Q-SL-16-024-04,SL-16-024,image_search,4,pending,baseline
R-Q-SL-16-024-05-local-folder,Q-SL-16-024-05,SL-16-024,local_folder,1,pending,local_source_enabled
R-Q-SL-16-024-05-wikimedia,Q-SL-16-024-05,SL-16-024,wikimedia,2,pending,"category_rule,historical_query"
R-Q-SL-16-024-05-general-web,Q-SL-16-024-05,SL-16-024,general_web,3,pending,baseline
R-Q-SL-16-024-05-image-search,Q-SL-16-024-05,SL-16-024,image_search,4,pending,baseline
R-Q-SL-16-025-01-local-folder,Q-SL-16-025-01,SL-16-025,local_folder,1,pending,local_source_enabled
R-Q-SL-16-025-01-wikimedia,Q-SL-16-025-01,SL-16-025,wikimedia,2,pending,historical_query
R-Q-SL-16-025-01-general-web,Q-SL-16-025-01,SL-16-025,general_web,3,pending,baseline
R-Q-SL-16-025-01-image-search,Q-SL-16-025-01,SL-16-025,image_search,4,pending,baseline
R-Q-SL-16-025-02-local-folder,Q-SL-16-025-02,SL-16-025,local_folder,1,pending,local_source_enabled
R-Q-SL-16-025-02-wikimedia,Q-SL-16-025-02,SL-16-025,wikimedia,2,pending,historical_query
R-Q-SL-16-025-02-general-web,Q-SL-16-025-02,SL-16-025,general_web,3,pending,baseline
R-Q-SL-16-025-02-image-search,Q-SL-16-025-02,SL-16-025,image_search,4,pending,baseline
R-Q-SL-16-025-03-local-folder,Q-SL-16-025-03,SL-16-025,local_folder,1,pending,local_source_enabled
R-Q-SL-16-025-03-wikimedia,Q-SL-16-025-03,SL-16-025,wikimedia,2,pending,historical_query
R-Q-SL-16-025-03-general-web,Q-SL-16-025-03,SL-16-025,general_web,3,pending,baseline
R-Q-SL-16-025-03-image-search,Q-SL-16-025-03,SL-16-025,image_search,4,pending,baseline
R-Q-SL-16-025-04-local-folder,Q-SL-16-025-04,SL-16-025,local_folder,1,pending,local_source_enabled
R-Q-SL-16-025-04-wikimedia,Q-SL-16-025-04,SL-16-025,wikimedia,2,pending,historical_query
R-Q-SL-16-025-04-general-web,Q-SL-16-025-04,SL-16-025,general_web,3,pending,baseline
R-Q-SL-16-025-04-image-search,Q-SL-16-025-04,SL-16-025,image_search,4,pending,baseline
R-Q-SL-16-025-05-local-folder,Q-SL-16-025-05,SL-16-025,local_folder,1,pending,local_source_enabled
R-Q-SL-16-025-05-wikimedia,Q-SL-16-025-05,SL-16-025,wikimedia,2,pending,historical_query
R-Q-SL-16-025-05-general-web,Q-SL-16-025-05,SL-16-025,general_web,3,pending,baseline
R-Q-SL-16-025-05-image-search,Q-SL-16-025-05,SL-16-025,image_search,4,pending,baseline
R-Q-SL-16-026-01-local-folder,Q-SL-16-026-01,SL-16-026,local_folder,1,pending,local_source_enabled
R-Q-SL-16-026-01-wikimedia,Q-SL-16-026-01,SL-16-026,wikimedia,2,pending,historical_query
R-Q-SL-16-026-01-general-web,Q-SL-16-026-01,SL-16-026,general_web,3,pending,baseline
R-Q-SL-16-026-01-image-search,Q-SL-16-026-01,SL-16-026,image_search,4,pending,baseline
R-Q-SL-16-026-02-local-folder,Q-SL-16-026-02,SL-16-026,local_folder,1,pending,local_source_enabled
R-Q-SL-16-026-02-wikimedia,Q-SL-16-026-02,SL-16-026,wikimedia,2,pending,historical_query
R-Q-SL-16-026-02-general-web,Q-SL-16-026-02,SL-16-026,general_web,3,pending,baseline
R-Q-SL-16-026-02-image-search,Q-SL-16-026-02,SL-16-026,image_search,4,pending,baseline
R-Q-SL-16-026-03-local-folder,Q-SL-16-026-03,SL-16-026,local_folder,1,pending,local_source_enabled
R-Q-SL-16-026-03-wikimedia,Q-SL-16-026-03,SL-16-026,wikimedia,2,pending,historical_query
R-Q-SL-16-026-03-general-web,Q-SL-16-026-03,SL-16-026,general_web,3,pending,baseline
R-Q-SL-16-026-03-image-search,Q-SL-16-026-03,SL-16-026,image_search,4,pending,baseline
R-Q-SL-16-026-04-local-folder,Q-SL-16-026-04,SL-16-026,local_folder,1,pending,local_source_enabled
R-Q-SL-16-026-04-wikimedia,Q-SL-16-026-04,SL-16-026,wikimedia,2,pending,historical_query
R-Q-SL-16-026-04-general-web,Q-SL-16-026-04,SL-16-026,general_web,3,pending,baseline
R-Q-SL-16-026-04-image-search,Q-SL-16-026-04,SL-16-026,image_search,4,pending,baseline
R-Q-SL-16-026-05-local-folder,Q-SL-16-026-05,SL-16-026,local_folder,1,pending,local_source_enabled
R-Q-SL-16-026-05-wikimedia,Q-SL-16-026-05,SL-16-026,wikimedia,2,pending,historical_query
R-Q-SL-16-026-05-general-web,Q-SL-16-026-05,SL-16-026,general_web,3,pending,baseline
R-Q-SL-16-026-05-image-search,Q-SL-16-026-05,SL-16-026,image_search,4,pending,baseline
R-Q-SL-16-027-01-local-folder,Q-SL-16-027-01,SL-16-027,local_folder,1,pending,local_source_enabled
R-Q-SL-16-027-01-wikimedia,Q-SL-16-027-01,SL-16-027,wikimedia,2,pending,historical_query
R-Q-SL-16-027-01-general-web,Q-SL-16-027-01,SL-16-027,general_web,3,pending,baseline
R-Q-SL-16-027-01-image-search,Q-SL-16-027-01,SL-16-027,image_search,4,pending,baseline
R-Q-SL-16-027-02-local-folder,Q-SL-16-027-02,SL-16-027,local_folder,1,pending,local_source_enabled
R-Q-SL-16-027-02-wikimedia,Q-SL-16-027-02,SL-16-027,wikimedia,2,pending,historical_query
R-Q-SL-16-027-02-general-web,Q-SL-16-027-02,SL-16-027,general_web,3,pending,baseline
R-Q-SL-16-027-02-image-search,Q-SL-16-027-02,SL-16-027,image_search,4,pending,baseline
R-Q-SL-16-027-03-local-folder,Q-SL-16-027-03,SL-16-027,local_folder,1,pending,local_source_enabled
R-Q-SL-16-027-03-wikimedia,Q-SL-16-027-03,SL-16-027,wikimedia,2,pending,historical_query
R-Q-SL-16-027-03-general-web,Q-SL-16-027-03,SL-16-027,general_web,3,pending,baseline
R-Q-SL-16-027-03-image-search,Q-SL-16-027-03,SL-16-027,image_search,4,pending,baseline
R-Q-SL-16-027-04-local-folder,Q-SL-16-027-04,SL-16-027,local_folder,1,pending,local_source_enabled
R-Q-SL-16-027-04-wikimedia,Q-SL-16-027-04,SL-16-027,wikimedia,2,pending,historical_query
R-Q-SL-16-027-04-general-web,Q-SL-16-027-04,SL-16-027,general_web,3,pending,baseline
R-Q-SL-16-027-04-image-search,Q-SL-16-027-04,SL-16-027,image_search,4,pending,baseline
R-Q-SL-16-027-05-local-folder,Q-SL-16-027-05,SL-16-027,local_folder,1,pending,local_source_enabled
R-Q-SL-16-027-05-wikimedia,Q-SL-16-027-05,SL-16-027,wikimedia,2,pending,historical_query
R-Q-SL-16-027-05-general-web,Q-SL-16-027-05,SL-16-027,general_web,3,pending,baseline
R-Q-SL-16-027-05-image-search,Q-SL-16-027-05,SL-16-027,image_search,4,pending,baseline
R-Q-SL-16-028-01-local-folder,Q-SL-16-028-01,SL-16-028,local_folder,1,pending,local_source_enabled
R-Q-SL-16-028-01-wikimedia,Q-SL-16-028-01,SL-16-028,wikimedia,2,pending,historical_query
R-Q-SL-16-028-01-general-web,Q-SL-16-028-01,SL-16-028,general_web,3,pending,baseline
R-Q-SL-16-028-01-image-search,Q-SL-16-028-01,SL-16-028,image_search,4,pending,baseline
R-Q-SL-16-028-02-local-folder,Q-SL-16-028-02,SL-16-028,local_folder,1,pending,local_source_enabled
R-Q-SL-16-028-02-wikimedia,Q-SL-16-028-02,SL-16-028,wikimedia,2,pending,historical_query
R-Q-SL-16-028-02-general-web,Q-SL-16-028-02,SL-16-028,general_web,3,pending,baseline
R-Q-SL-16-028-02-image-search,Q-SL-16-028-02,SL-16-028,image_search,4,pending,baseline
R-Q-SL-16-028-03-local-folder,Q-SL-16-028-03,SL-16-028,local_folder,1,pending,local_source_enabled
R-Q-SL-16-028-03-wikimedia,Q-SL-16-028-03,SL-16-028,wikimedia,2,pending,historical_query
R-Q-SL-16-028-03-general-web,Q-SL-16-028-03,SL-16-028,general_web,3,pending,baseline
R-Q-SL-16-028-03-image-search,Q-SL-16-028-03,SL-16-028,image_search,4,pending,baseline
R-Q-SL-16-028-04-local-folder,Q-SL-16-028-04,SL-16-028,local_folder,1,pending,local_source_enabled
R-Q-SL-16-028-04-wikimedia,Q-SL-16-028-04,SL-16-028,wikimedia,2,pending,historical_query
R-Q-SL-16-028-04-general-web,Q-SL-16-028-04,SL-16-028,general_web,3,pending,baseline
R-Q-SL-16-028-04-image-search,Q-SL-16-028-04,SL-16-028,image_search,4,pending,baseline
R-Q-SL-16-028-05-local-folder,Q-SL-16-028-05,SL-16-028,local_folder,1,pending,local_source_enabled
R-Q-SL-16-028-05-wikimedia,Q-SL-16-028-05,SL-16-028,wikimedia,2,pending,historical_query
R-Q-SL-16-028-05-general-web,Q-SL-16-028-05,SL-16-028,general_web,3,pending,baseline
R-Q-SL-16-028-05-image-search,Q-SL-16-028-05,SL-16-028,image_search,4,pending,baseline
R-Q-SL-16-029-01-local-folder,Q-SL-16-029-01,SL-16-029,local_folder,1,pending,local_source_enabled
R-Q-SL-16-029-01-wikimedia,Q-SL-16-029-01,SL-16-029,wikimedia,2,pending,historical_query
R-Q-SL-16-029-01-general-web,Q-SL-16-029-01,SL-16-029,general_web,3,pending,baseline
R-Q-SL-16-029-01-image-search,Q-SL-16-029-01,SL-16-029,image_search,4,pending,baseline
R-Q-SL-16-029-02-local-folder,Q-SL-16-029-02,SL-16-029,local_folder,1,pending,local_source_enabled
R-Q-SL-16-029-02-wikimedia,Q-SL-16-029-02,SL-16-029,wikimedia,2,pending,historical_query
R-Q-SL-16-029-02-general-web,Q-SL-16-029-02,SL-16-029,general_web,3,pending,baseline
R-Q-SL-16-029-02-image-search,Q-SL-16-029-02,SL-16-029,image_search,4,pending,baseline
R-Q-SL-16-029-03-local-folder,Q-SL-16-029-03,SL-16-029,local_folder,1,pending,local_source_enabled
R-Q-SL-16-029-03-wikimedia,Q-SL-16-029-03,SL-16-029,wikimedia,2,pending,historical_query
R-Q-SL-16-029-03-general-web,Q-SL-16-029-03,SL-16-029,general_web,3,pending,baseline
R-Q-SL-16-029-03-image-search,Q-SL-16-029-03,SL-16-029,image_search,4,pending,baseline
R-Q-SL-16-029-04-local-folder,Q-SL-16-029-04,SL-16-029,local_folder,1,pending,local_source_enabled
R-Q-SL-16-029-04-wikimedia,Q-SL-16-029-04,SL-16-029,wikimedia,2,pending,historical_query
R-Q-SL-16-029-04-general-web,Q-SL-16-029-04,SL-16-029,general_web,3,pending,baseline
R-Q-SL-16-029-04-image-search,Q-SL-16-029-04,SL-16-029,image_search,4,pending,baseline
R-Q-SL-16-029-05-local-folder,Q-SL-16-029-05,SL-16-029,local_folder,1,pending,local_source_enabled
R-Q-SL-16-029-05-wikimedia,Q-SL-16-029-05,SL-16-029,wikimedia,2,pending,historical_query
R-Q-SL-16-029-05-general-web,Q-SL-16-029-05,SL-16-029,general_web,3,pending,baseline
R-Q-SL-16-029-05-image-search,Q-SL-16-029-05,SL-16-029,image_search,4,pending,baseline
R-Q-SL-16-030-01-local-folder,Q-SL-16-030-01,SL-16-030,local_folder,1,pending,local_source_enabled
R-Q-SL-16-030-01-wikimedia,Q-SL-16-030-01,SL-16-030,wikimedia,2,pending,"category_rule,historical_query"
R-Q-SL-16-030-01-general-web,Q-SL-16-030-01,SL-16-030,general_web,3,pending,baseline
R-Q-SL-16-030-01-image-search,Q-SL-16-030-01,SL-16-030,image_search,4,pending,baseline
R-Q-SL-16-030-02-local-folder,Q-SL-16-030-02,SL-16-030,local_folder,1,pending,local_source_enabled
R-Q-SL-16-030-02-wikimedia,Q-SL-16-030-02,SL-16-030,wikimedia,2,pending,"category_rule,historical_query"
R-Q-SL-16-030-02-general-web,Q-SL-16-030-02,SL-16-030,general_web,3,pending,baseline
R-Q-SL-16-030-02-image-search,Q-SL-16-030-02,SL-16-030,image_search,4,pending,baseline
R-Q-SL-16-030-03-local-folder,Q-SL-16-030-03,SL-16-030,local_folder,1,pending,local_source_enabled
R-Q-SL-16-030-03-wikimedia,Q-SL-16-030-03,SL-16-030,wikimedia,2,pending,"category_rule,historical_query"
R-Q-SL-16-030-03-general-web,Q-SL-16-030-03,SL-16-030,general_web,3,pending,baseline
R-Q-SL-16-030-03-image-search,Q-SL-16-030-03,SL-16-030,image_search,4,pending,baseline
R-Q-SL-16-030-04-local-folder,Q-SL-16-030-04,SL-16-030,local_folder,1,pending,local_source_enabled
R-Q-SL-16-030-04-wikimedia,Q-SL-16-030-04,SL-16-030,wikimedia,2,pending,"category_rule,historical_query"
R-Q-SL-16-030-04-general-web,Q-SL-16-030-04,SL-16-030,general_web,3,pending,baseline
R-Q-SL-16-030-04-image-search,Q-SL-16-030-04,SL-16-030,image_search,4,pending,baseline
R-Q-SL-16-030-05-local-folder,Q-SL-16-030-05,SL-16-030,local_folder,1,pending,local_source_enabled
R-Q-SL-16-030-05-wikimedia,Q-SL-16-030-05,SL-16-030,wikimedia,2,pending,"category_rule,historical_query"
R-Q-SL-16-030-05-general-web,Q-SL-16-030-05,SL-16-030,general_web,3,pending,baseline
R-Q-SL-16-030-05-image-search,Q-SL-16-030-05,SL-16-030,image_search,4,pending,baseline
R-Q-SL-17-001-01-local-folder,Q-SL-17-001-01,SL-17-001,local_folder,1,pending,local_source_enabled
R-Q-SL-17-001-01-general-web,Q-SL-17-001-01,SL-17-001,general_web,3,pending,baseline
R-Q-SL-17-001-01-image-search,Q-SL-17-001-01,SL-17-001,image_search,4,pending,baseline
R-Q-SL-17-001-02-local-folder,Q-SL-17-001-02,SL-17-001,local_folder,1,pending,local_source_enabled
R-Q-SL-17-001-02-general-web,Q-SL-17-001-02,SL-17-001,general_web,3,pending,baseline
R-Q-SL-17-001-02-image-search,Q-SL-17-001-02,SL-17-001,image_search,4,pending,baseline
R-Q-SL-17-001-03-local-folder,Q-SL-17-001-03,SL-17-001,local_folder,1,pending,local_source_enabled
R-Q-SL-17-001-03-general-web,Q-SL-17-001-03,SL-17-001,general_web,3,pending,baseline
R-Q-SL-17-001-03-image-search,Q-SL-17-001-03,SL-17-001,image_search,4,pending,baseline
R-Q-SL-17-001-04-local-folder,Q-SL-17-001-04,SL-17-001,local_folder,1,pending,local_source_enabled
R-Q-SL-17-001-04-general-web,Q-SL-17-001-04,SL-17-001,general_web,3,pending,baseline
R-Q-SL-17-001-04-image-search,Q-SL-17-001-04,SL-17-001,image_search,4,pending,baseline
R-Q-SL-17-001-05-local-folder,Q-SL-17-001-05,SL-17-001,local_folder,1,pending,local_source_enabled
R-Q-SL-17-001-05-general-web,Q-SL-17-001-05,SL-17-001,general_web,3,pending,baseline
R-Q-SL-17-001-05-image-search,Q-SL-17-001-05,SL-17-001,image_search,4,pending,baseline
R-Q-SL-17-002-01-local-folder,Q-SL-17-002-01,SL-17-002,local_folder,1,pending,local_source_enabled
R-Q-SL-17-002-01-general-web,Q-SL-17-002-01,SL-17-002,general_web,3,pending,baseline
R-Q-SL-17-002-01-image-search,Q-SL-17-002-01,SL-17-002,image_search,4,pending,baseline
R-Q-SL-17-002-02-local-folder,Q-SL-17-002-02,SL-17-002,local_folder,1,pending,local_source_enabled
R-Q-SL-17-002-02-general-web,Q-SL-17-002-02,SL-17-002,general_web,3,pending,baseline
R-Q-SL-17-002-02-image-search,Q-SL-17-002-02,SL-17-002,image_search,4,pending,baseline
R-Q-SL-17-002-03-local-folder,Q-SL-17-002-03,SL-17-002,local_folder,1,pending,local_source_enabled
R-Q-SL-17-002-03-general-web,Q-SL-17-002-03,SL-17-002,general_web,3,pending,baseline
R-Q-SL-17-002-03-image-search,Q-SL-17-002-03,SL-17-002,image_search,4,pending,baseline
R-Q-SL-17-002-04-local-folder,Q-SL-17-002-04,SL-17-002,local_folder,1,pending,local_source_enabled
R-Q-SL-17-002-04-general-web,Q-SL-17-002-04,SL-17-002,general_web,3,pending,baseline
R-Q-SL-17-002-04-image-search,Q-SL-17-002-04,SL-17-002,image_search,4,pending,baseline
R-Q-SL-17-002-05-local-folder,Q-SL-17-002-05,SL-17-002,local_folder,1,pending,local_source_enabled
R-Q-SL-17-002-05-general-web,Q-SL-17-002-05,SL-17-002,general_web,3,pending,baseline
R-Q-SL-17-002-05-image-search,Q-SL-17-002-05,SL-17-002,image_search,4,pending,baseline
R-Q-SL-17-003-01-local-folder,Q-SL-17-003-01,SL-17-003,local_folder,1,pending,local_source_enabled
R-Q-SL-17-003-01-general-web,Q-SL-17-003-01,SL-17-003,general_web,3,pending,baseline
R-Q-SL-17-003-01-image-search,Q-SL-17-003-01,SL-17-003,image_search,4,pending,baseline
R-Q-SL-17-003-02-local-folder,Q-SL-17-003-02,SL-17-003,local_folder,1,pending,local_source_enabled
R-Q-SL-17-003-02-general-web,Q-SL-17-003-02,SL-17-003,general_web,3,pending,baseline
R-Q-SL-17-003-02-image-search,Q-SL-17-003-02,SL-17-003,image_search,4,pending,baseline
R-Q-SL-17-003-03-local-folder,Q-SL-17-003-03,SL-17-003,local_folder,1,pending,local_source_enabled
R-Q-SL-17-003-03-general-web,Q-SL-17-003-03,SL-17-003,general_web,3,pending,baseline
R-Q-SL-17-003-03-image-search,Q-SL-17-003-03,SL-17-003,image_search,4,pending,baseline
R-Q-SL-17-003-04-local-folder,Q-SL-17-003-04,SL-17-003,local_folder,1,pending,local_source_enabled
R-Q-SL-17-003-04-general-web,Q-SL-17-003-04,SL-17-003,general_web,3,pending,baseline
R-Q-SL-17-003-04-image-search,Q-SL-17-003-04,SL-17-003,image_search,4,pending,baseline
R-Q-SL-17-003-05-local-folder,Q-SL-17-003-05,SL-17-003,local_folder,1,pending,local_source_enabled
R-Q-SL-17-003-05-general-web,Q-SL-17-003-05,SL-17-003,general_web,3,pending,baseline
R-Q-SL-17-003-05-image-search,Q-SL-17-003-05,SL-17-003,image_search,4,pending,baseline
R-Q-SL-17-004-01-local-folder,Q-SL-17-004-01,SL-17-004,local_folder,1,pending,local_source_enabled
R-Q-SL-17-004-01-general-web,Q-SL-17-004-01,SL-17-004,general_web,3,pending,baseline
R-Q-SL-17-004-01-image-search,Q-SL-17-004-01,SL-17-004,image_search,4,pending,baseline
R-Q-SL-17-004-02-local-folder,Q-SL-17-004-02,SL-17-004,local_folder,1,pending,local_source_enabled
R-Q-SL-17-004-02-general-web,Q-SL-17-004-02,SL-17-004,general_web,3,pending,baseline
R-Q-SL-17-004-02-image-search,Q-SL-17-004-02,SL-17-004,image_search,4,pending,baseline
R-Q-SL-17-004-03-local-folder,Q-SL-17-004-03,SL-17-004,local_folder,1,pending,local_source_enabled
R-Q-SL-17-004-03-general-web,Q-SL-17-004-03,SL-17-004,general_web,3,pending,baseline
R-Q-SL-17-004-03-image-search,Q-SL-17-004-03,SL-17-004,image_search,4,pending,baseline
R-Q-SL-17-004-04-local-folder,Q-SL-17-004-04,SL-17-004,local_folder,1,pending,local_source_enabled
R-Q-SL-17-004-04-general-web,Q-SL-17-004-04,SL-17-004,general_web,3,pending,baseline
R-Q-SL-17-004-04-image-search,Q-SL-17-004-04,SL-17-004,image_search,4,pending,baseline
R-Q-SL-17-004-05-local-folder,Q-SL-17-004-05,SL-17-004,local_folder,1,pending,local_source_enabled
R-Q-SL-17-004-05-general-web,Q-SL-17-004-05,SL-17-004,general_web,3,pending,baseline
R-Q-SL-17-004-05-image-search,Q-SL-17-004-05,SL-17-004,image_search,4,pending,baseline
R-Q-SL-17-005-01-local-folder,Q-SL-17-005-01,SL-17-005,local_folder,1,pending,local_source_enabled
R-Q-SL-17-005-01-general-web,Q-SL-17-005-01,SL-17-005,general_web,3,pending,baseline
R-Q-SL-17-005-01-image-search,Q-SL-17-005-01,SL-17-005,image_search,4,pending,baseline
R-Q-SL-17-005-02-local-folder,Q-SL-17-005-02,SL-17-005,local_folder,1,pending,local_source_enabled
R-Q-SL-17-005-02-general-web,Q-SL-17-005-02,SL-17-005,general_web,3,pending,baseline
R-Q-SL-17-005-02-image-search,Q-SL-17-005-02,SL-17-005,image_search,4,pending,baseline
R-Q-SL-17-005-03-local-folder,Q-SL-17-005-03,SL-17-005,local_folder,1,pending,local_source_enabled
R-Q-SL-17-005-03-general-web,Q-SL-17-005-03,SL-17-005,general_web,3,pending,baseline
R-Q-SL-17-005-03-image-search,Q-SL-17-005-03,SL-17-005,image_search,4,pending,baseline
R-Q-SL-17-005-04-local-folder,Q-SL-17-005-04,SL-17-005,local_folder,1,pending,local_source_enabled
R-Q-SL-17-005-04-general-web,Q-SL-17-005-04,SL-17-005,general_web,3,pending,baseline
R-Q-SL-17-005-04-image-search,Q-SL-17-005-04,SL-17-005,image_search,4,pending,baseline
R-Q-SL-17-005-05-local-folder,Q-SL-17-005-05,SL-17-005,local_folder,1,pending,local_source_enabled
R-Q-SL-17-005-05-general-web,Q-SL-17-005-05,SL-17-005,general_web,3,pending,baseline
R-Q-SL-17-005-05-image-search,Q-SL-17-005-05,SL-17-005,image_search,4,pending,baseline
R-Q-SL-17-006-01-local-folder,Q-SL-17-006-01,SL-17-006,local_folder,1,pending,local_source_enabled
R-Q-SL-17-006-01-general-web,Q-SL-17-006-01,SL-17-006,general_web,3,pending,baseline
R-Q-SL-17-006-01-image-search,Q-SL-17-006-01,SL-17-006,image_search,4,pending,baseline
R-Q-SL-17-006-02-local-folder,Q-SL-17-006-02,SL-17-006,local_folder,1,pending,local_source_enabled
R-Q-SL-17-006-02-general-web,Q-SL-17-006-02,SL-17-006,general_web,3,pending,baseline
R-Q-SL-17-006-02-image-search,Q-SL-17-006-02,SL-17-006,image_search,4,pending,baseline
R-Q-SL-17-006-03-local-folder,Q-SL-17-006-03,SL-17-006,local_folder,1,pending,local_source_enabled
R-Q-SL-17-006-03-general-web,Q-SL-17-006-03,SL-17-006,general_web,3,pending,baseline
R-Q-SL-17-006-03-image-search,Q-SL-17-006-03,SL-17-006,image_search,4,pending,baseline
R-Q-SL-17-006-04-local-folder,Q-SL-17-006-04,SL-17-006,local_folder,1,pending,local_source_enabled
R-Q-SL-17-006-04-general-web,Q-SL-17-006-04,SL-17-006,general_web,3,pending,baseline
R-Q-SL-17-006-04-image-search,Q-SL-17-006-04,SL-17-006,image_search,4,pending,baseline
R-Q-SL-17-006-05-local-folder,Q-SL-17-006-05,SL-17-006,local_folder,1,pending,local_source_enabled
R-Q-SL-17-006-05-general-web,Q-SL-17-006-05,SL-17-006,general_web,3,pending,baseline
R-Q-SL-17-006-05-image-search,Q-SL-17-006-05,SL-17-006,image_search,4,pending,baseline
R-Q-SL-17-007-01-local-folder,Q-SL-17-007-01,SL-17-007,local_folder,1,pending,local_source_enabled
R-Q-SL-17-007-01-general-web,Q-SL-17-007-01,SL-17-007,general_web,3,pending,baseline
R-Q-SL-17-007-01-image-search,Q-SL-17-007-01,SL-17-007,image_search,4,pending,baseline
R-Q-SL-17-007-02-local-folder,Q-SL-17-007-02,SL-17-007,local_folder,1,pending,local_source_enabled
R-Q-SL-17-007-02-general-web,Q-SL-17-007-02,SL-17-007,general_web,3,pending,baseline
R-Q-SL-17-007-02-image-search,Q-SL-17-007-02,SL-17-007,image_search,4,pending,baseline
R-Q-SL-17-007-03-local-folder,Q-SL-17-007-03,SL-17-007,local_folder,1,pending,local_source_enabled
R-Q-SL-17-007-03-general-web,Q-SL-17-007-03,SL-17-007,general_web,3,pending,baseline
R-Q-SL-17-007-03-image-search,Q-SL-17-007-03,SL-17-007,image_search,4,pending,baseline
R-Q-SL-17-007-04-local-folder,Q-SL-17-007-04,SL-17-007,local_folder,1,pending,local_source_enabled
R-Q-SL-17-007-04-general-web,Q-SL-17-007-04,SL-17-007,general_web,3,pending,baseline
R-Q-SL-17-007-04-image-search,Q-SL-17-007-04,SL-17-007,image_search,4,pending,baseline
R-Q-SL-17-007-05-local-folder,Q-SL-17-007-05,SL-17-007,local_folder,1,pending,local_source_enabled
R-Q-SL-17-007-05-general-web,Q-SL-17-007-05,SL-17-007,general_web,3,pending,baseline
R-Q-SL-17-007-05-image-search,Q-SL-17-007-05,SL-17-007,image_search,4,pending,baseline
R-Q-SL-17-008-01-local-folder,Q-SL-17-008-01,SL-17-008,local_folder,1,pending,local_source_enabled
R-Q-SL-17-008-01-general-web,Q-SL-17-008-01,SL-17-008,general_web,3,pending,baseline
R-Q-SL-17-008-01-image-search,Q-SL-17-008-01,SL-17-008,image_search,4,pending,baseline
R-Q-SL-17-008-02-local-folder,Q-SL-17-008-02,SL-17-008,local_folder,1,pending,local_source_enabled
R-Q-SL-17-008-02-general-web,Q-SL-17-008-02,SL-17-008,general_web,3,pending,baseline
R-Q-SL-17-008-02-image-search,Q-SL-17-008-02,SL-17-008,image_search,4,pending,baseline
R-Q-SL-17-008-03-local-folder,Q-SL-17-008-03,SL-17-008,local_folder,1,pending,local_source_enabled
R-Q-SL-17-008-03-general-web,Q-SL-17-008-03,SL-17-008,general_web,3,pending,baseline
R-Q-SL-17-008-03-image-search,Q-SL-17-008-03,SL-17-008,image_search,4,pending,baseline
R-Q-SL-17-008-04-local-folder,Q-SL-17-008-04,SL-17-008,local_folder,1,pending,local_source_enabled
R-Q-SL-17-008-04-general-web,Q-SL-17-008-04,SL-17-008,general_web,3,pending,baseline
R-Q-SL-17-008-04-image-search,Q-SL-17-008-04,SL-17-008,image_search,4,pending,baseline
R-Q-SL-17-008-05-local-folder,Q-SL-17-008-05,SL-17-008,local_folder,1,pending,local_source_enabled
R-Q-SL-17-008-05-general-web,Q-SL-17-008-05,SL-17-008,general_web,3,pending,baseline
R-Q-SL-17-008-05-image-search,Q-SL-17-008-05,SL-17-008,image_search,4,pending,baseline
R-Q-SL-17-009-01-local-folder,Q-SL-17-009-01,SL-17-009,local_folder,1,pending,local_source_enabled
R-Q-SL-17-009-01-wikimedia,Q-SL-17-009-01,SL-17-009,wikimedia,2,pending,category_rule
R-Q-SL-17-009-01-general-web,Q-SL-17-009-01,SL-17-009,general_web,3,pending,baseline
R-Q-SL-17-009-01-image-search,Q-SL-17-009-01,SL-17-009,image_search,4,pending,baseline
R-Q-SL-17-009-02-local-folder,Q-SL-17-009-02,SL-17-009,local_folder,1,pending,local_source_enabled
R-Q-SL-17-009-02-wikimedia,Q-SL-17-009-02,SL-17-009,wikimedia,2,pending,category_rule
R-Q-SL-17-009-02-general-web,Q-SL-17-009-02,SL-17-009,general_web,3,pending,baseline
R-Q-SL-17-009-02-image-search,Q-SL-17-009-02,SL-17-009,image_search,4,pending,baseline
R-Q-SL-17-009-03-local-folder,Q-SL-17-009-03,SL-17-009,local_folder,1,pending,local_source_enabled
R-Q-SL-17-009-03-wikimedia,Q-SL-17-009-03,SL-17-009,wikimedia,2,pending,category_rule
R-Q-SL-17-009-03-general-web,Q-SL-17-009-03,SL-17-009,general_web,3,pending,baseline
R-Q-SL-17-009-03-image-search,Q-SL-17-009-03,SL-17-009,image_search,4,pending,baseline
R-Q-SL-17-009-04-local-folder,Q-SL-17-009-04,SL-17-009,local_folder,1,pending,local_source_enabled
R-Q-SL-17-009-04-wikimedia,Q-SL-17-009-04,SL-17-009,wikimedia,2,pending,category_rule
R-Q-SL-17-009-04-general-web,Q-SL-17-009-04,SL-17-009,general_web,3,pending,baseline
R-Q-SL-17-009-04-image-search,Q-SL-17-009-04,SL-17-009,image_search,4,pending,baseline
R-Q-SL-17-009-05-local-folder,Q-SL-17-009-05,SL-17-009,local_folder,1,pending,local_source_enabled
R-Q-SL-17-009-05-wikimedia,Q-SL-17-009-05,SL-17-009,wikimedia,2,pending,"category_rule,historical_query"
R-Q-SL-17-009-05-general-web,Q-SL-17-009-05,SL-17-009,general_web,3,pending,baseline
R-Q-SL-17-009-05-image-search,Q-SL-17-009-05,SL-17-009,image_search,4,pending,baseline
R-Q-SL-17-010-01-local-folder,Q-SL-17-010-01,SL-17-010,local_folder,1,pending,local_source_enabled
R-Q-SL-17-010-01-wikimedia,Q-SL-17-010-01,SL-17-010,wikimedia,2,pending,"category_rule,historical_query"
R-Q-SL-17-010-01-general-web,Q-SL-17-010-01,SL-17-010,general_web,3,pending,baseline
R-Q-SL-17-010-01-image-search,Q-SL-17-010-01,SL-17-010,image_search,4,pending,baseline
R-Q-SL-17-010-02-local-folder,Q-SL-17-010-02,SL-17-010,local_folder,1,pending,local_source_enabled
R-Q-SL-17-010-02-wikimedia,Q-SL-17-010-02,SL-17-010,wikimedia,2,pending,"category_rule,historical_query"
R-Q-SL-17-010-02-general-web,Q-SL-17-010-02,SL-17-010,general_web,3,pending,baseline
R-Q-SL-17-010-02-image-search,Q-SL-17-010-02,SL-17-010,image_search,4,pending,baseline
R-Q-SL-17-010-03-local-folder,Q-SL-17-010-03,SL-17-010,local_folder,1,pending,local_source_enabled
R-Q-SL-17-010-03-wikimedia,Q-SL-17-010-03,SL-17-010,wikimedia,2,pending,"category_rule,historical_query"
R-Q-SL-17-010-03-general-web,Q-SL-17-010-03,SL-17-010,general_web,3,pending,baseline
R-Q-SL-17-010-03-image-search,Q-SL-17-010-03,SL-17-010,image_search,4,pending,baseline
R-Q-SL-17-010-04-local-folder,Q-SL-17-010-04,SL-17-010,local_folder,1,pending,local_source_enabled
R-Q-SL-17-010-04-wikimedia,Q-SL-17-010-04,SL-17-010,wikimedia,2,pending,"category_rule,historical_query"
R-Q-SL-17-010-04-general-web,Q-SL-17-010-04,SL-17-010,general_web,3,pending,baseline
R-Q-SL-17-010-04-image-search,Q-SL-17-010-04,SL-17-010,image_search,4,pending,baseline
R-Q-SL-17-010-05-local-folder,Q-SL-17-010-05,SL-17-010,local_folder,1,pending,local_source_enabled
R-Q-SL-17-010-05-wikimedia,Q-SL-17-010-05,SL-17-010,wikimedia,2,pending,"category_rule,historical_query"
R-Q-SL-17-010-05-general-web,Q-SL-17-010-05,SL-17-010,general_web,3,pending,baseline
R-Q-SL-17-010-05-image-search,Q-SL-17-010-05,SL-17-010,image_search,4,pending,baseline
R-Q-SL-17-011-01-local-folder,Q-SL-17-011-01,SL-17-011,local_folder,1,pending,local_source_enabled
R-Q-SL-17-011-01-general-web,Q-SL-17-011-01,SL-17-011,general_web,3,pending,baseline
R-Q-SL-17-011-01-image-search,Q-SL-17-011-01,SL-17-011,image_search,4,pending,baseline
R-Q-SL-17-011-02-local-folder,Q-SL-17-011-02,SL-17-011,local_folder,1,pending,local_source_enabled
R-Q-SL-17-011-02-general-web,Q-SL-17-011-02,SL-17-011,general_web,3,pending,baseline
R-Q-SL-17-011-02-image-search,Q-SL-17-011-02,SL-17-011,image_search,4,pending,baseline
R-Q-SL-17-011-03-local-folder,Q-SL-17-011-03,SL-17-011,local_folder,1,pending,local_source_enabled
R-Q-SL-17-011-03-general-web,Q-SL-17-011-03,SL-17-011,general_web,3,pending,baseline
R-Q-SL-17-011-03-image-search,Q-SL-17-011-03,SL-17-011,image_search,4,pending,baseline
R-Q-SL-17-011-04-local-folder,Q-SL-17-011-04,SL-17-011,local_folder,1,pending,local_source_enabled
R-Q-SL-17-011-04-general-web,Q-SL-17-011-04,SL-17-011,general_web,3,pending,baseline
R-Q-SL-17-011-04-image-search,Q-SL-17-011-04,SL-17-011,image_search,4,pending,baseline
R-Q-SL-17-011-05-local-folder,Q-SL-17-011-05,SL-17-011,local_folder,1,pending,local_source_enabled
R-Q-SL-17-011-05-general-web,Q-SL-17-011-05,SL-17-011,general_web,3,pending,baseline
R-Q-SL-17-011-05-image-search,Q-SL-17-011-05,SL-17-011,image_search,4,pending,baseline
R-Q-SL-17-012-01-local-folder,Q-SL-17-012-01,SL-17-012,local_folder,1,pending,local_source_enabled
R-Q-SL-17-012-01-wikimedia,Q-SL-17-012-01,SL-17-012,wikimedia,2,pending,historical_query
R-Q-SL-17-012-01-general-web,Q-SL-17-012-01,SL-17-012,general_web,3,pending,baseline
R-Q-SL-17-012-01-image-search,Q-SL-17-012-01,SL-17-012,image_search,4,pending,baseline
R-Q-SL-17-012-02-local-folder,Q-SL-17-012-02,SL-17-012,local_folder,1,pending,local_source_enabled
R-Q-SL-17-012-02-wikimedia,Q-SL-17-012-02,SL-17-012,wikimedia,2,pending,historical_query
R-Q-SL-17-012-02-general-web,Q-SL-17-012-02,SL-17-012,general_web,3,pending,baseline
R-Q-SL-17-012-02-image-search,Q-SL-17-012-02,SL-17-012,image_search,4,pending,baseline
R-Q-SL-17-012-03-local-folder,Q-SL-17-012-03,SL-17-012,local_folder,1,pending,local_source_enabled
R-Q-SL-17-012-03-wikimedia,Q-SL-17-012-03,SL-17-012,wikimedia,2,pending,historical_query
R-Q-SL-17-012-03-general-web,Q-SL-17-012-03,SL-17-012,general_web,3,pending,baseline
R-Q-SL-17-012-03-image-search,Q-SL-17-012-03,SL-17-012,image_search,4,pending,baseline
R-Q-SL-17-012-04-local-folder,Q-SL-17-012-04,SL-17-012,local_folder,1,pending,local_source_enabled
R-Q-SL-17-012-04-wikimedia,Q-SL-17-012-04,SL-17-012,wikimedia,2,pending,historical_query
R-Q-SL-17-012-04-general-web,Q-SL-17-012-04,SL-17-012,general_web,3,pending,baseline
R-Q-SL-17-012-04-image-search,Q-SL-17-012-04,SL-17-012,image_search,4,pending,baseline
R-Q-SL-17-012-05-local-folder,Q-SL-17-012-05,SL-17-012,local_folder,1,pending,local_source_enabled
R-Q-SL-17-012-05-wikimedia,Q-SL-17-012-05,SL-17-012,wikimedia,2,pending,historical_query
R-Q-SL-17-012-05-general-web,Q-SL-17-012-05,SL-17-012,general_web,3,pending,baseline
R-Q-SL-17-012-05-image-search,Q-SL-17-012-05,SL-17-012,image_search,4,pending,baseline
R-Q-SL-17-013-01-local-folder,Q-SL-17-013-01,SL-17-013,local_folder,1,pending,local_source_enabled
R-Q-SL-17-013-01-general-web,Q-SL-17-013-01,SL-17-013,general_web,3,pending,baseline
R-Q-SL-17-013-01-image-search,Q-SL-17-013-01,SL-17-013,image_search,4,pending,baseline
R-Q-SL-17-013-02-local-folder,Q-SL-17-013-02,SL-17-013,local_folder,1,pending,local_source_enabled
R-Q-SL-17-013-02-general-web,Q-SL-17-013-02,SL-17-013,general_web,3,pending,baseline
R-Q-SL-17-013-02-image-search,Q-SL-17-013-02,SL-17-013,image_search,4,pending,baseline
R-Q-SL-17-013-03-local-folder,Q-SL-17-013-03,SL-17-013,local_folder,1,pending,local_source_enabled
R-Q-SL-17-013-03-general-web,Q-SL-17-013-03,SL-17-013,general_web,3,pending,baseline
R-Q-SL-17-013-03-image-search,Q-SL-17-013-03,SL-17-013,image_search,4,pending,baseline
R-Q-SL-17-013-04-local-folder,Q-SL-17-013-04,SL-17-013,local_folder,1,pending,local_source_enabled
R-Q-SL-17-013-04-general-web,Q-SL-17-013-04,SL-17-013,general_web,3,pending,baseline
R-Q-SL-17-013-04-image-search,Q-SL-17-013-04,SL-17-013,image_search,4,pending,baseline
R-Q-SL-17-013-05-local-folder,Q-SL-17-013-05,SL-17-013,local_folder,1,pending,local_source_enabled
R-Q-SL-17-013-05-general-web,Q-SL-17-013-05,SL-17-013,general_web,3,pending,baseline
R-Q-SL-17-013-05-image-search,Q-SL-17-013-05,SL-17-013,image_search,4,pending,baseline
R-Q-SL-17-014-01-local-folder,Q-SL-17-014-01,SL-17-014,local_folder,1,pending,local_source_enabled
R-Q-SL-17-014-01-general-web,Q-SL-17-014-01,SL-17-014,general_web,3,pending,baseline
R-Q-SL-17-014-01-image-search,Q-SL-17-014-01,SL-17-014,image_search,4,pending,baseline
R-Q-SL-17-014-02-local-folder,Q-SL-17-014-02,SL-17-014,local_folder,1,pending,local_source_enabled
R-Q-SL-17-014-02-general-web,Q-SL-17-014-02,SL-17-014,general_web,3,pending,baseline
R-Q-SL-17-014-02-image-search,Q-SL-17-014-02,SL-17-014,image_search,4,pending,baseline
R-Q-SL-17-014-03-local-folder,Q-SL-17-014-03,SL-17-014,local_folder,1,pending,local_source_enabled
R-Q-SL-17-014-03-general-web,Q-SL-17-014-03,SL-17-014,general_web,3,pending,baseline
R-Q-SL-17-014-03-image-search,Q-SL-17-014-03,SL-17-014,image_search,4,pending,baseline
R-Q-SL-17-014-04-local-folder,Q-SL-17-014-04,SL-17-014,local_folder,1,pending,local_source_enabled
R-Q-SL-17-014-04-general-web,Q-SL-17-014-04,SL-17-014,general_web,3,pending,baseline
R-Q-SL-17-014-04-image-search,Q-SL-17-014-04,SL-17-014,image_search,4,pending,baseline
R-Q-SL-17-014-05-local-folder,Q-SL-17-014-05,SL-17-014,local_folder,1,pending,local_source_enabled
R-Q-SL-17-014-05-general-web,Q-SL-17-014-05,SL-17-014,general_web,3,pending,baseline
R-Q-SL-17-014-05-image-search,Q-SL-17-014-05,SL-17-014,image_search,4,pending,baseline
R-Q-SL-17-015-01-local-folder,Q-SL-17-015-01,SL-17-015,local_folder,1,pending,local_source_enabled
R-Q-SL-17-015-01-wikimedia,Q-SL-17-015-01,SL-17-015,wikimedia,2,pending,historical_query
R-Q-SL-17-015-01-general-web,Q-SL-17-015-01,SL-17-015,general_web,3,pending,baseline
R-Q-SL-17-015-01-image-search,Q-SL-17-015-01,SL-17-015,image_search,4,pending,baseline
R-Q-SL-17-015-02-local-folder,Q-SL-17-015-02,SL-17-015,local_folder,1,pending,local_source_enabled
R-Q-SL-17-015-02-wikimedia,Q-SL-17-015-02,SL-17-015,wikimedia,2,pending,historical_query
R-Q-SL-17-015-02-general-web,Q-SL-17-015-02,SL-17-015,general_web,3,pending,baseline
R-Q-SL-17-015-02-image-search,Q-SL-17-015-02,SL-17-015,image_search,4,pending,baseline
R-Q-SL-17-015-03-local-folder,Q-SL-17-015-03,SL-17-015,local_folder,1,pending,local_source_enabled
R-Q-SL-17-015-03-wikimedia,Q-SL-17-015-03,SL-17-015,wikimedia,2,pending,historical_query
R-Q-SL-17-015-03-general-web,Q-SL-17-015-03,SL-17-015,general_web,3,pending,baseline
R-Q-SL-17-015-03-image-search,Q-SL-17-015-03,SL-17-015,image_search,4,pending,baseline
R-Q-SL-17-015-04-local-folder,Q-SL-17-015-04,SL-17-015,local_folder,1,pending,local_source_enabled
R-Q-SL-17-015-04-wikimedia,Q-SL-17-015-04,SL-17-015,wikimedia,2,pending,historical_query
R-Q-SL-17-015-04-general-web,Q-SL-17-015-04,SL-17-015,general_web,3,pending,baseline
R-Q-SL-17-015-04-image-search,Q-SL-17-015-04,SL-17-015,image_search,4,pending,baseline
R-Q-SL-17-015-05-local-folder,Q-SL-17-015-05,SL-17-015,local_folder,1,pending,local_source_enabled
R-Q-SL-17-015-05-wikimedia,Q-SL-17-015-05,SL-17-015,wikimedia,2,pending,historical_query
R-Q-SL-17-015-05-general-web,Q-SL-17-015-05,SL-17-015,general_web,3,pending,baseline
R-Q-SL-17-015-05-image-search,Q-SL-17-015-05,SL-17-015,image_search,4,pending,baseline
R-Q-SL-17-016-01-local-folder,Q-SL-17-016-01,SL-17-016,local_folder,1,pending,local_source_enabled
R-Q-SL-17-016-01-general-web,Q-SL-17-016-01,SL-17-016,general_web,3,pending,baseline
R-Q-SL-17-016-01-image-search,Q-SL-17-016-01,SL-17-016,image_search,4,pending,baseline
R-Q-SL-17-016-02-local-folder,Q-SL-17-016-02,SL-17-016,local_folder,1,pending,local_source_enabled
R-Q-SL-17-016-02-general-web,Q-SL-17-016-02,SL-17-016,general_web,3,pending,baseline
R-Q-SL-17-016-02-image-search,Q-SL-17-016-02,SL-17-016,image_search,4,pending,baseline
R-Q-SL-17-016-03-local-folder,Q-SL-17-016-03,SL-17-016,local_folder,1,pending,local_source_enabled
R-Q-SL-17-016-03-general-web,Q-SL-17-016-03,SL-17-016,general_web,3,pending,baseline
R-Q-SL-17-016-03-image-search,Q-SL-17-016-03,SL-17-016,image_search,4,pending,baseline
R-Q-SL-17-016-04-local-folder,Q-SL-17-016-04,SL-17-016,local_folder,1,pending,local_source_enabled
R-Q-SL-17-016-04-general-web,Q-SL-17-016-04,SL-17-016,general_web,3,pending,baseline
R-Q-SL-17-016-04-image-search,Q-SL-17-016-04,SL-17-016,image_search,4,pending,baseline
R-Q-SL-17-016-05-local-folder,Q-SL-17-016-05,SL-17-016,local_folder,1,pending,local_source_enabled
R-Q-SL-17-016-05-general-web,Q-SL-17-016-05,SL-17-016,general_web,3,pending,baseline
R-Q-SL-17-016-05-image-search,Q-SL-17-016-05,SL-17-016,image_search,4,pending,baseline
R-Q-SL-17-017-01-local-folder,Q-SL-17-017-01,SL-17-017,local_folder,1,pending,local_source_enabled
R-Q-SL-17-017-01-general-web,Q-SL-17-017-01,SL-17-017,general_web,3,pending,baseline
R-Q-SL-17-017-01-image-search,Q-SL-17-017-01,SL-17-017,image_search,4,pending,baseline
R-Q-SL-17-017-02-local-folder,Q-SL-17-017-02,SL-17-017,local_folder,1,pending,local_source_enabled
R-Q-SL-17-017-02-general-web,Q-SL-17-017-02,SL-17-017,general_web,3,pending,baseline
R-Q-SL-17-017-02-image-search,Q-SL-17-017-02,SL-17-017,image_search,4,pending,baseline
R-Q-SL-17-017-03-local-folder,Q-SL-17-017-03,SL-17-017,local_folder,1,pending,local_source_enabled
R-Q-SL-17-017-03-general-web,Q-SL-17-017-03,SL-17-017,general_web,3,pending,baseline
R-Q-SL-17-017-03-image-search,Q-SL-17-017-03,SL-17-017,image_search,4,pending,baseline
R-Q-SL-17-017-04-local-folder,Q-SL-17-017-04,SL-17-017,local_folder,1,pending,local_source_enabled
R-Q-SL-17-017-04-general-web,Q-SL-17-017-04,SL-17-017,general_web,3,pending,baseline
R-Q-SL-17-017-04-image-search,Q-SL-17-017-04,SL-17-017,image_search,4,pending,baseline
R-Q-SL-17-017-05-local-folder,Q-SL-17-017-05,SL-17-017,local_folder,1,pending,local_source_enabled
R-Q-SL-17-017-05-general-web,Q-SL-17-017-05,SL-17-017,general_web,3,pending,baseline
R-Q-SL-17-017-05-image-search,Q-SL-17-017-05,SL-17-017,image_search,4,pending,baseline
R-Q-SL-17-018-01-local-folder,Q-SL-17-018-01,SL-17-018,local_folder,1,pending,local_source_enabled
R-Q-SL-17-018-01-wikimedia,Q-SL-17-018-01,SL-17-018,wikimedia,2,pending,historical_query
R-Q-SL-17-018-01-general-web,Q-SL-17-018-01,SL-17-018,general_web,3,pending,baseline
R-Q-SL-17-018-01-image-search,Q-SL-17-018-01,SL-17-018,image_search,4,pending,baseline
R-Q-SL-17-018-02-local-folder,Q-SL-17-018-02,SL-17-018,local_folder,1,pending,local_source_enabled
R-Q-SL-17-018-02-wikimedia,Q-SL-17-018-02,SL-17-018,wikimedia,2,pending,historical_query
R-Q-SL-17-018-02-general-web,Q-SL-17-018-02,SL-17-018,general_web,3,pending,baseline
R-Q-SL-17-018-02-image-search,Q-SL-17-018-02,SL-17-018,image_search,4,pending,baseline
R-Q-SL-17-018-03-local-folder,Q-SL-17-018-03,SL-17-018,local_folder,1,pending,local_source_enabled
R-Q-SL-17-018-03-wikimedia,Q-SL-17-018-03,SL-17-018,wikimedia,2,pending,historical_query
R-Q-SL-17-018-03-general-web,Q-SL-17-018-03,SL-17-018,general_web,3,pending,baseline
R-Q-SL-17-018-03-image-search,Q-SL-17-018-03,SL-17-018,image_search,4,pending,baseline
R-Q-SL-17-018-04-local-folder,Q-SL-17-018-04,SL-17-018,local_folder,1,pending,local_source_enabled
R-Q-SL-17-018-04-wikimedia,Q-SL-17-018-04,SL-17-018,wikimedia,2,pending,historical_query
R-Q-SL-17-018-04-general-web,Q-SL-17-018-04,SL-17-018,general_web,3,pending,baseline
R-Q-SL-17-018-04-image-search,Q-SL-17-018-04,SL-17-018,image_search,4,pending,baseline
R-Q-SL-17-018-05-local-folder,Q-SL-17-018-05,SL-17-018,local_folder,1,pending,local_source_enabled
R-Q-SL-17-018-05-wikimedia,Q-SL-17-018-05,SL-17-018,wikimedia,2,pending,historical_query
R-Q-SL-17-018-05-general-web,Q-SL-17-018-05,SL-17-018,general_web,3,pending,baseline
R-Q-SL-17-018-05-image-search,Q-SL-17-018-05,SL-17-018,image_search,4,pending,baseline
R-Q-SL-17-019-01-local-folder,Q-SL-17-019-01,SL-17-019,local_folder,1,pending,local_source_enabled
R-Q-SL-17-019-01-general-web,Q-SL-17-019-01,SL-17-019,general_web,3,pending,baseline
R-Q-SL-17-019-01-image-search,Q-SL-17-019-01,SL-17-019,image_search,4,pending,baseline
R-Q-SL-17-019-02-local-folder,Q-SL-17-019-02,SL-17-019,local_folder,1,pending,local_source_enabled
R-Q-SL-17-019-02-general-web,Q-SL-17-019-02,SL-17-019,general_web,3,pending,baseline
R-Q-SL-17-019-02-image-search,Q-SL-17-019-02,SL-17-019,image_search,4,pending,baseline
R-Q-SL-17-019-03-local-folder,Q-SL-17-019-03,SL-17-019,local_folder,1,pending,local_source_enabled
R-Q-SL-17-019-03-general-web,Q-SL-17-019-03,SL-17-019,general_web,3,pending,baseline
R-Q-SL-17-019-03-image-search,Q-SL-17-019-03,SL-17-019,image_search,4,pending,baseline
R-Q-SL-17-019-04-local-folder,Q-SL-17-019-04,SL-17-019,local_folder,1,pending,local_source_enabled
R-Q-SL-17-019-04-general-web,Q-SL-17-019-04,SL-17-019,general_web,3,pending,baseline
R-Q-SL-17-019-04-image-search,Q-SL-17-019-04,SL-17-019,image_search,4,pending,baseline
R-Q-SL-17-019-05-local-folder,Q-SL-17-019-05,SL-17-019,local_folder,1,pending,local_source_enabled
R-Q-SL-17-019-05-general-web,Q-SL-17-019-05,SL-17-019,general_web,3,pending,baseline
R-Q-SL-17-019-05-image-search,Q-SL-17-019-05,SL-17-019,image_search,4,pending,baseline
R-Q-SL-17-020-01-local-folder,Q-SL-17-020-01,SL-17-020,local_folder,1,pending,local_source_enabled
R-Q-SL-17-020-01-general-web,Q-SL-17-020-01,SL-17-020,general_web,3,pending,baseline
R-Q-SL-17-020-01-image-search,Q-SL-17-020-01,SL-17-020,image_search,4,pending,baseline
R-Q-SL-17-020-02-local-folder,Q-SL-17-020-02,SL-17-020,local_folder,1,pending,local_source_enabled
R-Q-SL-17-020-02-general-web,Q-SL-17-020-02,SL-17-020,general_web,3,pending,baseline
R-Q-SL-17-020-02-image-search,Q-SL-17-020-02,SL-17-020,image_search,4,pending,baseline
R-Q-SL-17-020-03-local-folder,Q-SL-17-020-03,SL-17-020,local_folder,1,pending,local_source_enabled
R-Q-SL-17-020-03-general-web,Q-SL-17-020-03,SL-17-020,general_web,3,pending,baseline
R-Q-SL-17-020-03-image-search,Q-SL-17-020-03,SL-17-020,image_search,4,pending,baseline
R-Q-SL-17-020-04-local-folder,Q-SL-17-020-04,SL-17-020,local_folder,1,pending,local_source_enabled
R-Q-SL-17-020-04-general-web,Q-SL-17-020-04,SL-17-020,general_web,3,pending,baseline
R-Q-SL-17-020-04-image-search,Q-SL-17-020-04,SL-17-020,image_search,4,pending,baseline
R-Q-SL-17-020-05-local-folder,Q-SL-17-020-05,SL-17-020,local_folder,1,pending,local_source_enabled
R-Q-SL-17-020-05-general-web,Q-SL-17-020-05,SL-17-020,general_web,3,pending,baseline
R-Q-SL-17-020-05-image-search,Q-SL-17-020-05,SL-17-020,image_search,4,pending,baseline
R-Q-SL-17-021-01-local-folder,Q-SL-17-021-01,SL-17-021,local_folder,1,pending,local_source_enabled
R-Q-SL-17-021-01-wikimedia,Q-SL-17-021-01,SL-17-021,wikimedia,2,pending,historical_query
R-Q-SL-17-021-01-general-web,Q-SL-17-021-01,SL-17-021,general_web,3,pending,baseline
R-Q-SL-17-021-01-image-search,Q-SL-17-021-01,SL-17-021,image_search,4,pending,baseline
R-Q-SL-17-021-02-local-folder,Q-SL-17-021-02,SL-17-021,local_folder,1,pending,local_source_enabled
R-Q-SL-17-021-02-wikimedia,Q-SL-17-021-02,SL-17-021,wikimedia,2,pending,historical_query
R-Q-SL-17-021-02-general-web,Q-SL-17-021-02,SL-17-021,general_web,3,pending,baseline
R-Q-SL-17-021-02-image-search,Q-SL-17-021-02,SL-17-021,image_search,4,pending,baseline
R-Q-SL-17-021-03-local-folder,Q-SL-17-021-03,SL-17-021,local_folder,1,pending,local_source_enabled
R-Q-SL-17-021-03-wikimedia,Q-SL-17-021-03,SL-17-021,wikimedia,2,pending,historical_query
R-Q-SL-17-021-03-general-web,Q-SL-17-021-03,SL-17-021,general_web,3,pending,baseline
R-Q-SL-17-021-03-image-search,Q-SL-17-021-03,SL-17-021,image_search,4,pending,baseline
R-Q-SL-17-021-04-local-folder,Q-SL-17-021-04,SL-17-021,local_folder,1,pending,local_source_enabled
R-Q-SL-17-021-04-wikimedia,Q-SL-17-021-04,SL-17-021,wikimedia,2,pending,historical_query
R-Q-SL-17-021-04-general-web,Q-SL-17-021-04,SL-17-021,general_web,3,pending,baseline
R-Q-SL-17-021-04-image-search,Q-SL-17-021-04,SL-17-021,image_search,4,pending,baseline
R-Q-SL-17-021-05-local-folder,Q-SL-17-021-05,SL-17-021,local_folder,1,pending,local_source_enabled
R-Q-SL-17-021-05-wikimedia,Q-SL-17-021-05,SL-17-021,wikimedia,2,pending,historical_query
R-Q-SL-17-021-05-general-web,Q-SL-17-021-05,SL-17-021,general_web,3,pending,baseline
R-Q-SL-17-021-05-image-search,Q-SL-17-021-05,SL-17-021,image_search,4,pending,baseline
R-Q-SL-17-022-01-local-folder,Q-SL-17-022-01,SL-17-022,local_folder,1,pending,local_source_enabled
R-Q-SL-17-022-01-general-web,Q-SL-17-022-01,SL-17-022,general_web,3,pending,baseline
R-Q-SL-17-022-01-image-search,Q-SL-17-022-01,SL-17-022,image_search,4,pending,baseline
R-Q-SL-17-022-02-local-folder,Q-SL-17-022-02,SL-17-022,local_folder,1,pending,local_source_enabled
R-Q-SL-17-022-02-general-web,Q-SL-17-022-02,SL-17-022,general_web,3,pending,baseline
R-Q-SL-17-022-02-image-search,Q-SL-17-022-02,SL-17-022,image_search,4,pending,baseline
R-Q-SL-17-022-03-local-folder,Q-SL-17-022-03,SL-17-022,local_folder,1,pending,local_source_enabled
R-Q-SL-17-022-03-general-web,Q-SL-17-022-03,SL-17-022,general_web,3,pending,baseline
R-Q-SL-17-022-03-image-search,Q-SL-17-022-03,SL-17-022,image_search,4,pending,baseline
R-Q-SL-17-022-04-local-folder,Q-SL-17-022-04,SL-17-022,local_folder,1,pending,local_source_enabled
R-Q-SL-17-022-04-general-web,Q-SL-17-022-04,SL-17-022,general_web,3,pending,baseline
R-Q-SL-17-022-04-image-search,Q-SL-17-022-04,SL-17-022,image_search,4,pending,baseline
R-Q-SL-17-022-05-local-folder,Q-SL-17-022-05,SL-17-022,local_folder,1,pending,local_source_enabled
R-Q-SL-17-022-05-general-web,Q-SL-17-022-05,SL-17-022,general_web,3,pending,baseline
R-Q-SL-17-022-05-image-search,Q-SL-17-022-05,SL-17-022,image_search,4,pending,baseline
R-Q-SL-17-023-01-local-folder,Q-SL-17-023-01,SL-17-023,local_folder,1,pending,local_source_enabled
R-Q-SL-17-023-01-general-web,Q-SL-17-023-01,SL-17-023,general_web,3,pending,baseline
R-Q-SL-17-023-01-image-search,Q-SL-17-023-01,SL-17-023,image_search,4,pending,baseline
R-Q-SL-17-023-02-local-folder,Q-SL-17-023-02,SL-17-023,local_folder,1,pending,local_source_enabled
R-Q-SL-17-023-02-general-web,Q-SL-17-023-02,SL-17-023,general_web,3,pending,baseline
R-Q-SL-17-023-02-image-search,Q-SL-17-023-02,SL-17-023,image_search,4,pending,baseline
R-Q-SL-17-023-03-local-folder,Q-SL-17-023-03,SL-17-023,local_folder,1,pending,local_source_enabled
R-Q-SL-17-023-03-general-web,Q-SL-17-023-03,SL-17-023,general_web,3,pending,baseline
R-Q-SL-17-023-03-image-search,Q-SL-17-023-03,SL-17-023,image_search,4,pending,baseline
R-Q-SL-17-023-04-local-folder,Q-SL-17-023-04,SL-17-023,local_folder,1,pending,local_source_enabled
R-Q-SL-17-023-04-general-web,Q-SL-17-023-04,SL-17-023,general_web,3,pending,baseline
R-Q-SL-17-023-04-image-search,Q-SL-17-023-04,SL-17-023,image_search,4,pending,baseline
R-Q-SL-17-023-05-local-folder,Q-SL-17-023-05,SL-17-023,local_folder,1,pending,local_source_enabled
R-Q-SL-17-023-05-general-web,Q-SL-17-023-05,SL-17-023,general_web,3,pending,baseline
R-Q-SL-17-023-05-image-search,Q-SL-17-023-05,SL-17-023,image_search,4,pending,baseline
R-Q-SL-17-024-01-local-folder,Q-SL-17-024-01,SL-17-024,local_folder,1,pending,local_source_enabled
R-Q-SL-17-024-01-wikimedia,Q-SL-17-024-01,SL-17-024,wikimedia,2,pending,historical_query
R-Q-SL-17-024-01-general-web,Q-SL-17-024-01,SL-17-024,general_web,3,pending,baseline
R-Q-SL-17-024-01-image-search,Q-SL-17-024-01,SL-17-024,image_search,4,pending,baseline
R-Q-SL-17-024-02-local-folder,Q-SL-17-024-02,SL-17-024,local_folder,1,pending,local_source_enabled
R-Q-SL-17-024-02-wikimedia,Q-SL-17-024-02,SL-17-024,wikimedia,2,pending,historical_query
R-Q-SL-17-024-02-general-web,Q-SL-17-024-02,SL-17-024,general_web,3,pending,baseline
R-Q-SL-17-024-02-image-search,Q-SL-17-024-02,SL-17-024,image_search,4,pending,baseline
R-Q-SL-17-024-03-local-folder,Q-SL-17-024-03,SL-17-024,local_folder,1,pending,local_source_enabled
R-Q-SL-17-024-03-wikimedia,Q-SL-17-024-03,SL-17-024,wikimedia,2,pending,historical_query
R-Q-SL-17-024-03-general-web,Q-SL-17-024-03,SL-17-024,general_web,3,pending,baseline
R-Q-SL-17-024-03-image-search,Q-SL-17-024-03,SL-17-024,image_search,4,pending,baseline
R-Q-SL-17-024-04-local-folder,Q-SL-17-024-04,SL-17-024,local_folder,1,pending,local_source_enabled
R-Q-SL-17-024-04-wikimedia,Q-SL-17-024-04,SL-17-024,wikimedia,2,pending,historical_query
R-Q-SL-17-024-04-general-web,Q-SL-17-024-04,SL-17-024,general_web,3,pending,baseline
R-Q-SL-17-024-04-image-search,Q-SL-17-024-04,SL-17-024,image_search,4,pending,baseline
R-Q-SL-17-024-05-local-folder,Q-SL-17-024-05,SL-17-024,local_folder,1,pending,local_source_enabled
R-Q-SL-17-024-05-wikimedia,Q-SL-17-024-05,SL-17-024,wikimedia,2,pending,historical_query
R-Q-SL-17-024-05-general-web,Q-SL-17-024-05,SL-17-024,general_web,3,pending,baseline
R-Q-SL-17-024-05-image-search,Q-SL-17-024-05,SL-17-024,image_search,4,pending,baseline
R-Q-SL-17-025-01-local-folder,Q-SL-17-025-01,SL-17-025,local_folder,1,pending,local_source_enabled
R-Q-SL-17-025-01-general-web,Q-SL-17-025-01,SL-17-025,general_web,3,pending,baseline
R-Q-SL-17-025-01-image-search,Q-SL-17-025-01,SL-17-025,image_search,4,pending,baseline
R-Q-SL-17-025-02-local-folder,Q-SL-17-025-02,SL-17-025,local_folder,1,pending,local_source_enabled
R-Q-SL-17-025-02-general-web,Q-SL-17-025-02,SL-17-025,general_web,3,pending,baseline
R-Q-SL-17-025-02-image-search,Q-SL-17-025-02,SL-17-025,image_search,4,pending,baseline
R-Q-SL-17-025-03-local-folder,Q-SL-17-025-03,SL-17-025,local_folder,1,pending,local_source_enabled
R-Q-SL-17-025-03-general-web,Q-SL-17-025-03,SL-17-025,general_web,3,pending,baseline
R-Q-SL-17-025-03-image-search,Q-SL-17-025-03,SL-17-025,image_search,4,pending,baseline
R-Q-SL-17-025-04-local-folder,Q-SL-17-025-04,SL-17-025,local_folder,1,pending,local_source_enabled
R-Q-SL-17-025-04-general-web,Q-SL-17-025-04,SL-17-025,general_web,3,pending,baseline
R-Q-SL-17-025-04-image-search,Q-SL-17-025-04,SL-17-025,image_search,4,pending,baseline
R-Q-SL-17-025-05-local-folder,Q-SL-17-025-05,SL-17-025,local_folder,1,pending,local_source_enabled
R-Q-SL-17-025-05-general-web,Q-SL-17-025-05,SL-17-025,general_web,3,pending,baseline
R-Q-SL-17-025-05-image-search,Q-SL-17-025-05,SL-17-025,image_search,4,pending,baseline
R-Q-SL-17-026-01-local-folder,Q-SL-17-026-01,SL-17-026,local_folder,1,pending,local_source_enabled
R-Q-SL-17-026-01-wikimedia,Q-SL-17-026-01,SL-17-026,wikimedia,2,pending,historical_query
R-Q-SL-17-026-01-general-web,Q-SL-17-026-01,SL-17-026,general_web,3,pending,baseline
R-Q-SL-17-026-01-image-search,Q-SL-17-026-01,SL-17-026,image_search,4,pending,baseline
R-Q-SL-17-026-02-local-folder,Q-SL-17-026-02,SL-17-026,local_folder,1,pending,local_source_enabled
R-Q-SL-17-026-02-wikimedia,Q-SL-17-026-02,SL-17-026,wikimedia,2,pending,historical_query
R-Q-SL-17-026-02-general-web,Q-SL-17-026-02,SL-17-026,general_web,3,pending,baseline
R-Q-SL-17-026-02-image-search,Q-SL-17-026-02,SL-17-026,image_search,4,pending,baseline
R-Q-SL-17-026-03-local-folder,Q-SL-17-026-03,SL-17-026,local_folder,1,pending,local_source_enabled
R-Q-SL-17-026-03-wikimedia,Q-SL-17-026-03,SL-17-026,wikimedia,2,pending,historical_query
R-Q-SL-17-026-03-general-web,Q-SL-17-026-03,SL-17-026,general_web,3,pending,baseline
R-Q-SL-17-026-03-image-search,Q-SL-17-026-03,SL-17-026,image_search,4,pending,baseline
R-Q-SL-17-026-04-local-folder,Q-SL-17-026-04,SL-17-026,local_folder,1,pending,local_source_enabled
R-Q-SL-17-026-04-wikimedia,Q-SL-17-026-04,SL-17-026,wikimedia,2,pending,historical_query
R-Q-SL-17-026-04-general-web,Q-SL-17-026-04,SL-17-026,general_web,3,pending,baseline
R-Q-SL-17-026-04-image-search,Q-SL-17-026-04,SL-17-026,image_search,4,pending,baseline
R-Q-SL-17-026-05-local-folder,Q-SL-17-026-05,SL-17-026,local_folder,1,pending,local_source_enabled
R-Q-SL-17-026-05-wikimedia,Q-SL-17-026-05,SL-17-026,wikimedia,2,pending,historical_query
R-Q-SL-17-026-05-general-web,Q-SL-17-026-05,SL-17-026,general_web,3,pending,baseline
R-Q-SL-17-026-05-image-search,Q-SL-17-026-05,SL-17-026,image_search,4,pending,baseline
R-Q-SL-17-027-01-local-folder,Q-SL-17-027-01,SL-17-027,local_folder,1,pending,local_source_enabled
R-Q-SL-17-027-01-general-web,Q-SL-17-027-01,SL-17-027,general_web,3,pending,baseline
R-Q-SL-17-027-01-image-search,Q-SL-17-027-01,SL-17-027,image_search,4,pending,baseline
R-Q-SL-17-027-02-local-folder,Q-SL-17-027-02,SL-17-027,local_folder,1,pending,local_source_enabled
R-Q-SL-17-027-02-general-web,Q-SL-17-027-02,SL-17-027,general_web,3,pending,baseline
R-Q-SL-17-027-02-image-search,Q-SL-17-027-02,SL-17-027,image_search,4,pending,baseline
R-Q-SL-17-027-03-local-folder,Q-SL-17-027-03,SL-17-027,local_folder,1,pending,local_source_enabled
R-Q-SL-17-027-03-general-web,Q-SL-17-027-03,SL-17-027,general_web,3,pending,baseline
R-Q-SL-17-027-03-image-search,Q-SL-17-027-03,SL-17-027,image_search,4,pending,baseline
R-Q-SL-17-027-04-local-folder,Q-SL-17-027-04,SL-17-027,local_folder,1,pending,local_source_enabled
R-Q-SL-17-027-04-general-web,Q-SL-17-027-04,SL-17-027,general_web,3,pending,baseline
R-Q-SL-17-027-04-image-search,Q-SL-17-027-04,SL-17-027,image_search,4,pending,baseline
R-Q-SL-17-027-05-local-folder,Q-SL-17-027-05,SL-17-027,local_folder,1,pending,local_source_enabled
R-Q-SL-17-027-05-general-web,Q-SL-17-027-05,SL-17-027,general_web,3,pending,baseline
R-Q-SL-17-027-05-image-search,Q-SL-17-027-05,SL-17-027,image_search,4,pending,baseline
R-Q-SL-17-028-01-local-folder,Q-SL-17-028-01,SL-17-028,local_folder,1,pending,local_source_enabled
R-Q-SL-17-028-01-general-web,Q-SL-17-028-01,SL-17-028,general_web,3,pending,baseline
R-Q-SL-17-028-01-image-search,Q-SL-17-028-01,SL-17-028,image_search,4,pending,baseline
R-Q-SL-17-028-02-local-folder,Q-SL-17-028-02,SL-17-028,local_folder,1,pending,local_source_enabled
R-Q-SL-17-028-02-general-web,Q-SL-17-028-02,SL-17-028,general_web,3,pending,baseline
R-Q-SL-17-028-02-image-search,Q-SL-17-028-02,SL-17-028,image_search,4,pending,baseline
R-Q-SL-17-028-03-local-folder,Q-SL-17-028-03,SL-17-028,local_folder,1,pending,local_source_enabled
R-Q-SL-17-028-03-general-web,Q-SL-17-028-03,SL-17-028,general_web,3,pending,baseline
R-Q-SL-17-028-03-image-search,Q-SL-17-028-03,SL-17-028,image_search,4,pending,baseline
R-Q-SL-17-028-04-local-folder,Q-SL-17-028-04,SL-17-028,local_folder,1,pending,local_source_enabled
R-Q-SL-17-028-04-general-web,Q-SL-17-028-04,SL-17-028,general_web,3,pending,baseline
R-Q-SL-17-028-04-image-search,Q-SL-17-028-04,SL-17-028,image_search,4,pending,baseline
R-Q-SL-17-028-05-local-folder,Q-SL-17-028-05,SL-17-028,local_folder,1,pending,local_source_enabled
R-Q-SL-17-028-05-general-web,Q-SL-17-028-05,SL-17-028,general_web,3,pending,baseline
R-Q-SL-17-028-05-image-search,Q-SL-17-028-05,SL-17-028,image_search,4,pending,baseline
R-Q-SL-17-029-01-local-folder,Q-SL-17-029-01,SL-17-029,local_folder,1,pending,local_source_enabled
R-Q-SL-17-029-01-general-web,Q-SL-17-029-01,SL-17-029,general_web,3,pending,baseline
R-Q-SL-17-029-01-image-search,Q-SL-17-029-01,SL-17-029,image_search,4,pending,baseline
R-Q-SL-17-029-02-local-folder,Q-SL-17-029-02,SL-17-029,local_folder,1,pending,local_source_enabled
R-Q-SL-17-029-02-general-web,Q-SL-17-029-02,SL-17-029,general_web,3,pending,baseline
R-Q-SL-17-029-02-image-search,Q-SL-17-029-02,SL-17-029,image_search,4,pending,baseline
R-Q-SL-17-029-03-local-folder,Q-SL-17-029-03,SL-17-029,local_folder,1,pending,local_source_enabled
R-Q-SL-17-029-03-general-web,Q-SL-17-029-03,SL-17-029,general_web,3,pending,baseline
R-Q-SL-17-029-03-image-search,Q-SL-17-029-03,SL-17-029,image_search,4,pending,baseline
R-Q-SL-17-029-04-local-folder,Q-SL-17-029-04,SL-17-029,local_folder,1,pending,local_source_enabled
R-Q-SL-17-029-04-general-web,Q-SL-17-029-04,SL-17-029,general_web,3,pending,baseline
R-Q-SL-17-029-04-image-search,Q-SL-17-029-04,SL-17-029,image_search,4,pending,baseline
R-Q-SL-17-029-05-local-folder,Q-SL-17-029-05,SL-17-029,local_folder,1,pending,local_source_enabled
R-Q-SL-17-029-05-general-web,Q-SL-17-029-05,SL-17-029,general_web,3,pending,baseline
R-Q-SL-17-029-05-image-search,Q-SL-17-029-05,SL-17-029,image_search,4,pending,baseline
R-Q-SL-17-030-01-local-folder,Q-SL-17-030-01,SL-17-030,local_folder,1,pending,local_source_enabled
R-Q-SL-17-030-01-general-web,Q-SL-17-030-01,SL-17-030,general_web,3,pending,baseline
R-Q-SL-17-030-01-image-search,Q-SL-17-030-01,SL-17-030,image_search,4,pending,baseline
R-Q-SL-17-030-02-local-folder,Q-SL-17-030-02,SL-17-030,local_folder,1,pending,local_source_enabled
R-Q-SL-17-030-02-general-web,Q-SL-17-030-02,SL-17-030,general_web,3,pending,baseline
R-Q-SL-17-030-02-image-search,Q-SL-17-030-02,SL-17-030,image_search,4,pending,baseline
R-Q-SL-17-030-03-local-folder,Q-SL-17-030-03,SL-17-030,local_folder,1,pending,local_source_enabled
R-Q-SL-17-030-03-general-web,Q-SL-17-030-03,SL-17-030,general_web,3,pending,baseline
R-Q-SL-17-030-03-image-search,Q-SL-17-030-03,SL-17-030,image_search,4,pending,baseline
R-Q-SL-17-030-04-local-folder,Q-SL-17-030-04,SL-17-030,local_folder,1,pending,local_source_enabled
R-Q-SL-17-030-04-general-web,Q-SL-17-030-04,SL-17-030,general_web,3,pending,baseline
R-Q-SL-17-030-04-image-search,Q-SL-17-030-04,SL-17-030,image_search,4,pending,baseline
R-Q-SL-17-030-05-local-folder,Q-SL-17-030-05,SL-17-030,local_folder,1,pending,local_source_enabled
R-Q-SL-17-030-05-general-web,Q-SL-17-030-05,SL-17-030,general_web,3,pending,baseline
R-Q-SL-17-030-05-image-search,Q-SL-17-030-05,SL-17-030,image_search,4,pending,baseline
R-Q-SL-17-031-01-local-folder,Q-SL-17-031-01,SL-17-031,local_folder,1,pending,local_source_enabled
R-Q-SL-17-031-01-wikimedia,Q-SL-17-031-01,SL-17-031,wikimedia,2,pending,historical_query
R-Q-SL-17-031-01-general-web,Q-SL-17-031-01,SL-17-031,general_web,3,pending,baseline
R-Q-SL-17-031-01-image-search,Q-SL-17-031-01,SL-17-031,image_search,4,pending,baseline
R-Q-SL-17-031-02-local-folder,Q-SL-17-031-02,SL-17-031,local_folder,1,pending,local_source_enabled
R-Q-SL-17-031-02-wikimedia,Q-SL-17-031-02,SL-17-031,wikimedia,2,pending,historical_query
R-Q-SL-17-031-02-general-web,Q-SL-17-031-02,SL-17-031,general_web,3,pending,baseline
R-Q-SL-17-031-02-image-search,Q-SL-17-031-02,SL-17-031,image_search,4,pending,baseline
R-Q-SL-17-031-03-local-folder,Q-SL-17-031-03,SL-17-031,local_folder,1,pending,local_source_enabled
R-Q-SL-17-031-03-wikimedia,Q-SL-17-031-03,SL-17-031,wikimedia,2,pending,historical_query
R-Q-SL-17-031-03-general-web,Q-SL-17-031-03,SL-17-031,general_web,3,pending,baseline
R-Q-SL-17-031-03-image-search,Q-SL-17-031-03,SL-17-031,image_search,4,pending,baseline
R-Q-SL-17-031-04-local-folder,Q-SL-17-031-04,SL-17-031,local_folder,1,pending,local_source_enabled
R-Q-SL-17-031-04-wikimedia,Q-SL-17-031-04,SL-17-031,wikimedia,2,pending,historical_query
R-Q-SL-17-031-04-general-web,Q-SL-17-031-04,SL-17-031,general_web,3,pending,baseline
R-Q-SL-17-031-04-image-search,Q-SL-17-031-04,SL-17-031,image_search,4,pending,baseline
R-Q-SL-17-031-05-local-folder,Q-SL-17-031-05,SL-17-031,local_folder,1,pending,local_source_enabled
R-Q-SL-17-031-05-wikimedia,Q-SL-17-031-05,SL-17-031,wikimedia,2,pending,historical_query
R-Q-SL-17-031-05-general-web,Q-SL-17-031-05,SL-17-031,general_web,3,pending,baseline
R-Q-SL-17-031-05-image-search,Q-SL-17-031-05,SL-17-031,image_search,4,pending,baseline
R-Q-SL-17-032-01-local-folder,Q-SL-17-032-01,SL-17-032,local_folder,1,pending,local_source_enabled
R-Q-SL-17-032-01-general-web,Q-SL-17-032-01,SL-17-032,general_web,3,pending,baseline
R-Q-SL-17-032-01-image-search,Q-SL-17-032-01,SL-17-032,image_search,4,pending,baseline
R-Q-SL-17-032-02-local-folder,Q-SL-17-032-02,SL-17-032,local_folder,1,pending,local_source_enabled
R-Q-SL-17-032-02-general-web,Q-SL-17-032-02,SL-17-032,general_web,3,pending,baseline
R-Q-SL-17-032-02-image-search,Q-SL-17-032-02,SL-17-032,image_search,4,pending,baseline
R-Q-SL-17-032-03-local-folder,Q-SL-17-032-03,SL-17-032,local_folder,1,pending,local_source_enabled
R-Q-SL-17-032-03-general-web,Q-SL-17-032-03,SL-17-032,general_web,3,pending,baseline
R-Q-SL-17-032-03-image-search,Q-SL-17-032-03,SL-17-032,image_search,4,pending,baseline
R-Q-SL-17-032-04-local-folder,Q-SL-17-032-04,SL-17-032,local_folder,1,pending,local_source_enabled
R-Q-SL-17-032-04-wikimedia,Q-SL-17-032-04,SL-17-032,wikimedia,2,pending,historical_query
R-Q-SL-17-032-04-general-web,Q-SL-17-032-04,SL-17-032,general_web,3,pending,baseline
R-Q-SL-17-032-04-image-search,Q-SL-17-032-04,SL-17-032,image_search,4,pending,baseline
R-Q-SL-17-032-05-local-folder,Q-SL-17-032-05,SL-17-032,local_folder,1,pending,local_source_enabled
R-Q-SL-17-032-05-general-web,Q-SL-17-032-05,SL-17-032,general_web,3,pending,baseline
R-Q-SL-17-032-05-image-search,Q-SL-17-032-05,SL-17-032,image_search,4,pending,baseline
R-Q-SL-17-033-01-local-folder,Q-SL-17-033-01,SL-17-033,local_folder,1,pending,local_source_enabled
R-Q-SL-17-033-01-general-web,Q-SL-17-033-01,SL-17-033,general_web,3,pending,baseline
R-Q-SL-17-033-01-image-search,Q-SL-17-033-01,SL-17-033,image_search,4,pending,baseline
R-Q-SL-17-033-02-local-folder,Q-SL-17-033-02,SL-17-033,local_folder,1,pending,local_source_enabled
R-Q-SL-17-033-02-general-web,Q-SL-17-033-02,SL-17-033,general_web,3,pending,baseline
R-Q-SL-17-033-02-image-search,Q-SL-17-033-02,SL-17-033,image_search,4,pending,baseline
R-Q-SL-17-033-03-local-folder,Q-SL-17-033-03,SL-17-033,local_folder,1,pending,local_source_enabled
R-Q-SL-17-033-03-general-web,Q-SL-17-033-03,SL-17-033,general_web,3,pending,baseline
R-Q-SL-17-033-03-image-search,Q-SL-17-033-03,SL-17-033,image_search,4,pending,baseline
R-Q-SL-17-033-04-local-folder,Q-SL-17-033-04,SL-17-033,local_folder,1,pending,local_source_enabled
R-Q-SL-17-033-04-wikimedia,Q-SL-17-033-04,SL-17-033,wikimedia,2,pending,historical_query
R-Q-SL-17-033-04-general-web,Q-SL-17-033-04,SL-17-033,general_web,3,pending,baseline
R-Q-SL-17-033-04-image-search,Q-SL-17-033-04,SL-17-033,image_search,4,pending,baseline
R-Q-SL-17-033-05-local-folder,Q-SL-17-033-05,SL-17-033,local_folder,1,pending,local_source_enabled
R-Q-SL-17-033-05-general-web,Q-SL-17-033-05,SL-17-033,general_web,3,pending,baseline
R-Q-SL-17-033-05-image-search,Q-SL-17-033-05,SL-17-033,image_search,4,pending,baseline
R-Q-SL-17-034-01-local-folder,Q-SL-17-034-01,SL-17-034,local_folder,1,pending,local_source_enabled
R-Q-SL-17-034-01-general-web,Q-SL-17-034-01,SL-17-034,general_web,3,pending,baseline
R-Q-SL-17-034-01-image-search,Q-SL-17-034-01,SL-17-034,image_search,4,pending,baseline
R-Q-SL-17-034-02-local-folder,Q-SL-17-034-02,SL-17-034,local_folder,1,pending,local_source_enabled
R-Q-SL-17-034-02-general-web,Q-SL-17-034-02,SL-17-034,general_web,3,pending,baseline
R-Q-SL-17-034-02-image-search,Q-SL-17-034-02,SL-17-034,image_search,4,pending,baseline
R-Q-SL-17-034-03-local-folder,Q-SL-17-034-03,SL-17-034,local_folder,1,pending,local_source_enabled
R-Q-SL-17-034-03-general-web,Q-SL-17-034-03,SL-17-034,general_web,3,pending,baseline
R-Q-SL-17-034-03-image-search,Q-SL-17-034-03,SL-17-034,image_search,4,pending,baseline
R-Q-SL-17-034-04-local-folder,Q-SL-17-034-04,SL-17-034,local_folder,1,pending,local_source_enabled
R-Q-SL-17-034-04-wikimedia,Q-SL-17-034-04,SL-17-034,wikimedia,2,pending,historical_query
R-Q-SL-17-034-04-general-web,Q-SL-17-034-04,SL-17-034,general_web,3,pending,baseline
R-Q-SL-17-034-04-image-search,Q-SL-17-034-04,SL-17-034,image_search,4,pending,baseline
R-Q-SL-17-034-05-local-folder,Q-SL-17-034-05,SL-17-034,local_folder,1,pending,local_source_enabled
R-Q-SL-17-034-05-general-web,Q-SL-17-034-05,SL-17-034,general_web,3,pending,baseline
R-Q-SL-17-034-05-image-search,Q-SL-17-034-05,SL-17-034,image_search,4,pending,baseline
R-Q-SL-17-035-01-local-folder,Q-SL-17-035-01,SL-17-035,local_folder,1,pending,local_source_enabled
R-Q-SL-17-035-01-general-web,Q-SL-17-035-01,SL-17-035,general_web,3,pending,baseline
R-Q-SL-17-035-01-image-search,Q-SL-17-035-01,SL-17-035,image_search,4,pending,baseline
R-Q-SL-17-035-02-local-folder,Q-SL-17-035-02,SL-17-035,local_folder,1,pending,local_source_enabled
R-Q-SL-17-035-02-general-web,Q-SL-17-035-02,SL-17-035,general_web,3,pending,baseline
R-Q-SL-17-035-02-image-search,Q-SL-17-035-02,SL-17-035,image_search,4,pending,baseline
R-Q-SL-17-035-03-local-folder,Q-SL-17-035-03,SL-17-035,local_folder,1,pending,local_source_enabled
R-Q-SL-17-035-03-general-web,Q-SL-17-035-03,SL-17-035,general_web,3,pending,baseline
R-Q-SL-17-035-03-image-search,Q-SL-17-035-03,SL-17-035,image_search,4,pending,baseline
R-Q-SL-17-035-04-local-folder,Q-SL-17-035-04,SL-17-035,local_folder,1,pending,local_source_enabled
R-Q-SL-17-035-04-wikimedia,Q-SL-17-035-04,SL-17-035,wikimedia,2,pending,historical_query
R-Q-SL-17-035-04-general-web,Q-SL-17-035-04,SL-17-035,general_web,3,pending,baseline
R-Q-SL-17-035-04-image-search,Q-SL-17-035-04,SL-17-035,image_search,4,pending,baseline
R-Q-SL-17-035-05-local-folder,Q-SL-17-035-05,SL-17-035,local_folder,1,pending,local_source_enabled
R-Q-SL-17-035-05-general-web,Q-SL-17-035-05,SL-17-035,general_web,3,pending,baseline
R-Q-SL-17-035-05-image-search,Q-SL-17-035-05,SL-17-035,image_search,4,pending,baseline
R-Q-SL-18-001-01-local-folder,Q-SL-18-001-01,SL-18-001,local_folder,1,pending,local_source_enabled
R-Q-SL-18-001-01-general-web,Q-SL-18-001-01,SL-18-001,general_web,3,pending,baseline
R-Q-SL-18-001-01-image-search,Q-SL-18-001-01,SL-18-001,image_search,4,pending,baseline
R-Q-SL-18-001-02-local-folder,Q-SL-18-001-02,SL-18-001,local_folder,1,pending,local_source_enabled
R-Q-SL-18-001-02-general-web,Q-SL-18-001-02,SL-18-001,general_web,3,pending,baseline
R-Q-SL-18-001-02-image-search,Q-SL-18-001-02,SL-18-001,image_search,4,pending,baseline
R-Q-SL-18-001-03-local-folder,Q-SL-18-001-03,SL-18-001,local_folder,1,pending,local_source_enabled
R-Q-SL-18-001-03-wikimedia,Q-SL-18-001-03,SL-18-001,wikimedia,2,pending,historical_query
R-Q-SL-18-001-03-general-web,Q-SL-18-001-03,SL-18-001,general_web,3,pending,baseline
R-Q-SL-18-001-03-image-search,Q-SL-18-001-03,SL-18-001,image_search,4,pending,baseline
R-Q-SL-18-001-04-local-folder,Q-SL-18-001-04,SL-18-001,local_folder,1,pending,local_source_enabled
R-Q-SL-18-001-04-wikimedia,Q-SL-18-001-04,SL-18-001,wikimedia,2,pending,historical_query
R-Q-SL-18-001-04-general-web,Q-SL-18-001-04,SL-18-001,general_web,3,pending,baseline
R-Q-SL-18-001-04-image-search,Q-SL-18-001-04,SL-18-001,image_search,4,pending,baseline
R-Q-SL-18-001-05-local-folder,Q-SL-18-001-05,SL-18-001,local_folder,1,pending,local_source_enabled
R-Q-SL-18-001-05-general-web,Q-SL-18-001-05,SL-18-001,general_web,3,pending,baseline
R-Q-SL-18-001-05-image-search,Q-SL-18-001-05,SL-18-001,image_search,4,pending,baseline
R-Q-SL-18-002-01-local-folder,Q-SL-18-002-01,SL-18-002,local_folder,1,pending,local_source_enabled
R-Q-SL-18-002-01-wikimedia,Q-SL-18-002-01,SL-18-002,wikimedia,2,pending,historical_query
R-Q-SL-18-002-01-general-web,Q-SL-18-002-01,SL-18-002,general_web,3,pending,baseline
R-Q-SL-18-002-01-image-search,Q-SL-18-002-01,SL-18-002,image_search,4,pending,baseline
R-Q-SL-18-002-02-local-folder,Q-SL-18-002-02,SL-18-002,local_folder,1,pending,local_source_enabled
R-Q-SL-18-002-02-wikimedia,Q-SL-18-002-02,SL-18-002,wikimedia,2,pending,historical_query
R-Q-SL-18-002-02-general-web,Q-SL-18-002-02,SL-18-002,general_web,3,pending,baseline
R-Q-SL-18-002-02-image-search,Q-SL-18-002-02,SL-18-002,image_search,4,pending,baseline
R-Q-SL-18-002-03-local-folder,Q-SL-18-002-03,SL-18-002,local_folder,1,pending,local_source_enabled
R-Q-SL-18-002-03-wikimedia,Q-SL-18-002-03,SL-18-002,wikimedia,2,pending,historical_query
R-Q-SL-18-002-03-general-web,Q-SL-18-002-03,SL-18-002,general_web,3,pending,baseline
R-Q-SL-18-002-03-image-search,Q-SL-18-002-03,SL-18-002,image_search,4,pending,baseline
R-Q-SL-18-002-04-local-folder,Q-SL-18-002-04,SL-18-002,local_folder,1,pending,local_source_enabled
R-Q-SL-18-002-04-wikimedia,Q-SL-18-002-04,SL-18-002,wikimedia,2,pending,historical_query
R-Q-SL-18-002-04-general-web,Q-SL-18-002-04,SL-18-002,general_web,3,pending,baseline
R-Q-SL-18-002-04-image-search,Q-SL-18-002-04,SL-18-002,image_search,4,pending,baseline
R-Q-SL-18-002-05-local-folder,Q-SL-18-002-05,SL-18-002,local_folder,1,pending,local_source_enabled
R-Q-SL-18-002-05-wikimedia,Q-SL-18-002-05,SL-18-002,wikimedia,2,pending,historical_query
R-Q-SL-18-002-05-general-web,Q-SL-18-002-05,SL-18-002,general_web,3,pending,baseline
R-Q-SL-18-002-05-image-search,Q-SL-18-002-05,SL-18-002,image_search,4,pending,baseline
R-Q-SL-18-003-01-local-folder,Q-SL-18-003-01,SL-18-003,local_folder,1,pending,local_source_enabled
R-Q-SL-18-003-01-wikimedia,Q-SL-18-003-01,SL-18-003,wikimedia,2,pending,historical_query
R-Q-SL-18-003-01-general-web,Q-SL-18-003-01,SL-18-003,general_web,3,pending,baseline
R-Q-SL-18-003-01-image-search,Q-SL-18-003-01,SL-18-003,image_search,4,pending,baseline
R-Q-SL-18-003-02-local-folder,Q-SL-18-003-02,SL-18-003,local_folder,1,pending,local_source_enabled
R-Q-SL-18-003-02-wikimedia,Q-SL-18-003-02,SL-18-003,wikimedia,2,pending,historical_query
R-Q-SL-18-003-02-general-web,Q-SL-18-003-02,SL-18-003,general_web,3,pending,baseline
R-Q-SL-18-003-02-image-search,Q-SL-18-003-02,SL-18-003,image_search,4,pending,baseline
R-Q-SL-18-003-03-local-folder,Q-SL-18-003-03,SL-18-003,local_folder,1,pending,local_source_enabled
R-Q-SL-18-003-03-wikimedia,Q-SL-18-003-03,SL-18-003,wikimedia,2,pending,historical_query
R-Q-SL-18-003-03-general-web,Q-SL-18-003-03,SL-18-003,general_web,3,pending,baseline
R-Q-SL-18-003-03-image-search,Q-SL-18-003-03,SL-18-003,image_search,4,pending,baseline
R-Q-SL-18-003-04-local-folder,Q-SL-18-003-04,SL-18-003,local_folder,1,pending,local_source_enabled
R-Q-SL-18-003-04-wikimedia,Q-SL-18-003-04,SL-18-003,wikimedia,2,pending,historical_query
R-Q-SL-18-003-04-general-web,Q-SL-18-003-04,SL-18-003,general_web,3,pending,baseline
R-Q-SL-18-003-04-image-search,Q-SL-18-003-04,SL-18-003,image_search,4,pending,baseline
R-Q-SL-18-003-05-local-folder,Q-SL-18-003-05,SL-18-003,local_folder,1,pending,local_source_enabled
R-Q-SL-18-003-05-wikimedia,Q-SL-18-003-05,SL-18-003,wikimedia,2,pending,historical_query
R-Q-SL-18-003-05-general-web,Q-SL-18-003-05,SL-18-003,general_web,3,pending,baseline
R-Q-SL-18-003-05-image-search,Q-SL-18-003-05,SL-18-003,image_search,4,pending,baseline
R-Q-SL-18-004-01-local-folder,Q-SL-18-004-01,SL-18-004,local_folder,1,pending,local_source_enabled
R-Q-SL-18-004-01-wikimedia,Q-SL-18-004-01,SL-18-004,wikimedia,2,pending,historical_query
R-Q-SL-18-004-01-general-web,Q-SL-18-004-01,SL-18-004,general_web,3,pending,baseline
R-Q-SL-18-004-01-image-search,Q-SL-18-004-01,SL-18-004,image_search,4,pending,baseline
R-Q-SL-18-004-02-local-folder,Q-SL-18-004-02,SL-18-004,local_folder,1,pending,local_source_enabled
R-Q-SL-18-004-02-wikimedia,Q-SL-18-004-02,SL-18-004,wikimedia,2,pending,historical_query
R-Q-SL-18-004-02-general-web,Q-SL-18-004-02,SL-18-004,general_web,3,pending,baseline
R-Q-SL-18-004-02-image-search,Q-SL-18-004-02,SL-18-004,image_search,4,pending,baseline
R-Q-SL-18-004-03-local-folder,Q-SL-18-004-03,SL-18-004,local_folder,1,pending,local_source_enabled
R-Q-SL-18-004-03-wikimedia,Q-SL-18-004-03,SL-18-004,wikimedia,2,pending,historical_query
R-Q-SL-18-004-03-general-web,Q-SL-18-004-03,SL-18-004,general_web,3,pending,baseline
R-Q-SL-18-004-03-image-search,Q-SL-18-004-03,SL-18-004,image_search,4,pending,baseline
R-Q-SL-18-004-04-local-folder,Q-SL-18-004-04,SL-18-004,local_folder,1,pending,local_source_enabled
R-Q-SL-18-004-04-wikimedia,Q-SL-18-004-04,SL-18-004,wikimedia,2,pending,historical_query
R-Q-SL-18-004-04-general-web,Q-SL-18-004-04,SL-18-004,general_web,3,pending,baseline
R-Q-SL-18-004-04-image-search,Q-SL-18-004-04,SL-18-004,image_search,4,pending,baseline
R-Q-SL-18-004-05-local-folder,Q-SL-18-004-05,SL-18-004,local_folder,1,pending,local_source_enabled
R-Q-SL-18-004-05-wikimedia,Q-SL-18-004-05,SL-18-004,wikimedia,2,pending,historical_query
R-Q-SL-18-004-05-general-web,Q-SL-18-004-05,SL-18-004,general_web,3,pending,baseline
R-Q-SL-18-004-05-image-search,Q-SL-18-004-05,SL-18-004,image_search,4,pending,baseline
R-Q-SL-18-005-01-local-folder,Q-SL-18-005-01,SL-18-005,local_folder,1,pending,local_source_enabled
R-Q-SL-18-005-01-general-web,Q-SL-18-005-01,SL-18-005,general_web,3,pending,baseline
R-Q-SL-18-005-01-image-search,Q-SL-18-005-01,SL-18-005,image_search,4,pending,baseline
R-Q-SL-18-005-02-local-folder,Q-SL-18-005-02,SL-18-005,local_folder,1,pending,local_source_enabled
R-Q-SL-18-005-02-general-web,Q-SL-18-005-02,SL-18-005,general_web,3,pending,baseline
R-Q-SL-18-005-02-image-search,Q-SL-18-005-02,SL-18-005,image_search,4,pending,baseline
R-Q-SL-18-005-03-local-folder,Q-SL-18-005-03,SL-18-005,local_folder,1,pending,local_source_enabled
R-Q-SL-18-005-03-wikimedia,Q-SL-18-005-03,SL-18-005,wikimedia,2,pending,historical_query
R-Q-SL-18-005-03-general-web,Q-SL-18-005-03,SL-18-005,general_web,3,pending,baseline
R-Q-SL-18-005-03-image-search,Q-SL-18-005-03,SL-18-005,image_search,4,pending,baseline
R-Q-SL-18-005-04-local-folder,Q-SL-18-005-04,SL-18-005,local_folder,1,pending,local_source_enabled
R-Q-SL-18-005-04-wikimedia,Q-SL-18-005-04,SL-18-005,wikimedia,2,pending,historical_query
R-Q-SL-18-005-04-general-web,Q-SL-18-005-04,SL-18-005,general_web,3,pending,baseline
R-Q-SL-18-005-04-image-search,Q-SL-18-005-04,SL-18-005,image_search,4,pending,baseline
R-Q-SL-18-005-05-local-folder,Q-SL-18-005-05,SL-18-005,local_folder,1,pending,local_source_enabled
R-Q-SL-18-005-05-general-web,Q-SL-18-005-05,SL-18-005,general_web,3,pending,baseline
R-Q-SL-18-005-05-image-search,Q-SL-18-005-05,SL-18-005,image_search,4,pending,baseline
R-Q-SL-18-006-01-local-folder,Q-SL-18-006-01,SL-18-006,local_folder,1,pending,local_source_enabled
R-Q-SL-18-006-01-wikimedia,Q-SL-18-006-01,SL-18-006,wikimedia,2,pending,historical_query
R-Q-SL-18-006-01-general-web,Q-SL-18-006-01,SL-18-006,general_web,3,pending,baseline
R-Q-SL-18-006-01-image-search,Q-SL-18-006-01,SL-18-006,image_search,4,pending,baseline
R-Q-SL-18-006-02-local-folder,Q-SL-18-006-02,SL-18-006,local_folder,1,pending,local_source_enabled
R-Q-SL-18-006-02-wikimedia,Q-SL-18-006-02,SL-18-006,wikimedia,2,pending,historical_query
R-Q-SL-18-006-02-general-web,Q-SL-18-006-02,SL-18-006,general_web,3,pending,baseline
R-Q-SL-18-006-02-image-search,Q-SL-18-006-02,SL-18-006,image_search,4,pending,baseline
R-Q-SL-18-006-03-local-folder,Q-SL-18-006-03,SL-18-006,local_folder,1,pending,local_source_enabled
R-Q-SL-18-006-03-wikimedia,Q-SL-18-006-03,SL-18-006,wikimedia,2,pending,historical_query
R-Q-SL-18-006-03-general-web,Q-SL-18-006-03,SL-18-006,general_web,3,pending,baseline
R-Q-SL-18-006-03-image-search,Q-SL-18-006-03,SL-18-006,image_search,4,pending,baseline
R-Q-SL-18-006-04-local-folder,Q-SL-18-006-04,SL-18-006,local_folder,1,pending,local_source_enabled
R-Q-SL-18-006-04-wikimedia,Q-SL-18-006-04,SL-18-006,wikimedia,2,pending,historical_query
R-Q-SL-18-006-04-general-web,Q-SL-18-006-04,SL-18-006,general_web,3,pending,baseline
R-Q-SL-18-006-04-image-search,Q-SL-18-006-04,SL-18-006,image_search,4,pending,baseline
R-Q-SL-18-006-05-local-folder,Q-SL-18-006-05,SL-18-006,local_folder,1,pending,local_source_enabled
R-Q-SL-18-006-05-wikimedia,Q-SL-18-006-05,SL-18-006,wikimedia,2,pending,historical_query
R-Q-SL-18-006-05-general-web,Q-SL-18-006-05,SL-18-006,general_web,3,pending,baseline
R-Q-SL-18-006-05-image-search,Q-SL-18-006-05,SL-18-006,image_search,4,pending,baseline
R-Q-SL-18-007-01-local-folder,Q-SL-18-007-01,SL-18-007,local_folder,1,pending,local_source_enabled
R-Q-SL-18-007-01-general-web,Q-SL-18-007-01,SL-18-007,general_web,3,pending,baseline
R-Q-SL-18-007-01-image-search,Q-SL-18-007-01,SL-18-007,image_search,4,pending,baseline
R-Q-SL-18-007-02-local-folder,Q-SL-18-007-02,SL-18-007,local_folder,1,pending,local_source_enabled
R-Q-SL-18-007-02-general-web,Q-SL-18-007-02,SL-18-007,general_web,3,pending,baseline
R-Q-SL-18-007-02-image-search,Q-SL-18-007-02,SL-18-007,image_search,4,pending,baseline
R-Q-SL-18-007-03-local-folder,Q-SL-18-007-03,SL-18-007,local_folder,1,pending,local_source_enabled
R-Q-SL-18-007-03-wikimedia,Q-SL-18-007-03,SL-18-007,wikimedia,2,pending,historical_query
R-Q-SL-18-007-03-general-web,Q-SL-18-007-03,SL-18-007,general_web,3,pending,baseline
R-Q-SL-18-007-03-image-search,Q-SL-18-007-03,SL-18-007,image_search,4,pending,baseline
R-Q-SL-18-007-04-local-folder,Q-SL-18-007-04,SL-18-007,local_folder,1,pending,local_source_enabled
R-Q-SL-18-007-04-wikimedia,Q-SL-18-007-04,SL-18-007,wikimedia,2,pending,historical_query
R-Q-SL-18-007-04-general-web,Q-SL-18-007-04,SL-18-007,general_web,3,pending,baseline
R-Q-SL-18-007-04-image-search,Q-SL-18-007-04,SL-18-007,image_search,4,pending,baseline
R-Q-SL-18-007-05-local-folder,Q-SL-18-007-05,SL-18-007,local_folder,1,pending,local_source_enabled
R-Q-SL-18-007-05-general-web,Q-SL-18-007-05,SL-18-007,general_web,3,pending,baseline
R-Q-SL-18-007-05-image-search,Q-SL-18-007-05,SL-18-007,image_search,4,pending,baseline
R-Q-SL-18-008-01-local-folder,Q-SL-18-008-01,SL-18-008,local_folder,1,pending,local_source_enabled
R-Q-SL-18-008-01-wikimedia,Q-SL-18-008-01,SL-18-008,wikimedia,2,pending,"category_rule,historical_query"
R-Q-SL-18-008-01-general-web,Q-SL-18-008-01,SL-18-008,general_web,3,pending,baseline
R-Q-SL-18-008-01-image-search,Q-SL-18-008-01,SL-18-008,image_search,4,pending,baseline
R-Q-SL-18-008-02-local-folder,Q-SL-18-008-02,SL-18-008,local_folder,1,pending,local_source_enabled
R-Q-SL-18-008-02-wikimedia,Q-SL-18-008-02,SL-18-008,wikimedia,2,pending,"category_rule,historical_query"
R-Q-SL-18-008-02-general-web,Q-SL-18-008-02,SL-18-008,general_web,3,pending,baseline
R-Q-SL-18-008-02-image-search,Q-SL-18-008-02,SL-18-008,image_search,4,pending,baseline
R-Q-SL-18-008-03-local-folder,Q-SL-18-008-03,SL-18-008,local_folder,1,pending,local_source_enabled
R-Q-SL-18-008-03-wikimedia,Q-SL-18-008-03,SL-18-008,wikimedia,2,pending,"category_rule,historical_query"
R-Q-SL-18-008-03-general-web,Q-SL-18-008-03,SL-18-008,general_web,3,pending,baseline
R-Q-SL-18-008-03-image-search,Q-SL-18-008-03,SL-18-008,image_search,4,pending,baseline
R-Q-SL-18-008-04-local-folder,Q-SL-18-008-04,SL-18-008,local_folder,1,pending,local_source_enabled
R-Q-SL-18-008-04-wikimedia,Q-SL-18-008-04,SL-18-008,wikimedia,2,pending,"category_rule,historical_query"
R-Q-SL-18-008-04-general-web,Q-SL-18-008-04,SL-18-008,general_web,3,pending,baseline
R-Q-SL-18-008-04-image-search,Q-SL-18-008-04,SL-18-008,image_search,4,pending,baseline
R-Q-SL-18-008-05-local-folder,Q-SL-18-008-05,SL-18-008,local_folder,1,pending,local_source_enabled
R-Q-SL-18-008-05-wikimedia,Q-SL-18-008-05,SL-18-008,wikimedia,2,pending,"category_rule,historical_query"
R-Q-SL-18-008-05-general-web,Q-SL-18-008-05,SL-18-008,general_web,3,pending,baseline
R-Q-SL-18-008-05-image-search,Q-SL-18-008-05,SL-18-008,image_search,4,pending,baseline
R-Q-SL-18-009-01-local-folder,Q-SL-18-009-01,SL-18-009,local_folder,1,pending,local_source_enabled
R-Q-SL-18-009-01-general-web,Q-SL-18-009-01,SL-18-009,general_web,3,pending,baseline
R-Q-SL-18-009-01-image-search,Q-SL-18-009-01,SL-18-009,image_search,4,pending,baseline
R-Q-SL-18-009-02-local-folder,Q-SL-18-009-02,SL-18-009,local_folder,1,pending,local_source_enabled
R-Q-SL-18-009-02-general-web,Q-SL-18-009-02,SL-18-009,general_web,3,pending,baseline
R-Q-SL-18-009-02-image-search,Q-SL-18-009-02,SL-18-009,image_search,4,pending,baseline
R-Q-SL-18-009-03-local-folder,Q-SL-18-009-03,SL-18-009,local_folder,1,pending,local_source_enabled
R-Q-SL-18-009-03-wikimedia,Q-SL-18-009-03,SL-18-009,wikimedia,2,pending,historical_query
R-Q-SL-18-009-03-general-web,Q-SL-18-009-03,SL-18-009,general_web,3,pending,baseline
R-Q-SL-18-009-03-image-search,Q-SL-18-009-03,SL-18-009,image_search,4,pending,baseline
R-Q-SL-18-009-04-local-folder,Q-SL-18-009-04,SL-18-009,local_folder,1,pending,local_source_enabled
R-Q-SL-18-009-04-wikimedia,Q-SL-18-009-04,SL-18-009,wikimedia,2,pending,historical_query
R-Q-SL-18-009-04-general-web,Q-SL-18-009-04,SL-18-009,general_web,3,pending,baseline
R-Q-SL-18-009-04-image-search,Q-SL-18-009-04,SL-18-009,image_search,4,pending,baseline
R-Q-SL-18-009-05-local-folder,Q-SL-18-009-05,SL-18-009,local_folder,1,pending,local_source_enabled
R-Q-SL-18-009-05-general-web,Q-SL-18-009-05,SL-18-009,general_web,3,pending,baseline
R-Q-SL-18-009-05-image-search,Q-SL-18-009-05,SL-18-009,image_search,4,pending,baseline
R-Q-SL-18-010-01-local-folder,Q-SL-18-010-01,SL-18-010,local_folder,1,pending,local_source_enabled
R-Q-SL-18-010-01-wikimedia,Q-SL-18-010-01,SL-18-010,wikimedia,2,pending,"category_rule,historical_query"
R-Q-SL-18-010-01-general-web,Q-SL-18-010-01,SL-18-010,general_web,3,pending,baseline
R-Q-SL-18-010-01-image-search,Q-SL-18-010-01,SL-18-010,image_search,4,pending,baseline
R-Q-SL-18-010-02-local-folder,Q-SL-18-010-02,SL-18-010,local_folder,1,pending,local_source_enabled
R-Q-SL-18-010-02-wikimedia,Q-SL-18-010-02,SL-18-010,wikimedia,2,pending,"category_rule,historical_query"
R-Q-SL-18-010-02-general-web,Q-SL-18-010-02,SL-18-010,general_web,3,pending,baseline
R-Q-SL-18-010-02-image-search,Q-SL-18-010-02,SL-18-010,image_search,4,pending,baseline
R-Q-SL-18-010-03-local-folder,Q-SL-18-010-03,SL-18-010,local_folder,1,pending,local_source_enabled
R-Q-SL-18-010-03-wikimedia,Q-SL-18-010-03,SL-18-010,wikimedia,2,pending,"category_rule,historical_query"
R-Q-SL-18-010-03-general-web,Q-SL-18-010-03,SL-18-010,general_web,3,pending,baseline
R-Q-SL-18-010-03-image-search,Q-SL-18-010-03,SL-18-010,image_search,4,pending,baseline
R-Q-SL-18-010-04-local-folder,Q-SL-18-010-04,SL-18-010,local_folder,1,pending,local_source_enabled
R-Q-SL-18-010-04-wikimedia,Q-SL-18-010-04,SL-18-010,wikimedia,2,pending,"category_rule,historical_query"
R-Q-SL-18-010-04-general-web,Q-SL-18-010-04,SL-18-010,general_web,3,pending,baseline
R-Q-SL-18-010-04-image-search,Q-SL-18-010-04,SL-18-010,image_search,4,pending,baseline
R-Q-SL-18-010-05-local-folder,Q-SL-18-010-05,SL-18-010,local_folder,1,pending,local_source_enabled
R-Q-SL-18-010-05-wikimedia,Q-SL-18-010-05,SL-18-010,wikimedia,2,pending,"category_rule,historical_query"
R-Q-SL-18-010-05-general-web,Q-SL-18-010-05,SL-18-010,general_web,3,pending,baseline
R-Q-SL-18-010-05-image-search,Q-SL-18-010-05,SL-18-010,image_search,4,pending,baseline
R-Q-SL-18-011-01-local-folder,Q-SL-18-011-01,SL-18-011,local_folder,1,pending,local_source_enabled
R-Q-SL-18-011-01-general-web,Q-SL-18-011-01,SL-18-011,general_web,3,pending,baseline
R-Q-SL-18-011-01-image-search,Q-SL-18-011-01,SL-18-011,image_search,4,pending,baseline
R-Q-SL-18-011-02-local-folder,Q-SL-18-011-02,SL-18-011,local_folder,1,pending,local_source_enabled
R-Q-SL-18-011-02-general-web,Q-SL-18-011-02,SL-18-011,general_web,3,pending,baseline
R-Q-SL-18-011-02-image-search,Q-SL-18-011-02,SL-18-011,image_search,4,pending,baseline
R-Q-SL-18-011-03-local-folder,Q-SL-18-011-03,SL-18-011,local_folder,1,pending,local_source_enabled
R-Q-SL-18-011-03-wikimedia,Q-SL-18-011-03,SL-18-011,wikimedia,2,pending,historical_query
R-Q-SL-18-011-03-general-web,Q-SL-18-011-03,SL-18-011,general_web,3,pending,baseline
R-Q-SL-18-011-03-image-search,Q-SL-18-011-03,SL-18-011,image_search,4,pending,baseline
R-Q-SL-18-011-04-local-folder,Q-SL-18-011-04,SL-18-011,local_folder,1,pending,local_source_enabled
R-Q-SL-18-011-04-wikimedia,Q-SL-18-011-04,SL-18-011,wikimedia,2,pending,historical_query
R-Q-SL-18-011-04-general-web,Q-SL-18-011-04,SL-18-011,general_web,3,pending,baseline
R-Q-SL-18-011-04-image-search,Q-SL-18-011-04,SL-18-011,image_search,4,pending,baseline
R-Q-SL-18-011-05-local-folder,Q-SL-18-011-05,SL-18-011,local_folder,1,pending,local_source_enabled
R-Q-SL-18-011-05-general-web,Q-SL-18-011-05,SL-18-011,general_web,3,pending,baseline
R-Q-SL-18-011-05-image-search,Q-SL-18-011-05,SL-18-011,image_search,4,pending,baseline
R-Q-SL-18-012-01-local-folder,Q-SL-18-012-01,SL-18-012,local_folder,1,pending,local_source_enabled
R-Q-SL-18-012-01-wikimedia,Q-SL-18-012-01,SL-18-012,wikimedia,2,pending,historical_query
R-Q-SL-18-012-01-general-web,Q-SL-18-012-01,SL-18-012,general_web,3,pending,baseline
R-Q-SL-18-012-01-image-search,Q-SL-18-012-01,SL-18-012,image_search,4,pending,baseline
R-Q-SL-18-012-02-local-folder,Q-SL-18-012-02,SL-18-012,local_folder,1,pending,local_source_enabled
R-Q-SL-18-012-02-wikimedia,Q-SL-18-012-02,SL-18-012,wikimedia,2,pending,historical_query
R-Q-SL-18-012-02-general-web,Q-SL-18-012-02,SL-18-012,general_web,3,pending,baseline
R-Q-SL-18-012-02-image-search,Q-SL-18-012-02,SL-18-012,image_search,4,pending,baseline
R-Q-SL-18-012-03-local-folder,Q-SL-18-012-03,SL-18-012,local_folder,1,pending,local_source_enabled
R-Q-SL-18-012-03-wikimedia,Q-SL-18-012-03,SL-18-012,wikimedia,2,pending,historical_query
R-Q-SL-18-012-03-general-web,Q-SL-18-012-03,SL-18-012,general_web,3,pending,baseline
R-Q-SL-18-012-03-image-search,Q-SL-18-012-03,SL-18-012,image_search,4,pending,baseline
R-Q-SL-18-012-04-local-folder,Q-SL-18-012-04,SL-18-012,local_folder,1,pending,local_source_enabled
R-Q-SL-18-012-04-wikimedia,Q-SL-18-012-04,SL-18-012,wikimedia,2,pending,historical_query
R-Q-SL-18-012-04-general-web,Q-SL-18-012-04,SL-18-012,general_web,3,pending,baseline
R-Q-SL-18-012-04-image-search,Q-SL-18-012-04,SL-18-012,image_search,4,pending,baseline
R-Q-SL-18-012-05-local-folder,Q-SL-18-012-05,SL-18-012,local_folder,1,pending,local_source_enabled
R-Q-SL-18-012-05-wikimedia,Q-SL-18-012-05,SL-18-012,wikimedia,2,pending,historical_query
R-Q-SL-18-012-05-general-web,Q-SL-18-012-05,SL-18-012,general_web,3,pending,baseline
R-Q-SL-18-012-05-image-search,Q-SL-18-012-05,SL-18-012,image_search,4,pending,baseline
R-Q-SL-18-013-01-local-folder,Q-SL-18-013-01,SL-18-013,local_folder,1,pending,local_source_enabled
R-Q-SL-18-013-01-general-web,Q-SL-18-013-01,SL-18-013,general_web,3,pending,baseline
R-Q-SL-18-013-01-image-search,Q-SL-18-013-01,SL-18-013,image_search,4,pending,baseline
R-Q-SL-18-013-02-local-folder,Q-SL-18-013-02,SL-18-013,local_folder,1,pending,local_source_enabled
R-Q-SL-18-013-02-general-web,Q-SL-18-013-02,SL-18-013,general_web,3,pending,baseline
R-Q-SL-18-013-02-image-search,Q-SL-18-013-02,SL-18-013,image_search,4,pending,baseline
R-Q-SL-18-013-03-local-folder,Q-SL-18-013-03,SL-18-013,local_folder,1,pending,local_source_enabled
R-Q-SL-18-013-03-wikimedia,Q-SL-18-013-03,SL-18-013,wikimedia,2,pending,historical_query
R-Q-SL-18-013-03-general-web,Q-SL-18-013-03,SL-18-013,general_web,3,pending,baseline
R-Q-SL-18-013-03-image-search,Q-SL-18-013-03,SL-18-013,image_search,4,pending,baseline
R-Q-SL-18-013-04-local-folder,Q-SL-18-013-04,SL-18-013,local_folder,1,pending,local_source_enabled
R-Q-SL-18-013-04-wikimedia,Q-SL-18-013-04,SL-18-013,wikimedia,2,pending,historical_query
R-Q-SL-18-013-04-general-web,Q-SL-18-013-04,SL-18-013,general_web,3,pending,baseline
R-Q-SL-18-013-04-image-search,Q-SL-18-013-04,SL-18-013,image_search,4,pending,baseline
R-Q-SL-18-013-05-local-folder,Q-SL-18-013-05,SL-18-013,local_folder,1,pending,local_source_enabled
R-Q-SL-18-013-05-general-web,Q-SL-18-013-05,SL-18-013,general_web,3,pending,baseline
R-Q-SL-18-013-05-image-search,Q-SL-18-013-05,SL-18-013,image_search,4,pending,baseline
R-Q-SL-18-014-01-local-folder,Q-SL-18-014-01,SL-18-014,local_folder,1,pending,local_source_enabled
R-Q-SL-18-014-01-general-web,Q-SL-18-014-01,SL-18-014,general_web,3,pending,baseline
R-Q-SL-18-014-01-image-search,Q-SL-18-014-01,SL-18-014,image_search,4,pending,baseline
R-Q-SL-18-014-02-local-folder,Q-SL-18-014-02,SL-18-014,local_folder,1,pending,local_source_enabled
R-Q-SL-18-014-02-general-web,Q-SL-18-014-02,SL-18-014,general_web,3,pending,baseline
R-Q-SL-18-014-02-image-search,Q-SL-18-014-02,SL-18-014,image_search,4,pending,baseline
R-Q-SL-18-014-03-local-folder,Q-SL-18-014-03,SL-18-014,local_folder,1,pending,local_source_enabled
R-Q-SL-18-014-03-wikimedia,Q-SL-18-014-03,SL-18-014,wikimedia,2,pending,historical_query
R-Q-SL-18-014-03-general-web,Q-SL-18-014-03,SL-18-014,general_web,3,pending,baseline
R-Q-SL-18-014-03-image-search,Q-SL-18-014-03,SL-18-014,image_search,4,pending,baseline
R-Q-SL-18-014-04-local-folder,Q-SL-18-014-04,SL-18-014,local_folder,1,pending,local_source_enabled
R-Q-SL-18-014-04-wikimedia,Q-SL-18-014-04,SL-18-014,wikimedia,2,pending,historical_query
R-Q-SL-18-014-04-general-web,Q-SL-18-014-04,SL-18-014,general_web,3,pending,baseline
R-Q-SL-18-014-04-image-search,Q-SL-18-014-04,SL-18-014,image_search,4,pending,baseline
R-Q-SL-18-014-05-local-folder,Q-SL-18-014-05,SL-18-014,local_folder,1,pending,local_source_enabled
R-Q-SL-18-014-05-general-web,Q-SL-18-014-05,SL-18-014,general_web,3,pending,baseline
R-Q-SL-18-014-05-image-search,Q-SL-18-014-05,SL-18-014,image_search,4,pending,baseline
R-Q-SL-18-015-01-local-folder,Q-SL-18-015-01,SL-18-015,local_folder,1,pending,local_source_enabled
R-Q-SL-18-015-01-wikimedia,Q-SL-18-015-01,SL-18-015,wikimedia,2,pending,historical_query
R-Q-SL-18-015-01-general-web,Q-SL-18-015-01,SL-18-015,general_web,3,pending,baseline
R-Q-SL-18-015-01-image-search,Q-SL-18-015-01,SL-18-015,image_search,4,pending,baseline
R-Q-SL-18-015-02-local-folder,Q-SL-18-015-02,SL-18-015,local_folder,1,pending,local_source_enabled
R-Q-SL-18-015-02-wikimedia,Q-SL-18-015-02,SL-18-015,wikimedia,2,pending,historical_query
R-Q-SL-18-015-02-general-web,Q-SL-18-015-02,SL-18-015,general_web,3,pending,baseline
R-Q-SL-18-015-02-image-search,Q-SL-18-015-02,SL-18-015,image_search,4,pending,baseline
R-Q-SL-18-015-03-local-folder,Q-SL-18-015-03,SL-18-015,local_folder,1,pending,local_source_enabled
R-Q-SL-18-015-03-wikimedia,Q-SL-18-015-03,SL-18-015,wikimedia,2,pending,historical_query
R-Q-SL-18-015-03-general-web,Q-SL-18-015-03,SL-18-015,general_web,3,pending,baseline
R-Q-SL-18-015-03-image-search,Q-SL-18-015-03,SL-18-015,image_search,4,pending,baseline
R-Q-SL-18-015-04-local-folder,Q-SL-18-015-04,SL-18-015,local_folder,1,pending,local_source_enabled
R-Q-SL-18-015-04-wikimedia,Q-SL-18-015-04,SL-18-015,wikimedia,2,pending,historical_query
R-Q-SL-18-015-04-general-web,Q-SL-18-015-04,SL-18-015,general_web,3,pending,baseline
R-Q-SL-18-015-04-image-search,Q-SL-18-015-04,SL-18-015,image_search,4,pending,baseline
R-Q-SL-18-015-05-local-folder,Q-SL-18-015-05,SL-18-015,local_folder,1,pending,local_source_enabled
R-Q-SL-18-015-05-wikimedia,Q-SL-18-015-05,SL-18-015,wikimedia,2,pending,historical_query
R-Q-SL-18-015-05-general-web,Q-SL-18-015-05,SL-18-015,general_web,3,pending,baseline
R-Q-SL-18-015-05-image-search,Q-SL-18-015-05,SL-18-015,image_search,4,pending,baseline
R-Q-SL-18-016-01-local-folder,Q-SL-18-016-01,SL-18-016,local_folder,1,pending,local_source_enabled
R-Q-SL-18-016-01-general-web,Q-SL-18-016-01,SL-18-016,general_web,3,pending,baseline
R-Q-SL-18-016-01-image-search,Q-SL-18-016-01,SL-18-016,image_search,4,pending,baseline
R-Q-SL-18-016-02-local-folder,Q-SL-18-016-02,SL-18-016,local_folder,1,pending,local_source_enabled
R-Q-SL-18-016-02-general-web,Q-SL-18-016-02,SL-18-016,general_web,3,pending,baseline
R-Q-SL-18-016-02-image-search,Q-SL-18-016-02,SL-18-016,image_search,4,pending,baseline
R-Q-SL-18-016-03-local-folder,Q-SL-18-016-03,SL-18-016,local_folder,1,pending,local_source_enabled
R-Q-SL-18-016-03-wikimedia,Q-SL-18-016-03,SL-18-016,wikimedia,2,pending,historical_query
R-Q-SL-18-016-03-general-web,Q-SL-18-016-03,SL-18-016,general_web,3,pending,baseline
R-Q-SL-18-016-03-image-search,Q-SL-18-016-03,SL-18-016,image_search,4,pending,baseline
R-Q-SL-18-016-04-local-folder,Q-SL-18-016-04,SL-18-016,local_folder,1,pending,local_source_enabled
R-Q-SL-18-016-04-wikimedia,Q-SL-18-016-04,SL-18-016,wikimedia,2,pending,historical_query
R-Q-SL-18-016-04-general-web,Q-SL-18-016-04,SL-18-016,general_web,3,pending,baseline
R-Q-SL-18-016-04-image-search,Q-SL-18-016-04,SL-18-016,image_search,4,pending,baseline
R-Q-SL-18-016-05-local-folder,Q-SL-18-016-05,SL-18-016,local_folder,1,pending,local_source_enabled
R-Q-SL-18-016-05-general-web,Q-SL-18-016-05,SL-18-016,general_web,3,pending,baseline
R-Q-SL-18-016-05-image-search,Q-SL-18-016-05,SL-18-016,image_search,4,pending,baseline
R-Q-SL-18-017-01-local-folder,Q-SL-18-017-01,SL-18-017,local_folder,1,pending,local_source_enabled
R-Q-SL-18-017-01-general-web,Q-SL-18-017-01,SL-18-017,general_web,3,pending,baseline
R-Q-SL-18-017-01-image-search,Q-SL-18-017-01,SL-18-017,image_search,4,pending,baseline
R-Q-SL-18-017-02-local-folder,Q-SL-18-017-02,SL-18-017,local_folder,1,pending,local_source_enabled
R-Q-SL-18-017-02-general-web,Q-SL-18-017-02,SL-18-017,general_web,3,pending,baseline
R-Q-SL-18-017-02-image-search,Q-SL-18-017-02,SL-18-017,image_search,4,pending,baseline
R-Q-SL-18-017-03-local-folder,Q-SL-18-017-03,SL-18-017,local_folder,1,pending,local_source_enabled
R-Q-SL-18-017-03-wikimedia,Q-SL-18-017-03,SL-18-017,wikimedia,2,pending,historical_query
R-Q-SL-18-017-03-general-web,Q-SL-18-017-03,SL-18-017,general_web,3,pending,baseline
R-Q-SL-18-017-03-image-search,Q-SL-18-017-03,SL-18-017,image_search,4,pending,baseline
R-Q-SL-18-017-04-local-folder,Q-SL-18-017-04,SL-18-017,local_folder,1,pending,local_source_enabled
R-Q-SL-18-017-04-wikimedia,Q-SL-18-017-04,SL-18-017,wikimedia,2,pending,historical_query
R-Q-SL-18-017-04-general-web,Q-SL-18-017-04,SL-18-017,general_web,3,pending,baseline
R-Q-SL-18-017-04-image-search,Q-SL-18-017-04,SL-18-017,image_search,4,pending,baseline
R-Q-SL-18-017-05-local-folder,Q-SL-18-017-05,SL-18-017,local_folder,1,pending,local_source_enabled
R-Q-SL-18-017-05-general-web,Q-SL-18-017-05,SL-18-017,general_web,3,pending,baseline
R-Q-SL-18-017-05-image-search,Q-SL-18-017-05,SL-18-017,image_search,4,pending,baseline
R-Q-SL-18-018-01-local-folder,Q-SL-18-018-01,SL-18-018,local_folder,1,pending,local_source_enabled
R-Q-SL-18-018-01-wikimedia,Q-SL-18-018-01,SL-18-018,wikimedia,2,pending,historical_query
R-Q-SL-18-018-01-general-web,Q-SL-18-018-01,SL-18-018,general_web,3,pending,baseline
R-Q-SL-18-018-01-image-search,Q-SL-18-018-01,SL-18-018,image_search,4,pending,baseline
R-Q-SL-18-018-02-local-folder,Q-SL-18-018-02,SL-18-018,local_folder,1,pending,local_source_enabled
R-Q-SL-18-018-02-wikimedia,Q-SL-18-018-02,SL-18-018,wikimedia,2,pending,historical_query
R-Q-SL-18-018-02-general-web,Q-SL-18-018-02,SL-18-018,general_web,3,pending,baseline
R-Q-SL-18-018-02-image-search,Q-SL-18-018-02,SL-18-018,image_search,4,pending,baseline
R-Q-SL-18-018-03-local-folder,Q-SL-18-018-03,SL-18-018,local_folder,1,pending,local_source_enabled
R-Q-SL-18-018-03-wikimedia,Q-SL-18-018-03,SL-18-018,wikimedia,2,pending,historical_query
R-Q-SL-18-018-03-general-web,Q-SL-18-018-03,SL-18-018,general_web,3,pending,baseline
R-Q-SL-18-018-03-image-search,Q-SL-18-018-03,SL-18-018,image_search,4,pending,baseline
R-Q-SL-18-018-04-local-folder,Q-SL-18-018-04,SL-18-018,local_folder,1,pending,local_source_enabled
R-Q-SL-18-018-04-wikimedia,Q-SL-18-018-04,SL-18-018,wikimedia,2,pending,historical_query
R-Q-SL-18-018-04-general-web,Q-SL-18-018-04,SL-18-018,general_web,3,pending,baseline
R-Q-SL-18-018-04-image-search,Q-SL-18-018-04,SL-18-018,image_search,4,pending,baseline
R-Q-SL-18-018-05-local-folder,Q-SL-18-018-05,SL-18-018,local_folder,1,pending,local_source_enabled
R-Q-SL-18-018-05-wikimedia,Q-SL-18-018-05,SL-18-018,wikimedia,2,pending,historical_query
R-Q-SL-18-018-05-general-web,Q-SL-18-018-05,SL-18-018,general_web,3,pending,baseline
R-Q-SL-18-018-05-image-search,Q-SL-18-018-05,SL-18-018,image_search,4,pending,baseline
R-Q-SL-18-019-01-local-folder,Q-SL-18-019-01,SL-18-019,local_folder,1,pending,local_source_enabled
R-Q-SL-18-019-01-general-web,Q-SL-18-019-01,SL-18-019,general_web,3,pending,baseline
R-Q-SL-18-019-01-image-search,Q-SL-18-019-01,SL-18-019,image_search,4,pending,baseline
R-Q-SL-18-019-02-local-folder,Q-SL-18-019-02,SL-18-019,local_folder,1,pending,local_source_enabled
R-Q-SL-18-019-02-general-web,Q-SL-18-019-02,SL-18-019,general_web,3,pending,baseline
R-Q-SL-18-019-02-image-search,Q-SL-18-019-02,SL-18-019,image_search,4,pending,baseline
R-Q-SL-18-019-03-local-folder,Q-SL-18-019-03,SL-18-019,local_folder,1,pending,local_source_enabled
R-Q-SL-18-019-03-wikimedia,Q-SL-18-019-03,SL-18-019,wikimedia,2,pending,historical_query
R-Q-SL-18-019-03-general-web,Q-SL-18-019-03,SL-18-019,general_web,3,pending,baseline
R-Q-SL-18-019-03-image-search,Q-SL-18-019-03,SL-18-019,image_search,4,pending,baseline
R-Q-SL-18-019-04-local-folder,Q-SL-18-019-04,SL-18-019,local_folder,1,pending,local_source_enabled
R-Q-SL-18-019-04-wikimedia,Q-SL-18-019-04,SL-18-019,wikimedia,2,pending,historical_query
R-Q-SL-18-019-04-general-web,Q-SL-18-019-04,SL-18-019,general_web,3,pending,baseline
R-Q-SL-18-019-04-image-search,Q-SL-18-019-04,SL-18-019,image_search,4,pending,baseline
R-Q-SL-18-019-05-local-folder,Q-SL-18-019-05,SL-18-019,local_folder,1,pending,local_source_enabled
R-Q-SL-18-019-05-general-web,Q-SL-18-019-05,SL-18-019,general_web,3,pending,baseline
R-Q-SL-18-019-05-image-search,Q-SL-18-019-05,SL-18-019,image_search,4,pending,baseline
R-Q-SL-18-020-01-local-folder,Q-SL-18-020-01,SL-18-020,local_folder,1,pending,local_source_enabled
R-Q-SL-18-020-01-general-web,Q-SL-18-020-01,SL-18-020,general_web,3,pending,baseline
R-Q-SL-18-020-01-image-search,Q-SL-18-020-01,SL-18-020,image_search,4,pending,baseline
R-Q-SL-18-020-02-local-folder,Q-SL-18-020-02,SL-18-020,local_folder,1,pending,local_source_enabled
R-Q-SL-18-020-02-general-web,Q-SL-18-020-02,SL-18-020,general_web,3,pending,baseline
R-Q-SL-18-020-02-image-search,Q-SL-18-020-02,SL-18-020,image_search,4,pending,baseline
R-Q-SL-18-020-03-local-folder,Q-SL-18-020-03,SL-18-020,local_folder,1,pending,local_source_enabled
R-Q-SL-18-020-03-wikimedia,Q-SL-18-020-03,SL-18-020,wikimedia,2,pending,historical_query
R-Q-SL-18-020-03-general-web,Q-SL-18-020-03,SL-18-020,general_web,3,pending,baseline
R-Q-SL-18-020-03-image-search,Q-SL-18-020-03,SL-18-020,image_search,4,pending,baseline
R-Q-SL-18-020-04-local-folder,Q-SL-18-020-04,SL-18-020,local_folder,1,pending,local_source_enabled
R-Q-SL-18-020-04-wikimedia,Q-SL-18-020-04,SL-18-020,wikimedia,2,pending,historical_query
R-Q-SL-18-020-04-general-web,Q-SL-18-020-04,SL-18-020,general_web,3,pending,baseline
R-Q-SL-18-020-04-image-search,Q-SL-18-020-04,SL-18-020,image_search,4,pending,baseline
R-Q-SL-18-020-05-local-folder,Q-SL-18-020-05,SL-18-020,local_folder,1,pending,local_source_enabled
R-Q-SL-18-020-05-general-web,Q-SL-18-020-05,SL-18-020,general_web,3,pending,baseline
R-Q-SL-18-020-05-image-search,Q-SL-18-020-05,SL-18-020,image_search,4,pending,baseline
R-Q-SL-18-021-01-local-folder,Q-SL-18-021-01,SL-18-021,local_folder,1,pending,local_source_enabled
R-Q-SL-18-021-01-wikimedia,Q-SL-18-021-01,SL-18-021,wikimedia,2,pending,historical_query
R-Q-SL-18-021-01-general-web,Q-SL-18-021-01,SL-18-021,general_web,3,pending,baseline
R-Q-SL-18-021-01-image-search,Q-SL-18-021-01,SL-18-021,image_search,4,pending,baseline
R-Q-SL-18-021-02-local-folder,Q-SL-18-021-02,SL-18-021,local_folder,1,pending,local_source_enabled
R-Q-SL-18-021-02-wikimedia,Q-SL-18-021-02,SL-18-021,wikimedia,2,pending,historical_query
R-Q-SL-18-021-02-general-web,Q-SL-18-021-02,SL-18-021,general_web,3,pending,baseline
R-Q-SL-18-021-02-image-search,Q-SL-18-021-02,SL-18-021,image_search,4,pending,baseline
R-Q-SL-18-021-03-local-folder,Q-SL-18-021-03,SL-18-021,local_folder,1,pending,local_source_enabled
R-Q-SL-18-021-03-wikimedia,Q-SL-18-021-03,SL-18-021,wikimedia,2,pending,historical_query
R-Q-SL-18-021-03-general-web,Q-SL-18-021-03,SL-18-021,general_web,3,pending,baseline
R-Q-SL-18-021-03-image-search,Q-SL-18-021-03,SL-18-021,image_search,4,pending,baseline
R-Q-SL-18-021-04-local-folder,Q-SL-18-021-04,SL-18-021,local_folder,1,pending,local_source_enabled
R-Q-SL-18-021-04-wikimedia,Q-SL-18-021-04,SL-18-021,wikimedia,2,pending,historical_query
R-Q-SL-18-021-04-general-web,Q-SL-18-021-04,SL-18-021,general_web,3,pending,baseline
R-Q-SL-18-021-04-image-search,Q-SL-18-021-04,SL-18-021,image_search,4,pending,baseline
R-Q-SL-18-021-05-local-folder,Q-SL-18-021-05,SL-18-021,local_folder,1,pending,local_source_enabled
R-Q-SL-18-021-05-wikimedia,Q-SL-18-021-05,SL-18-021,wikimedia,2,pending,historical_query
R-Q-SL-18-021-05-general-web,Q-SL-18-021-05,SL-18-021,general_web,3,pending,baseline
R-Q-SL-18-021-05-image-search,Q-SL-18-021-05,SL-18-021,image_search,4,pending,baseline
R-Q-SL-18-022-01-local-folder,Q-SL-18-022-01,SL-18-022,local_folder,1,pending,local_source_enabled
R-Q-SL-18-022-01-general-web,Q-SL-18-022-01,SL-18-022,general_web,3,pending,baseline
R-Q-SL-18-022-01-image-search,Q-SL-18-022-01,SL-18-022,image_search,4,pending,baseline
R-Q-SL-18-022-02-local-folder,Q-SL-18-022-02,SL-18-022,local_folder,1,pending,local_source_enabled
R-Q-SL-18-022-02-general-web,Q-SL-18-022-02,SL-18-022,general_web,3,pending,baseline
R-Q-SL-18-022-02-image-search,Q-SL-18-022-02,SL-18-022,image_search,4,pending,baseline
R-Q-SL-18-022-03-local-folder,Q-SL-18-022-03,SL-18-022,local_folder,1,pending,local_source_enabled
R-Q-SL-18-022-03-wikimedia,Q-SL-18-022-03,SL-18-022,wikimedia,2,pending,historical_query
R-Q-SL-18-022-03-general-web,Q-SL-18-022-03,SL-18-022,general_web,3,pending,baseline
R-Q-SL-18-022-03-image-search,Q-SL-18-022-03,SL-18-022,image_search,4,pending,baseline
R-Q-SL-18-022-04-local-folder,Q-SL-18-022-04,SL-18-022,local_folder,1,pending,local_source_enabled
R-Q-SL-18-022-04-wikimedia,Q-SL-18-022-04,SL-18-022,wikimedia,2,pending,historical_query
R-Q-SL-18-022-04-general-web,Q-SL-18-022-04,SL-18-022,general_web,3,pending,baseline
R-Q-SL-18-022-04-image-search,Q-SL-18-022-04,SL-18-022,image_search,4,pending,baseline
R-Q-SL-18-022-05-local-folder,Q-SL-18-022-05,SL-18-022,local_folder,1,pending,local_source_enabled
R-Q-SL-18-022-05-general-web,Q-SL-18-022-05,SL-18-022,general_web,3,pending,baseline
R-Q-SL-18-022-05-image-search,Q-SL-18-022-05,SL-18-022,image_search,4,pending,baseline
R-Q-SL-18-023-01-local-folder,Q-SL-18-023-01,SL-18-023,local_folder,1,pending,local_source_enabled
R-Q-SL-18-023-01-general-web,Q-SL-18-023-01,SL-18-023,general_web,3,pending,baseline
R-Q-SL-18-023-01-image-search,Q-SL-18-023-01,SL-18-023,image_search,4,pending,baseline
R-Q-SL-18-023-02-local-folder,Q-SL-18-023-02,SL-18-023,local_folder,1,pending,local_source_enabled
R-Q-SL-18-023-02-general-web,Q-SL-18-023-02,SL-18-023,general_web,3,pending,baseline
R-Q-SL-18-023-02-image-search,Q-SL-18-023-02,SL-18-023,image_search,4,pending,baseline
R-Q-SL-18-023-03-local-folder,Q-SL-18-023-03,SL-18-023,local_folder,1,pending,local_source_enabled
R-Q-SL-18-023-03-wikimedia,Q-SL-18-023-03,SL-18-023,wikimedia,2,pending,historical_query
R-Q-SL-18-023-03-general-web,Q-SL-18-023-03,SL-18-023,general_web,3,pending,baseline
R-Q-SL-18-023-03-image-search,Q-SL-18-023-03,SL-18-023,image_search,4,pending,baseline
R-Q-SL-18-023-04-local-folder,Q-SL-18-023-04,SL-18-023,local_folder,1,pending,local_source_enabled
R-Q-SL-18-023-04-wikimedia,Q-SL-18-023-04,SL-18-023,wikimedia,2,pending,historical_query
R-Q-SL-18-023-04-general-web,Q-SL-18-023-04,SL-18-023,general_web,3,pending,baseline
R-Q-SL-18-023-04-image-search,Q-SL-18-023-04,SL-18-023,image_search,4,pending,baseline
R-Q-SL-18-023-05-local-folder,Q-SL-18-023-05,SL-18-023,local_folder,1,pending,local_source_enabled
R-Q-SL-18-023-05-general-web,Q-SL-18-023-05,SL-18-023,general_web,3,pending,baseline
R-Q-SL-18-023-05-image-search,Q-SL-18-023-05,SL-18-023,image_search,4,pending,baseline
R-Q-SL-18-024-01-local-folder,Q-SL-18-024-01,SL-18-024,local_folder,1,pending,local_source_enabled
R-Q-SL-18-024-01-wikimedia,Q-SL-18-024-01,SL-18-024,wikimedia,2,pending,historical_query
R-Q-SL-18-024-01-general-web,Q-SL-18-024-01,SL-18-024,general_web,3,pending,baseline
R-Q-SL-18-024-01-image-search,Q-SL-18-024-01,SL-18-024,image_search,4,pending,baseline
R-Q-SL-18-024-02-local-folder,Q-SL-18-024-02,SL-18-024,local_folder,1,pending,local_source_enabled
R-Q-SL-18-024-02-wikimedia,Q-SL-18-024-02,SL-18-024,wikimedia,2,pending,historical_query
R-Q-SL-18-024-02-general-web,Q-SL-18-024-02,SL-18-024,general_web,3,pending,baseline
R-Q-SL-18-024-02-image-search,Q-SL-18-024-02,SL-18-024,image_search,4,pending,baseline
R-Q-SL-18-024-03-local-folder,Q-SL-18-024-03,SL-18-024,local_folder,1,pending,local_source_enabled
R-Q-SL-18-024-03-wikimedia,Q-SL-18-024-03,SL-18-024,wikimedia,2,pending,historical_query
R-Q-SL-18-024-03-general-web,Q-SL-18-024-03,SL-18-024,general_web,3,pending,baseline
R-Q-SL-18-024-03-image-search,Q-SL-18-024-03,SL-18-024,image_search,4,pending,baseline
R-Q-SL-18-024-04-local-folder,Q-SL-18-024-04,SL-18-024,local_folder,1,pending,local_source_enabled
R-Q-SL-18-024-04-wikimedia,Q-SL-18-024-04,SL-18-024,wikimedia,2,pending,historical_query
R-Q-SL-18-024-04-general-web,Q-SL-18-024-04,SL-18-024,general_web,3,pending,baseline
R-Q-SL-18-024-04-image-search,Q-SL-18-024-04,SL-18-024,image_search,4,pending,baseline
R-Q-SL-18-024-05-local-folder,Q-SL-18-024-05,SL-18-024,local_folder,1,pending,local_source_enabled
R-Q-SL-18-024-05-wikimedia,Q-SL-18-024-05,SL-18-024,wikimedia,2,pending,historical_query
R-Q-SL-18-024-05-general-web,Q-SL-18-024-05,SL-18-024,general_web,3,pending,baseline
R-Q-SL-18-024-05-image-search,Q-SL-18-024-05,SL-18-024,image_search,4,pending,baseline
R-Q-SL-18-025-01-local-folder,Q-SL-18-025-01,SL-18-025,local_folder,1,pending,local_source_enabled
R-Q-SL-18-025-01-general-web,Q-SL-18-025-01,SL-18-025,general_web,3,pending,baseline
R-Q-SL-18-025-01-image-search,Q-SL-18-025-01,SL-18-025,image_search,4,pending,baseline
R-Q-SL-18-025-02-local-folder,Q-SL-18-025-02,SL-18-025,local_folder,1,pending,local_source_enabled
R-Q-SL-18-025-02-general-web,Q-SL-18-025-02,SL-18-025,general_web,3,pending,baseline
R-Q-SL-18-025-02-image-search,Q-SL-18-025-02,SL-18-025,image_search,4,pending,baseline
R-Q-SL-18-025-03-local-folder,Q-SL-18-025-03,SL-18-025,local_folder,1,pending,local_source_enabled
R-Q-SL-18-025-03-wikimedia,Q-SL-18-025-03,SL-18-025,wikimedia,2,pending,historical_query
R-Q-SL-18-025-03-general-web,Q-SL-18-025-03,SL-18-025,general_web,3,pending,baseline
R-Q-SL-18-025-03-image-search,Q-SL-18-025-03,SL-18-025,image_search,4,pending,baseline
R-Q-SL-18-025-04-local-folder,Q-SL-18-025-04,SL-18-025,local_folder,1,pending,local_source_enabled
R-Q-SL-18-025-04-wikimedia,Q-SL-18-025-04,SL-18-025,wikimedia,2,pending,historical_query
R-Q-SL-18-025-04-general-web,Q-SL-18-025-04,SL-18-025,general_web,3,pending,baseline
R-Q-SL-18-025-04-image-search,Q-SL-18-025-04,SL-18-025,image_search,4,pending,baseline
R-Q-SL-18-025-05-local-folder,Q-SL-18-025-05,SL-18-025,local_folder,1,pending,local_source_enabled
R-Q-SL-18-025-05-general-web,Q-SL-18-025-05,SL-18-025,general_web,3,pending,baseline
R-Q-SL-18-025-05-image-search,Q-SL-18-025-05,SL-18-025,image_search,4,pending,baseline
