sticker_id,chapter_id,chapter_title,chapter_slug,category,target_name,rarity,priority,search_hint,status
SL-01-001,01,Nace el Ciclón,nace-el-ciclon,fundacion,Acta fundacional de San Lorenzo de Almagro,epica,alta,San Lorenzo de Almagro Acta fundacional de San Lorenzo de Almagro Nace el Ciclón fundacion y primeros anos,planned
SL-01-002,01,Nace el Ciclón,nace-el-ciclon,fundacion,Padre Lorenzo Massa en los origenes del club,legendaria,alta,San Lorenzo de Almagro Padre Lorenzo Massa en los origenes del club Nace el Ciclón fundacion y primeros anos,planned
SL-01-003,01,Nace el Ciclón,nace-el-ciclon,archivo_historico,Primer escudo historico de San Lorenzo,rara,alta,San Lorenzo de Almagro Primer escudo historico de San Lorenzo Nace el Ciclón fundacion y primeros anos,planned
SL-01-004,01,Nace el Ciclón,nace-el-ciclon,equipo,Primer equipo representativo de San Lorenzo,rara,alta,San Lorenzo de Almagro Primer equipo representativo de San Lorenzo Nace el Ciclón fundacion y primeros anos,planned
SL-01-005,01,Nace el Ciclón,nace-el-ciclon,camiseta,Primeras camisetas azulgranas del club,especial,media,San Lorenzo de Almagro Primeras camisetas azulgranas del club Nace el Ciclón fundacion y primeros anos,planned
SL-01-006,01,Nace el Ciclón,nace-el-ciclon,archivo_historico,Boedo y Almagro en los inicios azulgranas,especial,media,San Lorenzo de Almagro Boedo y Almagro en los inicios azulgranas Nace el Ciclón fundacion y primeros anos,planned
SL-01-007,01,Nace el Ciclón,nace-el-ciclon,fundacion,Retrato historico del Padre Lorenzo Massa,epica,alta,San Lorenzo de Almagro Retrato historico del Padre Lorenzo Massa Nace el Ciclón fundacion y primeros anos,planned
SL-01-008,01,Nace el Ciclón,nace-el-ciclon,fundacion,Juventud fundadora de San Lorenzo en Oratorio San Antonio,rara,alta,San Lorenzo de Almagro Juventud fundadora de San Lorenzo en Oratorio San Antonio Nace el Ciclón fundacion y primeros anos,planned
SL-01-009,01,Nace el Ciclón,nace-el-ciclon,archivo_historico,Documentos institucionales de la fundacion azulgrana,especial,media,San Lorenzo de Almagro Documentos institucionales de la fundacion azulgrana Nace el Ciclón fundacion y primeros anos,planned
SL-01-010,01,Nace el Ciclón,nace-el-ciclon,fundacion,Postal temprana de socios fundadores de San Lorenzo,rara,alta,San Lorenzo de Almagro Postal temprana de socios fundadores de San Lorenzo Nace el Ciclón fundacion y primeros anos,planned
SL-01-011,01,Nace el Ciclón,nace-el-ciclon,festejo,Primeras celebraciones barriales del club en Boedo,especial,media,San Lorenzo de Almagro Primeras celebraciones barriales del club en Boedo Nace el Ciclón fundacion y primeros anos,planned
SL-01-012,01,Nace el Ciclón,nace-el-ciclon,archivo_historico,Imagen de archivo del nacimiento del Ciclon,especial,media,San Lorenzo de Almagro Imagen de archivo del nacimiento del Ciclon Nace el Ciclón fundacion y primeros anos,planned
SL-01-013,01,Nace el Ciclón,nace-el-ciclon,fundacion,Padre Lorenzo Massa con San Lorenzo en Nace el Ciclón,legendaria,alta,San Lorenzo de Almagro Padre Lorenzo Massa con San Lorenzo en Nace el Ciclón Nace el Ciclón fundacion y primeros anos,planned
SL-01-014,01,Nace el Ciclón,nace-el-ciclon,fundacion,Retrato historico de Padre Lorenzo Massa en etapa azulgrana,rara,alta,San Lorenzo de Almagro Retrato historico de Padre Lorenzo Massa en etapa azulgrana Nace el Ciclón fundacion y primeros anos,planned
SL-01-015,01,Nace el Ciclón,nace-el-ciclon,fundacion,Padre Lorenzo Massa en partido representativo de San Lorenzo,especial,media,San Lorenzo de Almagro Padre Lorenzo Massa en partido representativo de San Lorenzo Nace el Ciclón fundacion y primeros anos,planned
SL-01-016,01,Nace el Ciclón,nace-el-ciclon,archivo_historico,Adolfo Res con San Lorenzo en Nace el Ciclón,rara,media,San Lorenzo de Almagro Adolfo Res con San Lorenzo en Nace el Ciclón Nace el Ciclón fundacion y primeros anos,planned
SL-01-017,01,Nace el Ciclón,nace-el-ciclon,archivo_historico,Retrato historico de Adolfo Res en etapa azulgrana,rara,media,San Lorenzo de Almagro Retrato historico de Adolfo Res en etapa azulgrana Nace el Ciclón fundacion y primeros anos,planned
SL-01-018,01,Nace el Ciclón,nace-el-ciclon,archivo_historico,Adolfo Res en partido representativo de San Lorenzo,especial,media,San Lorenzo de Almagro Adolfo Res en partido representativo de San Lorenzo Nace el Ciclón fundacion y primeros anos,planned
SL-01-019,01,Nace el Ciclón,nace-el-ciclon,fundacion,Federico Monti con San Lorenzo en Nace el Ciclón,rara,media,San Lorenzo de Almagro Federico Monti con San Lorenzo en Nace el Ciclón Nace el Ciclón fundacion y primeros anos,planned
SL-01-020,01,Nace el Ciclón,nace-el-ciclon,fundacion,Retrato historico de Federico Monti en etapa azulgrana,rara,media,San Lorenzo de Almagro Retrato historico de Federico Monti en etapa azulgrana Nace el Ciclón fundacion y primeros anos,planned
SL-01-021,01,Nace el Ciclón,nace-el-ciclon,fundacion,Federico Monti en partido representativo de San Lorenzo,especial,media,San Lorenzo de Almagro Federico Monti en partido representativo de San Lorenzo Nace el Ciclón fundacion y primeros anos,planned
SL-01-022,01,Nace el Ciclón,nace-el-ciclon,fundacion,Julio Lafuente con San Lorenzo en Nace el Ciclón,especial,media,San Lorenzo de Almagro Julio Lafuente con San Lorenzo en Nace el Ciclón Nace el Ciclón fundacion y primeros anos,planned
SL-01-023,01,Nace el Ciclón,nace-el-ciclon,fundacion,Retrato historico de Julio Lafuente en etapa azulgrana,especial,media,San Lorenzo de Almagro Retrato historico de Julio Lafuente en etapa azulgrana Nace el Ciclón fundacion y primeros anos,planned
SL-01-024,01,Nace el Ciclón,nace-el-ciclon,fundacion,Julio Lafuente en partido representativo de San Lorenzo,especial,media,San Lorenzo de Almagro Julio Lafuente en partido representativo de San Lorenzo Nace el Ciclón fundacion y primeros anos,planned
SL-01-025,01,Nace el Ciclón,nace-el-ciclon,fundacion,Arturo Allievi con San Lorenzo en Nace el Ciclón,especial,media,San Lorenzo de Almagro Arturo Allievi con San Lorenzo en Nace el Ciclón Nace el Ciclón fundacion y primeros anos,planned
SL-01-026,01,Nace el Ciclón,nace-el-ciclon,fundacion,Retrato historico de Arturo Allievi en etapa azulgrana,especial,media,San Lorenzo de Almagro Retrato historico de Arturo Allievi en etapa azulgrana Nace el Ciclón fundacion y primeros anos,planned
SL-01-027,01,Nace el Ciclón,nace-el-ciclon,fundacion,Arturo Allievi en partido representativo de San Lorenzo,especial,media,San Lorenzo de Almagro Arturo Allievi en partido representativo de San Lorenzo Nace el Ciclón fundacion y primeros anos,planned
SL-01-028,01,Nace el Ciclón,nace-el-ciclon,fundacion,Archivo historico de San Lorenzo sobre oratorio San Antonio,especial,media,San Lorenzo de Almagro Archivo historico de San Lorenzo sobre oratorio San Antonio Nace el Ciclón fundacion y primeros anos,planned
SL-01-029,01,Nace el Ciclón,nace-el-ciclon,fundacion,Postal azulgrana de oratorio San Antonio,especial,media,San Lorenzo de Almagro Postal azulgrana de oratorio San Antonio Nace el Ciclón fundacion y primeros anos,planned
SL-01-030,01,Nace el Ciclón,nace-el-ciclon,fundacion,Escena representativa de Nace el Ciclón: oratorio San Antonio,especial,media,San Lorenzo de Almagro Escena representativa de Nace el Ciclón: oratorio San Antonio Nace el Ciclón fundacion y primeros anos,planned
SL-02-001,02,El Viejo Gasómetro,el-viejo-gasometro,estadio,Vista exterior del Viejo Gasometro,epica,alta,San Lorenzo de Almagro Vista exterior del Viejo Gasometro El Viejo Gasómetro viejo gasometro y boedo,planned
SL-02-002,02,El Viejo Gasómetro,el-viejo-gasometro,hinchada,Tribunas llenas del Viejo Gasometro,epica,alta,San Lorenzo de Almagro Tribunas llenas del Viejo Gasometro El Viejo Gasómetro viejo gasometro y boedo,planned
SL-02-003,02,El Viejo Gasómetro,el-viejo-gasometro,estadio,Avenida La Plata y el Gasometro historico,rara,alta,San Lorenzo de Almagro Avenida La Plata y el Gasometro historico El Viejo Gasómetro viejo gasometro y boedo,planned
SL-02-004,02,El Viejo Gasómetro,el-viejo-gasometro,estadio,Postal historica del estadio de Boedo,rara,alta,San Lorenzo de Almagro Postal historica del estadio de Boedo El Viejo Gasómetro viejo gasometro y boedo,planned
SL-02-005,02,El Viejo Gasómetro,el-viejo-gasometro,hinchada,Hinchada azulgrana en el Viejo Gasometro,especial,alta,San Lorenzo de Almagro Hinchada azulgrana en el Viejo Gasometro El Viejo Gasómetro viejo gasometro y boedo,planned
SL-02-006,02,El Viejo Gasómetro,el-viejo-gasometro,estadio,Cabeceras y populares del Viejo Gasometro,especial,media,San Lorenzo de Almagro Cabeceras y populares del Viejo Gasometro El Viejo Gasómetro viejo gasometro y boedo,planned
SL-02-007,02,El Viejo Gasómetro,el-viejo-gasometro,partido,Ingreso de equipos al campo en el Viejo Gasometro,especial,media,San Lorenzo de Almagro Ingreso de equipos al campo en el Viejo Gasometro El Viejo Gasómetro viejo gasometro y boedo,planned
SL-02-008,02,El Viejo Gasómetro,el-viejo-gasometro,estadio,Vista aerea del Gasometro de Avenida La Plata,rara,alta,San Lorenzo de Almagro Vista aerea del Gasometro de Avenida La Plata El Viejo Gasómetro viejo gasometro y boedo,planned
SL-02-009,02,El Viejo Gasómetro,el-viejo-gasometro,partido,Partido nocturno en el Viejo Gasometro,especial,media,San Lorenzo de Almagro Partido nocturno en el Viejo Gasometro El Viejo Gasómetro viejo gasometro y boedo,planned
SL-02-010,02,El Viejo Gasómetro,el-viejo-gasometro,hinchada,Banderas y bombos en la tribuna azulgrana de Boedo,especial,media,San Lorenzo de Almagro Banderas y bombos en la tribuna azulgrana de Boedo El Viejo Gasómetro viejo gasometro y boedo,planned
SL-02-011,02,El Viejo Gasómetro,el-viejo-gasometro,estadio,Fachada historica del Viejo Gasometro,rara,alta,San Lorenzo de Almagro Fachada historica del Viejo Gasometro El Viejo Gasómetro viejo gasometro y boedo,planned
SL-02-012,02,El Viejo Gasómetro,el-viejo-gasometro,archivo_historico,Archivo fotografico del Gasometro en dia de partido,especial,media,San Lorenzo de Almagro Archivo fotografico del Gasometro en dia de partido El Viejo Gasómetro viejo gasometro y boedo,planned
SL-02-013,02,El Viejo Gasómetro,el-viejo-gasometro,estadio,Viejo Gasometro con San Lorenzo en El Viejo Gasómetro,legendaria,alta,San Lorenzo de Almagro Viejo Gasometro con San Lorenzo en El Viejo Gasómetro El Viejo Gasómetro viejo gasometro y boedo,planned
SL-02-014,02,El Viejo Gasómetro,el-viejo-gasometro,estadio,Retrato historico de Viejo Gasometro en etapa azulgrana,rara,alta,San Lorenzo de Almagro Retrato historico de Viejo Gasometro en etapa azulgrana El Viejo Gasómetro viejo gasometro y boedo,planned
SL-02-015,02,El Viejo Gasómetro,el-viejo-gasometro,estadio,Viejo Gasometro en partido representativo de San Lorenzo,especial,media,San Lorenzo de Almagro Viejo Gasometro en partido representativo de San Lorenzo El Viejo Gasómetro viejo gasometro y boedo,planned
SL-02-016,02,El Viejo Gasómetro,el-viejo-gasometro,estadio,Avenida La Plata con San Lorenzo en El Viejo Gasómetro,rara,alta,San Lorenzo de Almagro Avenida La Plata con San Lorenzo en El Viejo Gasómetro El Viejo Gasómetro viejo gasometro y boedo,planned
SL-02-017,02,El Viejo Gasómetro,el-viejo-gasometro,estadio,Retrato historico de Avenida La Plata en etapa azulgrana,rara,alta,San Lorenzo de Almagro Retrato historico de Avenida La Plata en etapa azulgrana El Viejo Gasómetro viejo gasometro y boedo,planned
SL-02-018,02,El Viejo Gasómetro,el-viejo-gasometro,estadio,Avenida La Plata en partido representativo de San Lorenzo,especial,media,San Lorenzo de Almagro Avenida La Plata en partido representativo de San Lorenzo El Viejo Gasómetro viejo gasometro y boedo,planned
SL-02-019,02,El Viejo Gasómetro,el-viejo-gasometro,vuelta_boedo,Boedo con San Lorenzo en El Viejo Gasómetro,rara,media,San Lorenzo de Almagro Boedo con San Lorenzo en El Viejo Gasómetro El Viejo Gasómetro viejo gasometro y boedo,planned
SL-02-020,02,El Viejo Gasómetro,el-viejo-gasometro,vuelta_boedo,Retrato historico de Boedo en etapa azulgrana,rara,media,San Lorenzo de Almagro Retrato historico de Boedo en etapa azulgrana El Viejo Gasómetro viejo gasometro y boedo,planned
SL-02-021,02,El Viejo Gasómetro,el-viejo-gasometro,vuelta_boedo,Boedo en partido representativo de San Lorenzo,especial,media,San Lorenzo de Almagro Boedo en partido representativo de San Lorenzo El Viejo Gasómetro viejo gasometro y boedo,planned
SL-02-022,02,El Viejo Gasómetro,el-viejo-gasometro,estadio,Archivo historico de San Lorenzo sobre tribunas historicas del Gasometro,especial,media,San Lorenzo de Almagro Archivo historico de San Lorenzo sobre tribunas historicas del Gasometro El Viejo Gasómetro viejo gasometro y boedo,planned
SL-02-023,02,El Viejo Gasómetro,el-viejo-gasometro,estadio,Postal azulgrana de tribunas historicas del Gasometro,especial,media,San Lorenzo de Almagro Postal azulgrana de tribunas historicas del Gasometro El Viejo Gasómetro viejo gasometro y boedo,planned
SL-02-024,02,El Viejo Gasómetro,el-viejo-gasometro,estadio,Escena representativa de El Viejo Gasómetro: tribunas historicas del Gasometro,especial,media,San Lorenzo de Almagro Escena representativa de El Viejo Gasómetro: tribunas historicas del Gasometro El Viejo Gasómetro viejo gasometro y boedo,planned
SL-02-025,02,El Viejo Gasómetro,el-viejo-gasometro,estadio,Cobertura fotografica de San Lorenzo: tribunas historicas del Gasometro,especial,media,San Lorenzo de Almagro Cobertura fotografica de San Lorenzo: tribunas historicas del Gasometro El Viejo Gasómetro viejo gasometro y boedo,planned
SL-02-026,02,El Viejo Gasómetro,el-viejo-gasometro,estadio,Registro de epoca del Ciclon sobre tribunas historicas del Gasometro,especial,media,San Lorenzo de Almagro Registro de epoca del Ciclon sobre tribunas historicas del Gasometro El Viejo Gasómetro viejo gasometro y boedo,planned
SL-02-027,02,El Viejo Gasómetro,el-viejo-gasometro,hinchada,Archivo historico de San Lorenzo sobre hinchada azulgrana en Boedo,especial,media,San Lorenzo de Almagro Archivo historico de San Lorenzo sobre hinchada azulgrana en Boedo El Viejo Gasómetro viejo gasometro y boedo,planned
SL-02-028,02,El Viejo Gasómetro,el-viejo-gasometro,hinchada,Postal azulgrana de hinchada azulgrana en Boedo,especial,media,San Lorenzo de Almagro Postal azulgrana de hinchada azulgrana en Boedo El Viejo Gasómetro viejo gasometro y boedo,planned
SL-02-029,02,El Viejo Gasómetro,el-viejo-gasometro,hinchada,Escena representativa de El Viejo Gasómetro: hinchada azulgrana en Boedo,especial,media,San Lorenzo de Almagro Escena representativa de El Viejo Gasómetro: hinchada azulgrana en Boedo El Viejo Gasómetro viejo gasometro y boedo,planned
SL-02-030,02,El Viejo Gasómetro,el-viejo-gasometro,hinchada,Cobertura fotografica de San Lorenzo: hinchada azulgrana en Boedo,especial,media,San Lorenzo de Almagro Cobertura fotografica de San Lorenzo: hinchada azulgrana en Boedo El Viejo Gasómetro viejo gasometro y boedo,planned
SL-02-031,02,El Viejo Gasómetro,el-viejo-gasometro,hinchada,Registro de epoca del Ciclon sobre hinchada azulgrana en Boedo,especial,media,San Lorenzo de Almagro Registro de epoca del Ciclon sobre hinchada azulgrana en Boedo El Viejo Gasómetro viejo gasometro y boedo,planned
SL-02-032,02,El Viejo Gasómetro,el-viejo-gasometro,partido,Archivo historico de San Lorenzo sobre partidos clasicos en el Viejo Gasometro,especial,media,San Lorenzo de Almagro Archivo historico de San Lorenzo sobre partidos clasicos en el Viejo Gasometro El Viejo Gasómetro viejo gasometro y boedo,planned
SL-02-033,02,El Viejo Gasómetro,el-viejo-gasometro,partido,Postal azulgrana de partidos clasicos en el Viejo Gasometro,especial,media,San Lorenzo de Almagro Postal azulgrana de partidos clasicos en el Viejo Gasometro El Viejo Gasómetro viejo gasometro y boedo,planned
SL-02-034,02,El Viejo Gasómetro,el-viejo-gasometro,partido,Escena representativa de El Viejo Gasómetro: partidos clasicos en el Viejo Gasometro,especial,media,San Lorenzo de Almagro Escena representativa de El Viejo Gasómetro: partidos clasicos en el Viejo Gasometro El Viejo Gasómetro viejo gasometro y boedo,planned
SL-02-035,02,El Viejo Gasómetro,el-viejo-gasometro,partido,Cobertura fotografica de San Lorenzo: partidos clasicos en el Viejo Gasometro,especial,media,San Lorenzo de Almagro Cobertura fotografica de San Lorenzo: partidos clasicos en el Viejo Gasometro El Viejo Gasómetro viejo gasometro y boedo,planned
SL-03-001,03,Primeras glorias,primeras-glorias,equipo,Primeros planteles campeones de San Lorenzo,epica,alta,San Lorenzo de Almagro Primeros planteles campeones de San Lorenzo Primeras glorias primeras glorias y consolidacion,planned
SL-03-002,03,Primeras glorias,primeras-glorias,festejo,Imagen de celebracion de una primera gloria azulgrana,rara,alta,San Lorenzo de Almagro Imagen de celebracion de una primera gloria azulgrana Primeras glorias primeras glorias y consolidacion,planned
SL-03-003,03,Primeras glorias,primeras-glorias,equipo,Formacion historica de San Lorenzo en sus primeros titulos,rara,alta,San Lorenzo de Almagro Formacion historica de San Lorenzo en sus primeros titulos Primeras glorias primeras glorias y consolidacion,planned
SL-03-004,03,Primeras glorias,primeras-glorias,campeonato,Capitan azulgrana levantando trofeo en las primeras glorias,rara,alta,San Lorenzo de Almagro Capitan azulgrana levantando trofeo en las primeras glorias Primeras glorias primeras glorias y consolidacion,planned
SL-03-005,03,Primeras glorias,primeras-glorias,camiseta,Camiseta historica de San Lorenzo en era de primeras glorias,especial,media,San Lorenzo de Almagro Camiseta historica de San Lorenzo en era de primeras glorias Primeras glorias primeras glorias y consolidacion,planned
SL-03-006,03,Primeras glorias,primeras-glorias,hinchada,Hinchada celebrando una conquista temprana,especial,media,San Lorenzo de Almagro Hinchada celebrando una conquista temprana Primeras glorias primeras glorias y consolidacion,planned
SL-03-007,03,Primeras glorias,primeras-glorias,archivo_historico,Recorte periodistico de una primera gloria de San Lorenzo,especial,media,San Lorenzo de Almagro Recorte periodistico de una primera gloria de San Lorenzo Primeras glorias primeras glorias y consolidacion,planned
SL-03-008,03,Primeras glorias,primeras-glorias,equipo,Plantel azulgrana de epoca en foto oficial,especial,media,San Lorenzo de Almagro Plantel azulgrana de epoca en foto oficial Primeras glorias primeras glorias y consolidacion,planned
SL-03-009,03,Primeras glorias,primeras-glorias,partido,Partido clave de las primeras glorias azulgranas,rara,alta,San Lorenzo de Almagro Partido clave de las primeras glorias azulgranas Primeras glorias primeras glorias y consolidacion,planned
SL-03-010,03,Primeras glorias,primeras-glorias,campeonato,Trofeo historico asociado a primeras glorias,rara,alta,San Lorenzo de Almagro Trofeo historico asociado a primeras glorias Primeras glorias primeras glorias y consolidacion,planned
SL-03-011,03,Primeras glorias,primeras-glorias,festejo,Archivo grafico de festejos tempranos de San Lorenzo,especial,media,San Lorenzo de Almagro Archivo grafico de festejos tempranos de San Lorenzo Primeras glorias primeras glorias y consolidacion,planned
SL-03-012,03,Primeras glorias,primeras-glorias,archivo_historico,Postal azulgrana de consolidacion en Primera Division,especial,media,San Lorenzo de Almagro Postal azulgrana de consolidacion en Primera Division Primeras glorias primeras glorias y consolidacion,planned
SL-03-013,03,Primeras glorias,primeras-glorias,jugador,Rene Pontoni con San Lorenzo en Primeras glorias,legendaria,alta,San Lorenzo de Almagro Rene Pontoni con San Lorenzo en Primeras glorias Primeras glorias primeras glorias y consolidacion,planned
SL-03-014,03,Primeras glorias,primeras-glorias,jugador,Retrato historico de Rene Pontoni en etapa azulgrana,rara,alta,San Lorenzo de Almagro Retrato historico de Rene Pontoni en etapa azulgrana Primeras glorias primeras glorias y consolidacion,planned
SL-03-015,03,Primeras glorias,primeras-glorias,partido,Rene Pontoni en partido representativo de San Lorenzo,especial,media,San Lorenzo de Almagro Rene Pontoni en partido representativo de San Lorenzo Primeras glorias primeras glorias y consolidacion,planned
SL-03-016,03,Primeras glorias,primeras-glorias,jugador,Armando Farro con San Lorenzo en Primeras glorias,rara,media,San Lorenzo de Almagro Armando Farro con San Lorenzo en Primeras glorias Primeras glorias primeras glorias y consolidacion,planned
SL-03-017,03,Primeras glorias,primeras-glorias,jugador,Retrato historico de Armando Farro en etapa azulgrana,rara,media,San Lorenzo de Almagro Retrato historico de Armando Farro en etapa azulgrana Primeras glorias primeras glorias y consolidacion,planned
SL-03-018,03,Primeras glorias,primeras-glorias,partido,Armando Farro en partido representativo de San Lorenzo,especial,media,San Lorenzo de Almagro Armando Farro en partido representativo de San Lorenzo Primeras glorias primeras glorias y consolidacion,planned
SL-03-019,03,Primeras glorias,primeras-glorias,jugador,Rinaldo Martino con San Lorenzo en Primeras glorias,rara,media,San Lorenzo de Almagro Rinaldo Martino con San Lorenzo en Primeras glorias Primeras glorias primeras glorias y consolidacion,planned
SL-03-020,03,Primeras glorias,primeras-glorias,jugador,Retrato historico de Rinaldo Martino en etapa azulgrana,rara,media,San Lorenzo de Almagro Retrato historico de Rinaldo Martino en etapa azulgrana Primeras glorias primeras glorias y consolidacion,planned
SL-03-021,03,Primeras glorias,primeras-glorias,partido,Rinaldo Martino en partido representativo de San Lorenzo,especial,media,San Lorenzo de Almagro Rinaldo Martino en partido representativo de San Lorenzo Primeras glorias primeras glorias y consolidacion,planned
SL-03-022,03,Primeras glorias,primeras-glorias,jugador,Tucho Mendez con San Lorenzo en Primeras glorias,rara,media,San Lorenzo de Almagro Tucho Mendez con San Lorenzo en Primeras glorias Primeras glorias primeras glorias y consolidacion,planned
SL-03-023,03,Primeras glorias,primeras-glorias,jugador,Retrato historico de Tucho Mendez en etapa azulgrana,rara,media,San Lorenzo de Almagro Retrato historico de Tucho Mendez en etapa azulgrana Primeras glorias primeras glorias y consolidacion,planned
SL-03-024,03,Primeras glorias,primeras-glorias,partido,Tucho Mendez en partido representativo de San Lorenzo,especial,media,San Lorenzo de Almagro Tucho Mendez en partido representativo de San Lorenzo Primeras glorias primeras glorias y consolidacion,planned
SL-03-025,03,Primeras glorias,primeras-glorias,jugador,Blazina con San Lorenzo en Primeras glorias,especial,media,San Lorenzo de Almagro Blazina con San Lorenzo en Primeras glorias Primeras glorias primeras glorias y consolidacion,planned
SL-03-026,03,Primeras glorias,primeras-glorias,jugador,Retrato historico de Blazina en etapa azulgrana,especial,media,San Lorenzo de Almagro Retrato historico de Blazina en etapa azulgrana Primeras glorias primeras glorias y consolidacion,planned
SL-03-027,03,Primeras glorias,primeras-glorias,partido,Blazina en partido representativo de San Lorenzo,especial,media,San Lorenzo de Almagro Blazina en partido representativo de San Lorenzo Primeras glorias primeras glorias y consolidacion,planned
SL-03-028,03,Primeras glorias,primeras-glorias,jugador,Archivo historico de San Lorenzo sobre dupla ofensiva historica,especial,media,San Lorenzo de Almagro Archivo historico de San Lorenzo sobre dupla ofensiva historica Primeras glorias primeras glorias y consolidacion,planned
SL-03-029,03,Primeras glorias,primeras-glorias,jugador,Postal azulgrana de dupla ofensiva historica,especial,media,San Lorenzo de Almagro Postal azulgrana de dupla ofensiva historica Primeras glorias primeras glorias y consolidacion,planned
SL-03-030,03,Primeras glorias,primeras-glorias,jugador,Escena representativa de Primeras glorias: dupla ofensiva historica,especial,media,San Lorenzo de Almagro Escena representativa de Primeras glorias: dupla ofensiva historica Primeras glorias primeras glorias y consolidacion,planned
SL-03-031,03,Primeras glorias,primeras-glorias,jugador,Cobertura fotografica de San Lorenzo: dupla ofensiva historica,especial,media,San Lorenzo de Almagro Cobertura fotografica de San Lorenzo: dupla ofensiva historica Primeras glorias primeras glorias y consolidacion,planned
SL-03-032,03,Primeras glorias,primeras-glorias,jugador,Registro de epoca del Ciclon sobre dupla ofensiva historica,especial,media,San Lorenzo de Almagro Registro de epoca del Ciclon sobre dupla ofensiva historica Primeras glorias primeras glorias y consolidacion,planned
SL-03-033,03,Primeras glorias,primeras-glorias,festejo,Archivo historico de San Lorenzo sobre festejos de titulos tempranos,especial,media,San Lorenzo de Almagro Archivo historico de San Lorenzo sobre festejos de titulos tempranos Primeras glorias primeras glorias y consolidacion,planned
SL-03-034,03,Primeras glorias,primeras-glorias,festejo,Postal azulgrana de festejos de titulos tempranos,especial,media,San Lorenzo de Almagro Postal azulgrana de festejos de titulos tempranos Primeras glorias primeras glorias y consolidacion,planned
SL-03-035,03,Primeras glorias,primeras-glorias,festejo,Escena representativa de Primeras glorias: festejos de titulos tempranos,especial,media,San Lorenzo de Almagro Escena representativa de Primeras glorias: festejos de titulos tempranos Primeras glorias primeras glorias y consolidacion,planned
SL-04-001,04,La Santísima Trinidad,la-santisima-trinidad,equipo,La Santisima Trinidad ofensiva de San Lorenzo,epica,alta,San Lorenzo de Almagro La Santisima Trinidad ofensiva de San Lorenzo La Santísima Trinidad la santisima trinidad,planned
SL-04-002,04,La Santísima Trinidad,la-santisima-trinidad,equipo,Silueta clasica de Martino Pontoni Farro,legendaria,alta,San Lorenzo de Almagro Silueta clasica de Martino Pontoni Farro La Santísima Trinidad la santisima trinidad,planned
SL-04-003,04,La Santísima Trinidad,la-santisima-trinidad,jugador,Rene Pontoni en accion con San Lorenzo,epica,alta,San Lorenzo de Almagro Rene Pontoni en accion con San Lorenzo La Santísima Trinidad la santisima trinidad,planned
SL-04-004,04,La Santísima Trinidad,la-santisima-trinidad,jugador,Rinaldo Martino en jugada ofensiva azulgrana,rara,alta,San Lorenzo de Almagro Rinaldo Martino en jugada ofensiva azulgrana La Santísima Trinidad la santisima trinidad,planned
SL-04-005,04,La Santísima Trinidad,la-santisima-trinidad,jugador,Armando Farro en ataque del Ciclon,rara,alta,San Lorenzo de Almagro Armando Farro en ataque del Ciclon La Santísima Trinidad la santisima trinidad,planned
SL-04-006,04,La Santísima Trinidad,la-santisima-trinidad,equipo,Formacion de San Lorenzo con la Santisima Trinidad,rara,alta,San Lorenzo de Almagro Formacion de San Lorenzo con la Santisima Trinidad La Santísima Trinidad la santisima trinidad,planned
SL-04-007,04,La Santísima Trinidad,la-santisima-trinidad,gol,Festejo de gol de la delantera legendaria,rara,media,San Lorenzo de Almagro Festejo de gol de la delantera legendaria La Santísima Trinidad la santisima trinidad,planned
SL-04-008,04,La Santísima Trinidad,la-santisima-trinidad,idolo,Retrato historico de Rene Pontoni,epica,alta,San Lorenzo de Almagro Retrato historico de Rene Pontoni La Santísima Trinidad la santisima trinidad,planned
SL-04-009,04,La Santísima Trinidad,la-santisima-trinidad,partido,Archivo de partido con la Santisima Trinidad en cancha,especial,media,San Lorenzo de Almagro Archivo de partido con la Santisima Trinidad en cancha La Santísima Trinidad la santisima trinidad,planned
SL-04-010,04,La Santísima Trinidad,la-santisima-trinidad,archivo_historico,Recorte periodistico sobre la delantera azulgrana,especial,media,San Lorenzo de Almagro Recorte periodistico sobre la delantera azulgrana La Santísima Trinidad la santisima trinidad,planned
SL-04-011,04,La Santísima Trinidad,la-santisima-trinidad,idolo,Rene Pontoni con San Lorenzo en La Santísima Trinidad,legendaria,alta,San Lorenzo de Almagro Rene Pontoni con San Lorenzo en La Santísima Trinidad La Santísima Trinidad la santisima trinidad,planned
SL-04-012,04,La Santísima Trinidad,la-santisima-trinidad,idolo,Retrato historico de Rene Pontoni en etapa azulgrana,rara,alta,San Lorenzo de Almagro Retrato historico de Rene Pontoni en etapa azulgrana La Santísima Trinidad la santisima trinidad,planned
SL-04-013,04,La Santísima Trinidad,la-santisima-trinidad,partido,Rene Pontoni en partido representativo de San Lorenzo,especial,media,San Lorenzo de Almagro Rene Pontoni en partido representativo de San Lorenzo La Santísima Trinidad la santisima trinidad,planned
SL-04-014,04,La Santísima Trinidad,la-santisima-trinidad,idolo,Rinaldo Martino con San Lorenzo en La Santísima Trinidad,epica,alta,San Lorenzo de Almagro Rinaldo Martino con San Lorenzo en La Santísima Trinidad La Santísima Trinidad la santisima trinidad,planned
SL-04-015,04,La Santísima Trinidad,la-santisima-trinidad,idolo,Retrato historico de Rinaldo Martino en etapa azulgrana,epica,alta,San Lorenzo de Almagro Retrato historico de Rinaldo Martino en etapa azulgrana La Santísima Trinidad la santisima trinidad,planned
SL-04-016,04,La Santísima Trinidad,la-santisima-trinidad,partido,Rinaldo Martino en partido representativo de San Lorenzo,especial,media,San Lorenzo de Almagro Rinaldo Martino en partido representativo de San Lorenzo La Santísima Trinidad la santisima trinidad,planned
SL-04-017,04,La Santísima Trinidad,la-santisima-trinidad,idolo,Armando Farro con San Lorenzo en La Santísima Trinidad,epica,alta,San Lorenzo de Almagro Armando Farro con San Lorenzo en La Santísima Trinidad La Santísima Trinidad la santisima trinidad,planned
SL-04-018,04,La Santísima Trinidad,la-santisima-trinidad,idolo,Retrato historico de Armando Farro en etapa azulgrana,epica,alta,San Lorenzo de Almagro Retrato historico de Armando Farro en etapa azulgrana La Santísima Trinidad la santisima trinidad,planned
SL-04-019,04,La Santísima Trinidad,la-santisima-trinidad,partido,Armando Farro en partido representativo de San Lorenzo,especial,media,San Lorenzo de Almagro Armando Farro en partido representativo de San Lorenzo La Santísima Trinidad la santisima trinidad,planned
SL-04-020,04,La Santísima Trinidad,la-santisima-trinidad,equipo,Archivo historico de San Lorenzo sobre delantera historica de los anos cuarenta,especial,media,San Lorenzo de Almagro Archivo historico de San Lorenzo sobre delantera historica de los anos cuarenta La Santísima Trinidad la santisima trinidad,planned
SL-04-021,04,La Santísima Trinidad,la-santisima-trinidad,equipo,Postal azulgrana de delantera historica de los anos cuarenta,especial,media,San Lorenzo de Almagro Postal azulgrana de delantera historica de los anos cuarenta La Santísima Trinidad la santisima trinidad,planned
SL-04-022,04,La Santísima Trinidad,la-santisima-trinidad,equipo,Escena representativa de La Santísima Trinidad: delantera historica de los anos cuarenta,especial,media,San Lorenzo de Almagro Escena representativa de La Santísima Trinidad: delantera historica de los anos cuarenta La Santísima Trinidad la santisima trinidad,planned
SL-04-023,04,La Santísima Trinidad,la-santisima-trinidad,equipo,Cobertura fotografica de San Lorenzo: delantera historica de los anos cuarenta,especial,media,San Lorenzo de Almagro Cobertura fotografica de San Lorenzo: delantera historica de los anos cuarenta La Santísima Trinidad la santisima trinidad,planned
SL-04-024,04,La Santísima Trinidad,la-santisima-trinidad,equipo,Registro de epoca del Ciclon sobre delantera historica de los anos cuarenta,especial,media,San Lorenzo de Almagro Registro de epoca del Ciclon sobre delantera historica de los anos cuarenta La Santísima Trinidad la santisima trinidad,planned
SL-04-025,04,La Santísima Trinidad,la-santisima-trinidad,jugador,Archivo historico de San Lorenzo sobre jugadas asociadas a Pontoni Martino y Farro,especial,media,San Lorenzo de Almagro Archivo historico de San Lorenzo sobre jugadas asociadas a Pontoni Martino y Farro La Santísima Trinidad la santisima trinidad,planned
SL-05-001,05,Los Carasucias,los-carasucias,equipo,Los Carasucias de San Lorenzo en foto de equipo,epica,alta,San Lorenzo de Almagro Los Carasucias de San Lorenzo en foto de equipo Los Carasucias los carasucias,planned
SL-05-002,05,Los Carasucias,los-carasucias,jugador,Victorio Cocco en etapa de Los Carasucias,rara,alta,San Lorenzo de Almagro Victorio Cocco en etapa de Los Carasucias Los Carasucias los carasucias,planned
SL-05-003,05,Los Carasucias,los-carasucias,jugador,Fernando Arean en ataque azulgrana,rara,alta,San Lorenzo de Almagro Fernando Arean en ataque azulgrana Los Carasucias los carasucias,planned
SL-05-004,05,Los Carasucias,los-carasucias,jugador,Roberto Telch en el mediocampo de San Lorenzo,rara,alta,San Lorenzo de Almagro Roberto Telch en el mediocampo de San Lorenzo Los Carasucias los carasucias,planned
SL-05-005,05,Los Carasucias,los-carasucias,jugador,Ruben Ayala en jugada ofensiva con el Ciclon,rara,alta,San Lorenzo de Almagro Ruben Ayala en jugada ofensiva con el Ciclon Los Carasucias los carasucias,planned
SL-05-006,05,Los Carasucias,los-carasucias,jugador,Hector Veira en los Carasucias,rara,media,San Lorenzo de Almagro Hector Veira en los Carasucias Los Carasucias los carasucias,planned
SL-05-007,05,Los Carasucias,los-carasucias,archivo_historico,Postal historica de Los Carasucias,especial,media,San Lorenzo de Almagro Postal historica de Los Carasucias Los Carasucias los carasucias,planned
SL-05-008,05,Los Carasucias,los-carasucias,festejo,Festejo azulgrana de la era Carasucias,especial,media,San Lorenzo de Almagro Festejo azulgrana de la era Carasucias Los Carasucias los carasucias,planned
SL-05-009,05,Los Carasucias,los-carasucias,partido,Partido representativo de Los Carasucias,especial,media,San Lorenzo de Almagro Partido representativo de Los Carasucias Los Carasucias los carasucias,planned
SL-05-010,05,Los Carasucias,los-carasucias,camiseta,Camiseta de San Lorenzo en la etapa Carasucias,especial,media,San Lorenzo de Almagro Camiseta de San Lorenzo en la etapa Carasucias Los Carasucias los carasucias,planned
SL-05-011,05,Los Carasucias,los-carasucias,idolo,Victorio Cocco con San Lorenzo en Los Carasucias,epica,alta,San Lorenzo de Almagro Victorio Cocco con San Lorenzo en Los Carasucias Los Carasucias los carasucias,planned
SL-05-012,05,Los Carasucias,los-carasucias,idolo,Retrato historico de Victorio Cocco en etapa azulgrana,epica,alta,San Lorenzo de Almagro Retrato historico de Victorio Cocco en etapa azulgrana Los Carasucias los carasucias,planned
SL-05-013,05,Los Carasucias,los-carasucias,partido,Victorio Cocco en partido representativo de San Lorenzo,especial,media,San Lorenzo de Almagro Victorio Cocco en partido representativo de San Lorenzo Los Carasucias los carasucias,planned
SL-05-014,05,Los Carasucias,los-carasucias,idolo,Roberto Telch con San Lorenzo en Los Carasucias,epica,alta,San Lorenzo de Almagro Roberto Telch con San Lorenzo en Los Carasucias Los Carasucias los carasucias,planned
SL-05-015,05,Los Carasucias,los-carasucias,idolo,Retrato historico de Roberto Telch en etapa azulgrana,epica,alta,San Lorenzo de Almagro Retrato historico de Roberto Telch en etapa azulgrana Los Carasucias los carasucias,planned
SL-05-016,05,Los Carasucias,los-carasucias,partido,Roberto Telch en partido representativo de San Lorenzo,especial,media,San Lorenzo de Almagro Roberto Telch en partido representativo de San Lorenzo Los Carasucias los carasucias,planned
SL-05-017,05,Los Carasucias,los-carasucias,idolo,Ruben Ayala con San Lorenzo en Los Carasucias,rara,alta,San Lorenzo de Almagro Ruben Ayala con San Lorenzo en Los Carasucias Los Carasucias los carasucias,planned
SL-05-018,05,Los Carasucias,los-carasucias,idolo,Retrato historico de Ruben Ayala en etapa azulgrana,rara,alta,San Lorenzo de Almagro Retrato historico de Ruben Ayala en etapa azulgrana Los Carasucias los carasucias,planned
SL-05-019,05,Los Carasucias,los-carasucias,partido,Ruben Ayala en partido representativo de San Lorenzo,especial,media,San Lorenzo de Almagro Ruben Ayala en partido representativo de San Lorenzo Los Carasucias los carasucias,planned
SL-05-020,05,Los Carasucias,los-carasucias,idolo,Hector Veira con San Lorenzo en Los Carasucias,rara,media,San Lorenzo de Almagro Hector Veira con San Lorenzo en Los Carasucias Los Carasucias los carasucias,planned
SL-05-021,05,Los Carasucias,los-carasucias,idolo,Retrato historico de Hector Veira en etapa azulgrana,rara,media,San Lorenzo de Almagro Retrato historico de Hector Veira en etapa azulgrana Los Carasucias los carasucias,planned
SL-05-022,05,Los Carasucias,los-carasucias,partido,Hector Veira en partido representativo de San Lorenzo,especial,media,San Lorenzo de Almagro Hector Veira en partido representativo de San Lorenzo Los Carasucias los carasucias,planned
SL-05-023,05,Los Carasucias,los-carasucias,equipo,Archivo historico de San Lorenzo sobre juveniles ofensivos de los anos sesenta,especial,media,San Lorenzo de Almagro Archivo historico de San Lorenzo sobre juveniles ofensivos de los anos sesenta Los Carasucias los carasucias,planned
SL-05-024,05,Los Carasucias,los-carasucias,equipo,Postal azulgrana de juveniles ofensivos de los anos sesenta,especial,media,San Lorenzo de Almagro Postal azulgrana de juveniles ofensivos de los anos sesenta Los Carasucias los carasucias,planned
SL-05-025,05,Los Carasucias,los-carasucias,equipo,Escena representativa de Los Carasucias: juveniles ofensivos de los anos sesenta,especial,media,San Lorenzo de Almagro Escena representativa de Los Carasucias: juveniles ofensivos de los anos sesenta Los Carasucias los carasucias,planned
SL-06-001,06,Los Matadores,los-matadores,campeonato,Los Matadores campeones de 1968,legendaria,alta,San Lorenzo de Almagro Los Matadores campeones de 1968 Los Matadores los matadores 1968,planned
SL-06-002,06,Los Matadores,los-matadores,equipo,Plantel completo de Los Matadores,epica,alta,San Lorenzo de Almagro Plantel completo de Los Matadores Los Matadores los matadores 1968,planned
SL-06-003,06,Los Matadores,los-matadores,jugador,Jose Albrecht liderando Los Matadores,epica,alta,San Lorenzo de Almagro Jose Albrecht liderando Los Matadores Los Matadores los matadores 1968,planned
SL-06-004,06,Los Matadores,los-matadores,jugador,Roberto Telch en el equipo campeon de 1968,rara,alta,San Lorenzo de Almagro Roberto Telch en el equipo campeon de 1968 Los Matadores los matadores 1968,planned
SL-06-005,06,Los Matadores,los-matadores,jugador,Pedro Gonzalez en accion con Los Matadores,rara,alta,San Lorenzo de Almagro Pedro Gonzalez en accion con Los Matadores Los Matadores los matadores 1968,planned
SL-06-006,06,Los Matadores,los-matadores,jugador,Victorio Cocco en la conquista de 1968,rara,alta,San Lorenzo de Almagro Victorio Cocco en la conquista de 1968 Los Matadores los matadores 1968,planned
SL-06-007,06,Los Matadores,los-matadores,festejo,Festejos del titulo invicto de 1968,epica,alta,San Lorenzo de Almagro Festejos del titulo invicto de 1968 Los Matadores los matadores 1968,planned
SL-06-008,06,Los Matadores,los-matadores,equipo,Formacion titular de Los Matadores,rara,alta,San Lorenzo de Almagro Formacion titular de Los Matadores Los Matadores los matadores 1968,planned
SL-06-009,06,Los Matadores,los-matadores,camiseta,Camiseta de San Lorenzo campeon 1968,especial,media,San Lorenzo de Almagro Camiseta de San Lorenzo campeon 1968 Los Matadores los matadores 1968,planned
SL-06-010,06,Los Matadores,los-matadores,gol,Gol representativo de Los Matadores en 1968,rara,media,San Lorenzo de Almagro Gol representativo de Los Matadores en 1968 Los Matadores los matadores 1968,planned
SL-06-011,06,Los Matadores,los-matadores,archivo_historico,Cronica grafica del campeonato invicto,especial,media,San Lorenzo de Almagro Cronica grafica del campeonato invicto Los Matadores los matadores 1968,planned
SL-06-012,06,Los Matadores,los-matadores,hinchada,Hinchada festejando el titulo de Los Matadores,especial,media,San Lorenzo de Almagro Hinchada festejando el titulo de Los Matadores Los Matadores los matadores 1968,planned
SL-06-013,06,Los Matadores,los-matadores,idolo,Jose Albrecht con San Lorenzo en Los Matadores,epica,alta,San Lorenzo de Almagro Jose Albrecht con San Lorenzo en Los Matadores Los Matadores los matadores 1968,planned
SL-06-014,06,Los Matadores,los-matadores,idolo,Retrato historico de Jose Albrecht en etapa azulgrana,epica,alta,San Lorenzo de Almagro Retrato historico de Jose Albrecht en etapa azulgrana Los Matadores los matadores 1968,planned
SL-06-015,06,Los Matadores,los-matadores,partido,Jose Albrecht en partido representativo de San Lorenzo,especial,media,San Lorenzo de Almagro Jose Albrecht en partido representativo de San Lorenzo Los Matadores los matadores 1968,planned
SL-06-016,06,Los Matadores,los-matadores,idolo,Ruben Ayala con San Lorenzo en Los Matadores,rara,alta,San Lorenzo de Almagro Ruben Ayala con San Lorenzo en Los Matadores Los Matadores los matadores 1968,planned
SL-06-017,06,Los Matadores,los-matadores,idolo,Retrato historico de Ruben Ayala en etapa azulgrana,rara,alta,San Lorenzo de Almagro Retrato historico de Ruben Ayala en etapa azulgrana Los Matadores los matadores 1968,planned
SL-06-018,06,Los Matadores,los-matadores,partido,Ruben Ayala en partido representativo de San Lorenzo,especial,media,San Lorenzo de Almagro Ruben Ayala en partido representativo de San Lorenzo Los Matadores los matadores 1968,planned
SL-06-019,06,Los Matadores,los-matadores,idolo,Victorio Cocco con San Lorenzo en Los Matadores,rara,alta,San Lorenzo de Almagro Victorio Cocco con San Lorenzo en Los Matadores Los Matadores los matadores 1968,planned
SL-06-020,06,Los Matadores,los-matadores,idolo,Retrato historico de Victorio Cocco en etapa azulgrana,rara,alta,San Lorenzo de Almagro Retrato historico de Victorio Cocco en etapa azulgrana Los Matadores los matadores 1968,planned
SL-06-021,06,Los Matadores,los-matadores,partido,Victorio Cocco en partido representativo de San Lorenzo,especial,media,San Lorenzo de Almagro Victorio Cocco en partido representativo de San Lorenzo Los Matadores los matadores 1968,planned
SL-06-022,06,Los Matadores,los-matadores,idolo,Roberto Telch con San Lorenzo en Los Matadores,epica,alta,San Lorenzo de Almagro Roberto Telch con San Lorenzo en Los Matadores Los Matadores los matadores 1968,planned
SL-06-023,06,Los Matadores,los-matadores,idolo,Retrato historico de Roberto Telch en etapa azulgrana,epica,alta,San Lorenzo de Almagro Retrato historico de Roberto Telch en etapa azulgrana Los Matadores los matadores 1968,planned
SL-06-024,06,Los Matadores,los-matadores,partido,Roberto Telch en partido representativo de San Lorenzo,especial,media,San Lorenzo de Almagro Roberto Telch en partido representativo de San Lorenzo Los Matadores los matadores 1968,planned
SL-06-025,06,Los Matadores,los-matadores,jugador,Pedro Gonzalez con San Lorenzo en Los Matadores,rara,media,San Lorenzo de Almagro Pedro Gonzalez con San Lorenzo en Los Matadores Los Matadores los matadores 1968,planned
SL-06-026,06,Los Matadores,los-matadores,jugador,Retrato historico de Pedro Gonzalez en etapa azulgrana,rara,media,San Lorenzo de Almagro Retrato historico de Pedro Gonzalez en etapa azulgrana Los Matadores los matadores 1968,planned
SL-06-027,06,Los Matadores,los-matadores,partido,Pedro Gonzalez en partido representativo de San Lorenzo,especial,media,San Lorenzo de Almagro Pedro Gonzalez en partido representativo de San Lorenzo Los Matadores los matadores 1968,planned
SL-06-028,06,Los Matadores,los-matadores,tecnico,Toto Lorenzo con San Lorenzo en Los Matadores,epica,alta,San Lorenzo de Almagro Toto Lorenzo con San Lorenzo en Los Matadores Los Matadores los matadores 1968,planned
SL-06-029,06,Los Matadores,los-matadores,tecnico,Retrato historico de Toto Lorenzo en etapa azulgrana,epica,alta,San Lorenzo de Almagro Retrato historico de Toto Lorenzo en etapa azulgrana Los Matadores los matadores 1968,planned
SL-06-030,06,Los Matadores,los-matadores,partido,Toto Lorenzo en partido representativo de San Lorenzo,especial,media,San Lorenzo de Almagro Toto Lorenzo en partido representativo de San Lorenzo Los Matadores los matadores 1968,planned
SL-06-031,06,Los Matadores,los-matadores,campeonato,Archivo historico de San Lorenzo sobre titulo invicto de 1968,especial,media,San Lorenzo de Almagro Archivo historico de San Lorenzo sobre titulo invicto de 1968 Los Matadores los matadores 1968,planned
SL-06-032,06,Los Matadores,los-matadores,campeonato,Postal azulgrana de titulo invicto de 1968,especial,media,San Lorenzo de Almagro Postal azulgrana de titulo invicto de 1968 Los Matadores los matadores 1968,planned
SL-06-033,06,Los Matadores,los-matadores,campeonato,Escena representativa de Los Matadores: titulo invicto de 1968,especial,media,San Lorenzo de Almagro Escena representativa de Los Matadores: titulo invicto de 1968 Los Matadores los matadores 1968,planned
SL-06-034,06,Los Matadores,los-matadores,campeonato,Cobertura fotografica de San Lorenzo: titulo invicto de 1968,especial,media,San Lorenzo de Almagro Cobertura fotografica de San Lorenzo: titulo invicto de 1968 Los Matadores los matadores 1968,planned
SL-06-035,06,Los Matadores,los-matadores,campeonato,Registro de epoca del Ciclon sobre titulo invicto de 1968,especial,media,San Lorenzo de Almagro Registro de epoca del Ciclon sobre titulo invicto de 1968 Los Matadores los matadores 1968,planned
SL-07-001,07,El regreso y Los Camboyanos,el-regreso-y-los-camboyanos,campeonato,Regreso de San Lorenzo a Primera Division,epica,alta,San Lorenzo de Almagro Regreso de San Lorenzo a Primera Division El regreso y Los Camboyanos regreso y camboyanos,planned
SL-07-002,07,El regreso y Los Camboyanos,el-regreso-y-los-camboyanos,equipo,Los Camboyanos de San Lorenzo en foto de equipo,rara,alta,San Lorenzo de Almagro Los Camboyanos de San Lorenzo en foto de equipo El regreso y Los Camboyanos regreso y camboyanos,planned
SL-07-003,07,El regreso y Los Camboyanos,el-regreso-y-los-camboyanos,equipo,Plantel azulgrana del regreso,rara,alta,San Lorenzo de Almagro Plantel azulgrana del regreso El regreso y Los Camboyanos regreso y camboyanos,planned
SL-07-004,07,El regreso y Los Camboyanos,el-regreso-y-los-camboyanos,festejo,Festejos por el regreso de San Lorenzo,epica,alta,San Lorenzo de Almagro Festejos por el regreso de San Lorenzo El regreso y Los Camboyanos regreso y camboyanos,planned
SL-07-005,07,El regreso y Los Camboyanos,el-regreso-y-los-camboyanos,partido,Partido simbolico del regreso del Ciclon,rara,alta,San Lorenzo de Almagro Partido simbolico del regreso del Ciclon El regreso y Los Camboyanos regreso y camboyanos,planned
SL-07-006,07,El regreso y Los Camboyanos,el-regreso-y-los-camboyanos,hinchada,Postal de hinchas azulgranas en el regreso,especial,media,San Lorenzo de Almagro Postal de hinchas azulgranas en el regreso El regreso y Los Camboyanos regreso y camboyanos,planned
SL-07-007,07,El regreso y Los Camboyanos,el-regreso-y-los-camboyanos,camiseta,Camiseta de San Lorenzo en epoca de Los Camboyanos,especial,media,San Lorenzo de Almagro Camiseta de San Lorenzo en epoca de Los Camboyanos El regreso y Los Camboyanos regreso y camboyanos,planned
SL-07-008,07,El regreso y Los Camboyanos,el-regreso-y-los-camboyanos,archivo_historico,Archivo periodistico del retorno azulgrana,especial,media,San Lorenzo de Almagro Archivo periodistico del retorno azulgrana El regreso y Los Camboyanos regreso y camboyanos,planned
SL-07-009,07,El regreso y Los Camboyanos,el-regreso-y-los-camboyanos,equipo,Formacion de Los Camboyanos,rara,media,San Lorenzo de Almagro Formacion de Los Camboyanos El regreso y Los Camboyanos regreso y camboyanos,planned
SL-07-010,07,El regreso y Los Camboyanos,el-regreso-y-los-camboyanos,gol,Gol recordado del ciclo del regreso,especial,media,San Lorenzo de Almagro Gol recordado del ciclo del regreso El regreso y Los Camboyanos regreso y camboyanos,planned
SL-07-011,07,El regreso y Los Camboyanos,el-regreso-y-los-camboyanos,jugador,Oscar Passet con San Lorenzo en El regreso y Los Camboyanos,rara,media,San Lorenzo de Almagro Oscar Passet con San Lorenzo en El regreso y Los Camboyanos El regreso y Los Camboyanos regreso y camboyanos,planned
SL-07-012,07,El regreso y Los Camboyanos,el-regreso-y-los-camboyanos,jugador,Retrato historico de Oscar Passet en etapa azulgrana,rara,media,San Lorenzo de Almagro Retrato historico de Oscar Passet en etapa azulgrana El regreso y Los Camboyanos regreso y camboyanos,planned
SL-07-013,07,El regreso y Los Camboyanos,el-regreso-y-los-camboyanos,partido,Oscar Passet en partido representativo de San Lorenzo,especial,media,San Lorenzo de Almagro Oscar Passet en partido representativo de San Lorenzo El regreso y Los Camboyanos regreso y camboyanos,planned
SL-07-014,07,El regreso y Los Camboyanos,el-regreso-y-los-camboyanos,idolo,Nestor Gorosito con San Lorenzo en El regreso y Los Camboyanos,epica,alta,San Lorenzo de Almagro Nestor Gorosito con San Lorenzo en El regreso y Los Camboyanos El regreso y Los Camboyanos regreso y camboyanos,planned
SL-07-015,07,El regreso y Los Camboyanos,el-regreso-y-los-camboyanos,idolo,Retrato historico de Nestor Gorosito en etapa azulgrana,epica,alta,San Lorenzo de Almagro Retrato historico de Nestor Gorosito en etapa azulgrana El regreso y Los Camboyanos regreso y camboyanos,planned
SL-07-016,07,El regreso y Los Camboyanos,el-regreso-y-los-camboyanos,partido,Nestor Gorosito en partido representativo de San Lorenzo,especial,media,San Lorenzo de Almagro Nestor Gorosito en partido representativo de San Lorenzo El regreso y Los Camboyanos regreso y camboyanos,planned
SL-07-017,07,El regreso y Los Camboyanos,el-regreso-y-los-camboyanos,jugador,Walter Perazzo con San Lorenzo en El regreso y Los Camboyanos,especial,media,San Lorenzo de Almagro Walter Perazzo con San Lorenzo en El regreso y Los Camboyanos El regreso y Los Camboyanos regreso y camboyanos,planned
SL-07-018,07,El regreso y Los Camboyanos,el-regreso-y-los-camboyanos,jugador,Retrato historico de Walter Perazzo en etapa azulgrana,especial,media,San Lorenzo de Almagro Retrato historico de Walter Perazzo en etapa azulgrana El regreso y Los Camboyanos regreso y camboyanos,planned
SL-07-019,07,El regreso y Los Camboyanos,el-regreso-y-los-camboyanos,partido,Walter Perazzo en partido representativo de San Lorenzo,especial,media,San Lorenzo de Almagro Walter Perazzo en partido representativo de San Lorenzo El regreso y Los Camboyanos regreso y camboyanos,planned
SL-07-020,07,El regreso y Los Camboyanos,el-regreso-y-los-camboyanos,jugador,Jorge Borelli con San Lorenzo en El regreso y Los Camboyanos,especial,media,San Lorenzo de Almagro Jorge Borelli con San Lorenzo en El regreso y Los Camboyanos El regreso y Los Camboyanos regreso y camboyanos,planned
SL-07-021,07,El regreso y Los Camboyanos,el-regreso-y-los-camboyanos,jugador,Retrato historico de Jorge Borelli en etapa azulgrana,especial,media,San Lorenzo de Almagro Retrato historico de Jorge Borelli en etapa azulgrana El regreso y Los Camboyanos regreso y camboyanos,planned
SL-07-022,07,El regreso y Los Camboyanos,el-regreso-y-los-camboyanos,partido,Jorge Borelli en partido representativo de San Lorenzo,especial,media,San Lorenzo de Almagro Jorge Borelli en partido representativo de San Lorenzo El regreso y Los Camboyanos regreso y camboyanos,planned
SL-07-023,07,El regreso y Los Camboyanos,el-regreso-y-los-camboyanos,idolo,Ruben Dario Insua con San Lorenzo en El regreso y Los Camboyanos,epica,alta,San Lorenzo de Almagro Ruben Dario Insua con San Lorenzo en El regreso y Los Camboyanos El regreso y Los Camboyanos regreso y camboyanos,planned
SL-07-024,07,El regreso y Los Camboyanos,el-regreso-y-los-camboyanos,idolo,Retrato historico de Ruben Dario Insua en etapa azulgrana,epica,alta,San Lorenzo de Almagro Retrato historico de Ruben Dario Insua en etapa azulgrana El regreso y Los Camboyanos regreso y camboyanos,planned
SL-07-025,07,El regreso y Los Camboyanos,el-regreso-y-los-camboyanos,partido,Ruben Dario Insua en partido representativo de San Lorenzo,especial,media,San Lorenzo de Almagro Ruben Dario Insua en partido representativo de San Lorenzo El regreso y Los Camboyanos regreso y camboyanos,planned
SL-07-026,07,El regreso y Los Camboyanos,el-regreso-y-los-camboyanos,partido,Archivo historico de San Lorenzo sobre partidos de ascenso y regreso,especial,media,San Lorenzo de Almagro Archivo historico de San Lorenzo sobre partidos de ascenso y regreso El regreso y Los Camboyanos regreso y camboyanos,planned
SL-07-027,07,El regreso y Los Camboyanos,el-regreso-y-los-camboyanos,partido,Postal azulgrana de partidos de ascenso y regreso,especial,media,San Lorenzo de Almagro Postal azulgrana de partidos de ascenso y regreso El regreso y Los Camboyanos regreso y camboyanos,planned
SL-07-028,07,El regreso y Los Camboyanos,el-regreso-y-los-camboyanos,partido,Escena representativa de El regreso y Los Camboyanos: partidos de ascenso y regreso,especial,media,San Lorenzo de Almagro Escena representativa de El regreso y Los Camboyanos: partidos de ascenso y regreso El regreso y Los Camboyanos regreso y camboyanos,planned
SL-07-029,07,El regreso y Los Camboyanos,el-regreso-y-los-camboyanos,partido,Cobertura fotografica de San Lorenzo: partidos de ascenso y regreso,especial,media,San Lorenzo de Almagro Cobertura fotografica de San Lorenzo: partidos de ascenso y regreso El regreso y Los Camboyanos regreso y camboyanos,planned
SL-07-030,07,El regreso y Los Camboyanos,el-regreso-y-los-camboyanos,partido,Registro de epoca del Ciclon sobre partidos de ascenso y regreso,especial,media,San Lorenzo de Almagro Registro de epoca del Ciclon sobre partidos de ascenso y regreso El regreso y Los Camboyanos regreso y camboyanos,planned
SL-07-031,07,El regreso y Los Camboyanos,el-regreso-y-los-camboyanos,festejo,Archivo historico de San Lorenzo sobre festejos en Boedo por el retorno,especial,media,San Lorenzo de Almagro Archivo historico de San Lorenzo sobre festejos en Boedo por el retorno El regreso y Los Camboyanos regreso y camboyanos,planned
SL-07-032,07,El regreso y Los Camboyanos,el-regreso-y-los-camboyanos,festejo,Postal azulgrana de festejos en Boedo por el retorno,especial,media,San Lorenzo de Almagro Postal azulgrana de festejos en Boedo por el retorno El regreso y Los Camboyanos regreso y camboyanos,planned
SL-07-033,07,El regreso y Los Camboyanos,el-regreso-y-los-camboyanos,festejo,Escena representativa de El regreso y Los Camboyanos: festejos en Boedo por el retorno,especial,media,San Lorenzo de Almagro Escena representativa de El regreso y Los Camboyanos: festejos en Boedo por el retorno El regreso y Los Camboyanos regreso y camboyanos,planned
SL-07-034,07,El regreso y Los Camboyanos,el-regreso-y-los-camboyanos,festejo,Cobertura fotografica de San Lorenzo: festejos en Boedo por el retorno,especial,media,San Lorenzo de Almagro Cobertura fotografica de San Lorenzo: festejos en Boedo por el retorno El regreso y Los Camboyanos regreso y camboyanos,planned
SL-07-035,07,El regreso y Los Camboyanos,el-regreso-y-los-camboyanos,festejo,Registro de epoca del Ciclon sobre festejos en Boedo por el retorno,especial,media,San Lorenzo de Almagro Registro de epoca del Ciclon sobre festejos en Boedo por el retorno El regreso y Los Camboyanos regreso y camboyanos,planned
SL-08-001,08,El campeón del 95,el-campeon-del-95,campeonato,San Lorenzo campeon del Clausura 1995,legendaria,alta,San Lorenzo de Almagro San Lorenzo campeon del Clausura 1995 El campeón del 95 campeon 1995,planned
SL-08-002,08,El campeón del 95,el-campeon-del-95,idolo,Hector Beto Acosta en el titulo 1995,epica,alta,San Lorenzo de Almagro Hector Beto Acosta en el titulo 1995 El campeón del 95 campeon 1995,planned
SL-08-003,08,El campeón del 95,el-campeon-del-95,equipo,Plantel campeon de San Lorenzo 1995,epica,alta,San Lorenzo de Almagro Plantel campeon de San Lorenzo 1995 El campeón del 95 campeon 1995,planned
SL-08-004,08,El campeón del 95,el-campeon-del-95,festejo,Festejo del Clausura 1995 en el Nuevo Gasometro,epica,alta,San Lorenzo de Almagro Festejo del Clausura 1995 en el Nuevo Gasometro El campeón del 95 campeon 1995,planned
SL-08-005,08,El campeón del 95,el-campeon-del-95,idolo,Nestor Gorosito en el equipo campeon 1995,rara,alta,San Lorenzo de Almagro Nestor Gorosito en el equipo campeon 1995 El campeón del 95 campeon 1995,planned
SL-08-006,08,El campeón del 95,el-campeon-del-95,jugador,Oscar Ruggeri en San Lorenzo campeon 1995,rara,media,San Lorenzo de Almagro Oscar Ruggeri en San Lorenzo campeon 1995 El campeón del 95 campeon 1995,planned
SL-08-007,08,El campeón del 95,el-campeon-del-95,gol,Gol emblematico del Clausura 1995,rara,media,San Lorenzo de Almagro Gol emblematico del Clausura 1995 El campeón del 95 campeon 1995,planned
SL-08-008,08,El campeón del 95,el-campeon-del-95,equipo,Formacion titular del campeon 1995,rara,alta,San Lorenzo de Almagro Formacion titular del campeon 1995 El campeón del 95 campeon 1995,planned
SL-08-009,08,El campeón del 95,el-campeon-del-95,hinchada,Hinchada de San Lorenzo celebrando el Clausura 1995,especial,media,San Lorenzo de Almagro Hinchada de San Lorenzo celebrando el Clausura 1995 El campeón del 95 campeon 1995,planned
SL-08-010,08,El campeón del 95,el-campeon-del-95,camiseta,Camiseta azulgrana del campeonato 1995,especial,media,San Lorenzo de Almagro Camiseta azulgrana del campeonato 1995 El campeón del 95 campeon 1995,planned
SL-08-011,08,El campeón del 95,el-campeon-del-95,idolo,Hector Beto Acosta con San Lorenzo en El campeón del 95,legendaria,alta,San Lorenzo de Almagro Hector Beto Acosta con San Lorenzo en El campeón del 95 El campeón del 95 campeon 1995,planned
SL-08-012,08,El campeón del 95,el-campeon-del-95,idolo,Retrato historico de Hector Beto Acosta en etapa azulgrana,rara,alta,San Lorenzo de Almagro Retrato historico de Hector Beto Acosta en etapa azulgrana El campeón del 95 campeon 1995,planned
SL-08-013,08,El campeón del 95,el-campeon-del-95,partido,Hector Beto Acosta en partido representativo de San Lorenzo,especial,media,San Lorenzo de Almagro Hector Beto Acosta en partido representativo de San Lorenzo El campeón del 95 campeon 1995,planned
SL-08-014,08,El campeón del 95,el-campeon-del-95,idolo,Nestor Gorosito con San Lorenzo en El campeón del 95,epica,alta,San Lorenzo de Almagro Nestor Gorosito con San Lorenzo en El campeón del 95 El campeón del 95 campeon 1995,planned
SL-08-015,08,El campeón del 95,el-campeon-del-95,idolo,Retrato historico de Nestor Gorosito en etapa azulgrana,epica,alta,San Lorenzo de Almagro Retrato historico de Nestor Gorosito en etapa azulgrana El campeón del 95 campeon 1995,planned
SL-08-016,08,El campeón del 95,el-campeon-del-95,partido,Nestor Gorosito en partido representativo de San Lorenzo,especial,media,San Lorenzo de Almagro Nestor Gorosito en partido representativo de San Lorenzo El campeón del 95 campeon 1995,planned
SL-08-017,08,El campeón del 95,el-campeon-del-95,jugador,Oscar Ruggeri con San Lorenzo en El campeón del 95,rara,media,San Lorenzo de Almagro Oscar Ruggeri con San Lorenzo en El campeón del 95 El campeón del 95 campeon 1995,planned
SL-08-018,08,El campeón del 95,el-campeon-del-95,jugador,Retrato historico de Oscar Ruggeri en etapa azulgrana,rara,media,San Lorenzo de Almagro Retrato historico de Oscar Ruggeri en etapa azulgrana El campeón del 95 campeon 1995,planned
SL-08-019,08,El campeón del 95,el-campeon-del-95,partido,Oscar Ruggeri en partido representativo de San Lorenzo,especial,media,San Lorenzo de Almagro Oscar Ruggeri en partido representativo de San Lorenzo El campeón del 95 campeon 1995,planned
SL-08-020,08,El campeón del 95,el-campeon-del-95,jugador,Jorge Borelli con San Lorenzo en El campeón del 95,especial,media,San Lorenzo de Almagro Jorge Borelli con San Lorenzo en El campeón del 95 El campeón del 95 campeon 1995,planned
SL-08-021,08,El campeón del 95,el-campeon-del-95,jugador,Retrato historico de Jorge Borelli en etapa azulgrana,especial,media,San Lorenzo de Almagro Retrato historico de Jorge Borelli en etapa azulgrana El campeón del 95 campeon 1995,planned
SL-08-022,08,El campeón del 95,el-campeon-del-95,partido,Jorge Borelli en partido representativo de San Lorenzo,especial,media,San Lorenzo de Almagro Jorge Borelli en partido representativo de San Lorenzo El campeón del 95 campeon 1995,planned
SL-08-023,08,El campeón del 95,el-campeon-del-95,jugador,Fernando Galetto con San Lorenzo en El campeón del 95,especial,media,San Lorenzo de Almagro Fernando Galetto con San Lorenzo en El campeón del 95 El campeón del 95 campeon 1995,planned
SL-08-024,08,El campeón del 95,el-campeon-del-95,jugador,Retrato historico de Fernando Galetto en etapa azulgrana,especial,media,San Lorenzo de Almagro Retrato historico de Fernando Galetto en etapa azulgrana El campeón del 95 campeon 1995,planned
SL-08-025,08,El campeón del 95,el-campeon-del-95,partido,Fernando Galetto en partido representativo de San Lorenzo,especial,media,San Lorenzo de Almagro Fernando Galetto en partido representativo de San Lorenzo El campeón del 95 campeon 1995,planned
SL-08-026,08,El campeón del 95,el-campeon-del-95,partido,Archivo historico de San Lorenzo sobre partidos clave del Clausura 1995,especial,media,San Lorenzo de Almagro Archivo historico de San Lorenzo sobre partidos clave del Clausura 1995 El campeón del 95 campeon 1995,planned
SL-08-027,08,El campeón del 95,el-campeon-del-95,partido,Postal azulgrana de partidos clave del Clausura 1995,especial,media,San Lorenzo de Almagro Postal azulgrana de partidos clave del Clausura 1995 El campeón del 95 campeon 1995,planned
SL-08-028,08,El campeón del 95,el-campeon-del-95,partido,Escena representativa de El campeón del 95: partidos clave del Clausura 1995,especial,media,San Lorenzo de Almagro Escena representativa de El campeón del 95: partidos clave del Clausura 1995 El campeón del 95 campeon 1995,planned
SL-08-029,08,El campeón del 95,el-campeon-del-95,partido,Cobertura fotografica de San Lorenzo: partidos clave del Clausura 1995,especial,media,San Lorenzo de Almagro Cobertura fotografica de San Lorenzo: partidos clave del Clausura 1995 El campeón del 95 campeon 1995,planned
SL-08-030,08,El campeón del 95,el-campeon-del-95,partido,Registro de epoca del Ciclon sobre partidos clave del Clausura 1995,especial,media,San Lorenzo de Almagro Registro de epoca del Ciclon sobre partidos clave del Clausura 1995 El campeón del 95 campeon 1995,planned
SL-09-001,09,El equipo récord 2001,el-equipo-record-2001,campeonato,San Lorenzo campeon del Clausura 2001,legendaria,alta,San Lorenzo de Almagro San Lorenzo campeon del Clausura 2001 El equipo récord 2001 equipo record 2001,planned
SL-09-002,09,El equipo récord 2001,el-equipo-record-2001,equipo,Equipo record invicto del Clausura 2001,epica,alta,San Lorenzo de Almagro Equipo record invicto del Clausura 2001 El equipo récord 2001 equipo record 2001,planned
SL-09-003,09,El equipo récord 2001,el-equipo-record-2001,tecnico,Manuel Pellegrini como tecnico del campeon 2001,epica,alta,San Lorenzo de Almagro Manuel Pellegrini como tecnico del campeon 2001 El equipo récord 2001 equipo record 2001,planned
SL-09-004,09,El equipo récord 2001,el-equipo-record-2001,jugador,Sebastian Saja en la campana de 2001,rara,alta,San Lorenzo de Almagro Sebastian Saja en la campana de 2001 El equipo récord 2001 equipo record 2001,planned
SL-09-005,09,El equipo récord 2001,el-equipo-record-2001,idolo,Alberto Acosta en el Clausura 2001,epica,alta,San Lorenzo de Almagro Alberto Acosta en el Clausura 2001 El equipo récord 2001 equipo record 2001,planned
SL-09-006,09,El equipo récord 2001,el-equipo-record-2001,idolo,Leandro Romagnoli en el equipo record,epica,alta,San Lorenzo de Almagro Leandro Romagnoli en el equipo record El equipo récord 2001 equipo record 2001,planned
SL-09-007,09,El equipo récord 2001,el-equipo-record-2001,festejo,Festejos del titulo invicto en 2001,epica,alta,San Lorenzo de Almagro Festejos del titulo invicto en 2001 El equipo récord 2001 equipo record 2001,planned
SL-09-008,09,El equipo récord 2001,el-equipo-record-2001,equipo,Alineacion titular del equipo record,rara,alta,San Lorenzo de Almagro Alineacion titular del equipo record El equipo récord 2001 equipo record 2001,planned
SL-09-009,09,El equipo récord 2001,el-equipo-record-2001,gol,Gol destacado del Clausura 2001,rara,media,San Lorenzo de Almagro Gol destacado del Clausura 2001 El equipo récord 2001 equipo record 2001,planned
SL-09-010,09,El equipo récord 2001,el-equipo-record-2001,hinchada,Hinchada azulgrana en la campana invicta 2001,especial,media,San Lorenzo de Almagro Hinchada azulgrana en la campana invicta 2001 El equipo récord 2001 equipo record 2001,planned
SL-09-011,09,El equipo récord 2001,el-equipo-record-2001,tecnico,Manuel Pellegrini con San Lorenzo en El equipo récord 2001,epica,alta,San Lorenzo de Almagro Manuel Pellegrini con San Lorenzo en El equipo récord 2001 El equipo récord 2001 equipo record 2001,planned
SL-09-012,09,El equipo récord 2001,el-equipo-record-2001,tecnico,Retrato historico de Manuel Pellegrini en etapa azulgrana,epica,alta,San Lorenzo de Almagro Retrato historico de Manuel Pellegrini en etapa azulgrana El equipo récord 2001 equipo record 2001,planned
SL-09-013,09,El equipo récord 2001,el-equipo-record-2001,partido,Manuel Pellegrini en partido representativo de San Lorenzo,especial,media,San Lorenzo de Almagro Manuel Pellegrini en partido representativo de San Lorenzo El equipo récord 2001 equipo record 2001,planned
SL-09-014,09,El equipo récord 2001,el-equipo-record-2001,idolo,Leandro Romagnoli con San Lorenzo en El equipo récord 2001,legendaria,alta,San Lorenzo de Almagro Leandro Romagnoli con San Lorenzo en El equipo récord 2001 El equipo récord 2001 equipo record 2001,planned
SL-09-015,09,El equipo récord 2001,el-equipo-record-2001,idolo,Retrato historico de Leandro Romagnoli en etapa azulgrana,rara,alta,San Lorenzo de Almagro Retrato historico de Leandro Romagnoli en etapa azulgrana El equipo récord 2001 equipo record 2001,planned
SL-09-016,09,El equipo récord 2001,el-equipo-record-2001,partido,Leandro Romagnoli en partido representativo de San Lorenzo,especial,media,San Lorenzo de Almagro Leandro Romagnoli en partido representativo de San Lorenzo El equipo récord 2001 equipo record 2001,planned
SL-09-017,09,El equipo récord 2001,el-equipo-record-2001,idolo,Alberto Acosta con San Lorenzo en El equipo récord 2001,epica,alta,San Lorenzo de Almagro Alberto Acosta con San Lorenzo en El equipo récord 2001 El equipo récord 2001 equipo record 2001,planned
SL-09-018,09,El equipo récord 2001,el-equipo-record-2001,idolo,Retrato historico de Alberto Acosta en etapa azulgrana,epica,alta,San Lorenzo de Almagro Retrato historico de Alberto Acosta en etapa azulgrana El equipo récord 2001 equipo record 2001,planned
SL-09-019,09,El equipo récord 2001,el-equipo-record-2001,partido,Alberto Acosta en partido representativo de San Lorenzo,especial,media,San Lorenzo de Almagro Alberto Acosta en partido representativo de San Lorenzo El equipo récord 2001 equipo record 2001,planned
SL-09-020,09,El equipo récord 2001,el-equipo-record-2001,jugador,Sebastian Saja con San Lorenzo en El equipo récord 2001,rara,media,San Lorenzo de Almagro Sebastian Saja con San Lorenzo en El equipo récord 2001 El equipo récord 2001 equipo record 2001,planned
SL-09-021,09,El equipo récord 2001,el-equipo-record-2001,jugador,Retrato historico de Sebastian Saja en etapa azulgrana,rara,media,San Lorenzo de Almagro Retrato historico de Sebastian Saja en etapa azulgrana El equipo récord 2001 equipo record 2001,planned
SL-09-022,09,El equipo récord 2001,el-equipo-record-2001,partido,Sebastian Saja en partido representativo de San Lorenzo,especial,media,San Lorenzo de Almagro Sebastian Saja en partido representativo de San Lorenzo El equipo récord 2001 equipo record 2001,planned
SL-09-023,09,El equipo récord 2001,el-equipo-record-2001,jugador,Fabricio Coloccini con San Lorenzo en El equipo récord 2001,rara,media,San Lorenzo de Almagro Fabricio Coloccini con San Lorenzo en El equipo récord 2001 El equipo récord 2001 equipo record 2001,planned
SL-09-024,09,El equipo récord 2001,el-equipo-record-2001,jugador,Retrato historico de Fabricio Coloccini en etapa azulgrana,rara,media,San Lorenzo de Almagro Retrato historico de Fabricio Coloccini en etapa azulgrana El equipo récord 2001 equipo record 2001,planned
SL-09-025,09,El equipo récord 2001,el-equipo-record-2001,partido,Fabricio Coloccini en partido representativo de San Lorenzo,especial,media,San Lorenzo de Almagro Fabricio Coloccini en partido representativo de San Lorenzo El equipo récord 2001 equipo record 2001,planned
SL-09-026,09,El equipo récord 2001,el-equipo-record-2001,campeonato,Archivo historico de San Lorenzo sobre rachas invictas del Clausura 2001,especial,media,San Lorenzo de Almagro Archivo historico de San Lorenzo sobre rachas invictas del Clausura 2001 El equipo récord 2001 equipo record 2001,planned
SL-09-027,09,El equipo récord 2001,el-equipo-record-2001,campeonato,Postal azulgrana de rachas invictas del Clausura 2001,especial,media,San Lorenzo de Almagro Postal azulgrana de rachas invictas del Clausura 2001 El equipo récord 2001 equipo record 2001,planned
SL-09-028,09,El equipo récord 2001,el-equipo-record-2001,campeonato,Escena representativa de El equipo récord 2001: rachas invictas del Clausura 2001,especial,media,San Lorenzo de Almagro Escena representativa de El equipo récord 2001: rachas invictas del Clausura 2001 El equipo récord 2001 equipo record 2001,planned
SL-09-029,09,El equipo récord 2001,el-equipo-record-2001,campeonato,Cobertura fotografica de San Lorenzo: rachas invictas del Clausura 2001,especial,media,San Lorenzo de Almagro Cobertura fotografica de San Lorenzo: rachas invictas del Clausura 2001 El equipo récord 2001 equipo record 2001,planned
SL-09-030,09,El equipo récord 2001,el-equipo-record-2001,campeonato,Registro de epoca del Ciclon sobre rachas invictas del Clausura 2001,especial,media,San Lorenzo de Almagro Registro de epoca del Ciclon sobre rachas invictas del Clausura 2001 El equipo récord 2001 equipo record 2001,planned
SL-10-001,10,Las primeras copas internacionales,las-primeras-copas-internacionales,copa,San Lorenzo campeon de la Copa Sudamericana 2002,legendaria,alta,San Lorenzo de Almagro San Lorenzo campeon de la Copa Sudamericana 2002 Las primeras copas internacionales primeras copas internacionales,planned
SL-10-002,10,Las primeras copas internacionales,las-primeras-copas-internacionales,copa,San Lorenzo campeon de la Copa Mercosur 2001,epica,alta,San Lorenzo de Almagro San Lorenzo campeon de la Copa Mercosur 2001 Las primeras copas internacionales primeras copas internacionales,planned
SL-10-003,10,Las primeras copas internacionales,las-primeras-copas-internacionales,idolo,Leandro Romagnoli en torneos internacionales tempranos,rara,alta,San Lorenzo de Almagro Leandro Romagnoli en torneos internacionales tempranos Las primeras copas internacionales primeras copas internacionales,planned
SL-10-004,10,Las primeras copas internacionales,las-primeras-copas-internacionales,idolo,Alberto Acosta en la etapa de primeras copas,rara,alta,San Lorenzo de Almagro Alberto Acosta en la etapa de primeras copas Las primeras copas internacionales primeras copas internacionales,planned
SL-10-005,10,Las primeras copas internacionales,las-primeras-copas-internacionales,tecnico,Manuel Pellegrini y el salto internacional azulgrana,rara,alta,San Lorenzo de Almagro Manuel Pellegrini y el salto internacional azulgrana Las primeras copas internacionales primeras copas internacionales,planned
SL-10-006,10,Las primeras copas internacionales,las-primeras-copas-internacionales,festejo,Festejos de la Sudamericana 2002,epica,alta,San Lorenzo de Almagro Festejos de la Sudamericana 2002 Las primeras copas internacionales primeras copas internacionales,planned
SL-10-007,10,Las primeras copas internacionales,las-primeras-copas-internacionales,equipo,Plantel de San Lorenzo campeon internacional,rara,alta,San Lorenzo de Almagro Plantel de San Lorenzo campeon internacional Las primeras copas internacionales primeras copas internacionales,planned
SL-10-008,10,Las primeras copas internacionales,las-primeras-copas-internacionales,copa,Levantamiento de trofeo internacional azulgrana,epica,alta,San Lorenzo de Almagro Levantamiento de trofeo internacional azulgrana Las primeras copas internacionales primeras copas internacionales,planned
SL-10-009,10,Las primeras copas internacionales,las-primeras-copas-internacionales,partido,Partido definitorio de una primera copa internacional,rara,media,San Lorenzo de Almagro Partido definitorio de una primera copa internacional Las primeras copas internacionales primeras copas internacionales,planned
SL-10-010,10,Las primeras copas internacionales,las-primeras-copas-internacionales,archivo_historico,Archivo grafico de la consagracion internacional,especial,media,San Lorenzo de Almagro Archivo grafico de la consagracion internacional Las primeras copas internacionales primeras copas internacionales,planned
SL-10-011,10,Las primeras copas internacionales,las-primeras-copas-internacionales,idolo,Leandro Romagnoli con San Lorenzo en Las primeras copas internacionales,epica,alta,San Lorenzo de Almagro Leandro Romagnoli con San Lorenzo en Las primeras copas internacionales Las primeras copas internacionales primeras copas internacionales,planned
SL-10-012,10,Las primeras copas internacionales,las-primeras-copas-internacionales,idolo,Retrato historico de Leandro Romagnoli en etapa azulgrana,epica,alta,San Lorenzo de Almagro Retrato historico de Leandro Romagnoli en etapa azulgrana Las primeras copas internacionales primeras copas internacionales,planned
SL-10-013,10,Las primeras copas internacionales,las-primeras-copas-internacionales,partido,Leandro Romagnoli en partido representativo de San Lorenzo,especial,media,San Lorenzo de Almagro Leandro Romagnoli en partido representativo de San Lorenzo Las primeras copas internacionales primeras copas internacionales,planned
SL-10-014,10,Las primeras copas internacionales,las-primeras-copas-internacionales,idolo,Alberto Acosta con San Lorenzo en Las primeras copas internacionales,epica,alta,San Lorenzo de Almagro Alberto Acosta con San Lorenzo en Las primeras copas internacionales Las primeras copas internacionales primeras copas internacionales,planned
SL-10-015,10,Las primeras copas internacionales,las-primeras-copas-internacionales,idolo,Retrato historico de Alberto Acosta en etapa azulgrana,epica,alta,San Lorenzo de Almagro Retrato historico de Alberto Acosta en etapa azulgrana Las primeras copas internacionales primeras copas internacionales,planned
SL-10-016,10,Las primeras copas internacionales,las-primeras-copas-internacionales,partido,Alberto Acosta en partido representativo de San Lorenzo,especial,media,San Lorenzo de Almagro Alberto Acosta en partido representativo de San Lorenzo Las primeras copas internacionales primeras copas internacionales,planned
SL-10-017,10,Las primeras copas internacionales,las-primeras-copas-internacionales,jugador,Sebastian Saja con San Lorenzo en Las primeras copas internacionales,rara,media,San Lorenzo de Almagro Sebastian Saja con San Lorenzo en Las primeras copas internacionales Las primeras copas internacionales primeras copas internacionales,planned
SL-10-018,10,Las primeras copas internacionales,las-primeras-copas-internacionales,jugador,Retrato historico de Sebastian Saja en etapa azulgrana,rara,media,San Lorenzo de Almagro Retrato historico de Sebastian Saja en etapa azulgrana Las primeras copas internacionales primeras copas internacionales,planned
SL-10-019,10,Las primeras copas internacionales,las-primeras-copas-internacionales,partido,Sebastian Saja en partido representativo de San Lorenzo,especial,media,San Lorenzo de Almagro Sebastian Saja en partido representativo de San Lorenzo Las primeras copas internacionales primeras copas internacionales,planned
SL-10-020,10,Las primeras copas internacionales,las-primeras-copas-internacionales,tecnico,Manuel Pellegrini con San Lorenzo en Las primeras copas internacionales,rara,alta,San Lorenzo de Almagro Manuel Pellegrini con San Lorenzo en Las primeras copas internacionales Las primeras copas internacionales primeras copas internacionales,planned
SL-10-021,10,Las primeras copas internacionales,las-primeras-copas-internacionales,tecnico,Retrato historico de Manuel Pellegrini en etapa azulgrana,rara,alta,San Lorenzo de Almagro Retrato historico de Manuel Pellegrini en etapa azulgrana Las primeras copas internacionales primeras copas internacionales,planned
SL-10-022,10,Las primeras copas internacionales,las-primeras-copas-internacionales,partido,Manuel Pellegrini en partido representativo de San Lorenzo,especial,media,San Lorenzo de Almagro Manuel Pellegrini en partido representativo de San Lorenzo Las primeras copas internacionales primeras copas internacionales,planned
SL-10-023,10,Las primeras copas internacionales,las-primeras-copas-internacionales,jugador,Pablo Michelini con San Lorenzo en Las primeras copas internacionales,especial,media,San Lorenzo de Almagro Pablo Michelini con San Lorenzo en Las primeras copas internacionales Las primeras copas internacionales primeras copas internacionales,planned
SL-10-024,10,Las primeras copas internacionales,las-primeras-copas-internacionales,jugador,Retrato historico de Pablo Michelini en etapa azulgrana,especial,media,San Lorenzo de Almagro Retrato historico de Pablo Michelini en etapa azulgrana Las primeras copas internacionales primeras copas internacionales,planned
SL-10-025,10,Las primeras copas internacionales,las-primeras-copas-internacionales,partido,Pablo Michelini en partido representativo de San Lorenzo,especial,media,San Lorenzo de Almagro Pablo Michelini en partido representativo de San Lorenzo Las primeras copas internacionales primeras copas internacionales,planned
SL-10-026,10,Las primeras copas internacionales,las-primeras-copas-internacionales,copa,Archivo historico de San Lorenzo sobre finales internacionales de comienzos de los 2000,especial,media,San Lorenzo de Almagro Archivo historico de San Lorenzo sobre finales internacionales de comienzos de los 2000 Las primeras copas internacionales primeras copas internacionales,planned
SL-10-027,10,Las primeras copas internacionales,las-primeras-copas-internacionales,copa,Postal azulgrana de finales internacionales de comienzos de los 2000,especial,media,San Lorenzo de Almagro Postal azulgrana de finales internacionales de comienzos de los 2000 Las primeras copas internacionales primeras copas internacionales,planned
SL-10-028,10,Las primeras copas internacionales,las-primeras-copas-internacionales,copa,Escena representativa de Las primeras copas internacionales: finales internacionales de comienzos de los 2000,especial,media,San Lorenzo de Almagro Escena representativa de Las primeras copas internacionales: finales internacionales de comienzos de los 2000 Las primeras copas internacionales primeras copas internacionales,planned
SL-10-029,10,Las primeras copas internacionales,las-primeras-copas-internacionales,copa,Cobertura fotografica de San Lorenzo: finales internacionales de comienzos de los 2000,especial,media,San Lorenzo de Almagro Cobertura fotografica de San Lorenzo: finales internacionales de comienzos de los 2000 Las primeras copas internacionales primeras copas internacionales,planned
SL-10-030,10,Las primeras copas internacionales,las-primeras-copas-internacionales,copa,Registro de epoca del Ciclon sobre finales internacionales de comienzos de los 2000,especial,media,San Lorenzo de Almagro Registro de epoca del Ciclon sobre finales internacionales de comienzos de los 2000 Las primeras copas internacionales primeras copas internacionales,planned
SL-11-001,11,Ramón 2007,ramon-2007,tecnico,Ramon Diaz campeon con San Lorenzo en 2007,legendaria,alta,San Lorenzo de Almagro Ramon Diaz campeon con San Lorenzo en 2007 Ramón 2007 ramon 2007,planned
SL-11-002,11,Ramón 2007,ramon-2007,campeonato,San Lorenzo campeon del Clausura 2007,epica,alta,San Lorenzo de Almagro San Lorenzo campeon del Clausura 2007 Ramón 2007 ramon 2007,planned
SL-11-003,11,Ramón 2007,ramon-2007,equipo,Plantel campeon azulgrana 2007,epica,alta,San Lorenzo de Almagro Plantel campeon azulgrana 2007 Ramón 2007 ramon 2007,planned
SL-11-004,11,Ramón 2007,ramon-2007,jugador,Andres DAlessandro en San Lorenzo 2007,rara,alta,San Lorenzo de Almagro Andres DAlessandro en San Lorenzo 2007 Ramón 2007 ramon 2007,planned
SL-11-005,11,Ramón 2007,ramon-2007,jugador,Ezequiel Lavezzi en el campeon 2007,rara,alta,San Lorenzo de Almagro Ezequiel Lavezzi en el campeon 2007 Ramón 2007 ramon 2007,planned
SL-11-006,11,Ramón 2007,ramon-2007,jugador,Cristian Tula en la campana del Clausura 2007,especial,media,San Lorenzo de Almagro Cristian Tula en la campana del Clausura 2007 Ramón 2007 ramon 2007,planned
SL-11-007,11,Ramón 2007,ramon-2007,festejo,Festejos del titulo con Ramon Diaz,epica,alta,San Lorenzo de Almagro Festejos del titulo con Ramon Diaz Ramón 2007 ramon 2007,planned
SL-11-008,11,Ramón 2007,ramon-2007,partido,Partido clave del Clausura 2007,rara,media,San Lorenzo de Almagro Partido clave del Clausura 2007 Ramón 2007 ramon 2007,planned
SL-11-009,11,Ramón 2007,ramon-2007,hinchada,Hinchada azulgrana celebrando el campeonato 2007,especial,media,San Lorenzo de Almagro Hinchada azulgrana celebrando el campeonato 2007 Ramón 2007 ramon 2007,planned
SL-11-010,11,Ramón 2007,ramon-2007,camiseta,Camiseta de San Lorenzo en el ciclo Ramon 2007,especial,media,San Lorenzo de Almagro Camiseta de San Lorenzo en el ciclo Ramon 2007 Ramón 2007 ramon 2007,planned
SL-11-011,11,Ramón 2007,ramon-2007,tecnico,Ramon Diaz con San Lorenzo en Ramón 2007,legendaria,alta,San Lorenzo de Almagro Ramon Diaz con San Lorenzo en Ramón 2007 Ramón 2007 ramon 2007,planned
SL-11-012,11,Ramón 2007,ramon-2007,tecnico,Retrato historico de Ramon Diaz en etapa azulgrana,rara,alta,San Lorenzo de Almagro Retrato historico de Ramon Diaz en etapa azulgrana Ramón 2007 ramon 2007,planned
SL-11-013,11,Ramón 2007,ramon-2007,partido,Ramon Diaz en partido representativo de San Lorenzo,especial,media,San Lorenzo de Almagro Ramon Diaz en partido representativo de San Lorenzo Ramón 2007 ramon 2007,planned
SL-11-014,11,Ramón 2007,ramon-2007,jugador,Andres DAlessandro con San Lorenzo en Ramón 2007,rara,alta,San Lorenzo de Almagro Andres DAlessandro con San Lorenzo en Ramón 2007 Ramón 2007 ramon 2007,planned
SL-11-015,11,Ramón 2007,ramon-2007,jugador,Retrato historico de Andres DAlessandro en etapa azulgrana,rara,alta,San Lorenzo de Almagro Retrato historico de Andres DAlessandro en etapa azulgrana Ramón 2007 ramon 2007,planned
SL-11-016,11,Ramón 2007,ramon-2007,partido,Andres DAlessandro en partido representativo de San Lorenzo,especial,media,San Lorenzo de Almagro Andres DAlessandro en partido representativo de San Lorenzo Ramón 2007 ramon 2007,planned
SL-11-017,11,Ramón 2007,ramon-2007,jugador,Ezequiel Lavezzi con San Lorenzo en Ramón 2007,rara,alta,San Lorenzo de Almagro Ezequiel Lavezzi con San Lorenzo en Ramón 2007 Ramón 2007 ramon 2007,planned
SL-11-018,11,Ramón 2007,ramon-2007,jugador,Retrato historico de Ezequiel Lavezzi en etapa azulgrana,rara,alta,San Lorenzo de Almagro Retrato historico de Ezequiel Lavezzi en etapa azulgrana Ramón 2007 ramon 2007,planned
SL-11-019,11,Ramón 2007,ramon-2007,partido,Ezequiel Lavezzi en partido representativo de San Lorenzo,especial,media,San Lorenzo de Almagro Ezequiel Lavezzi en partido representativo de San Lorenzo Ramón 2007 ramon 2007,planned
SL-11-020,11,Ramón 2007,ramon-2007,jugador,Cristian Tula con San Lorenzo en Ramón 2007,especial,media,San Lorenzo de Almagro Cristian Tula con San Lorenzo en Ramón 2007 Ramón 2007 ramon 2007,planned
SL-11-021,11,Ramón 2007,ramon-2007,jugador,Retrato historico de Cristian Tula en etapa azulgrana,especial,media,San Lorenzo de Almagro Retrato historico de Cristian Tula en etapa azulgrana Ramón 2007 ramon 2007,planned
SL-11-022,11,Ramón 2007,ramon-2007,partido,Cristian Tula en partido representativo de San Lorenzo,especial,media,San Lorenzo de Almagro Cristian Tula en partido representativo de San Lorenzo Ramón 2007 ramon 2007,planned
SL-11-023,11,Ramón 2007,ramon-2007,jugador,Aureliano Torres con San Lorenzo en Ramón 2007,especial,media,San Lorenzo de Almagro Aureliano Torres con San Lorenzo en Ramón 2007 Ramón 2007 ramon 2007,planned
SL-11-024,11,Ramón 2007,ramon-2007,jugador,Retrato historico de Aureliano Torres en etapa azulgrana,especial,media,San Lorenzo de Almagro Retrato historico de Aureliano Torres en etapa azulgrana Ramón 2007 ramon 2007,planned
SL-11-025,11,Ramón 2007,ramon-2007,partido,Aureliano Torres en partido representativo de San Lorenzo,especial,media,San Lorenzo de Almagro Aureliano Torres en partido representativo de San Lorenzo Ramón 2007 ramon 2007,planned
SL-12-001,12,Del sufrimiento a la gloria 2012/2013,del-sufrimiento-a-la-gloria-2012-2013,partido,San Lorenzo en la lucha por la permanencia 2012,epica,alta,San Lorenzo de Almagro San Lorenzo en la lucha por la permanencia 2012 Del sufrimiento a la gloria 2012/2013 sufrimiento y gloria 2012 2013,planned
SL-12-002,12,Del sufrimiento a la gloria 2012/2013,del-sufrimiento-a-la-gloria-2012-2013,tecnico,Juan Antonio Pizzi en la reconstruccion azulgrana,rara,alta,San Lorenzo de Almagro Juan Antonio Pizzi en la reconstruccion azulgrana Del sufrimiento a la gloria 2012/2013 sufrimiento y gloria 2012 2013,planned
SL-12-003,12,Del sufrimiento a la gloria 2012/2013,del-sufrimiento-a-la-gloria-2012-2013,jugador,Ignacio Piatti en la etapa 2012 2013,rara,alta,San Lorenzo de Almagro Ignacio Piatti en la etapa 2012 2013 Del sufrimiento a la gloria 2012/2013 sufrimiento y gloria 2012 2013,planned
SL-12-004,12,Del sufrimiento a la gloria 2012/2013,del-sufrimiento-a-la-gloria-2012-2013,jugador,Angel Correa en los anos de despegue,epica,alta,San Lorenzo de Almagro Angel Correa en los anos de despegue Del sufrimiento a la gloria 2012/2013 sufrimiento y gloria 2012 2013,planned
SL-12-005,12,Del sufrimiento a la gloria 2012/2013,del-sufrimiento-a-la-gloria-2012-2013,jugador,Nestor Ortigoza como referente del mediocampo,rara,alta,San Lorenzo de Almagro Nestor Ortigoza como referente del mediocampo Del sufrimiento a la gloria 2012/2013 sufrimiento y gloria 2012 2013,planned
SL-12-006,12,Del sufrimiento a la gloria 2012/2013,del-sufrimiento-a-la-gloria-2012-2013,partido,Partido simbolico del cambio de rumbo en 2013,rara,media,San Lorenzo de Almagro Partido simbolico del cambio de rumbo en 2013 Del sufrimiento a la gloria 2012/2013 sufrimiento y gloria 2012 2013,planned
SL-12-007,12,Del sufrimiento a la gloria 2012/2013,del-sufrimiento-a-la-gloria-2012-2013,festejo,Festejo azulgrana tras un triunfo clave en 2013,especial,media,San Lorenzo de Almagro Festejo azulgrana tras un triunfo clave en 2013 Del sufrimiento a la gloria 2012/2013 sufrimiento y gloria 2012 2013,planned
SL-12-008,12,Del sufrimiento a la gloria 2012/2013,del-sufrimiento-a-la-gloria-2012-2013,hinchada,Hinchada empujando al equipo en la adversidad,especial,media,San Lorenzo de Almagro Hinchada empujando al equipo en la adversidad Del sufrimiento a la gloria 2012/2013 sufrimiento y gloria 2012 2013,planned
SL-12-009,12,Del sufrimiento a la gloria 2012/2013,del-sufrimiento-a-la-gloria-2012-2013,archivo_historico,Archivo periodistico del sufrimiento a la gloria,especial,media,San Lorenzo de Almagro Archivo periodistico del sufrimiento a la gloria Del sufrimiento a la gloria 2012/2013 sufrimiento y gloria 2012 2013,planned
SL-12-010,12,Del sufrimiento a la gloria 2012/2013,del-sufrimiento-a-la-gloria-2012-2013,camiseta,Camiseta de San Lorenzo en la transicion 2012 2013,especial,media,San Lorenzo de Almagro Camiseta de San Lorenzo en la transicion 2012 2013 Del sufrimiento a la gloria 2012/2013 sufrimiento y gloria 2012 2013,planned
SL-12-011,12,Del sufrimiento a la gloria 2012/2013,del-sufrimiento-a-la-gloria-2012-2013,tecnico,Juan Antonio Pizzi con San Lorenzo en Del sufrimiento a la gloria 2012/2013,rara,alta,San Lorenzo de Almagro Juan Antonio Pizzi con San Lorenzo en Del sufrimiento a la gloria 2012/2013 Del sufrimiento a la gloria 2012/2013 sufrimiento y gloria 2012 2013,planned
SL-12-012,12,Del sufrimiento a la gloria 2012/2013,del-sufrimiento-a-la-gloria-2012-2013,tecnico,Retrato historico de Juan Antonio Pizzi en etapa azulgrana,rara,alta,San Lorenzo de Almagro Retrato historico de Juan Antonio Pizzi en etapa azulgrana Del sufrimiento a la gloria 2012/2013 sufrimiento y gloria 2012 2013,planned
SL-12-013,12,Del sufrimiento a la gloria 2012/2013,del-sufrimiento-a-la-gloria-2012-2013,partido,Juan Antonio Pizzi en partido representativo de San Lorenzo,especial,media,San Lorenzo de Almagro Juan Antonio Pizzi en partido representativo de San Lorenzo Del sufrimiento a la gloria 2012/2013 sufrimiento y gloria 2012 2013,planned
SL-12-014,12,Del sufrimiento a la gloria 2012/2013,del-sufrimiento-a-la-gloria-2012-2013,idolo,Ignacio Piatti con San Lorenzo en Del sufrimiento a la gloria 2012/2013,epica,alta,San Lorenzo de Almagro Ignacio Piatti con San Lorenzo en Del sufrimiento a la gloria 2012/2013 Del sufrimiento a la gloria 2012/2013 sufrimiento y gloria 2012 2013,planned
SL-12-015,12,Del sufrimiento a la gloria 2012/2013,del-sufrimiento-a-la-gloria-2012-2013,idolo,Retrato historico de Ignacio Piatti en etapa azulgrana,epica,alta,San Lorenzo de Almagro Retrato historico de Ignacio Piatti en etapa azulgrana Del sufrimiento a la gloria 2012/2013 sufrimiento y gloria 2012 2013,planned
SL-12-016,12,Del sufrimiento a la gloria 2012/2013,del-sufrimiento-a-la-gloria-2012-2013,partido,Ignacio Piatti en partido representativo de San Lorenzo,especial,media,San Lorenzo de Almagro Ignacio Piatti en partido representativo de San Lorenzo Del sufrimiento a la gloria 2012/2013 sufrimiento y gloria 2012 2013,planned
SL-12-017,12,Del sufrimiento a la gloria 2012/2013,del-sufrimiento-a-la-gloria-2012-2013,idolo,Angel Correa con San Lorenzo en Del sufrimiento a la gloria 2012/2013,epica,alta,San Lorenzo de Almagro Angel Correa con San Lorenzo en Del sufrimiento a la gloria 2012/2013 Del sufrimiento a la gloria 2012/2013 sufrimiento y gloria 2012 2013,planned
SL-12-018,12,Del sufrimiento a la gloria 2012/2013,del-sufrimiento-a-la-gloria-2012-2013,idolo,Retrato historico de Angel Correa en etapa azulgrana,epica,alta,San Lorenzo de Almagro Retrato historico de Angel Correa en etapa azulgrana Del sufrimiento a la gloria 2012/2013 sufrimiento y gloria 2012 2013,planned
SL-12-019,12,Del sufrimiento a la gloria 2012/2013,del-sufrimiento-a-la-gloria-2012-2013,partido,Angel Correa en partido representativo de San Lorenzo,especial,media,San Lorenzo de Almagro Angel Correa en partido representativo de San Lorenzo Del sufrimiento a la gloria 2012/2013 sufrimiento y gloria 2012 2013,planned
SL-12-020,12,Del sufrimiento a la gloria 2012/2013,del-sufrimiento-a-la-gloria-2012-2013,idolo,Nestor Ortigoza con San Lorenzo en Del sufrimiento a la gloria 2012/2013,epica,alta,San Lorenzo de Almagro Nestor Ortigoza con San Lorenzo en Del sufrimiento a la gloria 2012/2013 Del sufrimiento a la gloria 2012/2013 sufrimiento y gloria 2012 2013,planned
SL-12-021,12,Del sufrimiento a la gloria 2012/2013,del-sufrimiento-a-la-gloria-2012-2013,idolo,Retrato historico de Nestor Ortigoza en etapa azulgrana,epica,alta,San Lorenzo de Almagro Retrato historico de Nestor Ortigoza en etapa azulgrana Del sufrimiento a la gloria 2012/2013 sufrimiento y gloria 2012 2013,planned
SL-12-022,12,Del sufrimiento a la gloria 2012/2013,del-sufrimiento-a-la-gloria-2012-2013,partido,Nestor Ortigoza en partido representativo de San Lorenzo,especial,media,San Lorenzo de Almagro Nestor Ortigoza en partido representativo de San Lorenzo Del sufrimiento a la gloria 2012/2013 sufrimiento y gloria 2012 2013,planned
SL-12-023,12,Del sufrimiento a la gloria 2012/2013,del-sufrimiento-a-la-gloria-2012-2013,jugador,Pablo Migliore con San Lorenzo en Del sufrimiento a la gloria 2012/2013,rara,media,San Lorenzo de Almagro Pablo Migliore con San Lorenzo en Del sufrimiento a la gloria 2012/2013 Del sufrimiento a la gloria 2012/2013 sufrimiento y gloria 2012 2013,planned
SL-12-024,12,Del sufrimiento a la gloria 2012/2013,del-sufrimiento-a-la-gloria-2012-2013,jugador,Retrato historico de Pablo Migliore en etapa azulgrana,rara,media,San Lorenzo de Almagro Retrato historico de Pablo Migliore en etapa azulgrana Del sufrimiento a la gloria 2012/2013 sufrimiento y gloria 2012 2013,planned
SL-12-025,12,Del sufrimiento a la gloria 2012/2013,del-sufrimiento-a-la-gloria-2012-2013,partido,Pablo Migliore en partido representativo de San Lorenzo,especial,media,San Lorenzo de Almagro Pablo Migliore en partido representativo de San Lorenzo Del sufrimiento a la gloria 2012/2013 sufrimiento y gloria 2012 2013,planned
SL-12-026,12,Del sufrimiento a la gloria 2012/2013,del-sufrimiento-a-la-gloria-2012-2013,partido,Archivo historico de San Lorenzo sobre partidos de permanencia y reconstruccion,especial,media,San Lorenzo de Almagro Archivo historico de San Lorenzo sobre partidos de permanencia y reconstruccion Del sufrimiento a la gloria 2012/2013 sufrimiento y gloria 2012 2013,planned
SL-12-027,12,Del sufrimiento a la gloria 2012/2013,del-sufrimiento-a-la-gloria-2012-2013,partido,Postal azulgrana de partidos de permanencia y reconstruccion,especial,media,San Lorenzo de Almagro Postal azulgrana de partidos de permanencia y reconstruccion Del sufrimiento a la gloria 2012/2013 sufrimiento y gloria 2012 2013,planned
SL-12-028,12,Del sufrimiento a la gloria 2012/2013,del-sufrimiento-a-la-gloria-2012-2013,partido,Escena representativa de Del sufrimiento a la gloria 2012/2013: partidos de permanencia y reconstruccion,especial,media,San Lorenzo de Almagro Escena representativa de Del sufrimiento a la gloria 2012/2013: partidos de permanencia y reconstruccion Del sufrimiento a la gloria 2012/2013 sufrimiento y gloria 2012 2013,planned
SL-12-029,12,Del sufrimiento a la gloria 2012/2013,del-sufrimiento-a-la-gloria-2012-2013,partido,Cobertura fotografica de San Lorenzo: partidos de permanencia y reconstruccion,especial,media,San Lorenzo de Almagro Cobertura fotografica de San Lorenzo: partidos de permanencia y reconstruccion Del sufrimiento a la gloria 2012/2013 sufrimiento y gloria 2012 2013,planned
SL-12-030,12,Del sufrimiento a la gloria 2012/2013,del-sufrimiento-a-la-gloria-2012-2013,partido,Registro de epoca del Ciclon sobre partidos de permanencia y reconstruccion,especial,media,San Lorenzo de Almagro Registro de epoca del Ciclon sobre partidos de permanencia y reconstruccion Del sufrimiento a la gloria 2012/2013 sufrimiento y gloria 2012 2013,planned
SL-13-001,13,Libertadores 2014,libertadores-2014,copa,Plantel campeon de la Libertadores 2014,legendaria,alta,San Lorenzo de Almagro Plantel campeon de la Libertadores 2014 Libertadores 2014 libertadores 2014,planned
SL-13-002,13,Libertadores 2014,libertadores-2014,tecnico,Edgardo Bauza campeon de America con San Lorenzo,legendaria,alta,San Lorenzo de Almagro Edgardo Bauza campeon de America con San Lorenzo Libertadores 2014 libertadores 2014,planned
SL-13-003,13,Libertadores 2014,libertadores-2014,gol,Nestor Ortigoza y el penal de la final 2014,legendaria,alta,San Lorenzo de Almagro Nestor Ortigoza y el penal de la final 2014 Libertadores 2014 libertadores 2014,planned
SL-13-004,13,Libertadores 2014,libertadores-2014,copa,Leandro Romagnoli levantando la Copa Libertadores,legendaria,alta,San Lorenzo de Almagro Leandro Romagnoli levantando la Copa Libertadores Libertadores 2014 libertadores 2014,planned
SL-13-005,13,Libertadores 2014,libertadores-2014,jugador,Sebastian Torrico en la campana de 2014,epica,alta,San Lorenzo de Almagro Sebastian Torrico en la campana de 2014 Libertadores 2014 libertadores 2014,planned
SL-13-006,13,Libertadores 2014,libertadores-2014,festejo,Festejos en el Nuevo Gasometro por la Libertadores,legendaria,alta,San Lorenzo de Almagro Festejos en el Nuevo Gasometro por la Libertadores Libertadores 2014 libertadores 2014,planned
SL-13-007,13,Libertadores 2014,libertadores-2014,idolo,Ignacio Piatti en la Libertadores 2014,epica,alta,San Lorenzo de Almagro Ignacio Piatti en la Libertadores 2014 Libertadores 2014 libertadores 2014,planned
SL-13-008,13,Libertadores 2014,libertadores-2014,jugador,Mauro Matos en la final de la Libertadores,rara,alta,San Lorenzo de Almagro Mauro Matos en la final de la Libertadores Libertadores 2014 libertadores 2014,planned
SL-13-009,13,Libertadores 2014,libertadores-2014,partido,Partido final de la Libertadores 2014 en Boedo,epica,alta,San Lorenzo de Almagro Partido final de la Libertadores 2014 en Boedo Libertadores 2014 libertadores 2014,planned
SL-13-010,13,Libertadores 2014,libertadores-2014,camiseta,Camiseta de San Lorenzo campeon de America 2014,rara,media,San Lorenzo de Almagro Camiseta de San Lorenzo campeon de America 2014 Libertadores 2014 libertadores 2014,planned
SL-13-011,13,Libertadores 2014,libertadores-2014,hinchada,Hinchada azulgrana en noche de final continental,rara,media,San Lorenzo de Almagro Hinchada azulgrana en noche de final continental Libertadores 2014 libertadores 2014,planned
SL-13-012,13,Libertadores 2014,libertadores-2014,copa,Trofeo de la Libertadores con los colores azulgranas,epica,alta,San Lorenzo de Almagro Trofeo de la Libertadores con los colores azulgranas Libertadores 2014 libertadores 2014,planned
SL-13-013,13,Libertadores 2014,libertadores-2014,tecnico,Edgardo Bauza con San Lorenzo en Libertadores 2014,legendaria,alta,San Lorenzo de Almagro Edgardo Bauza con San Lorenzo en Libertadores 2014 Libertadores 2014 libertadores 2014,planned
SL-13-014,13,Libertadores 2014,libertadores-2014,tecnico,Retrato historico de Edgardo Bauza en etapa azulgrana,rara,alta,San Lorenzo de Almagro Retrato historico de Edgardo Bauza en etapa azulgrana Libertadores 2014 libertadores 2014,planned
SL-13-015,13,Libertadores 2014,libertadores-2014,partido,Edgardo Bauza en partido representativo de San Lorenzo,especial,media,San Lorenzo de Almagro Edgardo Bauza en partido representativo de San Lorenzo Libertadores 2014 libertadores 2014,planned
SL-13-016,13,Libertadores 2014,libertadores-2014,idolo,Leandro Romagnoli con San Lorenzo en Libertadores 2014,legendaria,alta,San Lorenzo de Almagro Leandro Romagnoli con San Lorenzo en Libertadores 2014 Libertadores 2014 libertadores 2014,planned
SL-13-017,13,Libertadores 2014,libertadores-2014,idolo,Retrato historico de Leandro Romagnoli en etapa azulgrana,rara,alta,San Lorenzo de Almagro Retrato historico de Leandro Romagnoli en etapa azulgrana Libertadores 2014 libertadores 2014,planned
SL-13-018,13,Libertadores 2014,libertadores-2014,partido,Leandro Romagnoli en partido representativo de San Lorenzo,especial,media,San Lorenzo de Almagro Leandro Romagnoli en partido representativo de San Lorenzo Libertadores 2014 libertadores 2014,planned
SL-13-019,13,Libertadores 2014,libertadores-2014,idolo,Nestor Ortigoza con San Lorenzo en Libertadores 2014,legendaria,alta,San Lorenzo de Almagro Nestor Ortigoza con San Lorenzo en Libertadores 2014 Libertadores 2014 libertadores 2014,planned
SL-13-020,13,Libertadores 2014,libertadores-2014,idolo,Retrato historico de Nestor Ortigoza en etapa azulgrana,rara,alta,San Lorenzo de Almagro Retrato historico de Nestor Ortigoza en etapa azulgrana Libertadores 2014 libertadores 2014,planned
SL-13-021,13,Libertadores 2014,libertadores-2014,partido,Nestor Ortigoza en partido representativo de San Lorenzo,especial,media,San Lorenzo de Almagro Nestor Ortigoza en partido representativo de San Lorenzo Libertadores 2014 libertadores 2014,planned
SL-13-022,13,Libertadores 2014,libertadores-2014,idolo,Sebastian Torrico con San Lorenzo en Libertadores 2014,epica,alta,San Lorenzo de Almagro Sebastian Torrico con San Lorenzo en Libertadores 2014 Libertadores 2014 libertadores 2014,planned
SL-13-023,13,Libertadores 2014,libertadores-2014,idolo,Retrato historico de Sebastian Torrico en etapa azulgrana,epica,alta,San Lorenzo de Almagro Retrato historico de Sebastian Torrico en etapa azulgrana Libertadores 2014 libertadores 2014,planned
SL-13-024,13,Libertadores 2014,libertadores-2014,partido,Sebastian Torrico en partido representativo de San Lorenzo,especial,media,San Lorenzo de Almagro Sebastian Torrico en partido representativo de San Lorenzo Libertadores 2014 libertadores 2014,planned
SL-13-025,13,Libertadores 2014,libertadores-2014,idolo,Ignacio Piatti con San Lorenzo en Libertadores 2014,epica,alta,San Lorenzo de Almagro Ignacio Piatti con San Lorenzo en Libertadores 2014 Libertadores 2014 libertadores 2014,planned
SL-13-026,13,Libertadores 2014,libertadores-2014,idolo,Retrato historico de Ignacio Piatti en etapa azulgrana,epica,alta,San Lorenzo de Almagro Retrato historico de Ignacio Piatti en etapa azulgrana Libertadores 2014 libertadores 2014,planned
SL-13-027,13,Libertadores 2014,libertadores-2014,partido,Ignacio Piatti en partido representativo de San Lorenzo,especial,media,San Lorenzo de Almagro Ignacio Piatti en partido representativo de San Lorenzo Libertadores 2014 libertadores 2014,planned
SL-13-028,13,Libertadores 2014,libertadores-2014,jugador,Mauro Matos con San Lorenzo en Libertadores 2014,rara,media,San Lorenzo de Almagro Mauro Matos con San Lorenzo en Libertadores 2014 Libertadores 2014 libertadores 2014,planned
SL-13-029,13,Libertadores 2014,libertadores-2014,jugador,Retrato historico de Mauro Matos en etapa azulgrana,rara,media,San Lorenzo de Almagro Retrato historico de Mauro Matos en etapa azulgrana Libertadores 2014 libertadores 2014,planned
SL-13-030,13,Libertadores 2014,libertadores-2014,partido,Mauro Matos en partido representativo de San Lorenzo,especial,media,San Lorenzo de Almagro Mauro Matos en partido representativo de San Lorenzo Libertadores 2014 libertadores 2014,planned
SL-13-031,13,Libertadores 2014,libertadores-2014,jugador,Julio Buffarini con San Lorenzo en Libertadores 2014,rara,media,San Lorenzo de Almagro Julio Buffarini con San Lorenzo en Libertadores 2014 Libertadores 2014 libertadores 2014,planned
SL-13-032,13,Libertadores 2014,libertadores-2014,jugador,Retrato historico de Julio Buffarini en etapa azulgrana,rara,media,San Lorenzo de Almagro Retrato historico de Julio Buffarini en etapa azulgrana Libertadores 2014 libertadores 2014,planned
SL-13-033,13,Libertadores 2014,libertadores-2014,partido,Julio Buffarini en partido representativo de San Lorenzo,especial,media,San Lorenzo de Almagro Julio Buffarini en partido representativo de San Lorenzo Libertadores 2014 libertadores 2014,planned
SL-13-034,13,Libertadores 2014,libertadores-2014,partido,Archivo historico de San Lorenzo sobre fase de grupos de la Libertadores 2014,especial,media,San Lorenzo de Almagro Archivo historico de San Lorenzo sobre fase de grupos de la Libertadores 2014 Libertadores 2014 libertadores 2014,planned
SL-13-035,13,Libertadores 2014,libertadores-2014,partido,Postal azulgrana de fase de grupos de la Libertadores 2014,especial,media,San Lorenzo de Almagro Postal azulgrana de fase de grupos de la Libertadores 2014 Libertadores 2014 libertadores 2014,planned
SL-13-036,13,Libertadores 2014,libertadores-2014,partido,Escena representativa de Libertadores 2014: fase de grupos de la Libertadores 2014,especial,media,San Lorenzo de Almagro Escena representativa de Libertadores 2014: fase de grupos de la Libertadores 2014 Libertadores 2014 libertadores 2014,planned
SL-13-037,13,Libertadores 2014,libertadores-2014,partido,Cobertura fotografica de San Lorenzo: fase de grupos de la Libertadores 2014,especial,media,San Lorenzo de Almagro Cobertura fotografica de San Lorenzo: fase de grupos de la Libertadores 2014 Libertadores 2014 libertadores 2014,planned
SL-13-038,13,Libertadores 2014,libertadores-2014,partido,Registro de epoca del Ciclon sobre fase de grupos de la Libertadores 2014,especial,media,San Lorenzo de Almagro Registro de epoca del Ciclon sobre fase de grupos de la Libertadores 2014 Libertadores 2014 libertadores 2014,planned
SL-13-039,13,Libertadores 2014,libertadores-2014,partido,Archivo historico de San Lorenzo sobre eliminatorias rumbo a la final,especial,media,San Lorenzo de Almagro Archivo historico de San Lorenzo sobre eliminatorias rumbo a la final Libertadores 2014 libertadores 2014,planned
SL-13-040,13,Libertadores 2014,libertadores-2014,partido,Postal azulgrana de eliminatorias rumbo a la final,especial,media,San Lorenzo de Almagro Postal azulgrana de eliminatorias rumbo a la final Libertadores 2014 libertadores 2014,planned
SL-14-001,14,Supercopa y años recientes,supercopa-y-anos-recientes,copa,San Lorenzo campeon de la Supercopa Argentina 2015,epica,alta,San Lorenzo de Almagro San Lorenzo campeon de la Supercopa Argentina 2015 Supercopa y años recientes supercopa y anos recientes,planned
SL-14-002,14,Supercopa y años recientes,supercopa-y-anos-recientes,festejo,Festejo de la Supercopa Argentina azulgrana,rara,alta,San Lorenzo de Almagro Festejo de la Supercopa Argentina azulgrana Supercopa y años recientes supercopa y anos recientes,planned
SL-14-003,14,Supercopa y años recientes,supercopa-y-anos-recientes,equipo,Plantel de San Lorenzo en anos recientes,especial,media,San Lorenzo de Almagro Plantel de San Lorenzo en anos recientes Supercopa y años recientes supercopa y anos recientes,planned
SL-14-004,14,Supercopa y años recientes,supercopa-y-anos-recientes,partido,Partido de Supercopa con San Lorenzo campeon,rara,alta,San Lorenzo de Almagro Partido de Supercopa con San Lorenzo campeon Supercopa y años recientes supercopa y anos recientes,planned
SL-14-005,14,Supercopa y años recientes,supercopa-y-anos-recientes,idolo,Leandro Romagnoli en sus ultimos anos en San Lorenzo,epica,alta,San Lorenzo de Almagro Leandro Romagnoli en sus ultimos anos en San Lorenzo Supercopa y años recientes supercopa y anos recientes,planned
SL-14-006,14,Supercopa y años recientes,supercopa-y-anos-recientes,idolo,Nestor Ortigoza en ciclos recientes azulgranas,rara,media,San Lorenzo de Almagro Nestor Ortigoza en ciclos recientes azulgranas Supercopa y años recientes supercopa y anos recientes,planned
SL-14-007,14,Supercopa y años recientes,supercopa-y-anos-recientes,hinchada,Hinchada de San Lorenzo en finales recientes,especial,media,San Lorenzo de Almagro Hinchada de San Lorenzo en finales recientes Supercopa y años recientes supercopa y anos recientes,planned
SL-14-008,14,Supercopa y años recientes,supercopa-y-anos-recientes,camiseta,Camiseta de San Lorenzo en la era post Libertadores,especial,media,San Lorenzo de Almagro Camiseta de San Lorenzo en la era post Libertadores Supercopa y años recientes supercopa y anos recientes,planned
SL-14-009,14,Supercopa y años recientes,supercopa-y-anos-recientes,archivo_historico,Archivo grafico de torneos recientes,especial,media,San Lorenzo de Almagro Archivo grafico de torneos recientes Supercopa y años recientes supercopa y anos recientes,planned
SL-14-010,14,Supercopa y años recientes,supercopa-y-anos-recientes,gol,Gol destacado de San Lorenzo en Supercopa,rara,media,San Lorenzo de Almagro Gol destacado de San Lorenzo en Supercopa Supercopa y años recientes supercopa y anos recientes,planned
SL-14-011,14,Supercopa y años recientes,supercopa-y-anos-recientes,idolo,Leandro Romagnoli con San Lorenzo en Supercopa y años recientes,legendaria,alta,San Lorenzo de Almagro Leandro Romagnoli con San Lorenzo en Supercopa y años recientes Supercopa y años recientes supercopa y anos recientes,planned
SL-14-012,14,Supercopa y años recientes,supercopa-y-anos-recientes,idolo,Retrato historico de Leandro Romagnoli en etapa azulgrana,rara,alta,San Lorenzo de Almagro Retrato historico de Leandro Romagnoli en etapa azulgrana Supercopa y años recientes supercopa y anos recientes,planned
SL-14-013,14,Supercopa y años recientes,supercopa-y-anos-recientes,partido,Leandro Romagnoli en partido representativo de San Lorenzo,especial,media,San Lorenzo de Almagro Leandro Romagnoli en partido representativo de San Lorenzo Supercopa y años recientes supercopa y anos recientes,planned
SL-14-014,14,Supercopa y años recientes,supercopa-y-anos-recientes,idolo,Nestor Ortigoza con San Lorenzo en Supercopa y años recientes,epica,alta,San Lorenzo de Almagro Nestor Ortigoza con San Lorenzo en Supercopa y años recientes Supercopa y años recientes supercopa y anos recientes,planned
SL-14-015,14,Supercopa y años recientes,supercopa-y-anos-recientes,idolo,Retrato historico de Nestor Ortigoza en etapa azulgrana,epica,alta,San Lorenzo de Almagro Retrato historico de Nestor Ortigoza en etapa azulgrana Supercopa y años recientes supercopa y anos recientes,planned
SL-14-016,14,Supercopa y años recientes,supercopa-y-anos-recientes,partido,Nestor Ortigoza en partido representativo de San Lorenzo,especial,media,San Lorenzo de Almagro Nestor Ortigoza en partido representativo de San Lorenzo Supercopa y años recientes supercopa y anos recientes,planned
SL-14-017,14,Supercopa y años recientes,supercopa-y-anos-recientes,jugador,Nicolas Blandi con San Lorenzo en Supercopa y años recientes,rara,media,San Lorenzo de Almagro Nicolas Blandi con San Lorenzo en Supercopa y años recientes Supercopa y años recientes supercopa y anos recientes,planned
SL-14-018,14,Supercopa y años recientes,supercopa-y-anos-recientes,jugador,Retrato historico de Nicolas Blandi en etapa azulgrana,rara,media,San Lorenzo de Almagro Retrato historico de Nicolas Blandi en etapa azulgrana Supercopa y años recientes supercopa y anos recientes,planned
SL-14-019,14,Supercopa y años recientes,supercopa-y-anos-recientes,partido,Nicolas Blandi en partido representativo de San Lorenzo,especial,media,San Lorenzo de Almagro Nicolas Blandi en partido representativo de San Lorenzo Supercopa y años recientes supercopa y anos recientes,planned
SL-14-020,14,Supercopa y años recientes,supercopa-y-anos-recientes,jugador,Sebastian Blanco con San Lorenzo en Supercopa y años recientes,especial,media,San Lorenzo de Almagro Sebastian Blanco con San Lorenzo en Supercopa y años recientes Supercopa y años recientes supercopa y anos recientes,planned
SL-14-021,14,Supercopa y años recientes,supercopa-y-anos-recientes,jugador,Retrato historico de Sebastian Blanco en etapa azulgrana,especial,media,San Lorenzo de Almagro Retrato historico de Sebastian Blanco en etapa azulgrana Supercopa y años recientes supercopa y anos recientes,planned
SL-14-022,14,Supercopa y años recientes,supercopa-y-anos-recientes,partido,Sebastian Blanco en partido representativo de San Lorenzo,especial,media,San Lorenzo de Almagro Sebastian Blanco en partido representativo de San Lorenzo Supercopa y años recientes supercopa y anos recientes,planned
SL-14-023,14,Supercopa y años recientes,supercopa-y-anos-recientes,tecnico,Pablo Guede con San Lorenzo en Supercopa y años recientes,especial,media,San Lorenzo de Almagro Pablo Guede con San Lorenzo en Supercopa y años recientes Supercopa y años recientes supercopa y anos recientes,planned
SL-14-024,14,Supercopa y años recientes,supercopa-y-anos-recientes,tecnico,Retrato historico de Pablo Guede en etapa azulgrana,especial,media,San Lorenzo de Almagro Retrato historico de Pablo Guede en etapa azulgrana Supercopa y años recientes supercopa y anos recientes,planned
SL-14-025,14,Supercopa y años recientes,supercopa-y-anos-recientes,partido,Pablo Guede en partido representativo de San Lorenzo,especial,media,San Lorenzo de Almagro Pablo Guede en partido representativo de San Lorenzo Supercopa y años recientes supercopa y anos recientes,planned
SL-14-026,14,Supercopa y años recientes,supercopa-y-anos-recientes,copa,Archivo historico de San Lorenzo sobre supercopa argentina 2015,especial,media,San Lorenzo de Almagro Archivo historico de San Lorenzo sobre supercopa argentina 2015 Supercopa y años recientes supercopa y anos recientes,planned
SL-14-027,14,Supercopa y años recientes,supercopa-y-anos-recientes,copa,Postal azulgrana de supercopa argentina 2015,especial,media,San Lorenzo de Almagro Postal azulgrana de supercopa argentina 2015 Supercopa y años recientes supercopa y anos recientes,planned
SL-14-028,14,Supercopa y años recientes,supercopa-y-anos-recientes,copa,Escena representativa de Supercopa y años recientes: supercopa argentina 2015,especial,media,San Lorenzo de Almagro Escena representativa de Supercopa y años recientes: supercopa argentina 2015 Supercopa y años recientes supercopa y anos recientes,planned
SL-14-029,14,Supercopa y años recientes,supercopa-y-anos-recientes,copa,Cobertura fotografica de San Lorenzo: supercopa argentina 2015,especial,media,San Lorenzo de Almagro Cobertura fotografica de San Lorenzo: supercopa argentina 2015 Supercopa y años recientes supercopa y anos recientes,planned
SL-14-030,14,Supercopa y años recientes,supercopa-y-anos-recientes,copa,Registro de epoca del Ciclon sobre supercopa argentina 2015,especial,media,San Lorenzo de Almagro Registro de epoca del Ciclon sobre supercopa argentina 2015 Supercopa y años recientes supercopa y anos recientes,planned
SL-14-031,14,Supercopa y años recientes,supercopa-y-anos-recientes,partido,Archivo historico de San Lorenzo sobre finales recientes del Ciclon,especial,media,San Lorenzo de Almagro Archivo historico de San Lorenzo sobre finales recientes del Ciclon Supercopa y años recientes supercopa y anos recientes,planned
SL-14-032,14,Supercopa y años recientes,supercopa-y-anos-recientes,partido,Postal azulgrana de finales recientes del Ciclon,especial,media,San Lorenzo de Almagro Postal azulgrana de finales recientes del Ciclon Supercopa y años recientes supercopa y anos recientes,planned
SL-14-033,14,Supercopa y años recientes,supercopa-y-anos-recientes,partido,Escena representativa de Supercopa y años recientes: finales recientes del Ciclon,especial,media,San Lorenzo de Almagro Escena representativa de Supercopa y años recientes: finales recientes del Ciclon Supercopa y años recientes supercopa y anos recientes,planned
SL-14-034,14,Supercopa y años recientes,supercopa-y-anos-recientes,partido,Cobertura fotografica de San Lorenzo: finales recientes del Ciclon,especial,media,San Lorenzo de Almagro Cobertura fotografica de San Lorenzo: finales recientes del Ciclon Supercopa y años recientes supercopa y anos recientes,planned
SL-14-035,14,Supercopa y años recientes,supercopa-y-anos-recientes,partido,Registro de epoca del Ciclon sobre finales recientes del Ciclon,especial,media,San Lorenzo de Almagro Registro de epoca del Ciclon sobre finales recientes del Ciclon Supercopa y años recientes supercopa y anos recientes,planned
SL-15-001,15,Ídolos eternos,idolos-eternos,idolo,Jose Sanfilippo,legendaria,alta,San Lorenzo de Almagro Jose Sanfilippo Ídolos eternos idolos eternos,planned
SL-15-002,15,Ídolos eternos,idolos-eternos,idolo,Leandro Romagnoli,legendaria,alta,San Lorenzo de Almagro Leandro Romagnoli Ídolos eternos idolos eternos,planned
SL-15-003,15,Ídolos eternos,idolos-eternos,idolo,Alberto Acosta,legendaria,alta,San Lorenzo de Almagro Alberto Acosta Ídolos eternos idolos eternos,planned
SL-15-004,15,Ídolos eternos,idolos-eternos,idolo,Hector Scotta,legendaria,alta,San Lorenzo de Almagro Hector Scotta Ídolos eternos idolos eternos,planned
SL-15-005,15,Ídolos eternos,idolos-eternos,idolo,Ruben Dario Insua,legendaria,alta,San Lorenzo de Almagro Ruben Dario Insua Ídolos eternos idolos eternos,planned
SL-15-006,15,Ídolos eternos,idolos-eternos,idolo,Sergio Villar,epica,alta,San Lorenzo de Almagro Sergio Villar Ídolos eternos idolos eternos,planned
SL-15-007,15,Ídolos eternos,idolos-eternos,idolo,Rene Pontoni,legendaria,alta,San Lorenzo de Almagro Rene Pontoni Ídolos eternos idolos eternos,planned
SL-15-008,15,Ídolos eternos,idolos-eternos,idolo,Norberto Boggio,epica,alta,San Lorenzo de Almagro Norberto Boggio Ídolos eternos idolos eternos,planned
SL-15-009,15,Ídolos eternos,idolos-eternos,idolo,Nestor Pipo Gorosito,epica,alta,San Lorenzo de Almagro Nestor Pipo Gorosito Ídolos eternos idolos eternos,planned
SL-15-010,15,Ídolos eternos,idolos-eternos,idolo,Victorio Cocco,epica,alta,San Lorenzo de Almagro Victorio Cocco Ídolos eternos idolos eternos,planned
SL-15-011,15,Ídolos eternos,idolos-eternos,idolo,Roberto Telch,epica,alta,San Lorenzo de Almagro Roberto Telch Ídolos eternos idolos eternos,planned
SL-15-012,15,Ídolos eternos,idolos-eternos,idolo,Tucho Mendez,rara,media,San Lorenzo de Almagro Tucho Mendez Ídolos eternos idolos eternos,planned
SL-15-013,15,Ídolos eternos,idolos-eternos,idolo,Rinaldo Martino,rara,media,San Lorenzo de Almagro Rinaldo Martino Ídolos eternos idolos eternos,planned
SL-15-014,15,Ídolos eternos,idolos-eternos,idolo,Armando Farro,rara,media,San Lorenzo de Almagro Armando Farro Ídolos eternos idolos eternos,planned
SL-15-015,15,Ídolos eternos,idolos-eternos,idolo,Padre Lorenzo Massa como idolo institucional,legendaria,alta,San Lorenzo de Almagro Padre Lorenzo Massa como idolo institucional Ídolos eternos idolos eternos,planned
SL-15-016,15,Ídolos eternos,idolos-eternos,idolo,Jose Sanfilippo con San Lorenzo en Ídolos eternos,legendaria,alta,San Lorenzo de Almagro Jose Sanfilippo con San Lorenzo en Ídolos eternos Ídolos eternos idolos eternos,planned
SL-15-017,15,Ídolos eternos,idolos-eternos,idolo,Retrato historico de Jose Sanfilippo en etapa azulgrana,rara,alta,San Lorenzo de Almagro Retrato historico de Jose Sanfilippo en etapa azulgrana Ídolos eternos idolos eternos,planned
SL-15-018,15,Ídolos eternos,idolos-eternos,partido,Jose Sanfilippo en partido representativo de San Lorenzo,especial,media,San Lorenzo de Almagro Jose Sanfilippo en partido representativo de San Lorenzo Ídolos eternos idolos eternos,planned
SL-15-019,15,Ídolos eternos,idolos-eternos,idolo,Leandro Romagnoli con San Lorenzo en Ídolos eternos,legendaria,alta,San Lorenzo de Almagro Leandro Romagnoli con San Lorenzo en Ídolos eternos Ídolos eternos idolos eternos,planned
SL-15-020,15,Ídolos eternos,idolos-eternos,idolo,Retrato historico de Leandro Romagnoli en etapa azulgrana,rara,alta,San Lorenzo de Almagro Retrato historico de Leandro Romagnoli en etapa azulgrana Ídolos eternos idolos eternos,planned
SL-15-021,15,Ídolos eternos,idolos-eternos,partido,Leandro Romagnoli en partido representativo de San Lorenzo,especial,media,San Lorenzo de Almagro Leandro Romagnoli en partido representativo de San Lorenzo Ídolos eternos idolos eternos,planned
SL-15-022,15,Ídolos eternos,idolos-eternos,idolo,Alberto Acosta con San Lorenzo en Ídolos eternos,legendaria,alta,San Lorenzo de Almagro Alberto Acosta con San Lorenzo en Ídolos eternos Ídolos eternos idolos eternos,planned
SL-15-023,15,Ídolos eternos,idolos-eternos,idolo,Retrato historico de Alberto Acosta en etapa azulgrana,rara,alta,San Lorenzo de Almagro Retrato historico de Alberto Acosta en etapa azulgrana Ídolos eternos idolos eternos,planned
SL-15-024,15,Ídolos eternos,idolos-eternos,partido,Alberto Acosta en partido representativo de San Lorenzo,especial,media,San Lorenzo de Almagro Alberto Acosta en partido representativo de San Lorenzo Ídolos eternos idolos eternos,planned
SL-15-025,15,Ídolos eternos,idolos-eternos,idolo,Hector Scotta con San Lorenzo en Ídolos eternos,legendaria,alta,San Lorenzo de Almagro Hector Scotta con San Lorenzo en Ídolos eternos Ídolos eternos idolos eternos,planned
SL-15-026,15,Ídolos eternos,idolos-eternos,idolo,Retrato historico de Hector Scotta en etapa azulgrana,rara,alta,San Lorenzo de Almagro Retrato historico de Hector Scotta en etapa azulgrana Ídolos eternos idolos eternos,planned
SL-15-027,15,Ídolos eternos,idolos-eternos,partido,Hector Scotta en partido representativo de San Lorenzo,especial,media,San Lorenzo de Almagro Hector Scotta en partido representativo de San Lorenzo Ídolos eternos idolos eternos,planned
SL-15-028,15,Ídolos eternos,idolos-eternos,idolo,Ruben Dario Insua con San Lorenzo en Ídolos eternos,legendaria,alta,San Lorenzo de Almagro Ruben Dario Insua con San Lorenzo en Ídolos eternos Ídolos eternos idolos eternos,planned
SL-15-029,15,Ídolos eternos,idolos-eternos,idolo,Retrato historico de Ruben Dario Insua en etapa azulgrana,rara,alta,San Lorenzo de Almagro Retrato historico de Ruben Dario Insua en etapa azulgrana Ídolos eternos idolos eternos,planned
SL-15-030,15,Ídolos eternos,idolos-eternos,partido,Ruben Dario Insua en partido representativo de San Lorenzo,especial,media,San Lorenzo de Almagro Ruben Dario Insua en partido representativo de San Lorenzo Ídolos eternos idolos eternos,planned
SL-15-031,15,Ídolos eternos,idolos-eternos,idolo,Sergio Villar con San Lorenzo en Ídolos eternos,epica,alta,San Lorenzo de Almagro Sergio Villar con San Lorenzo en Ídolos eternos Ídolos eternos idolos eternos,planned
SL-15-032,15,Ídolos eternos,idolos-eternos,idolo,Retrato historico de Sergio Villar en etapa azulgrana,epica,alta,San Lorenzo de Almagro Retrato historico de Sergio Villar en etapa azulgrana Ídolos eternos idolos eternos,planned
SL-15-033,15,Ídolos eternos,idolos-eternos,partido,Sergio Villar en partido representativo de San Lorenzo,especial,media,San Lorenzo de Almagro Sergio Villar en partido representativo de San Lorenzo Ídolos eternos idolos eternos,planned
SL-15-034,15,Ídolos eternos,idolos-eternos,idolo,Rene Pontoni con San Lorenzo en Ídolos eternos,legendaria,alta,San Lorenzo de Almagro Rene Pontoni con San Lorenzo en Ídolos eternos Ídolos eternos idolos eternos,planned
SL-15-035,15,Ídolos eternos,idolos-eternos,idolo,Retrato historico de Rene Pontoni en etapa azulgrana,rara,alta,San Lorenzo de Almagro Retrato historico de Rene Pontoni en etapa azulgrana Ídolos eternos idolos eternos,planned
SL-15-036,15,Ídolos eternos,idolos-eternos,partido,Rene Pontoni en partido representativo de San Lorenzo,especial,media,San Lorenzo de Almagro Rene Pontoni en partido representativo de San Lorenzo Ídolos eternos idolos eternos,planned
SL-15-037,15,Ídolos eternos,idolos-eternos,idolo,Norberto Boggio con San Lorenzo en Ídolos eternos,epica,alta,San Lorenzo de Almagro Norberto Boggio con San Lorenzo en Ídolos eternos Ídolos eternos idolos eternos,planned
SL-15-038,15,Ídolos eternos,idolos-eternos,idolo,Retrato historico de Norberto Boggio en etapa azulgrana,epica,alta,San Lorenzo de Almagro Retrato historico de Norberto Boggio en etapa azulgrana Ídolos eternos idolos eternos,planned
SL-15-039,15,Ídolos eternos,idolos-eternos,partido,Norberto Boggio en partido representativo de San Lorenzo,especial,media,San Lorenzo de Almagro Norberto Boggio en partido representativo de San Lorenzo Ídolos eternos idolos eternos,planned
SL-15-040,15,Ídolos eternos,idolos-eternos,idolo,Nestor Pipo Gorosito con San Lorenzo en Ídolos eternos,epica,alta,San Lorenzo de Almagro Nestor Pipo Gorosito con San Lorenzo en Ídolos eternos Ídolos eternos idolos eternos,planned
SL-15-041,15,Ídolos eternos,idolos-eternos,idolo,Retrato historico de Nestor Pipo Gorosito en etapa azulgrana,epica,alta,San Lorenzo de Almagro Retrato historico de Nestor Pipo Gorosito en etapa azulgrana Ídolos eternos idolos eternos,planned
SL-15-042,15,Ídolos eternos,idolos-eternos,partido,Nestor Pipo Gorosito en partido representativo de San Lorenzo,especial,media,San Lorenzo de Almagro Nestor Pipo Gorosito en partido representativo de San Lorenzo Ídolos eternos idolos eternos,planned
SL-15-043,15,Ídolos eternos,idolos-eternos,idolo,Victorio Cocco con San Lorenzo en Ídolos eternos,epica,alta,San Lorenzo de Almagro Victorio Cocco con San Lorenzo en Ídolos eternos Ídolos eternos idolos eternos,planned
SL-15-044,15,Ídolos eternos,idolos-eternos,idolo,Retrato historico de Victorio Cocco en etapa azulgrana,epica,alta,San Lorenzo de Almagro Retrato historico de Victorio Cocco en etapa azulgrana Ídolos eternos idolos eternos,planned
SL-15-045,15,Ídolos eternos,idolos-eternos,partido,Victorio Cocco en partido representativo de San Lorenzo,especial,media,San Lorenzo de Almagro Victorio Cocco en partido representativo de San Lorenzo Ídolos eternos idolos eternos,planned
SL-15-046,15,Ídolos eternos,idolos-eternos,idolo,Roberto Telch con San Lorenzo en Ídolos eternos,epica,alta,San Lorenzo de Almagro Roberto Telch con San Lorenzo en Ídolos eternos Ídolos eternos idolos eternos,planned
SL-15-047,15,Ídolos eternos,idolos-eternos,idolo,Retrato historico de Roberto Telch en etapa azulgrana,epica,alta,San Lorenzo de Almagro Retrato historico de Roberto Telch en etapa azulgrana Ídolos eternos idolos eternos,planned
SL-15-048,15,Ídolos eternos,idolos-eternos,partido,Roberto Telch en partido representativo de San Lorenzo,especial,media,San Lorenzo de Almagro Roberto Telch en partido representativo de San Lorenzo Ídolos eternos idolos eternos,planned
SL-15-049,15,Ídolos eternos,idolos-eternos,tecnico,Toto Lorenzo con San Lorenzo en Ídolos eternos,epica,alta,San Lorenzo de Almagro Toto Lorenzo con San Lorenzo en Ídolos eternos Ídolos eternos idolos eternos,planned
SL-15-050,15,Ídolos eternos,idolos-eternos,tecnico,Retrato historico de Toto Lorenzo en etapa azulgrana,epica,alta,San Lorenzo de Almagro Retrato historico de Toto Lorenzo en etapa azulgrana Ídolos eternos idolos eternos,planned
SL-15-051,15,Ídolos eternos,idolos-eternos,partido,Toto Lorenzo en partido representativo de San Lorenzo,especial,media,San Lorenzo de Almagro Toto Lorenzo en partido representativo de San Lorenzo Ídolos eternos idolos eternos,planned
SL-15-052,15,Ídolos eternos,idolos-eternos,tecnico,Edgardo Bauza con San Lorenzo en Ídolos eternos,epica,alta,San Lorenzo de Almagro Edgardo Bauza con San Lorenzo en Ídolos eternos Ídolos eternos idolos eternos,planned
SL-15-053,15,Ídolos eternos,idolos-eternos,tecnico,Retrato historico de Edgardo Bauza en etapa azulgrana,epica,alta,San Lorenzo de Almagro Retrato historico de Edgardo Bauza en etapa azulgrana Ídolos eternos idolos eternos,planned
SL-15-054,15,Ídolos eternos,idolos-eternos,partido,Edgardo Bauza en partido representativo de San Lorenzo,especial,media,San Lorenzo de Almagro Edgardo Bauza en partido representativo de San Lorenzo Ídolos eternos idolos eternos,planned
SL-15-055,15,Ídolos eternos,idolos-eternos,tecnico,Ramon Diaz con San Lorenzo en Ídolos eternos,epica,alta,San Lorenzo de Almagro Ramon Diaz con San Lorenzo en Ídolos eternos Ídolos eternos idolos eternos,planned
SL-15-056,15,Ídolos eternos,idolos-eternos,tecnico,Retrato historico de Ramon Diaz en etapa azulgrana,epica,alta,San Lorenzo de Almagro Retrato historico de Ramon Diaz en etapa azulgrana Ídolos eternos idolos eternos,planned
SL-15-057,15,Ídolos eternos,idolos-eternos,partido,Ramon Diaz en partido representativo de San Lorenzo,especial,media,San Lorenzo de Almagro Ramon Diaz en partido representativo de San Lorenzo Ídolos eternos idolos eternos,planned
SL-15-058,15,Ídolos eternos,idolos-eternos,idolo,Archivo historico de San Lorenzo sobre retratos oficiales de idolos historicos,especial,media,San Lorenzo de Almagro Archivo historico de San Lorenzo sobre retratos oficiales de idolos historicos Ídolos eternos idolos eternos,planned
SL-15-059,15,Ídolos eternos,idolos-eternos,idolo,Postal azulgrana de retratos oficiales de idolos historicos,especial,media,San Lorenzo de Almagro Postal azulgrana de retratos oficiales de idolos historicos Ídolos eternos idolos eternos,planned
SL-15-060,15,Ídolos eternos,idolos-eternos,idolo,Escena representativa de Ídolos eternos: retratos oficiales de idolos historicos,especial,media,San Lorenzo de Almagro Escena representativa de Ídolos eternos: retratos oficiales de idolos historicos Ídolos eternos idolos eternos,planned
SL-15-061,15,Ídolos eternos,idolos-eternos,idolo,Cobertura fotografica de San Lorenzo: retratos oficiales de idolos historicos,especial,media,San Lorenzo de Almagro Cobertura fotografica de San Lorenzo: retratos oficiales de idolos historicos Ídolos eternos idolos eternos,planned
SL-15-062,15,Ídolos eternos,idolos-eternos,idolo,Registro de epoca del Ciclon sobre retratos oficiales de idolos historicos,especial,media,San Lorenzo de Almagro Registro de epoca del Ciclon sobre retratos oficiales de idolos historicos Ídolos eternos idolos eternos,planned
SL-15-063,15,Ídolos eternos,idolos-eternos,gol,Archivo historico de San Lorenzo sobre goles memorables de idolos azulgranas,especial,media,San Lorenzo de Almagro Archivo historico de San Lorenzo sobre goles memorables de idolos azulgranas Ídolos eternos idolos eternos,planned
SL-15-064,15,Ídolos eternos,idolos-eternos,gol,Postal azulgrana de goles memorables de idolos azulgranas,especial,media,San Lorenzo de Almagro Postal azulgrana de goles memorables de idolos azulgranas Ídolos eternos idolos eternos,planned
SL-15-065,15,Ídolos eternos,idolos-eternos,gol,Escena representativa de Ídolos eternos: goles memorables de idolos azulgranas,especial,media,San Lorenzo de Almagro Escena representativa de Ídolos eternos: goles memorables de idolos azulgranas Ídolos eternos idolos eternos,planned
SL-15-066,15,Ídolos eternos,idolos-eternos,gol,Cobertura fotografica de San Lorenzo: goles memorables de idolos azulgranas,especial,media,San Lorenzo de Almagro Cobertura fotografica de San Lorenzo: goles memorables de idolos azulgranas Ídolos eternos idolos eternos,planned
SL-15-067,15,Ídolos eternos,idolos-eternos,gol,Registro de epoca del Ciclon sobre goles memorables de idolos azulgranas,especial,media,San Lorenzo de Almagro Registro de epoca del Ciclon sobre goles memorables de idolos azulgranas Ídolos eternos idolos eternos,planned
SL-15-068,15,Ídolos eternos,idolos-eternos,festejo,Archivo historico de San Lorenzo sobre festejos de idolos con la hinchada,especial,media,San Lorenzo de Almagro Archivo historico de San Lorenzo sobre festejos de idolos con la hinchada Ídolos eternos idolos eternos,planned
SL-15-069,15,Ídolos eternos,idolos-eternos,festejo,Postal azulgrana de festejos de idolos con la hinchada,especial,media,San Lorenzo de Almagro Postal azulgrana de festejos de idolos con la hinchada Ídolos eternos idolos eternos,planned
SL-15-070,15,Ídolos eternos,idolos-eternos,festejo,Escena representativa de Ídolos eternos: festejos de idolos con la hinchada,especial,media,San Lorenzo de Almagro Escena representativa de Ídolos eternos: festejos de idolos con la hinchada Ídolos eternos idolos eternos,planned
SL-16-001,16,Boedo vuelve,boedo-vuelve,vuelta_boedo,Movilizacion de socios por la Vuelta a Boedo,epica,alta,San Lorenzo de Almagro Movilizacion de socios por la Vuelta a Boedo Boedo vuelve boedo vuelve,planned
SL-16-002,16,Boedo vuelve,boedo-vuelve,vuelta_boedo,Acto por la restitucion historica en Avenida La Plata,epica,alta,San Lorenzo de Almagro Acto por la restitucion historica en Avenida La Plata Boedo vuelve boedo vuelve,planned
SL-16-003,16,Boedo vuelve,boedo-vuelve,hinchada,Banderas de la Vuelta a Boedo,rara,alta,San Lorenzo de Almagro Banderas de la Vuelta a Boedo Boedo vuelve boedo vuelve,planned
SL-16-004,16,Boedo vuelve,boedo-vuelve,vuelta_boedo,Marcha azulgrana por Boedo vuelve,rara,alta,San Lorenzo de Almagro Marcha azulgrana por Boedo vuelve Boedo vuelve boedo vuelve,planned
SL-16-005,16,Boedo vuelve,boedo-vuelve,hinchada,Socios de San Lorenzo en jornada historica por Boedo,especial,media,San Lorenzo de Almagro Socios de San Lorenzo en jornada historica por Boedo Boedo vuelve boedo vuelve,planned
SL-16-006,16,Boedo vuelve,boedo-vuelve,vuelta_boedo,Avenida La Plata en la campaña por la vuelta,rara,alta,San Lorenzo de Almagro Avenida La Plata en la campaña por la vuelta Boedo vuelve boedo vuelve,planned
SL-16-007,16,Boedo vuelve,boedo-vuelve,archivo_historico,Archivo fotografico de la ley de restitucion historica,epica,alta,San Lorenzo de Almagro Archivo fotografico de la ley de restitucion historica Boedo vuelve boedo vuelve,planned
SL-16-008,16,Boedo vuelve,boedo-vuelve,festejo,Festejo azulgrana por avances de Boedo vuelve,especial,media,San Lorenzo de Almagro Festejo azulgrana por avances de Boedo vuelve Boedo vuelve boedo vuelve,planned
SL-16-009,16,Boedo vuelve,boedo-vuelve,vuelta_boedo,Escenario con hinchas en acto de Boedo vuelve,especial,media,San Lorenzo de Almagro Escenario con hinchas en acto de Boedo vuelve Boedo vuelve boedo vuelve,planned
SL-16-010,16,Boedo vuelve,boedo-vuelve,hinchada,Postal de familias cuervas en la Vuelta a Boedo,especial,media,San Lorenzo de Almagro Postal de familias cuervas en la Vuelta a Boedo Boedo vuelve boedo vuelve,planned
SL-16-011,16,Boedo vuelve,boedo-vuelve,vuelta_boedo,Subcomision del Hincha con San Lorenzo en Boedo vuelve,rara,media,San Lorenzo de Almagro Subcomision del Hincha con San Lorenzo en Boedo vuelve Boedo vuelve boedo vuelve,planned
SL-16-012,16,Boedo vuelve,boedo-vuelve,vuelta_boedo,Retrato historico de Subcomision del Hincha en etapa azulgrana,rara,media,San Lorenzo de Almagro Retrato historico de Subcomision del Hincha en etapa azulgrana Boedo vuelve boedo vuelve,planned
SL-16-013,16,Boedo vuelve,boedo-vuelve,vuelta_boedo,Subcomision del Hincha en partido representativo de San Lorenzo,especial,media,San Lorenzo de Almagro Subcomision del Hincha en partido representativo de San Lorenzo Boedo vuelve boedo vuelve,planned
SL-16-014,16,Boedo vuelve,boedo-vuelve,hinchada,socios autoconvocados de San Lorenzo con San Lorenzo en Boedo vuelve,rara,media,San Lorenzo de Almagro socios autoconvocados de San Lorenzo con San Lorenzo en Boedo vuelve Boedo vuelve boedo vuelve,planned
SL-16-015,16,Boedo vuelve,boedo-vuelve,hinchada,Retrato historico de socios autoconvocados de San Lorenzo en etapa azulgrana,rara,media,San Lorenzo de Almagro Retrato historico de socios autoconvocados de San Lorenzo en etapa azulgrana Boedo vuelve boedo vuelve,planned
SL-16-016,16,Boedo vuelve,boedo-vuelve,hinchada,socios autoconvocados de San Lorenzo en partido representativo de San Lorenzo,especial,media,San Lorenzo de Almagro socios autoconvocados de San Lorenzo en partido representativo de San Lorenzo Boedo vuelve boedo vuelve,planned
SL-16-017,16,Boedo vuelve,boedo-vuelve,vuelta_boedo,Avenida La Plata con San Lorenzo en Boedo vuelve,epica,alta,San Lorenzo de Almagro Avenida La Plata con San Lorenzo en Boedo vuelve Boedo vuelve boedo vuelve,planned
SL-16-018,16,Boedo vuelve,boedo-vuelve,vuelta_boedo,Retrato historico de Avenida La Plata en etapa azulgrana,epica,alta,San Lorenzo de Almagro Retrato historico de Avenida La Plata en etapa azulgrana Boedo vuelve boedo vuelve,planned
SL-16-019,16,Boedo vuelve,boedo-vuelve,vuelta_boedo,Avenida La Plata en partido representativo de San Lorenzo,especial,media,San Lorenzo de Almagro Avenida La Plata en partido representativo de San Lorenzo Boedo vuelve boedo vuelve,planned
SL-16-020,16,Boedo vuelve,boedo-vuelve,vuelta_boedo,Archivo historico de San Lorenzo sobre manifestaciones por la restitucion historica,especial,media,San Lorenzo de Almagro Archivo historico de San Lorenzo sobre manifestaciones por la restitucion historica Boedo vuelve boedo vuelve,planned
SL-16-021,16,Boedo vuelve,boedo-vuelve,vuelta_boedo,Postal azulgrana de manifestaciones por la restitucion historica,especial,media,San Lorenzo de Almagro Postal azulgrana de manifestaciones por la restitucion historica Boedo vuelve boedo vuelve,planned
SL-16-022,16,Boedo vuelve,boedo-vuelve,vuelta_boedo,Escena representativa de Boedo vuelve: manifestaciones por la restitucion historica,especial,media,San Lorenzo de Almagro Escena representativa de Boedo vuelve: manifestaciones por la restitucion historica Boedo vuelve boedo vuelve,planned
SL-16-023,16,Boedo vuelve,boedo-vuelve,vuelta_boedo,Cobertura fotografica de San Lorenzo: manifestaciones por la restitucion historica,especial,media,San Lorenzo de Almagro Cobertura fotografica de San Lorenzo: manifestaciones por la restitucion historica Boedo vuelve boedo vuelve,planned
SL-16-024,16,Boedo vuelve,boedo-vuelve,vuelta_boedo,Registro de epoca del Ciclon sobre manifestaciones por la restitucion historica,especial,media,San Lorenzo de Almagro Registro de epoca del Ciclon sobre manifestaciones por la restitucion historica Boedo vuelve boedo vuelve,planned
SL-16-025,16,Boedo vuelve,boedo-vuelve,hinchada,Archivo historico de San Lorenzo sobre banderas y pancartas por Boedo,especial,media,San Lorenzo de Almagro Archivo historico de San Lorenzo sobre banderas y pancartas por Boedo Boedo vuelve boedo vuelve,planned
SL-16-026,16,Boedo vuelve,boedo-vuelve,hinchada,Postal azulgrana de banderas y pancartas por Boedo,especial,media,San Lorenzo de Almagro Postal azulgrana de banderas y pancartas por Boedo Boedo vuelve boedo vuelve,planned
SL-16-027,16,Boedo vuelve,boedo-vuelve,hinchada,Escena representativa de Boedo vuelve: banderas y pancartas por Boedo,especial,media,San Lorenzo de Almagro Escena representativa de Boedo vuelve: banderas y pancartas por Boedo Boedo vuelve boedo vuelve,planned
SL-16-028,16,Boedo vuelve,boedo-vuelve,hinchada,Cobertura fotografica de San Lorenzo: banderas y pancartas por Boedo,especial,media,San Lorenzo de Almagro Cobertura fotografica de San Lorenzo: banderas y pancartas por Boedo Boedo vuelve boedo vuelve,planned
SL-16-029,16,Boedo vuelve,boedo-vuelve,hinchada,Registro de epoca del Ciclon sobre banderas y pancartas por Boedo,especial,media,San Lorenzo de Almagro Registro de epoca del Ciclon sobre banderas y pancartas por Boedo Boedo vuelve boedo vuelve,planned
SL-16-030,16,Boedo vuelve,boedo-vuelve,vuelta_boedo,Archivo historico de San Lorenzo sobre actos institucionales por la vuelta,especial,media,San Lorenzo de Almagro Archivo historico de San Lorenzo sobre actos institucionales por la vuelta Boedo vuelve boedo vuelve,planned
SL-17-001,17,Otros deportes azulgranas,otros-deportes-azulgranas,otro_deporte,Basquet de San Lorenzo campeon nacional,epica,alta,San Lorenzo de Almagro Basquet de San Lorenzo campeon nacional Otros deportes azulgranas otros deportes azulgranas,planned
SL-17-002,17,Otros deportes azulgranas,otros-deportes-azulgranas,otro_deporte,Voley de San Lorenzo en competencia oficial,especial,media,San Lorenzo de Almagro Voley de San Lorenzo en competencia oficial Otros deportes azulgranas otros deportes azulgranas,planned
SL-17-003,17,Otros deportes azulgranas,otros-deportes-azulgranas,otro_deporte,Futsal de San Lorenzo en torneo AFA,rara,alta,San Lorenzo de Almagro Futsal de San Lorenzo en torneo AFA Otros deportes azulgranas otros deportes azulgranas,planned
SL-17-004,17,Otros deportes azulgranas,otros-deportes-azulgranas,otro_deporte,Handball azulgrana en jornada de liga,especial,media,San Lorenzo de Almagro Handball azulgrana en jornada de liga Otros deportes azulgranas otros deportes azulgranas,planned
SL-17-005,17,Otros deportes azulgranas,otros-deportes-azulgranas,otro_deporte,Hockey de San Lorenzo representando al club,especial,media,San Lorenzo de Almagro Hockey de San Lorenzo representando al club Otros deportes azulgranas otros deportes azulgranas,planned
SL-17-006,17,Otros deportes azulgranas,otros-deportes-azulgranas,otro_deporte,Plantel de basquet azulgrana en celebracion,rara,alta,San Lorenzo de Almagro Plantel de basquet azulgrana en celebracion Otros deportes azulgranas otros deportes azulgranas,planned
SL-17-007,17,Otros deportes azulgranas,otros-deportes-azulgranas,copa,Trofeo de otro deporte ganado por San Lorenzo,rara,media,San Lorenzo de Almagro Trofeo de otro deporte ganado por San Lorenzo Otros deportes azulgranas otros deportes azulgranas,planned
SL-17-008,17,Otros deportes azulgranas,otros-deportes-azulgranas,hinchada,Hinchada alentando al basquet azulgrana,especial,media,San Lorenzo de Almagro Hinchada alentando al basquet azulgrana Otros deportes azulgranas otros deportes azulgranas,planned
SL-17-009,17,Otros deportes azulgranas,otros-deportes-azulgranas,camiseta,Camiseta de basquet de San Lorenzo,especial,media,San Lorenzo de Almagro Camiseta de basquet de San Lorenzo Otros deportes azulgranas otros deportes azulgranas,planned
SL-17-010,17,Otros deportes azulgranas,otros-deportes-azulgranas,archivo_historico,Archivo historico de disciplinas azulgranas,especial,media,San Lorenzo de Almagro Archivo historico de disciplinas azulgranas Otros deportes azulgranas otros deportes azulgranas,planned
SL-17-011,17,Otros deportes azulgranas,otros-deportes-azulgranas,otro_deporte,basquet de San Lorenzo con San Lorenzo en Otros deportes azulgranas,epica,alta,San Lorenzo de Almagro basquet de San Lorenzo con San Lorenzo en Otros deportes azulgranas Otros deportes azulgranas otros deportes azulgranas,planned
SL-17-012,17,Otros deportes azulgranas,otros-deportes-azulgranas,otro_deporte,Retrato historico de basquet de San Lorenzo en etapa azulgrana,epica,alta,San Lorenzo de Almagro Retrato historico de basquet de San Lorenzo en etapa azulgrana Otros deportes azulgranas otros deportes azulgranas,planned
SL-17-013,17,Otros deportes azulgranas,otros-deportes-azulgranas,otro_deporte,basquet de San Lorenzo en partido representativo de San Lorenzo,especial,media,San Lorenzo de Almagro basquet de San Lorenzo en partido representativo de San Lorenzo Otros deportes azulgranas otros deportes azulgranas,planned
SL-17-014,17,Otros deportes azulgranas,otros-deportes-azulgranas,otro_deporte,futsal de San Lorenzo con San Lorenzo en Otros deportes azulgranas,rara,alta,San Lorenzo de Almagro futsal de San Lorenzo con San Lorenzo en Otros deportes azulgranas Otros deportes azulgranas otros deportes azulgranas,planned
SL-17-015,17,Otros deportes azulgranas,otros-deportes-azulgranas,otro_deporte,Retrato historico de futsal de San Lorenzo en etapa azulgrana,rara,alta,San Lorenzo de Almagro Retrato historico de futsal de San Lorenzo en etapa azulgrana Otros deportes azulgranas otros deportes azulgranas,planned
SL-17-016,17,Otros deportes azulgranas,otros-deportes-azulgranas,otro_deporte,futsal de San Lorenzo en partido representativo de San Lorenzo,especial,media,San Lorenzo de Almagro futsal de San Lorenzo en partido representativo de San Lorenzo Otros deportes azulgranas otros deportes azulgranas,planned
SL-17-017,17,Otros deportes azulgranas,otros-deportes-azulgranas,otro_deporte,voley de San Lorenzo con San Lorenzo en Otros deportes azulgranas,especial,media,San Lorenzo de Almagro voley de San Lorenzo con San Lorenzo en Otros deportes azulgranas Otros deportes azulgranas otros deportes azulgranas,planned
SL-17-018,17,Otros deportes azulgranas,otros-deportes-azulgranas,otro_deporte,Retrato historico de voley de San Lorenzo en etapa azulgrana,especial,media,San Lorenzo de Almagro Retrato historico de voley de San Lorenzo en etapa azulgrana Otros deportes azulgranas otros deportes azulgranas,planned
SL-17-019,17,Otros deportes azulgranas,otros-deportes-azulgranas,otro_deporte,voley de San Lorenzo en partido representativo de San Lorenzo,especial,media,San Lorenzo de Almagro voley de San Lorenzo en partido representativo de San Lorenzo Otros deportes azulgranas otros deportes azulgranas,planned
SL-17-020,17,Otros deportes azulgranas,otros-deportes-azulgranas,otro_deporte,handball de San Lorenzo con San Lorenzo en Otros deportes azulgranas,especial,media,San Lorenzo de Almagro handball de San Lorenzo con San Lorenzo en Otros deportes azulgranas Otros deportes azulgranas otros deportes azulgranas,planned
SL-17-021,17,Otros deportes azulgranas,otros-deportes-azulgranas,otro_deporte,Retrato historico de handball de San Lorenzo en etapa azulgrana,especial,media,San Lorenzo de Almagro Retrato historico de handball de San Lorenzo en etapa azulgrana Otros deportes azulgranas otros deportes azulgranas,planned
SL-17-022,17,Otros deportes azulgranas,otros-deportes-azulgranas,otro_deporte,handball de San Lorenzo en partido representativo de San Lorenzo,especial,media,San Lorenzo de Almagro handball de San Lorenzo en partido representativo de San Lorenzo Otros deportes azulgranas otros deportes azulgranas,planned
SL-17-023,17,Otros deportes azulgranas,otros-deportes-azulgranas,otro_deporte,hockey de San Lorenzo con San Lorenzo en Otros deportes azulgranas,especial,media,San Lorenzo de Almagro hockey de San Lorenzo con San Lorenzo en Otros deportes azulgranas Otros deportes azulgranas otros deportes azulgranas,planned
SL-17-024,17,Otros deportes azulgranas,otros-deportes-azulgranas,otro_deporte,Retrato historico de hockey de San Lorenzo en etapa azulgrana,especial,media,San Lorenzo de Almagro Retrato historico de hockey de San Lorenzo en etapa azulgrana Otros deportes azulgranas otros deportes azulgranas,planned
SL-17-025,17,Otros deportes azulgranas,otros-deportes-azulgranas,otro_deporte,hockey de San Lorenzo en partido representativo de San Lorenzo,especial,media,San Lorenzo de Almagro hockey de San Lorenzo en partido representativo de San Lorenzo Otros deportes azulgranas otros deportes azulgranas,planned
SL-17-026,17,Otros deportes azulgranas,otros-deportes-azulgranas,otro_deporte,Archivo historico de San Lorenzo sobre equipos campeones en deportes federados,especial,media,San Lorenzo de Almagro Archivo historico de San Lorenzo sobre equipos campeones en deportes federados Otros deportes azulgranas otros deportes azulgranas,planned
SL-17-027,17,Otros deportes azulgranas,otros-deportes-azulgranas,otro_deporte,Postal azulgrana de equipos campeones en deportes federados,especial,media,San Lorenzo de Almagro Postal azulgrana de equipos campeones en deportes federados Otros deportes azulgranas otros deportes azulgranas,planned
SL-17-028,17,Otros deportes azulgranas,otros-deportes-azulgranas,otro_deporte,Escena representativa de Otros deportes azulgranas: equipos campeones en deportes federados,especial,media,San Lorenzo de Almagro Escena representativa de Otros deportes azulgranas: equipos campeones en deportes federados Otros deportes azulgranas otros deportes azulgranas,planned
SL-17-029,17,Otros deportes azulgranas,otros-deportes-azulgranas,otro_deporte,Cobertura fotografica de San Lorenzo: equipos campeones en deportes federados,especial,media,San Lorenzo de Almagro Cobertura fotografica de San Lorenzo: equipos campeones en deportes federados Otros deportes azulgranas otros deportes azulgranas,planned
SL-17-030,17,Otros deportes azulgranas,otros-deportes-azulgranas,otro_deporte,Registro de epoca del Ciclon sobre equipos campeones en deportes federados,especial,media,San Lorenzo de Almagro Registro de epoca del Ciclon sobre equipos campeones en deportes federados Otros deportes azulgranas otros deportes azulgranas,planned
SL-17-031,17,Otros deportes azulgranas,otros-deportes-azulgranas,festejo,Archivo historico de San Lorenzo sobre festejos de titulos en basquet y futsal,especial,media,San Lorenzo de Almagro Archivo historico de San Lorenzo sobre festejos de titulos en basquet y futsal Otros deportes azulgranas otros deportes azulgranas,planned
SL-17-032,17,Otros deportes azulgranas,otros-deportes-azulgranas,festejo,Postal azulgrana de festejos de titulos en basquet y futsal,especial,media,San Lorenzo de Almagro Postal azulgrana de festejos de titulos en basquet y futsal Otros deportes azulgranas otros deportes azulgranas,planned
SL-17-033,17,Otros deportes azulgranas,otros-deportes-azulgranas,festejo,Escena representativa de Otros deportes azulgranas: festejos de titulos en basquet y futsal,especial,media,San Lorenzo de Almagro Escena representativa de Otros deportes azulgranas: festejos de titulos en basquet y futsal Otros deportes azulgranas otros deportes azulgranas,planned
SL-17-034,17,Otros deportes azulgranas,otros-deportes-azulgranas,festejo,Cobertura fotografica de San Lorenzo: festejos de titulos en basquet y futsal,especial,media,San Lorenzo de Almagro Cobertura fotografica de San Lorenzo: festejos de titulos en basquet y futsal Otros deportes azulgranas otros deportes azulgranas,planned
SL-17-035,17,Otros deportes azulgranas,otros-deportes-azulgranas,festejo,Registro de epoca del Ciclon sobre festejos de titulos en basquet y futsal,especial,media,San Lorenzo de Almagro Registro de epoca del Ciclon sobre festejos de titulos en basquet y futsal Otros deportes azulgranas otros deportes azulgranas,planned
SL-18-001,18,Figuritas legendarias y míticas,figuritas-legendarias-y-miticas,mitica,Ilustracion mitica del Ciclon en clave retro,epica,alta,San Lorenzo de Almagro Ilustracion mitica del Ciclon en clave retro Figuritas legendarias y míticas figuritas legendarias y miticas,planned
SL-18-002,18,Figuritas legendarias y míticas,figuritas-legendarias-y-miticas,mitica,Escena legendaria de San Lorenzo estilo archivo,epica,alta,San Lorenzo de Almagro Escena legendaria de San Lorenzo estilo archivo Figuritas legendarias y míticas figuritas legendarias y miticas,planned
SL-18-003,18,Figuritas legendarias y míticas,figuritas-legendarias-y-miticas,mitica,Composicion historica de idolos de distintas epocas,legendaria,alta,San Lorenzo de Almagro Composicion historica de idolos de distintas epocas Figuritas legendarias y míticas figuritas legendarias y miticas,planned
SL-18-004,18,Figuritas legendarias y míticas,figuritas-legendarias-y-miticas,mitica,Postal mitica del Viejo Gasometro y la hinchada,epica,alta,San Lorenzo de Almagro Postal mitica del Viejo Gasometro y la hinchada Figuritas legendarias y míticas figuritas legendarias y miticas,planned
SL-18-005,18,Figuritas legendarias y míticas,figuritas-legendarias-y-miticas,mitica,Montaje de copas y glorias azulgranas,rara,media,San Lorenzo de Almagro Montaje de copas y glorias azulgranas Figuritas legendarias y míticas figuritas legendarias y miticas,planned
SL-18-006,18,Figuritas legendarias y míticas,figuritas-legendarias-y-miticas,mitica,Imagen simbolica de Boedo vuelve con colores del club,rara,media,San Lorenzo de Almagro Imagen simbolica de Boedo vuelve con colores del club Figuritas legendarias y míticas figuritas legendarias y miticas,planned
SL-18-007,18,Figuritas legendarias y míticas,figuritas-legendarias-y-miticas,mitica,Retrato iconico de capitan azulgrana levantando trofeo,rara,media,San Lorenzo de Almagro Retrato iconico de capitan azulgrana levantando trofeo Figuritas legendarias y míticas figuritas legendarias y miticas,planned
SL-18-008,18,Figuritas legendarias y míticas,figuritas-legendarias-y-miticas,camiseta,Archivo artistico de camisetas historicas de San Lorenzo,especial,media,San Lorenzo de Almagro Archivo artistico de camisetas historicas de San Lorenzo Figuritas legendarias y míticas figuritas legendarias y miticas,planned
SL-18-009,18,Figuritas legendarias y míticas,figuritas-legendarias-y-miticas,mitica,Hinchada azulgrana en version de poster legendario,especial,media,San Lorenzo de Almagro Hinchada azulgrana en version de poster legendario Figuritas legendarias y míticas figuritas legendarias y miticas,planned
SL-18-010,18,Figuritas legendarias y míticas,figuritas-legendarias-y-miticas,archivo_historico,Escudo de San Lorenzo en composicion historica,especial,media,San Lorenzo de Almagro Escudo de San Lorenzo en composicion historica Figuritas legendarias y míticas figuritas legendarias y miticas,planned
SL-18-011,18,Figuritas legendarias y míticas,figuritas-legendarias-y-miticas,mitica,Leandro Romagnoli con San Lorenzo en Figuritas legendarias y míticas,legendaria,alta,San Lorenzo de Almagro Leandro Romagnoli con San Lorenzo en Figuritas legendarias y míticas Figuritas legendarias y míticas figuritas legendarias y miticas,planned
SL-18-012,18,Figuritas legendarias y míticas,figuritas-legendarias-y-miticas,mitica,Retrato historico de Leandro Romagnoli en etapa azulgrana,rara,alta,San Lorenzo de Almagro Retrato historico de Leandro Romagnoli en etapa azulgrana Figuritas legendarias y míticas figuritas legendarias y miticas,planned
SL-18-013,18,Figuritas legendarias y míticas,figuritas-legendarias-y-miticas,mitica,Leandro Romagnoli en partido representativo de San Lorenzo,especial,media,San Lorenzo de Almagro Leandro Romagnoli en partido representativo de San Lorenzo Figuritas legendarias y míticas figuritas legendarias y miticas,planned
SL-18-014,18,Figuritas legendarias y míticas,figuritas-legendarias-y-miticas,mitica,Jose Sanfilippo con San Lorenzo en Figuritas legendarias y míticas,legendaria,alta,San Lorenzo de Almagro Jose Sanfilippo con San Lorenzo en Figuritas legendarias y míticas Figuritas legendarias y míticas figuritas legendarias y miticas,planned
SL-18-015,18,Figuritas legendarias y míticas,figuritas-legendarias-y-miticas,mitica,Retrato historico de Jose Sanfilippo en etapa azulgrana,rara,alta,San Lorenzo de Almagro Retrato historico de Jose Sanfilippo en etapa azulgrana Figuritas legendarias y míticas figuritas legendarias y miticas,planned
SL-18-016,18,Figuritas legendarias y míticas,figuritas-legendarias-y-miticas,mitica,Jose Sanfilippo en partido representativo de San Lorenzo,especial,media,San Lorenzo de Almagro Jose Sanfilippo en partido representativo de San Lorenzo Figuritas legendarias y míticas figuritas legendarias y miticas,planned
SL-18-017,18,Figuritas legendarias y míticas,figuritas-legendarias-y-miticas,mitica,Nestor Ortigoza con San Lorenzo en Figuritas legendarias y míticas,epica,alta,San Lorenzo de Almagro Nestor Ortigoza con San Lorenzo en Figuritas legendarias y míticas Figuritas legendarias y míticas figuritas legendarias y miticas,planned
SL-18-018,18,Figuritas legendarias y míticas,figuritas-legendarias-y-miticas,mitica,Retrato historico de Nestor Ortigoza en etapa azulgrana,epica,alta,San Lorenzo de Almagro Retrato historico de Nestor Ortigoza en etapa azulgrana Figuritas legendarias y míticas figuritas legendarias y miticas,planned
SL-18-019,18,Figuritas legendarias y míticas,figuritas-legendarias-y-miticas,mitica,Nestor Ortigoza en partido representativo de San Lorenzo,especial,media,San Lorenzo de Almagro Nestor Ortigoza en partido representativo de San Lorenzo Figuritas legendarias y míticas figuritas legendarias y miticas,planned
SL-18-020,18,Figuritas legendarias y míticas,figuritas-legendarias-y-miticas,mitica,Sebastian Torrico con San Lorenzo en Figuritas legendarias y míticas,epica,media,San Lorenzo de Almagro Sebastian Torrico con San Lorenzo en Figuritas legendarias y míticas Figuritas legendarias y míticas figuritas legendarias y miticas,planned
SL-18-021,18,Figuritas legendarias y míticas,figuritas-legendarias-y-miticas,mitica,Retrato historico de Sebastian Torrico en etapa azulgrana,epica,media,San Lorenzo de Almagro Retrato historico de Sebastian Torrico en etapa azulgrana Figuritas legendarias y míticas figuritas legendarias y miticas,planned
SL-18-022,18,Figuritas legendarias y míticas,figuritas-legendarias-y-miticas,mitica,Sebastian Torrico en partido representativo de San Lorenzo,especial,media,San Lorenzo de Almagro Sebastian Torrico en partido representativo de San Lorenzo Figuritas legendarias y míticas figuritas legendarias y miticas,planned
SL-18-023,18,Figuritas legendarias y míticas,figuritas-legendarias-y-miticas,mitica,Hector Scotta con San Lorenzo en Figuritas legendarias y míticas,epica,media,San Lorenzo de Almagro Hector Scotta con San Lorenzo en Figuritas legendarias y míticas Figuritas legendarias y míticas figuritas legendarias y miticas,planned
SL-18-024,18,Figuritas legendarias y míticas,figuritas-legendarias-y-miticas,mitica,Retrato historico de Hector Scotta en etapa azulgrana,epica,media,San Lorenzo de Almagro Retrato historico de Hector Scotta en etapa azulgrana Figuritas legendarias y míticas figuritas legendarias y miticas,planned
SL-18-025,18,Figuritas legendarias y míticas,figuritas-legendarias-y-miticas,mitica,Hector Scotta en partido representativo de San Lorenzo,especial,media,San Lorenzo de Almagro Hector Scotta en partido representativo de San Lorenzo Figuritas legendarias y míticas figuritas legendarias y miticas,planned
